sku,qty,est_cost,supplier,day_generated,arrival_day
OREO 31.3G ENROBED,14,716.734829592685,HASBAH KENYA LTD CADBURY,1,4
GREEN FARM 30S Y/YORK EGGS,13,5825.263178108497,GREEN FARM POULTRY,1,4
DAIMA 200ML WHOLE MILK FINO TETRA 180DAYS,17,348.3331564986738,DEVYANI FOOD INDUSTRIES K LIMITED MILK AND YOGHURT,1,4
BROOKSIDE 250G PROBIOTIC FRUIT CUP YOGHURT VANILLA,17,1263.0910126067508,BROOKSIDE DAIRY LIMITED,1,4
CHUPA CHUPS ASST LOLLIPOP,10,125.80136155374373,WORLD BRANDS K LTD,1,4
BIC CRYSTAL BALL PEN MED BLUE,10,163.2276483846732,BIC EAST AFRICA LIMITED,1,4
BROOKSIDE 1LT UHT WHOLE MILK,112,13923.90661710037,BROOKSIDE DAIRY LIMITED,2,5
TUZO 500ML WHOLE MILK (FINO PACK) 180DAYS,121,4948.843519852475,BROOKSIDE DAIRY LIMITED,2,5
FESTIVE 600G FAMILY WHITE BREAD,104,8320.061115191987,DPL FESTIVE  LIMITED,2,5
NATURES 400G GOLD WHITE,103,5356.028885928627,DPL FESTIVE  LIMITED,2,5
SOKO 2KG MAIZE MEAL,106,12393.244568090136,CAPWELL INDUSTRIES LTD,2,5
FRESHA MAISHA 500ML LONG LIFE MILK,55,2439.9676985195156,GITHUNGURI DAIRY FARMERS,2,5
NUTRAMEAL 1KG SUGAR,54,7444.917017208413,KAMILI PACKERS SUGAR ONLY,2,5
KINANGOP FRESH 500ML MILK POUCH,49,1958.9872913992301,KINANGOP DAIRY LIMITED,2,5
NUTRAMEAL 2KG SUGAR,38,10137.277106579455,KAMILI PACKERS SUGAR ONLY,2,5
FESTIVE 400G WHOLE MEAL,34,1768.0118570183088,DPL FESTIVE  LIMITED,2,5
BROOKSIDE 1LTR FRESH MILK STANDARD,31,3223.6078608538514,BROOKSIDE DAIRY LIMITED,2,5
RAVINE GOLD 500ML ESL UHT MILK,28,1053.1168007802974,RAVINE DAIRIES LIMITED,2,5
BROOKSIDE 1L LACTOSE FREE UHT MILK,25,3484.382051954868,BROOKSIDE DAIRY LIMITED,2,5
FRESHA 5L WHOLE MILK,29,11587.814332247557,GITHUNGURI DAIRY FARMERS,2,5
FESTIVE 300G 6S PREM SESSAME SLICED BURGER BUNS,23,2392.0,DPL FESTIVE  LIMITED,2,5
FESTIVE 300G 6S DELUXE ROLLS,25,2400.0,DPL FESTIVE  LIMITED,2,5
BROOKSIDE 1LT UHT LOWFAT MILK,21,2568.953642384106,BROOKSIDE DAIRY LIMITED,2,5
AMAIZE 2KG PREMIUM MAIZE FLOUR,19,2784.062487945998,CAPWELL INDUSTRIES LTD,2,5
RINSUN 5LT SUNFLOWER OIL,17,21623.52599184279,KAPA OIL REFINERIES LTD,2,5
BROADWAY 400G NATURAL BROWN BREAD,14,728.027105517909,BROADWAYS BAKERY LTD,2,5
BIO 1L BARISTA FRESH MILK,12,1718.25,BIO FOOD PRODUCTS LTD,2,5
V22 BAG 10 X 15 X 22 30G,174,1392.3373003892907,POLYTHENE INDUSTRIES LIMITED,2,5
WHITE CAP 500ML LAGER CANS,133,24300.184677966103,KENYA BREWERIES LTD,2,5
QUENCHER 300ML DRINKING WATER,106,1634.7483294431477,EXCEL CHEMICALS LTD,2,5
COKE ZERO 330ML CAN,57,4403.681229006641,COCA COLA BEVERAGES KENYA LTD,2,5
KRACKLES PERFECTLY SALTED 30G,44,1453.984463768116,PROPACK KENYA LTD,2,5
COCA COLA 300ML EMPTY BOTTLE,38,456.0,COCA COLA BEVERAGES KENYA LTD,2,5
AQUAMIST 500ML SPARKLING WATER,40,2204.7101880282908,AQUAMIST LIMITED,2,5
ISINYA 6S EGGS,43,4306.81465581889,ISINYA FEEDS LIMITED,2,5
SPRITE PET 350ML,36,1400.5541239592972,COCA COLA BEVERAGES KENYA LTD,2,5
NESTLE 41.5G KITKAT 4 FINGER MILK,34,4544.469365721998,GLACIER PRODUCTS LTD 2ND,2,5
HIGHLANDS 500ML MINERAL WATER,36,720.0122318963688,HIGHLANDS DRINKS LIMITED,2,5
COKE PET 2LTS,32,4214.272735984668,COCA COLA BEVERAGES KENYA LTD,2,5
KABARNET 300ML MINERAL WATER,30,456.87001553599174,KHETIA DRAPERS LTD,2,5
WRIGLEYS JUICY FRUIT 10S CLASSIC,30,639.9937839937841,RADBONE CLARK LIMITED MARS,2,5
KERINGET 1LT MINERAL WATER,28,1945.8167427701678,COCA COLA BEVERAGES KENYA LTD,2,5
ISINYA 15S EGGS,27,6700.568429826764,ISINYA FEEDS LIMITED,2,5
VELVEX 100S WHITE SERVIETTES,24,2230.9516086842796,CHANDARIA INDUSTRIES  LTD,2,5
KENSALT 1KG IODIZED SALT,25,826.127536231884,KENSALT LIMITED,2,5
KRACKLES SALT&VINEGAR 30GM,23,996.968172423974,PROPACK KENYA LTD,2,5
COKE ZERO 2L PET,23,3046.6552278820377,COCA COLA BEVERAGES KENYA LTD,2,5
AQUACLEAR 500ML MINERAL WATER,26,650.6026021180031,DEVYANI FOOD INDUSTRIES K LIMITED MILK AND YOGHURT,2,5
ILARA 500ML TNC PLAIN CUP,19,1785.2609655172416,BROOKSIDE DAIRY LIMITED,2,5
SPRITE SODA PET 2LTS,22,2711.120567704562,COCA COLA BEVERAGES KENYA LTD,2,5
BROOKSIDE 1L NATURAL LALA BOTTLE,21,2772.0177028451003,BROOKSIDE DAIRY LIMITED,2,5
SMIRNOFF 330ML PINEAPPLE PUNCH ICE CAN,21,3395.079627906977,UDV KENYA LIMITED,2,5
SNICKERS 40G SINGLE CHOCO BAR,19,2492.0190781049932,RADBONE CLARK LIMITED MARS,2,5
FANTA BLACKCURRANT PET 2LTS,19,2322.869117141876,COCA COLA BEVERAGES KENYA LTD,2,5
OREO 55.2G ORIGINAL COOKIES,23,1264.3381413706495,HASBAH KENYA LTD CADBURY,2,5
PILSNER 500ML LAGER BEER,18,3009.6000000000004,KENYA BREWERIES LTD,2,5
KRAC KURLS 25G TANGY CHEESE,18,562.8890829694324,PROPACK KENYA LTD,2,5
ROTHMANS SWITCH BLUE 20S,17,4964.010780816488,NOBLE OUTLOOK LIMITED,2,5
MR.BERRYS KING KUBWA XXL PASSION LOLLIPOP,17,225.50075642965203,MZURI SWEETS LIMITED,2,5
FELIX 85G CAT CHICKEN,17,2590.1864029666262,MERIT AFRICA LTD,2,5
FC 100G (30D) COLLAR BACON,16,2295.945665201758,FARMERS CHOICE LTD,2,5
KRAC KURLS 25G CHILLI LEMON,16,500.3012905748926,PROPACK KENYA LTD,2,5
MENENGAI CREAM 800G SOAP,15,1966.3790322580646,MENENGAI O REFINERIES LTD,2,5
ROYCO 4G 40S BEEF CUBES,14,1536.9412625800549,UNILEVER KENYA LIMITED,2,5
OREO 31.3G ENROBED,16,819.1255195344971,HASBAH KENYA LTD CADBURY,2,5
GREEN FARM 30S Y/YORK EGGS,17,7617.651848295727,GREEN FARM POULTRY,2,5
MARS SINGLE BARS 40G,13,1827.7756457564576,RADBONE CLARK LIMITED MARS,2,5
SAVANA DRY PREMIUM CIDER 340ML,13,2946.7632610939118,KENYA WINE AGENCIES KWAL,2,5
BLUE BAND 1KG MED FAT SPREAD,12,4594.789874098991,SUPER SAVERS DISTRIBUTION LTD,2,5
OREO 26.25G ORIGINAL,14,495.8896551724138,HASBAH KENYA LTD CADBURY,2,5
MACCOFFEE 15G WHITE 3 IN 1 COFFEE,17,270.68561682774305,CHANDARIA INDUSTRIES LTD MACCOFFEE,2,5
JIAN 30 PACK YELLOW YOLK EGGS,15,5896.493490390576,JIAN CEREALS DEPOT,2,5
ZESTA 100G BI-CARBONATE OF SODA,12,211.20623781676417,TRUFOODS LIMITED T F,2,5
DAIMA 200ML WHOLE MILK FINO TETRA 180DAYS,20,409.8037135278515,DEVYANI FOOD INDUSTRIES K LIMITED MILK AND YOGHURT,2,5
CHANDARANA FOODPLUS CARRIER BAG GREEN/WHITE,77,2464.0595497859413,Unknown,2,5
KARA 65ML COCONUT  MILK CREAM,36,2091.9631612765047,PORTCROSS LTD  PC.,2,5
MACCOFFEE 1.6G CLASSIC,32,206.54288716116832,CHANDARIA INDUSTRIES LTD MACCOFFEE,2,5
YOU C-1000 500ML ORANGE WATER,27,4919.769466058492,PORTCROSS LTD  PC.,2,5
BROOKSIDE 250G PROBIOTIC FRUIT CUP YOGHURT VANILLA,23,1708.887840585604,BROOKSIDE DAIRY LIMITED,2,5
MCVITIES 200G DARK CHOCO DIGESTIVE,18,3338.676991809382,WORLD BRANDS K LTD,2,5
RED BULL 250ML SUGAR FREE CAN,17,2196.9765987683563,HASBAH KENYA LTD,2,5
SUPREME 250ML FINEST VODKA,15,3041.3871374527116,KENYA WINE AGENCIES KWAL,2,5
HEINEKEN 330ML BTL BEER,15,3417.243391066546,KENYA WINE AGENCIES KWAL,2,5
YOU C-1000 500ML LEMON WATER,17,3095.687453874539,PORTCROSS LTD  PC.,2,5
HEINZ 415G BAKED BEANS UK,14,3407.4800192585462,HASBAH KENYA LTD,2,5
INDOMIE 120G CHICKEN JUMBO NOODLES,11,386.9479916142557,SALIM WAZARAN KENYA CO. LTD,2,5
CHUPA CHUPS ASST LOLLIPOP,11,138.3814977091181,WORLD BRANDS K LTD,2,5
PICK N PEEL 250ML RED GRAPE,12,677.8605775688382,KEVIAN KENYA LTD,2,5
BIC CRYSTAL BALL PEN MED BLUE,11,179.5504132231405,BIC EAST AFRICA LIMITED,2,5
NESCAFE GOLD 18G CAPPUCCINO WHITE CHOCOLATE STICK,9,1202.9477732793523,NESTLE KENYA LTD,2,5
PICK N PEEL 1LT MANGO,8,561.9494682701245,KEVIAN KENYA LTD,2,5
TUSKER 330ML BEER (CANS),9,1646.577419830766,KENYA BREWERIES LTD,2,5
NESCAFE GOLD 18G CAPPUCCINO STICK,8,58.484272837346964,NESTLE KENYA LTD,2,5
NICE & SOFT 60S WHITE SERVIETTES,7,650.6942191995815,CHANDARIA INDUSTRIES  LTD,2,5
MCVITIES 250G DIGESTIVE LIGHT BISCUIT,8,439.7697883028346,WORLD BRANDS K LTD,2,5
VELVEX PREMIUM KITCHEN TOWEL WHITE TWIN PACK 80S,7,605.8941915936066,CHANDARIA INDUSTRIES  LTD,2,5
PENTONIC BLUE  DISPENSER,7,114.25935386927122,WORLD BRANDS K LTD,2,5
BUTTERFLY 1KG POLISH GREEN GRAM,7,605.8941915936066,SPICE WORLD LTD,2,5
HANAN WHITE PAPER SERVIETTES 100S,6,557.7379021710699,ZENKO KENYA LIMITED,2,5
KINDER JOY EGG 20G - GIRL,5,668.3043184885291,HASBAH KENYA LTD,2,5
SANTA MARIA 700G SPAGHETTI,6,796.2545454545455,DEBENHAM AND FEAR LTD,2,5
MENTOS 14G PURE FRESH FMINT,7,149.50840171942167,WORLD BRANDS K LTD,2,5
SANTA MARIA 420G SWEET CORN IN BRINE (KERNELS),6,75.48081693224623,DEBENHAM AND FEAR LTD,2,5
KEN ROUND FOOD MATE 2LTRS,4,346.22525233920373,KENPOLY MANUFACTURERS,2,5
KINDER BUENO 43G WHITE T2,2,267.32172739541164,HASBAH KENYA LTD,2,5
JAVA 70G CRISPY CRUNCHY GRANOLA BAR,2,173.11262616960187,NAIROBI JAVA HOUSE LTD,2,5
RINZ 1LT CAR WASH DETERGENT,2,173.11262616960187,RINZ PRODUCTS LTD,2,5
KARA 400ML UHT NATURAL COCONUT MILK,1,58.11008781323624,PORTCROSS LTD  PC.,2,5
GODREJ 10GM AER POWER POCKET SEA BREEZE,1,86.55631308480093,CANON CHEMICALS LTD,2,5
COFFEE BREAK 18.5G INST CAPUCCINO VANILLA STICK,1,7.3105341046683705,BEST BUY COMMODITY LIMITED,2,5
SOLIO MATCH BOXES 60 STICKS 10S,1,86.55631308480093,KAPA OIL REFINERIES LTD,2,5
GEISHA 90G LEMON N HONEY SOAP,1,86.55631308480093,UNILEVER KENYA LIMITED,2,5
GODREJ 10GM AER POWER POCKET  LEMON TANGY DELIGHT,1,86.55631308480093,CANON CHEMICALS LTD,2,5
PEARS 125G MINT EXTRACT BLUE SOAP,1,86.55631308480093,TRADE ROOTS LTD,2,5
NUVITA 375G VITAMILK MILKY BISC,1,54.97122353785433,MJENGO LIMITED,2,5
HUNTERS CHOICE WHISKY 250ML,1,202.75914249684743,KENYA WINE AGENCIES KWAL,2,5
J&J 100G BABY SOAP REGULAR,1,86.55631308480093,RADBONE CLARK  K  LTD,2,5
AFRI MASKING TAPES 24MMX50MTS,1,86.55631308480093,Unknown,2,5
BAKALLAND 40G BA ENERGY BAR 5 FOREST FRUITS,1,86.55631308480093,PORTCROSS LTD  PC.,2,5
DL 70ML FRIZZ SBERRY CE LOLLY,1,55.22428048142334,GLACIER PRODUCTS LTD G P,2,5
KSL 500G MILK SWEETS,1,12.580136155374372,KENYA SWEETS LTD,2,5
KINDER CHOCOLATE T4 50G,1,133.66086369770582,HASBAH KENYA LTD,2,5
SENSODYNE MULTICARE SOFT TOOTHBRUSH,1,86.55631308480093,HALEON KENYA LTD,2,5
BROOKSIDE 500ML DAIRY BEST (POUCH),1354,59239.60582919864,BROOKSIDE DAIRY LIMITED,3,6
ILARA FRESH MILK 500ML SATCHET,432,19430.45316607727,BROOKSIDE DAIRY LIMITED,3,6
BIO 2L WHOLE FRESH MILK,120,30563.68308351178,BIO FOOD PRODUCTS LTD,3,6
BROOKSIDE 1LT UHT WHOLE MILK,141,17529.203866171003,BROOKSIDE DAIRY LIMITED,3,6
FESTIVE 800G WHITE MILKY BREAD,126,13104.0,DPL FESTIVE  LIMITED,3,6
TUZO 500ML WHOLE MILK (FINO PACK) 180DAYS,149,6094.0304500662705,BROOKSIDE DAIRY LIMITED,3,6
FESTIVE 600G FAMILY WHITE BREAD,125,10000.0734557596,DPL FESTIVE  LIMITED,3,6
NATURES 400G GOLD WHITE,111,5772.031129495899,DPL FESTIVE  LIMITED,3,6
TUZO 450ML ESL WHOLE MILK 90DAYS,121,4446.988209701979,BROOKSIDE DAIRY LIMITED,3,6
SOKO 2KG MAIZE MEAL,143,16719.18842676311,CAPWELL INDUSTRIES LTD,3,6
LATO 500ML ESL MILK 90DAYS,87,3583.699410989012,MUSTY DISTRIBUTION LIMITED,3,6
NATURES 600G WHITE BREAD,89,7120.07045066115,DPL FESTIVE  LIMITED,3,6
BROOKSIDE 250ML UHT WHOLE MILK,89,2990.434306639684,BROOKSIDE DAIRY LIMITED,3,6
DAIMA 450ML ESL MAZIWA BORA,76,2720.8989484226345,DEVYANI FOOD INDUSTRIES K LIMITED MILK AND YOGHURT,3,6
FRESHA MAISHA 500ML LONG LIFE MILK,66,2927.9612382234186,GITHUNGURI DAIRY FARMERS,3,6
BIO 1L FRESH WHOLE MILK,67,9159.274831145662,BIO FOOD PRODUCTS LTD,3,6
LATO 500ML FINO UHT MILK 180DAYS,48,1928.1927007299273,MUSTY DISTRIBUTION LIMITED,3,6
NUTRAMEAL 1KG SUGAR,72,9926.556022944551,KAMILI PACKERS SUGAR ONLY,3,6
KINANGOP FRESH 500ML MILK POUCH,49,1958.9872913992301,KINANGOP DAIRY LIMITED,3,6
ILARA  POUCH FRESH MILK 1LTR,50,4681.683647903792,BROOKSIDE DAIRY LIMITED,3,6
KABRAS 1KG WHITE SUGAR,39,5221.359656652361,WEST KENYA SUGAR COMPANY LTD,3,6
NUTRAMEAL 2KG SUGAR,52,13872.063409003465,KAMILI PACKERS SUGAR ONLY,3,6
KCC 500ML GOLD CROWN  (POUCH)-55,36,1654.7944855144856,NEW KENYA COOP CREAMERIES  LTD,3,6
FESTIVE 400G WHOLE MEAL,46,2392.0160418483,DPL FESTIVE  LIMITED,3,6
BROOKSIDE 1LTR FRESH MILK STANDARD,41,4263.481364355094,BROOKSIDE DAIRY LIMITED,3,6
RAVINE GOLD 500ML ESL UHT MILK,37,1391.6186296025357,RAVINE DAIRIES LIMITED,3,6
BIO 2L SEMI SKIMMED FRESH MILK,28,6845.704292862787,BIO FOOD PRODUCTS LTD,3,6
BROOKSIDE 1L FARM FRESH MILK,29,3016.0,BROOKSIDE DAIRY LIMITED,3,6
BROOKSIDE 1L LACTOSE FREE UHT MILK,29,4041.883180267647,BROOKSIDE DAIRY LIMITED,3,6
FRESHA 5L WHOLE MILK,30,11987.394136807818,GITHUNGURI DAIRY FARMERS,3,6
FESTIVE 300G 6S PREM SESSAME SLICED BURGER BUNS,28,2912.0,DPL FESTIVE  LIMITED,3,6
FESTIVE 300G 6S DELUXE ROLLS,27,2592.0,DPL FESTIVE  LIMITED,3,6
BROOKSIDE 1LT UHT LOWFAT MILK,24,2935.9470198675494,BROOKSIDE DAIRY LIMITED,3,6
FESTIVE 400G WHITE SLICED,21,1058.4331360946746,DPL FESTIVE  LIMITED,3,6
BIO 1L FRESH SEMI SKIMMED MILK,22,2764.6340740740743,BIO FOOD PRODUCTS LTD,3,6
FESTIVE 300G 6S PREM PLAIN BURGER BUNS,21,2016.0,DPL FESTIVE  LIMITED,3,6
AJAB 2KG MAIZE MEAL FLOUR,21,2608.391673338671,GRAIN INDUSTRIES LIMITED,3,6
KINANGOP 500ML GOLD FINO ASEPTIC,20,887.9970834852352,KINANGOP DAIRY LIMITED,3,6
AMAIZE 2KG PREMIUM MAIZE FLOUR,23,3370.1809064609447,CAPWELL INDUSTRIES LTD,3,6
RINSUN 5LT SUNFLOWER OIL,20,25439.442343344457,KAPA OIL REFINERIES LTD,3,6
SUPA LOAF WHITE BREAD 600G,15,1200.0,MINI BAKERIES NBI  LTD,3,6
BROADWAY 400G NATURAL BROWN BREAD,16,832.0309777347532,BROADWAYS BAKERY LTD,3,6
MT KENYA 500ML PREMIUM TFA MILK,15,713.9891891891892,MERU CENTRAL DAIRY COOPERATIVE UNION LIMITED,3,6
BIO 1L BARISTA FRESH MILK,15,2147.8125,BIO FOOD PRODUCTS LTD,3,6
EXE 2KG SELF RAISING,11,1540.5768707482991,UNGA LTD,3,6
DAIMA 200ML MILK FINO BORA,14,279.75337482048826,DEVYANI FOOD INDUSTRIES K LIMITED MILK AND YOGHURT,3,6
V22 BAG 10 X 15 X 22 30G,199,1592.3857630889013,POLYTHENE INDUSTRIES LIMITED,3,6
V25 CARRIER BAG,171,2736.310964521306,POLYTHENE INDUSTRIES LIMITED,3,6
WHITE CAP 500ML LAGER CANS,146,26675.390699120686,KENYA BREWERIES LTD,3,6
QUENCHER 300ML DRINKING WATER,109,1681.014791597199,EXCEL CHEMICALS LTD,3,6
AQUAMIST 300ML MINERAL WATER,106,2601.322337798399,AQUAMIST LIMITED,3,6
KERINGET 500ML MINERAL WATER,75,3368.753548859786,COCA COLA BEVERAGES KENYA LTD,3,6
BIO 200ML GREEK STYLE NATURE PLAIN YOGHURT,65,8989.11853334738,BIO FOOD PRODUCTS LTD,3,6
AQUAMIST 500ML MINERAL WATER,77,3039.7887093389304,AQUAMIST LIMITED,3,6
DUNHILL 20S SWITCH,60,22560.0,NOBLE OUTLOOK LIMITED,3,6
EMBASSY BY DUNHILL BLUE 20S,61,22448.061750834004,NOBLE OUTLOOK LIMITED,3,6
KERINGET 18.9LT MINERAL WATER REFIL,59,28255.63610266391,COCA COLA BEVERAGES KENYA LTD,3,6
COKE PET 500ML,58,3085.0375461042768,COCA COLA BEVERAGES KENYA LTD,3,6
COKE ZERO 330ML CAN,67,5176.2568832183315,COCA COLA BEVERAGES KENYA LTD,3,6
SCHWEPPES TONIC WATER 500ML PET,54,3278.2321819713566,COCA COLA BEVERAGES KENYA LTD,3,6
KRACKLES PERFECTLY SALTED 30G,55,1817.480579710145,PROPACK KENYA LTD,3,6
AQUAMIST 20LT MINERAL WATER,47,19832.94881083635,AQUAMIST LIMITED,3,6
COKE 330ML CAN,43,3355.883955002961,COCA COLA BEVERAGES KENYA LTD,3,6
DL 37G FILLED CHOCOLATES MINT CHOC,42,2341.293668857189,GLACIER PRODUCTS LTD 2ND,3,6
SAFARI 300ML LEMONADE LIME DRINK,45,1748.6230529595018,BOUNTY LIMITED,3,6
NUTFIELDS 20G CASHEW NUTS ROASTED AND SALTED,41,2296.0,KENYA NUT COMPANY,3,6
TUSKER 500ML LAGER BEER,43,7189.6,KENYA BREWERIES LTD,3,6
COCA COLA 300ML,41,1312.0,COCA COLA BEVERAGES KENYA LTD,3,6
COCA COLA 300ML EMPTY BOTTLE,44,528.0,COCA COLA BEVERAGES KENYA LTD,3,6
NUTFIELD 20G MAC NUTS LOCAL,38,1945.6000000000001,KENYA NUT COMPANY,3,6
AQUAMIST 500ML SPARKLING WATER,49,2700.7699803346563,AQUAMIST LIMITED,3,6
NUTFIELDS 20G MIXED NUTS,39,1716.0,KENYA NUT COMPANY,3,6
ISINYA 6S EGGS,53,5308.399459497702,ISINYA FEEDS LIMITED,3,6
SPRITE PET 350ML,43,1672.8840925069383,COCA COLA BEVERAGES KENYA LTD,3,6
NESTLE 41.5G KITKAT 4 FINGER MILK,40,5346.434547908233,GLACIER PRODUCTS LTD 2ND,3,6
HIGHLANDS 500ML MINERAL WATER,53,1060.018008069654,HIGHLANDS DRINKS LIMITED,3,6
TUSKER LITE 500ML CAN,33,6826.28265266559,KENYA BREWERIES LTD,3,6
ILARA 500ML MAZIWA LALA,31,2232.0,BROOKSIDE DAIRY LIMITED,3,6
ISINYA 30S EGGS,31,13423.81796008869,ISINYA FEEDS LIMITED,3,6
OLA 40G CHEESE CRUNCH TORTILA CHIPS,29,1494.5622241835836,PROPACK KENYA LTD,3,6
COKE PET 2LTS,39,5136.144896981314,COCA COLA BEVERAGES KENYA LTD,3,6
WRIGLEYS ORBIT 10S PEPPERMINT SF,28,1536.4668041237114,RADBONE CLARK LIMITED MARS,3,6
WRIGLEYS P.K 10S CHEWING GUM PEPPERMINT,30,640.161265628987,RADBONE CLARK LIMITED MARS,3,6
KABARNET 300ML MINERAL WATER,42,639.6180217503884,KHETIA DRAPERS LTD,3,6
FANTA ORANGE PET 350ML,32,1246.2816714848884,COCA COLA BEVERAGES KENYA LTD,3,6
WRIGLEYS JUICY FRUIT 10S CLASSIC,36,767.9925407925409,RADBONE CLARK LIMITED MARS,3,6
KERINGET 1LT MINERAL WATER,34,2362.7774733637752,COCA COLA BEVERAGES KENYA LTD,3,6
AQUAMIST 1LT MINERAL WATER,26,1591.5606594656056,AQUAMIST LIMITED,3,6
ISINYA 15S EGGS,33,8189.583636454934,ISINYA FEEDS LIMITED,3,6
OLA 40G MEXICAN CRUNCH TORTILA CHIPS,27,1392.4524793388432,PROPACK KENYA LTD,3,6
BIO 150ML STRAWBERRY YOGHURT,29,2742.7413302352597,BIO FOOD PRODUCTS LTD,3,6
FANTA ORANGE PET 500ML,24,1268.3934987168523,COCA COLA BEVERAGES KENYA LTD,3,6
VELVEX 100S WHITE SERVIETTES,32,2974.6021449123728,CHANDARIA INDUSTRIES  LTD,3,6
KENSALT 1KG IODIZED SALT,28,925.2628405797102,KENSALT LIMITED,3,6
BIO 150ML NATURAL YOGHURT,23,2123.1628571428573,BIO FOOD PRODUCTS LTD,3,6
KRACKLES SALT&VINEGAR 30GM,27,1170.353941541187,PROPACK KENYA LTD,3,6
WRIGLEYS P.K 10S CHEWING GUM MENTHOL,22,468.77532133676095,RADBONE CLARK LIMITED MARS,3,6
FANTA ORANGE PET 2LTS,21,2578.5074097530087,COCA COLA BEVERAGES KENYA LTD,3,6
BROOKSIDE 500ML SWEET LALA BOTTLE,22,1672.0061776061777,BROOKSIDE DAIRY LIMITED,3,6
COKE ZERO 2L PET,28,3708.971581769437,COCA COLA BEVERAGES KENYA LTD,3,6
AQUACLEAR 500ML MINERAL WATER,31,775.718487140696,DEVYANI FOOD INDUSTRIES K LIMITED MILK AND YOGHURT,3,6
DASANI 1L MINERAL WATER,20,923.9371464487745,COCA COLA BEVERAGES KENYA LTD,3,6
ILARA 500ML TNC PLAIN CUP,22,2067.144275862069,BROOKSIDE DAIRY LIMITED,3,6
SPRITE SODA PET 2LTS,25,3080.818826937002,COCA COLA BEVERAGES KENYA LTD,3,6
BROOKSIDE 1L NATURAL LALA BOTTLE,26,3432.0219178082198,BROOKSIDE DAIRY LIMITED,3,6
SMIRNOFF 330ML PINEAPPLE PUNCH ICE CAN,26,4203.431920265781,UDV KENYA LIMITED,3,6
MR.BERRYS KING KUBWA XXL STRAWBERRY LOLLIPOP,24,315.8099800399202,MZURI SWEETS LIMITED,3,6
BIO 200ML GREEK STYLE YOGHURT VANILLA,19,2618.2351851851854,BIO FOOD PRODUCTS LTD,3,6
FANTA BLACK CURRANT 350ML PET,23,893.9754885723751,COCA COLA BEVERAGES KENYA LTD,3,6
SNICKERS 40G SINGLE CHOCO BAR,21,2754.336875800256,RADBONE CLARK LIMITED MARS,3,6
CARTOONS 30G TANGY TOMATO CRISPS,21,945.7322766570605,PROPACK KENYA LTD,3,6
AQUAMIST 5LT MINERAL WATER,22,3766.872359707214,AQUAMIST LIMITED,3,6
FANTA BLACKCURRANT PET 2LTS,25,3056.4067330814155,COCA COLA BEVERAGES KENYA LTD,3,6
OREO 55.2G ORIGINAL COOKIES,29,1594.1654825977755,HASBAH KENYA LTD CADBURY,3,6
PILSNER 500ML LAGER BEER,18,3009.6000000000004,KENYA BREWERIES LTD,3,6
BIO 150ML BERRY COCKTAIL YOGHURT,21,1873.1031514219833,BIO FOOD PRODUCTS LTD,3,6
KRAC KURLS 25G TANGY CHEESE,22,687.9755458515284,PROPACK KENYA LTD,3,6
ROTHMANS SWITCH BLUE 20S,20,5840.0126833135155,NOBLE OUTLOOK LIMITED,3,6
MR.BERRYS KING KUBWA XXL PASSION LOLLIPOP,17,225.50075642965203,MZURI SWEETS LIMITED,3,6
FELIX 85G CAT CHICKEN,20,3047.2781211372076,MERIT AFRICA LTD,3,6
FC 100G (30D) COLLAR BACON,20,2869.9320815021974,FARMERS CHOICE LTD,3,6
HEINEKEN 500ML CAN BEER,16,3643.1630936227953,KENYA WINE AGENCIES KWAL,3,6
PICK N PEEL 1LT APPLE,17,3516.314274721047,KEVIAN KENYA LTD,3,6
KRAC KURLS 25G CHILLI LEMON,21,656.6454438795465,PROPACK KENYA LTD,3,6
FANTA PASSION PET 2LTS,18,2199.1611978068327,COCA COLA BEVERAGES KENYA LTD,3,6
MENENGAI CREAM 800G SOAP,21,2752.93064516129,MENENGAI O REFINERIES LTD,3,6
LYONS 60ML TOFF N CHOCO W NUTS STICKLINE,15,824.7157894736844,RAZCO LTD,3,6
ROYCO 4G 40S BEEF CUBES,17,1866.2858188472096,UNILEVER KENYA LIMITED,3,6
OREO 31.3G ENROBED,21,1075.1022443890274,HASBAH KENYA LTD CADBURY,3,6
GREEN FARM 30S Y/YORK EGGS,21,9410.040518482958,GREEN FARM POULTRY,3,6
MINUTE MAID 400ML APPLE JUICE,15,947.3288451579494,COCA COLA BEVERAGES KENYA LTD,3,6
FESTIVE TORTILLA WRAP 8 INCH,16,3513.150200803213,DPL FESTIVE  LIMITED,3,6
MARS SINGLE BARS 40G,14,1968.3737723531083,RADBONE CLARK LIMITED MARS,3,6
SAVANA DRY PREMIUM CIDER 340ML,16,3626.7855521155834,KENYA WINE AGENCIES KWAL,3,6
FC 200G (30D) FRESH SANDWICH HAM,14,3288.804166666667,FARMERS CHOICE LTD,3,6
BLUE BAND 1KG MED FAT SPREAD,16,6126.386498798655,SUPER SAVERS DISTRIBUTION LTD,3,6
FC 200G (30D) FRESH STREAKY BACON,13,4618.168996960487,FARMERS CHOICE LTD,3,6
MR BERRYS TOOGOODY TOFFEE BARS,13,104.28179508890771,MZURI SWEETS LIMITED,3,6
OREO 26.25G ORIGINAL,16,566.7310344827587,HASBAH KENYA LTD CADBURY,3,6
KETEPA 500G FAHARI YA KENYA,13,2516.1015335801167,KENYA TEA PACKERS KETEPA,3,6
MAYERS 750ML GLASS SPARKLING WATER,16,1267.2,MALACHITE LIMITED,3,6
MAYERS 750ML GLASS SPARKLING EMPTY BOTTLE,12,912.0,MALACHITE LIMITED,3,6
MACCOFFEE 15G WHITE 3 IN 1 COFFEE,18,286.6083001705515,CHANDARIA INDUSTRIES LTD MACCOFFEE,3,6
DL 70ML MINI FIESTA CARAMEL N NUTS,13,717.9156462585034,GLACIER PRODUCTS LTD G P,3,6
JIAN 30 PACK YELLOW YOLK EGGS,15,5896.493490390576,JIAN CEREALS DEPOT,3,6
TENA 100S SERVIETTES WHITE,14,1115.7621621621624,AFRICAN COTTON INDUSTRIES LTD,3,6
BROOKSIDE 250G SALTED BUTTER,11,3719.639888579388,BROOKSIDE DAIRY LIMITED,3,6
FELIX 85G CAT BEEF,11,1706.007643312102,MERIT AFRICA LTD,3,6
BROOKSIDE 250G NATURAL PROBIOTIC YOGHURT,13,966.1348339898706,BROOKSIDE DAIRY LIMITED,3,6
FC 125G (30D) FRESH NYAMABITE,11,810.6747279322852,FARMERS CHOICE LTD,3,6
ZESTA 100G BI-CARBONATE OF SODA,17,299.20883690708257,TRUFOODS LIMITED T F,3,6
KRAC KURLS 25G TOMATO,10,312.649552238806,PROPACK KENYA LTD,3,6
ILARA 1LT MAZIWA LALA  PLASTIC BOTTLE,13,1736.8,BROOKSIDE DAIRY LIMITED,3,6
KENSALT 500G IODIZED SALT,18,302.25789473684216,KENSALT LIMITED,3,6
DAIMA 200ML WHOLE MILK FINO TETRA 180DAYS,24,491.76445623342187,DEVYANI FOOD INDUSTRIES K LIMITED MILK AND YOGHURT,3,6
KENSALT 2KG IODIZED SALT,17,1065.150252409362,KENSALT LIMITED,3,6
HOSTESS 2KG FLOUR,12,1454.3899187859465,UNGA LTD,3,6
GOLD 500ML CROWN TFA 20,72,21195.429387269483,NEW KENYA COOP CREAMERIES  LTD,3,6
CHANDARANA FOODPLUS CARRIER BAG GREEN/WHITE,92,2944.0711503935922,Unknown,3,6
KRACKLES TANGY TOMATO 30G,41,3548.808836476838,PROPACK KENYA LTD,3,6
RIBENA 250ML BC&STRAWBERRY,38,2670.7985245430273,BIDCO AFRICA LTD SUNTORY,3,6
KARA 65ML COCONUT  MILK CREAM,44,2556.8438637823947,PORTCROSS LTD  PC.,3,6
MACCOFFEE 1.6G CLASSIC,41,264.6330741752469,CHANDARIA INDUSTRIES LTD MACCOFFEE,3,6
LITTLE DELIVERY 0-5KM,32,4850.203693931398,Unknown,3,6
YOU C-1000 500ML ORANGE WATER,31,5648.624201770862,PORTCROSS LTD  PC.,3,6
V45 WOVEN WPP BLOCK BOTTOM,18,576.0514878892733,Unknown,3,6
SUNLIGHT 80G PURE SOAP,17,380.8440664236533,UNILEVER KENYA LIMITED,3,6
TUSKER MALT LAGER 500ML CAN,17,3575.614307004471,KENYA BREWERIES LTD,3,6
WRIGLEYS JUICY FRUIT 10S STRAWBERRY,19,405.80851895271593,RADBONE CLARK LIMITED MARS,3,6
HEINEKEN 0.0% 330ML BEER,20,3766.3648780487806,KENYA WINE AGENCIES KWAL,3,6
BROOKSIDE 250G PROBIOTIC FRUIT CUP YOGHURT VANILLA,27,2006.0857259048394,BROOKSIDE DAIRY LIMITED,3,6
ROTHMANS BY SPORTSMAN 20S,17,1471.4573224416158,NOBLE OUTLOOK LIMITED,3,6
MCVITIES 200G DARK CHOCO DIGESTIVE,22,4080.605212211467,WORLD BRANDS K LTD,3,6
NUTFIELDS 20G PEANUTS DRY ROASTED AND SALTED,15,768.0,KENYA NUT COMPANY,3,6
RED BULL 250ML SUGAR FREE CAN,20,2584.678351492184,HASBAH KENYA LTD,3,6
SUPREME 250ML FINEST VODKA,19,3852.423707440101,KENYA WINE AGENCIES KWAL,3,6
OLA 40G TORTILLA CHIPS LIME CRUNCH,17,882.6892336624354,PROPACK KENYA LTD,3,6
HEINEKEN 330ML BTL BEER,20,4556.324521422061,KENYA WINE AGENCIES KWAL,3,6
YOU C-1000 500ML LEMON WATER,21,3824.0845018450186,PORTCROSS LTD  PC.,3,6
INDOMIE 50G VEGETABLE NOODLES,14,1005.622250366299,SALIM WAZARAN KENYA CO. LTD,3,6
HEINZ 415G BAKED BEANS UK,16,3894.262879152624,HASBAH KENYA LTD,3,6
URBAN STIX 35G CHUTNEY SNACKS,14,392.0,NORDA INDUSTRIES LTD.,3,6
CADBURY 35G DAIRY MILK CHOCOLATE,16,2138.573819163293,HASBAH KENYA LTD CADBURY,3,6
PICK N PEEL 250ML WHITE GRAPE,12,679.8065217391305,KEVIAN KENYA LTD,3,6
DEL 1L MIXED BERRY JUICE,14,2866.8077821011675,DELMONTE KENYA LTD,3,6
SWAMINARAYAN 500G FARAYALI  ATTA,10,1522.0634393063583,RAJ KAMAL ENTERPRISE LIMITED,3,6
INDOMIE 120G CHICKEN JUMBO NOODLES,13,457.3021719077568,SALIM WAZARAN KENYA CO. LTD,3,6
CHUPA CHUPS ASST LOLLIPOP,12,150.96163386449246,WORLD BRANDS K LTD,3,6
PICK N PEEL 250ML RED GRAPE,14,790.8373404969778,KEVIAN KENYA LTD,3,6
BIC CRYSTAL BALL PEN MED BLUE,12,195.8731780616078,BIC EAST AFRICA LIMITED,3,6
KRACKLES 45G CHIP STIX TOMATO KETCHUP,8,352.63515151515156,PROPACK KENYA LTD,3,6
MELVINS 20G 4IN1 INST. TANGAWIZI TEA STICKS,8,190.25634674922603,MELVIN MARSH INTERNATIONAL LTD,3,6
URBAN BITES 30G FUNKY FRUIT CHUTNEY POTATO CRISPS,8,692.4505046784075,NORDA INDUSTRIES LTD.,3,6
SNICKERS TWIN PACK SGL 80G,8,1069.2869095816466,Unknown,3,6
NESCAFE GOLD 18G CAPPUCCINO WHITE CHOCOLATE STICK,12,1603.9303643724697,NESTLE KENYA LTD,3,6
PICK N PEEL 1LT MANGO,10,702.4368353376556,KEVIAN KENYA LTD,3,6
TUSKER 330ML BEER (CANS),11,2012.4835131264917,KENYA BREWERIES LTD,3,6
KRACKLES CURLS 15G SWEET KETCHUP,8,224.0,PROPACK KENYA LTD,3,6
PILSNER LAGER CAN 500ML,8,1463.6243731829031,KENYA BREWERIES LTD,3,6
BAVARIA 500ML APPLE SMALT,7,1280.6713265350402,SIERRA PREMIUM BREWERIES LIMITED,3,6
DEL 1L PURE APPLE JUICE,9,632.19315180389,DELMONTE KENYA LTD,3,6
CORONA 355ML EXTRA BEER,8,1463.6243731829031,MAXAM LIMITED,3,6
NESCAFE GOLD 18G CAPPUCCINO STICK,10,73.1053410466837,NESTLE KENYA LTD,3,6
FLOYDEEZ 60G POPCORN CARAMEL FLV,7,196.0,MERAKI FOODS LIMITED,3,6
ARYUVA 65ML COCONUT CREAM UHT TETRA PACK,7,406.7706146926537,ARYUV AGENCIES LTD,3,6
URBAN BITES 30G TRENDY TOMATO POTATO CRISPS,7,308.55575757575764,NORDA INDUSTRIES LTD.,3,6
SOKONI 20G 5PC STEELWOOL,7,605.8941915936066,STEELWOOL AFRICA LTD,3,6
MELVINS 20G 4IN1 INST. CARDAMOM TEA STICKS,7,699.767379352474,MELVIN MARSH INTERNATIONAL LTD,3,6
WRIGLEYS ORBIT 10S WILD STRAWBERRY SF,7,149.50840171942167,RADBONE CLARK LIMITED MARS,3,6
NICE & SOFT 60S WHITE SERVIETTES,8,743.6505362280932,CHANDARIA INDUSTRIES  LTD,3,6
MCVITIES 250G DIGESTIVE LIGHT BISCUIT,11,604.6834589163976,WORLD BRANDS K LTD,3,6
STAEDLER PENCIL 110HB ST110HB,7,114.25935386927122,CLIPS LIMITED,3,6
VELVEX PREMIUM KITCHEN TOWEL WHITE TWIN PACK 80S,8,692.4505046784075,CHANDARIA INDUSTRIES  LTD,3,6
PENTONIC BLUE  DISPENSER,9,146.90488354620587,WORLD BRANDS K LTD,3,6
ROTHMANS BY SM 20S,6,2208.0060738525253,NOBLE OUTLOOK LIMITED,3,6
CHUPA CHUPA 10G SOUR BELT,6,75.48081693224623,WORLD BRANDS K LTD,3,6
GIN GILBEYS 750ML,6,1216.5548549810846,UDV KENYA LIMITED,3,6
NESCAFE GOLD 18G CAPPUCCINO HAZELNUT STICK,6,43.86320462801022,NESTLE KENYA LTD,3,6
BUTTERFLY 1KG POLISH GREEN GRAM,9,779.0068177632083,SPICE WORLD LTD,3,6
CADBURY 48G DREAM LUNCH BAR,6,801.9651821862349,HASBAH KENYA LTD CADBURY,3,6
KINDER JOY EGG 20G - BOY,6,801.9651821862349,HASBAH KENYA LTD,3,6
BIC ORANGE FINE PEN BLUE,6,97.9365890308039,BIC EAST AFRICA LIMITED,3,6
HANAN WHITE PAPER SERVIETTES 100S,7,650.6942191995815,ZENKO KENYA LIMITED,3,6
DEL 250ML MIXED BERRY JUICE BLEND,5,351.2184176688278,DELMONTE KENYA LTD,3,6
KINDER JOY EGG 20G - GIRL,6,801.9651821862349,HASBAH KENYA LTD,3,6
DL 20G REAL MILK CHOCOLATE,5,668.3043184885291,GLACIER PRODUCTS LTD 2ND,3,6
SANTA MARIA 700G SPAGHETTI,7,928.9636363636364,DEBENHAM AND FEAR LTD,3,6
BUGLES 25G CORN SNACK ORIGINAL,5,140.0,SMARTBRIDGE DISTRIBUTORS LTD,3,6
MENTOS 14G PURE FRESH FMINT,9,192.2250879249707,WORLD BRANDS K LTD,3,6
SANTA MARIA 420G SWEET CORN IN BRINE (KERNELS),6,75.48081693224623,DEBENHAM AND FEAR LTD,3,6
LITTLE DELIVERY 6-10KM,6,909.4131926121372,Unknown,3,6
KOTEX ULTRA THIN NIGHT DUOS 14S,5,786.9151138716358,KIM FAY EAST AFRICA LTD,3,6
KETEPA 100G FAHARI YA KENYA TEA,6,599.8006108735492,KENYA TEA PACKERS KETEPA,3,6
HEINZ 342G SQUEEZY TOMATO KETCHUP,5,432.78156542400467,HASBAH KENYA LTD,3,6
MARYLAND 136G CHOC CHIP COCONUT COOKIES,4,219.8848941514173,WORLD BRANDS K LTD,3,6
VELVEX 100S FOLDED SERVIETTES,5,464.78158514255824,CHANDARIA INDUSTRIES  LTD,3,6
KEN ROUND FOOD MATE 2LTRS,6,519.3378785088056,KENPOLY MANUFACTURERS,3,6
DEL 1L TROPICAL FRUIT JUICE,4,280.97473413506225,DELMONTE KENYA LTD,3,6
MHARVEST 1KG JUMBO OAT BAG,4,346.22525233920373,HEALTHY U TWO THOUSAND LTD,3,6
SNAPPY 85G TOM WITH TUNA,4,609.4556242274415,MERIT AFRICA LTD,3,6
CELINE SERVIETTES 100S SINGLE PACK,5,464.78158514255824,JUBILEE TISSUE INDUSTRIES LTD,3,6
LU 57.6G BISCUITS PRINCE CHOCOLATE SP,4,219.8848941514173,HASBAH KENYA LTD CADBURY,3,6
KINDER BUENO 43G WHITE T2,3,400.98259109311743,HASBAH KENYA LTD,3,6
SCOTCH BRITE 3M H/DUTY S/PAD LARGE,2,173.11262616960187,DEBENHAM AND FEAR LTD,3,6
JAVA 70G CRISPY CRUNCHY GRANOLA BAR,3,259.6689392544028,NAIROBI JAVA HOUSE LTD,3,6
STONEY 300ML EMPTY BOTTLE,2,24.0,COCA COLA BEVERAGES KENYA LTD,3,6
SOLAI HIGHLANDS 50G RS MACADAMIA NUTS,2,102.4,KENSALT LIMITED MACADAMIA,3,6
SUMO PVC INSULATION TAPE 18MMX10YDS BLACK,2,173.11262616960187,ROK INDUSTRIES LIMITED,3,6
RINZ 1LT CAR WASH DETERGENT,3,259.6689392544028,RINZ PRODUCTS LTD,3,6
NUVITA 200G MARIE BISCUITS,2,109.94244707570866,MJENGO LIMITED,3,6
MANJI 100G MARIE,2,109.94244707570866,MANJI FOOD INDUSTRIES LTD,3,6
SNAPPY TOM 85G WITH PILCHARD N SEA BREAM,2,304.72781211372074,MERIT AFRICA LTD,3,6
ALPRO 1L ORIGINAL ALMOND VANILLA MILK,2,173.11262616960187,HEALTHY U TWO THOUSAND LTD,3,6
KETEPA 120G TEA  ALL FLAVOURS HEXAGONAL TIN,2,199.93353695784973,KENYA TEA PACKERS KETEPA,3,6
KARA 400ML UHT NATURAL COCONUT MILK,1,58.11008781323624,PORTCROSS LTD  PC.,3,6
GODREJ 10GM AER POWER POCKET SEA BREEZE,2,173.11262616960187,CANON CHEMICALS LTD,3,6
DL 40G MILK & COOKIES CHOCOLATE,1,133.66086369770582,GLACIER PRODUCTS LTD 2ND,3,6
OUT OF AFRICA 50G MIXED NUTS,1,51.2,KENYA NUT COMPANY,3,6
BLACK & WHITE 1LTR WHISKY,1,202.75914249684743,UDV KENYA LIMITED,3,6
COFFEE BREAK 18.5G INST CAPUCCINO VANILLA STICK,2,14.621068209336741,BEST BUY COMMODITY LIMITED,3,6
SOLIO MATCH BOXES 60 STICKS 10S,1,86.55631308480093,KAPA OIL REFINERIES LTD,3,6
GEISHA 90G LEMON N HONEY SOAP,2,173.11262616960187,UNILEVER KENYA LIMITED,3,6
GODREJ 10GM AER POWER POCKET  LEMON TANGY DELIGHT,2,173.11262616960187,CANON CHEMICALS LTD,3,6
PEARS 125G MINT EXTRACT BLUE SOAP,1,86.55631308480093,TRADE ROOTS LTD,3,6
MIGLIORGATTO 100G POUCH CAT CHICKEN & TURKEY,1,152.36390605686037,LOKI VENTURES LIMITED,3,6
COLGATE 140G DENTAL CREAM TOOTHPASTE,1,86.55631308480093,Unknown,3,6
NUVITA 375G VITAMILK MILKY BISC,1,54.97122353785433,MJENGO LIMITED,3,6
NDUME 1KG NATURAL BAR SOAP,1,94.04233077163184,PWANI OIL PRODUCTS LTD.,3,6
PARLE 75G MURANO CHOCO DELIGHT CENTER FILLED,1,54.97122353785433,RAA LIMITED,3,6
HUNTERS CHOICE WHISKY 250ML,1,202.75914249684743,KENYA WINE AGENCIES KWAL,3,6
DL 80G ORANGE CRUNCH CHOCOLATE,1,133.66086369770582,GLACIER PRODUCTS LTD 2ND,3,6
J&J 100G BABY SOAP REGULAR,1,86.55631308480093,RADBONE CLARK  K  LTD,3,6
AFRI MASKING TAPES 24MMX50MTS,1,86.55631308480093,Unknown,3,6
BAKALLAND 40G BA ENERGY BAR 5 FOREST FRUITS,2,173.11262616960187,PORTCROSS LTD  PC.,3,6
DL 70ML FRIZZ SBERRY CE LOLLY,2,110.44856096284668,GLACIER PRODUCTS LTD G P,3,6
KSL 500G MILK SWEETS,2,25.160272310748745,KENYA SWEETS LTD,3,6
MAMAS CHOICE 250G MARGARINE,1,219.6180125543216,MENENGAI O REFINERIES LTD,3,6
SPUDS 105G POTATO CHIPS SWEET & CHILLI SALSA,1,44.079393939393945,SMART GLOBAL LIMITED,3,6
KINDER CHOCOLATE T4 50G,1,133.66086369770582,HASBAH KENYA LTD,3,6
SENSODYNE MULTICARE SOFT TOOTHBRUSH,2,173.11262616960187,HALEON KENYA LTD,3,6
PRETZO MIXY 55G SALT,1,28.0,PORTCROSS LTD  PC.,3,6
BROOKSIDE 500ML DAIRY BEST (POUCH),1798,78665.29636698608,BROOKSIDE DAIRY LIMITED,4,7
ILARA FRESH MILK 500ML SATCHET,492,22129.127216921333,BROOKSIDE DAIRY LIMITED,4,7
TUZO 500ML FRESH MILK (POUCH),237,11186.41226668392,BROOKSIDE DAIRY LIMITED,4,7
BROOKSIDE 500ML TR FRESH MILK,245,12734.539490839225,BROOKSIDE DAIRY LIMITED,4,7
FESTIVE 400G MILKY WHITE SLICED,143,7436.033126773616,DPL FESTIVE  LIMITED,4,7
BIO 2L WHOLE FRESH MILK,173,44062.64311206281,BIO FOOD PRODUCTS LTD,4,7
BROOKSIDE 1LT UHT WHOLE MILK,162,20139.936356877322,BROOKSIDE DAIRY LIMITED,4,7
FESTIVE 800G WHITE MILKY BREAD,157,16328.0,DPL FESTIVE  LIMITED,4,7
FRESHA 500ML WHOLE MILK POUCH,113,5136.9141339706575,GITHUNGURI DAIRY FARMERS,4,7
TUZO 500ML WHOLE MILK (FINO PACK) 180DAYS,171,6993.820180948539,BROOKSIDE DAIRY LIMITED,4,7
FESTIVE 600G FAMILY WHITE BREAD,147,11760.08638397329,DPL FESTIVE  LIMITED,4,7
NATURES 400G GOLD WHITE,111,5772.031129495899,DPL FESTIVE  LIMITED,4,7
TUZO 450ML ESL WHOLE MILK 90DAYS,140,5145.275614531216,BROOKSIDE DAIRY LIMITED,4,7
SOKO 2KG MAIZE MEAL,152,17771.445041034913,CAPWELL INDUSTRIES LTD,4,7
BROOKSIDE 500ML LACTOSE FREE UHT MILK FINO,100,6049.952091983393,BROOKSIDE DAIRY LIMITED,4,7
DAIMA 500ML WHOLE ESL POUCH,93,3641.672904945218,DEVYANI FOOD INDUSTRIES K LIMITED MILK AND YOGHURT,4,7
DAIMA 500ML FINO MAZIWA BORA,78,2973.784162578837,DEVYANI FOOD INDUSTRIES K LIMITED MILK AND YOGHURT,4,7
LATO 500ML ESL MILK 90DAYS,106,4366.34640879121,MUSTY DISTRIBUTION LIMITED,4,7
NATURES 600G WHITE BREAD,103,8240.081532787623,DPL FESTIVE  LIMITED,4,7
BROOKSIDE 250ML UHT WHOLE MILK,103,3460.839703189747,BROOKSIDE DAIRY LIMITED,4,7
DAIMA 450ML ESL MAZIWA BORA,111,3973.9445167751633,DEVYANI FOOD INDUSTRIES K LIMITED MILK AND YOGHURT,4,7
EXE 2KG ALL PURPOSE FLOUR,86,11015.896866040535,UNGA LTD,4,7
TUZO 450ML ESL WHOLE MILK 30DAYS,71,3152.389646372585,BROOKSIDE DAIRY LIMITED,4,7
MT KENYA 500ML ESL UHT MILK,62,2826.2893302540415,MERU CENTRAL DAIRY COOPERATIVE UNION LIMITED,4,7
FRESHA MAISHA 500ML LONG LIFE MILK,85,3770.859170439251,GITHUNGURI DAIRY FARMERS,4,7
BIO 1L FRESH WHOLE MILK,75,10252.919587103352,BIO FOOD PRODUCTS LTD,4,7
JOGOO 2KG MAIZE MEAL,47,5452.244916454263,UNGA LTD,4,7
LATO 500ML FINO UHT MILK 180DAYS,73,2932.4597323600974,MUSTY DISTRIBUTION LIMITED,4,7
NUTRAMEAL 1KG SUGAR,74,10202.293690248567,KAMILI PACKERS SUGAR ONLY,4,7
KINANGOP FRESH 500ML MILK POUCH,58,2318.801283697048,KINANGOP DAIRY LIMITED,4,7
ILARA  POUCH FRESH MILK 1LTR,54,5056.218339736096,BROOKSIDE DAIRY LIMITED,4,7
BROOKSIDE 2LTR FRESH MILK STANDARD BOTTLE,39,8016.685771543086,BROOKSIDE DAIRY LIMITED,4,7
KABRAS 1KG WHITE SUGAR,51,6827.931858699241,WEST KENYA SUGAR COMPANY LTD,4,7
PEMBE 2KG MAIZE MEAL,38,4468.949865551241,PEMBE FLOUR MILLS,4,7
NUTRAMEAL 2KG SUGAR,60,16006.227010388613,KAMILI PACKERS SUGAR ONLY,4,7
KCC 500ML GOLD CROWN  (POUCH)-55,46,2114.4596203796204,NEW KENYA COOP CREAMERIES  LTD,4,7
BROOKSIDE 2LTR FRESH MILK WHOLE BOTTLE,33,6783.597504159734,BROOKSIDE DAIRY LIMITED,4,7
FESTIVE 400G WHOLE MEAL,51,2652.0177855274633,DPL FESTIVE  LIMITED,4,7
BROOKSIDE 1LTR FRESH MILK STANDARD,47,4887.40546645584,BROOKSIDE DAIRY LIMITED,4,7
NATURES 800G WHITE BREAD,28,2912.0455902306653,DPL FESTIVE  LIMITED,4,7
RAVINE GOLD 500ML ESL UHT MILK,46,1730.1204584247744,RAVINE DAIRIES LIMITED,4,7
BIO 2L SEMI SKIMMED FRESH MILK,37,9046.109244140112,BIO FOOD PRODUCTS LTD,4,7
BROOKSIDE 1L FARM FRESH MILK,40,4160.0,BROOKSIDE DAIRY LIMITED,4,7
BROOKSIDE 1L LACTOSE FREE UHT MILK,33,4599.384308580426,BROOKSIDE DAIRY LIMITED,4,7
FESTIVE 800G SUPREME WHOLE MEAL,27,2808.0,DPL FESTIVE  LIMITED,4,7
FESTIVE 400G FINEST SUPER SEEDED BREAD,24,2496.0051612903226,DPL FESTIVE  LIMITED,4,7
FRESHA 5L WHOLE MILK,38,15184.032573289902,GITHUNGURI DAIRY FARMERS,4,7
SUPA 400G BUTTER TOAST BREAD,24,1248.0431824571267,MINI BAKERIES NBI  LTD,4,7
BROOKSIDE 200ML  WHOLE MILK TCA,26,665.6124737631185,BROOKSIDE DAIRY LIMITED,4,7
FESTIVE 300G 6S PREM SESSAME SLICED BURGER BUNS,36,3744.0,DPL FESTIVE  LIMITED,4,7
FESTIVE 300G 6S DELUXE ROLLS,34,3264.0,DPL FESTIVE  LIMITED,4,7
BROOKSIDE 1LT UHT LOWFAT MILK,27,3302.940397350993,BROOKSIDE DAIRY LIMITED,4,7
FESTIVE 400G WHITE SLICED,23,1159.2362919132152,DPL FESTIVE  LIMITED,4,7
BIO 1L FRESH SEMI SKIMMED MILK,27,3392.96,BIO FOOD PRODUCTS LTD,4,7
SUPA 400G WHITE SLICED BREAD CT,20,1040.0,MINI BAKERIES NBI  LTD,4,7
TUPIKE 2KG MAIZE MEAL FLOUR,30,3371.25775752051,OSHO GRAIN MILLERS  LTD,4,7
MOLO UHT MILK 500ML ESL 90DAYS,20,750.2704287284721,BROOKSIDE DAIRY LIMITED,4,7
FESTIVE 300G 6S PREM PLAIN BURGER BUNS,26,2496.0,DPL FESTIVE  LIMITED,4,7
BROADWAY 400G WHITE SLICED BREAD,20,1040.0,BROADWAYS BAKERY LTD,4,7
AJAB 2KG MAIZE MEAL FLOUR,24,2981.0190552441954,GRAIN INDUSTRIES LIMITED,4,7
KINANGOP 500ML GOLD FINO ASEPTIC,26,1154.3962085308058,KINANGOP DAIRY LIMITED,4,7
AMAIZE 2KG PREMIUM MAIZE FLOUR,28,4102.828929604629,CAPWELL INDUSTRIES LTD,4,7
RINSUN 5LT SUNFLOWER OIL,24,30527.33081201335,KAPA OIL REFINERIES LTD,4,7
SUPA LOAF WHITE BREAD 600G,17,1360.0,MINI BAKERIES NBI  LTD,4,7
BROADWAY 400G NATURAL BROWN BREAD,20,1040.0387221684414,BROADWAYS BAKERY LTD,4,7
MT KENYA 500ML PREMIUM TFA MILK,17,809.1877477477477,MERU CENTRAL DAIRY COOPERATIVE UNION LIMITED,4,7
NATURES 400G GOLD  BROWN,17,884.0329457364342,DPL FESTIVE  LIMITED,4,7
BUTTERFLY 1KG SOOJI (SEMOLINA),12,1993.875424688562,SPICE WORLD LTD,4,7
BIO 1L BARISTA FRESH MILK,18,2577.375,BIO FOOD PRODUCTS LTD,4,7
SOKO 1KG MAIZE MEAL FLOUR,12,760.8150072150073,CAPWELL INDUSTRIES LTD,4,7
RINSUN 3LT SUNFLOWER OIL,12,10501.364990914597,KAPA OIL REFINERIES LTD,4,7
KINGSMIL 200G SLICED WHITE BREAD,11,308.0250855188141,KENAFRIC BAKERY LTD,4,7
EXE 2KG SELF RAISING,13,1820.681756338899,UNGA LTD,4,7
EXE 1KG ALL PURPOSE,10,684.911235257604,UNGA LTD,4,7
DAIMA 200ML MILK FINO BORA,16,319.71814265198657,DEVYANI FOOD INDUSTRIES K LIMITED MILK AND YOGHURT,4,7
V22 BAG 10 X 15 X 22 30G,270,2160.523397155796,POLYTHENE INDUSTRIES LIMITED,4,7
V25 CARRIER BAG,176,2816.3200570511685,POLYTHENE INDUSTRIES LIMITED,4,7
WHITE CAP 500ML LAGER CANS,183,33435.59245163757,KENYA BREWERIES LTD,4,7
QUENCHER 300ML DRINKING WATER,119,1835.2363321107036,EXCEL CHEMICALS LTD,4,7
AQUAMIST 300ML MINERAL WATER,123,3018.5155429170104,AQUAMIST LIMITED,4,7
KERINGET 500ML MINERAL WATER,76,3413.6702628445832,COCA COLA BEVERAGES KENYA LTD,4,7
COKE PET 350ML,84,3266.2067233099374,COCA COLA BEVERAGES KENYA LTD,4,7
BIO 200ML GREEK STYLE NATURE PLAIN YOGHURT,77,10648.64810873459,BIO FOOD PRODUCTS LTD,4,7
AQUAMIST 500ML MINERAL WATER,104,4105.688646379854,AQUAMIST LIMITED,4,7
DUNHILL 20S SWITCH,60,22560.0,NOBLE OUTLOOK LIMITED,4,7
TUSKER CAN 500ML BEER,65,11060.279190776593,KENYA BREWERIES LTD,4,7
EMBASSY BY DUNHILL BLUE 20S,74,27232.07491084781,NOBLE OUTLOOK LIMITED,4,7
KERINGET 18.9LT MINERAL WATER REFIL,70,33523.63605400803,COCA COLA BEVERAGES KENYA LTD,4,7
COKE PET 500ML,69,3670.1308738137086,COCA COLA BEVERAGES KENYA LTD,4,7
COKE ZERO 330ML CAN,75,5794.317406587685,COCA COLA BEVERAGES KENYA LTD,4,7
COKE ZERO 500ML PET,55,2867.717998075072,COCA COLA BEVERAGES KENYA LTD,4,7
AQUAMIST 1LTR SPARKLING WATER,53,4029.374801482267,AQUAMIST LIMITED,4,7
SCHWEPPES TONIC WATER 500ML PET,59,3581.7721988205562,COCA COLA BEVERAGES KENYA LTD,4,7
KRACKLES PERFECTLY SALTED 30G,70,2313.1571014492756,PROPACK KENYA LTD,4,7
AQUAMIST 20LT MINERAL WATER,51,21520.859347928807,AQUAMIST LIMITED,4,7
BROOKSIDE 500ML NATURAL LALA BOTTLE,47,3384.1005011693956,BROOKSIDE DAIRY LIMITED,4,7
COKE 330ML CAN,55,4292.409709887508,COCA COLA BEVERAGES KENYA LTD,4,7
DL 37G FILLED CHOCOLATES MINT CHOC,49,2731.509280333387,GLACIER PRODUCTS LTD 2ND,4,7
SAFARI 300ML LEMONADE LIME DRINK,49,1904.0562132225687,BOUNTY LIMITED,4,7
NUTFIELDS 20G CASHEW NUTS ROASTED AND SALTED,42,2352.0,KENYA NUT COMPANY,4,7
MAGGI 4G 28S CUBE FORTIFIED,44,3734.529565816678,NESTLE KENYA LTD,4,7
TUSKER 500ML LAGER BEER,49,8192.800000000001,KENYA BREWERIES LTD,4,7
COCA COLA 300ML,48,1536.0,COCA COLA BEVERAGES KENYA LTD,4,7
COCA COLA 300ML EMPTY BOTTLE,53,636.0,COCA COLA BEVERAGES KENYA LTD,4,7
NUTFIELD 20G MAC NUTS LOCAL,48,2457.6000000000004,KENYA NUT COMPANY,4,7
AQUAMIST 500ML SPARKLING WATER,56,3086.5942632396072,AQUAMIST LIMITED,4,7
NUTFIELDS 20G MIXED NUTS,40,1760.0,KENYA NUT COMPANY,4,7
WHITE CAP 500ML LAGER BEER,37,7074.400000000001,KENYA BREWERIES LTD,4,7
ISINYA 6S EGGS,61,6109.667302440751,ISINYA FEEDS LIMITED,4,7
BIO 150ML VANILLA YOGHURT,42,3906.5327595884005,BIO FOOD PRODUCTS LTD,4,7
SPRITE PET 350ML,51,1984.118342275671,COCA COLA BEVERAGES KENYA LTD,4,7
SCHWEPPES SODA WATER 500ML PET,37,2239.84438972916,COCA COLA BEVERAGES KENYA LTD,4,7
KRACKLES BANG BANG CHILLI 30G,40,1763.1757575757579,PROPACK KENYA LTD,4,7
GUINNESS 500ML CAN,36,6586.309679323064,KENYA BREWERIES LTD,4,7
KRACKLES POTATO CRISP BBQ30G,33,1440.6849845201239,PROPACK KENYA LTD,4,7
NESTLE 41.5G KITKAT 4 FINGER MILK,44,5881.078002699056,GLACIER PRODUCTS LTD 2ND,4,7
HIGHLANDS 500ML MINERAL WATER,53,1060.018008069654,HIGHLANDS DRINKS LIMITED,4,7
TUSKER LITE 500ML CAN,44,9101.71020355412,KENYA BREWERIES LTD,4,7
ILARA 500ML MAZIWA LALA,36,2592.0,BROOKSIDE DAIRY LIMITED,4,7
ISINYA 30S EGGS,39,16888.02904656319,ISINYA FEEDS LIMITED,4,7
KRACKLES CHEESE & ONION 30G,30,1329.8149417409186,PROPACK KENYA LTD,4,7
OLA 40G CHEESE CRUNCH TORTILA CHIPS,33,1700.7087378640779,PROPACK KENYA LTD,4,7
URBAN STIX 35G BARBEQUE SNACKS,30,840.0,NORDA INDUSTRIES LTD.,4,7
SPRITE PET 500ML,30,1586.23446258835,COCA COLA BEVERAGES KENYA LTD,4,7
COKE PET 2LTS,39,5136.144896981314,COCA COLA BEVERAGES KENYA LTD,4,7
WRIGLEYS ORBIT 10S PEPPERMINT SF,30,1646.214432989691,RADBONE CLARK LIMITED MARS,4,7
WRIGLEYS P.K 10S CHEWING GUM PEPPERMINT,37,789.532227609084,RADBONE CLARK LIMITED MARS,4,7
KABARNET 300ML MINERAL WATER,45,685.3050233039876,KHETIA DRAPERS LTD,4,7
FANTA ORANGE PET 350ML,38,1479.959484888305,COCA COLA BEVERAGES KENYA LTD,4,7
SPRITE 330ML CAN REGULAR,25,1930.5764256319808,COCA COLA BEVERAGES KENYA LTD,4,7
WRIGLEYS JUICY FRUIT 10S CLASSIC,42,895.9912975912977,RADBONE CLARK LIMITED MARS,4,7
KERINGET 1LT MINERAL WATER,37,2571.2578386605787,COCA COLA BEVERAGES KENYA LTD,4,7
AQUAMIST 1LT MINERAL WATER,29,1775.2022740193293,AQUAMIST LIMITED,4,7
ISINYA 15S EGGS,42,10423.106446397189,ISINYA FEEDS LIMITED,4,7
OLA 40G MEXICAN CRUNCH TORTILA CHIPS,34,1753.4586776859508,PROPACK KENYA LTD,4,7
PICK N PEEL 250ML MANGO,27,1528.4739206833437,KEVIAN KENYA LTD,4,7
WRIGLEYS ORBIT 10S BUBBLEMINT SF,26,1429.541219858156,RADBONE CLARK LIMITED MARS,4,7
DUNHILL 20S DOUBLE CAP,27,10152.0,NOBLE OUTLOOK LIMITED,4,7
BIO 150ML STRAWBERRY YOGHURT,37,3499.3596282311937,BIO FOOD PRODUCTS LTD,4,7
FANTA ORANGE PET 500ML,28,1479.792415169661,COCA COLA BEVERAGES KENYA LTD,4,7
PREDATOR 400ML ENERGY DRINK PET,23,1158.5647084785135,COCA COLA BEVERAGES KENYA LTD,4,7
VELVEX 100S WHITE SERVIETTES,33,3067.5584619408846,CHANDARIA INDUSTRIES  LTD,4,7
KNORR 51G 6S CHICKEN CUBES,23,1734.0903149838093,UNILEVER KENYA LIMITED,4,7
KENSALT 1KG IODIZED SALT,33,1090.488347826087,KENSALT LIMITED,4,7
MENENGAI CREAM 1KG SOAP,25,4099.973904576437,MENENGAI O REFINERIES LTD,4,7
BIO 150ML NATURAL YOGHURT,26,2400.097142857143,BIO FOOD PRODUCTS LTD,4,7
KRACKLES SALT&VINEGAR 30GM,31,1343.7397106583999,PROPACK KENYA LTD,4,7
WRIGLEYS P.K 10S CHEWING GUM MENTHOL,24,511.3912596401029,RADBONE CLARK LIMITED MARS,4,7
COKE 1.25L PET,24,2454.0184253511925,COCA COLA BEVERAGES KENYA LTD,4,7
PICK N PEEL 250ML APPLE,21,1195.5883817427386,KEVIAN KENYA LTD,4,7
PICK N PEEL 250ML PINEAPPLE JUICE,26,1468.6507190459488,KEVIAN KENYA LTD,4,7
AQUAMIST 1.5LT MINERAL WATER,21,1549.8380664652568,AQUAMIST LIMITED,4,7
FANTA ORANGE PET 2LTS,25,3069.651678277391,COCA COLA BEVERAGES KENYA LTD,4,7
BROOKSIDE 500ML SWEET LALA BOTTLE,25,1900.0070200070202,BROOKSIDE DAIRY LIMITED,4,7
COKE ZERO 2L PET,34,4503.751206434316,COCA COLA BEVERAGES KENYA LTD,4,7
AQUACLEAR 500ML MINERAL WATER,34,850.7880181543118,DEVYANI FOOD INDUSTRIES K LIMITED MILK AND YOGHURT,4,7
DASANI 1L MINERAL WATER,24,1108.7245757385294,COCA COLA BEVERAGES KENYA LTD,4,7
ILARA 500ML TNC PLAIN CUP,24,2255.066482758621,BROOKSIDE DAIRY LIMITED,4,7
SUNLIGHT 175G PURE SOAP YELLOW,21,1196.8472472472474,UNILEVER KENYA LIMITED,4,7
KIRICHWA 2KG ICE CUBES,20,3200.0,KIRICHWA WATER LIMITED,4,7
SPRITE SODA PET 2LTS,28,3450.5170861694423,COCA COLA BEVERAGES KENYA LTD,4,7
BROOKSIDE 1L NATURAL LALA BOTTLE,28,3696.0236037934674,BROOKSIDE DAIRY LIMITED,4,7
SMIRNOFF 330ML PINEAPPLE PUNCH ICE CAN,31,5011.784212624585,UDV KENYA LIMITED,4,7
MR.BERRYS KING KUBWA XXL STRAWBERRY LOLLIPOP,27,355.2862275449102,MZURI SWEETS LIMITED,4,7
BIO 200ML GREEK STYLE YOGHURT VANILLA,21,2893.838888888889,BIO FOOD PRODUCTS LTD,4,7
FANTA BLACK CURRANT 350ML PET,25,971.7124875786686,COCA COLA BEVERAGES KENYA LTD,4,7
SNICKERS 40G SINGLE CHOCO BAR,27,3541.290268886043,RADBONE CLARK LIMITED MARS,4,7
CARTOONS 30G TANGY TOMATO CRISPS,28,1260.9763688760809,PROPACK KENYA LTD,4,7
AQUAMIST 5LT MINERAL WATER,26,4451.758243290344,AQUAMIST LIMITED,4,7
FANTA BLACKCURRANT PET 2LTS,29,3545.4318103744417,COCA COLA BEVERAGES KENYA LTD,4,7
OREO 55.2G ORIGINAL COOKIES,30,1649.1367061356298,HASBAH KENYA LTD CADBURY,4,7
VELVEX SNOW WHITE 10 PACK,19,6949.838914027149,CHANDARIA INDUSTRIES  LTD,4,7
PILSNER 500ML LAGER BEER,20,3344.0000000000005,KENYA BREWERIES LTD,4,7
BIO 150ML BERRY COCKTAIL YOGHURT,23,2051.4939277478866,BIO FOOD PRODUCTS LTD,4,7
KRAC KURLS 25G TANGY CHEESE,29,906.8768558951965,PROPACK KENYA LTD,4,7
ROTHMANS SWITCH BLUE 20S,22,6424.013951644867,NOBLE OUTLOOK LIMITED,4,7
BROOKSIDE 500G SALTED BUTTER,17,10215.529001584786,BROOKSIDE DAIRY LIMITED,4,7
ISINYA 12S EGGS,18,3631.2279692680954,ISINYA FEEDS LIMITED,4,7
PICK N PEEL 250ML ORANGE JUICE,19,1438.6757926522398,KEVIAN KENYA LTD,4,7
MR.BERRYS KING KUBWA XXL PASSION LOLLIPOP,18,238.76550680786687,MZURI SWEETS LIMITED,4,7
FELIX 85G CAT CHICKEN,23,3504.3698393077884,MERIT AFRICA LTD,4,7
FC 100G (30D) COLLAR BACON,22,3156.925289652417,FARMERS CHOICE LTD,4,7
HEINEKEN 500ML CAN BEER,17,3870.86078697422,KENYA WINE AGENCIES KWAL,4,7
BIO 90ML NATURAL Y0GHURT,18,1137.6000000000001,BIO FOOD PRODUCTS LTD,4,7
PICK N PEEL 1LT APPLE,19,3929.99830704117,KEVIAN KENYA LTD,4,7
KRAC KURLS 25G CHILLI LEMON,25,781.7207665232697,PROPACK KENYA LTD,4,7
FANTA PASSION PET 2LTS,23,2810.0393083087306,COCA COLA BEVERAGES KENYA LTD,4,7
MENENGAI CREAM 800G SOAP,25,3277.298387096774,MENENGAI O REFINERIES LTD,4,7
BIO 150ML MANGO YOGHURT,14,1325.8268199233717,BIO FOOD PRODUCTS LTD,4,7
LYONS 60ML TOFF N CHOCO W NUTS STICKLINE,18,989.6589473684212,RAZCO LTD,4,7
ROYCO 4G 40S BEEF CUBES,20,2195.630375114364,UNILEVER KENYA LIMITED,4,7
FANTA PASSION 500ML PET,15,798.1926477431364,COCA COLA BEVERAGES KENYA LTD,4,7
DL 70ML MINI FIESTA CLASSIC,14,773.2687346134909,GLACIER PRODUCTS LTD G P,4,7
GREEN FARM 30S Y/YORK EGGS,16,7169.55468074892,GREEN FARM POULTRY,4,7
MINUTE MAID 400ML APPLE JUICE,19,1199.9498705334026,COCA COLA BEVERAGES KENYA LTD,4,7
FESTIVE TORTILLA WRAP 8 INCH,21,4611.009638554217,DPL FESTIVE  LIMITED,4,7
MARS SINGLE BARS 40G,16,2249.5700255464094,RADBONE CLARK LIMITED MARS,4,7
SAVANA DRY PREMIUM CIDER 340ML,20,4533.481940144479,KENYA WINE AGENCIES KWAL,4,7
FC 200G (30D) FRESH SANDWICH HAM,14,3288.804166666667,FARMERS CHOICE LTD,4,7
KNORR 51G 6S BEEF CUBES,15,1125.698113207547,UNILEVER KENYA LIMITED,4,7
BLUE BAND 1KG MED FAT SPREAD,21,8040.882279673235,SUPER SAVERS DISTRIBUTION LTD,4,7
URBAN STIX 35G THAI SWEET CHILLI SNACKS,12,336.0,NORDA INDUSTRIES LTD.,4,7
FC 200G (30D) FRESH STREAKY BACON,17,6039.144072948328,FARMERS CHOICE LTD,4,7
MR BERRYS TOOGOODY TOFFEE BARS,14,112.30347163420831,MZURI SWEETS LIMITED,4,7
PICK N PEEL 1LT TROPICAL MIX,12,2498.093641073952,KEVIAN KENYA LTD,4,7
OREO 26.25G ORIGINAL,20,708.4137931034484,HASBAH KENYA LTD CADBURY,4,7
KETEPA 500G FAHARI YA KENYA,14,2709.647805393972,KENYA TEA PACKERS KETEPA,4,7
MILL BAKERS 300G  ENGLISH MUFFINS,16,1689.6000000000001,MILL BAKERS LIMITED,4,7
MAYERS 750ML GLASS SPARKLING WATER,17,1346.4,MALACHITE LIMITED,4,7
MAYERS 750ML GLASS SPARKLING EMPTY BOTTLE,14,1064.0,MALACHITE LIMITED,4,7
MACCOFFEE 15G WHITE 3 IN 1 COFFEE,20,318.4536668561683,CHANDARIA INDUSTRIES LTD MACCOFFEE,4,7
DL 70ML MINI FIESTA CARAMEL N NUTS,16,883.5884877027735,GLACIER PRODUCTS LTD G P,4,7
FC 1KG (14D) FRESH PORK VALUE PACK,13,7291.647175911252,FARMERS CHOICE LTD,4,7
JIAN 30 PACK YELLOW YOLK EGGS,19,7468.89175449473,JIAN CEREALS DEPOT,4,7
BROOKSIDE 1LT NATURAL YOGHURT,13,2340.0,BROOKSIDE DAIRY LIMITED,4,7
URBAN STIX 35G KUKU CHOMA SNACK,12,336.0114353782013,NORDA INDUSTRIES LTD.,4,7
BALOZI 500ML BEER,11,1829.0091780821915,KENYA BREWERIES LTD,4,7
KABARNET 500ML MINERAL WATER,11,237.99319148936172,KHETIA DRAPERS LTD,4,7
OREO 128G ORIGINAL,11,1363.6841025641024,HASBAH KENYA LTD CADBURY,4,7
TENA 100S SERVIETTES WHITE,16,1275.1567567567572,AFRICAN COTTON INDUSTRIES LTD,4,7
BROOKSIDE 250G SALTED BUTTER,14,4734.087130919221,BROOKSIDE DAIRY LIMITED,4,7
BROOKSIDE 250ML STRAWBERRY,11,603.6953329184817,BROOKSIDE DAIRY LIMITED,4,7
FELIX 85G CAT BEEF,14,2171.2824551244935,MERIT AFRICA LTD,4,7
BROOKSIDE 250G NATURAL PROBIOTIC YOGHURT,16,1189.0890264490715,BROOKSIDE DAIRY LIMITED,4,7
FC 125G (30D) FRESH NYAMABITE,14,1031.7678355501812,FARMERS CHOICE LTD,4,7
FC 500G (14D) FRESH CLASSIC PORK SAUSAGE,12,3532.5715645449136,FARMERS CHOICE LTD,4,7
KRACKLES CURLS 15G CHEESY,15,240.00638637573178,PROPACK KENYA LTD,4,7
KABARNET 500ML SPARKLING WATER,11,431.20000000000005,KHETIA DRAPERS LTD,4,7
ZESTA 100G BI-CARBONATE OF SODA,18,316.80935672514624,TRUFOODS LIMITED T F,4,7
BROOKSIDE 450G NATURAL PROBIOTIC YOGHURT,11,1394.4049535603713,BROOKSIDE DAIRY LIMITED,4,7
KRAC KURLS 25G TOMATO,12,375.1794626865672,PROPACK KENYA LTD,4,7
NEPTUNE 10S BLENDED TOILET PAPER,10,2943.787234042554,KAPA OIL REFINERIES LTD,4,7
ILARA 1LT MAZIWA LALA  PLASTIC BOTTLE,15,2004.0,BROOKSIDE DAIRY LIMITED,4,7
STREPSILS REGULAR 2S,11,396.0,HARLEYS LTD,4,7
CADBURY 80G DAIRY MILK,12,2497.7727861771064,HASBAH KENYA LTD CADBURY,4,7
SIRIMON 250G CHEDDAR CHEESE,10,4041.136186770428,MORANI LIMITED,4,7
KNORR 51G 6S BEEF CHILLI CUBES,10,753.9268817204301,UNILEVER KENYA LIMITED,4,7
FELIX 85G CAT SALMON,10,1521.3215978334465,MERIT AFRICA LTD,4,7
HANAN FLUSHABLE WATER WIPES 72PCS,10,1433.6968048946296,ZENKO KENYA LIMITED,4,7
CADBURY 28G BUBBLY CHOCOLATE,9,704.2127965492454,HASBAH KENYA LTD CADBURY,4,7
TENA 200S SERVIETTES WHITE,9,1440.0553846153848,AFRICAN COTTON INDUSTRIES LTD,4,7
BIO 1LT GREEK YOGHURT NATURE PLAIN,8,751.688827586207,BIO FOOD PRODUCTS LTD,4,7
ACACIA 200ML KIDS BLUE RASPBERRY,10,892.4249886158682,KEVIAN KENYA LTD,4,7
MILL BAKERS 200G QUEEN CAKE,9,950.4000000000001,MILL BAKERS LIMITED,4,7
FRESHA 500ML ASEPTIC WHOLE MILK,19,820.8050989600807,GITHUNGURI DAIRY FARMERS,4,7
PEMBE 2KG HOMEBAKING,19,2319.9088607594936,PEMBE FLOUR MILLS,4,7
KENSALT 500G IODIZED SALT,19,319.05,KENSALT LIMITED,4,7
DAIMA 200ML WHOLE MILK FINO TETRA 180DAYS,18,368.8233421750664,DEVYANI FOOD INDUSTRIES K LIMITED MILK AND YOGHURT,4,7
KINANGOP 500ML LONGLIFE MILK,15,640.0929791271349,KINANGOP DAIRY LIMITED,4,7
KENSALT 2KG IODIZED SALT,18,1127.8061496099128,KENSALT LIMITED,4,7
LATO 500ML UHT MILK AMOO ESL,16,710.3976667881882,MUSTY DISTRIBUTION LIMITED,4,7
HOSTESS 2KG FLOUR,14,1696.7882385836042,UNGA LTD,4,7
NDOVU 2KG MAIZE MEAL FLOUR,14,1539.2177040110648,MOMBASA MAIZE MILLERS NAIROBI LIMITED,4,7
GOLD 500ML CROWN TFA 20,98,28849.334443783464,NEW KENYA COOP CREAMERIES  LTD,4,7
CHANDARANA FOODPLUS CARRIER BAG GREEN/WHITE,105,3360.0812042535563,Unknown,4,7
RIBENA 250ML BLACKCURRANT,49,3439.9565730824893,BIDCO AFRICA LTD SUNTORY,4,7
KRACKLES TANGY TOMATO 30G,52,4500.928280409648,PROPACK KENYA LTD,4,7
RIBENA 250ML BC&STRAWBERRY,42,2951.93521133703,BIDCO AFRICA LTD SUNTORY,4,7
KARA 65ML COCONUT  MILK CREAM,55,3196.0548297279934,PORTCROSS LTD  PC.,4,7
MACCOFFEE 1.6G CLASSIC,51,329.177726413112,CHANDARIA INDUSTRIES LTD MACCOFFEE,4,7
LITTLE DELIVERY 0-5KM,37,5608.0480211081795,Unknown,4,7
FANTA 330ML ORANGE CAN,29,2231.387926931107,COCA COLA BEVERAGES KENYA LTD,4,7
YOU C-1000 500ML ORANGE WATER,41,7470.761041051785,PORTCROSS LTD  PC.,4,7
OLA 40G COOL CRUNCH TORTILA CHIPS,24,1246.7967460078337,PROPACK KENYA LTD,4,7
INDOMIE PROM PACK CHICKEN FLV 5S,22,2386.6310893512855,SALIM WAZARAN KENYA CO. LTD,4,7
LUCOZADE 250ML BOOST TETRA,18,1267.353191489362,BIDCO AFRICA LTD SUNTORY,4,7
V45 WOVEN WPP BLOCK BOTTOM,19,608.0543483275663,Unknown,4,7
SUNLIGHT 80G PURE SOAP,17,380.8440664236533,UNILEVER KENYA LIMITED,4,7
TUSKER MALT LAGER 500ML CAN,20,4206.605067064083,KENYA BREWERIES LTD,4,7
WRIGLEYS JUICY FRUIT 10S STRAWBERRY,22,469.8835482610395,RADBONE CLARK LIMITED MARS,4,7
HEINEKEN 0.0% 330ML BEER,24,4519.637853658537,KENYA WINE AGENCIES KWAL,4,7
BROOKSIDE 250G PROBIOTIC FRUIT CUP YOGHURT VANILLA,16,1188.7915412769419,BROOKSIDE DAIRY LIMITED,4,7
ROTHMANS BY SPORTSMAN 20S,21,1817.6825747808196,NOBLE OUTLOOK LIMITED,4,7
MCVITIES 200G DARK CHOCO DIGESTIVE,26,4822.533432613552,WORLD BRANDS K LTD,4,7
MR.BERRYS KING KUBWA XXL TONGUE PAINTER LOLLIPOP,16,210.50395112016295,MZURI SWEETS LIMITED,4,7
NUTFIELDS 20G PEANUTS DRY ROASTED AND SALTED,17,870.4000000000001,KENYA NUT COMPANY,4,7
RED BULL 250ML SUGAR FREE CAN,24,3101.6140217906204,HASBAH KENYA LTD,4,7
SUPREME 250ML FINEST VODKA,21,4257.941992433796,KENYA WINE AGENCIES KWAL,4,7
OLA 40G TORTILLA CHIPS LIME CRUNCH,22,1142.303714151387,PROPACK KENYA LTD,4,7
HEINEKEN 330ML BTL BEER,23,5239.7731996353705,KENYA WINE AGENCIES KWAL,4,7
YOU C-1000 500ML LEMON WATER,22,4006.1837638376387,PORTCROSS LTD  PC.,4,7
INDOMIE 50G VEGETABLE NOODLES,18,1292.9428933280988,SALIM WAZARAN KENYA CO. LTD,4,7
HEINZ 415G BAKED BEANS UK,19,4624.437168993741,HASBAH KENYA LTD,4,7
KSL TROPICAL LOLLIPOP SINGLES,16,192.0604058518169,KENYA SWEETS LTD,4,7
URBAN STIX 35G CHUTNEY SNACKS,15,420.0,NORDA INDUSTRIES LTD.,4,7
CADBURY 35G DAIRY MILK CHOCOLATE,19,2539.556410256411,HASBAH KENYA LTD CADBURY,4,7
PICK N PEEL 250ML WHITE GRAPE,15,849.7581521739132,KEVIAN KENYA LTD,4,7
DEL 1L MIXED BERRY JUICE,17,3481.12373540856,DELMONTE KENYA LTD,4,7
MF FLOWER FOR 100/-,11,952.1194439328103,FLOWER MEETA,4,7
OLA 40G TORTILLA CHIPS LIGHTLY SALTED,12,595.0965269461078,PROPACK KENYA LTD,4,7
KRACKLES 45G CHIP STIX CHILLI,14,672.0069392812887,PROPACK KENYA LTD,4,7
SMIRNOFF ICE WITH GUARANA 330ML CAN,11,1782.8603592814375,UDV KENYA LIMITED,4,7
ANGEL 10G INSTANT DRY YEAST,11,217.60239520958083,ROSHNI DIST LTD  R D,4,7
BROOKSIDE 250G PROBIOTIC FRUIT CUP YOGHURT STRAWBERRY,10,741.2061855670104,BROOKSIDE DAIRY LIMITED,4,7
KETEPA 250G FAHARI YA KENYA TEA,12,1199.6012217470984,KENYA TEA PACKERS KETEPA,4,7
SWAMINARAYAN 500G FARAYALI  ATTA,12,1826.4761271676298,RAJ KAMAL ENTERPRISE LIMITED,4,7
INDOMIE 120G CHICKEN JUMBO NOODLES,16,562.8334423480084,SALIM WAZARAN KENYA CO. LTD,4,7
PICK N PEEL 250ML RED GRAPE,16,903.8141034251175,KEVIAN KENYA LTD,4,7
TUSKER 500ML CIDER CAN,9,1845.2676834136273,KENYA BREWERIES LTD,4,7
RED BULL 250ML CAN RED EDITION,10,1292.339175746092,HASBAH KENYA LTD,4,7
KRACKLES 45G CHIP STIX TOMATO KETCHUP,10,440.79393939393947,PROPACK KENYA LTD,4,7
NESCAFE 18G 3IN1 CREAMY WHITE,8,58.484272837346964,NESTLE KENYA LTD,4,7
URBAN BITES 30G SUMMER SALT POTATO CRISPS,9,396.7145454545455,NORDA INDUSTRIES LTD.,4,7
MELVINS 20G 4IN1 INST. TANGAWIZI TEA STICKS,10,237.82043343653254,MELVIN MARSH INTERNATIONAL LTD,4,7
URBAN BITES 30G FUNKY FRUIT CHUTNEY POTATO CRISPS,9,779.0068177632083,NORDA INDUSTRIES LTD.,4,7
SNICKERS TWIN PACK SGL 80G,9,1202.9477732793523,Unknown,4,7
NESCAFE GOLD 18G CAPPUCCINO WHITE CHOCOLATE STICK,13,1737.5912280701757,NESTLE KENYA LTD,4,7
PICK N PEEL 1LT MANGO,11,772.6805188714212,KEVIAN KENYA LTD,4,7
TUSKER 330ML BEER (CANS),12,2195.4365597743545,KENYA BREWERIES LTD,4,7
KRACKLES CURLS 15G SWEET KETCHUP,10,280.0,PROPACK KENYA LTD,4,7
KREST BITTER LEMON  500M PET,8,425.52242015231406,COCA COLA BEVERAGES KENYA LTD,4,7
PILSNER LAGER CAN 500ML,9,1646.577419830766,KENYA BREWERIES LTD,4,7
BAVARIA 500ML APPLE SMALT,8,1463.6243731829031,SIERRA PREMIUM BREWERIES LIMITED,4,7
DEL 1L PURE APPLE JUICE,11,772.6805188714212,DELMONTE KENYA LTD,4,7
CORONA 355ML EXTRA BEER,9,1646.577419830766,MAXAM LIMITED,4,7
NESCAFE GOLD 18G CAPPUCCINO STICK,11,80.41587515135208,NESTLE KENYA LTD,4,7
FLOYDEEZ 60G POPCORN CARAMEL FLV,8,224.0,MERAKI FOODS LIMITED,4,7
ARYUVA 65ML COCONUT CREAM UHT TETRA PACK,8,464.88070250588993,ARYUV AGENCIES LTD,4,7
URBAN BITES 30G TRENDY TOMATO POTATO CRISPS,8,352.63515151515156,NORDA INDUSTRIES LTD.,4,7
ACACIA 200ML KIDS APPLE,7,624.6974920311078,KEVIAN KENYA LTD,4,7
STREPSILS HONEY & LEMON 2S,7,252.0,HARLEYS LTD,4,7
SOKONI 20G 5PC STEELWOOL,8,692.4505046784075,STEELWOOL AFRICA LTD,4,7
MELVINS 20G 4IN1 INST. CARDAMOM TEA STICKS,8,799.7341478313989,MELVIN MARSH INTERNATIONAL LTD,4,7
WRIGLEYS ORBIT 10S WILD STRAWBERRY SF,8,170.86674482219618,RADBONE CLARK LIMITED MARS,4,7
NICE & SOFT 60S WHITE SERVIETTES,9,836.6068532566048,CHANDARIA INDUSTRIES  LTD,4,7
ACACIA 200ML KIDS BLACKCURRANT,8,713.9399908926946,KEVIAN KENYA LTD,4,7
MCVITIES 250G DIGESTIVE LIGHT BISCUIT,11,604.6834589163976,WORLD BRANDS K LTD,4,7
STAEDLER PENCIL 110HB ST110HB,7,114.25935386927122,CLIPS LIMITED,4,7
VELVEX PREMIUM KITCHEN TOWEL WHITE TWIN PACK 80S,10,865.5631308480093,CHANDARIA INDUSTRIES  LTD,4,7
BUGLES 25G CORN SNACK CHILLI,6,168.0,SMARTBRIDGE DISTRIBUTORS LTD,4,7
PENTONIC BLUE  DISPENSER,10,163.2276483846732,WORLD BRANDS K LTD,4,7
ROTHMANS BY SM 20S,7,2576.0070861612794,NOBLE OUTLOOK LIMITED,4,7
CHUPA CHUPA 10G SOUR BELT,7,88.0609530876206,WORLD BRANDS K LTD,4,7
R WHITES 330ML RASPBERRY LEMONADE,7,1131.6932093023256,WORLD BRANDS K LTD,4,7
GIN GILBEYS 750ML,7,1419.313997477932,UDV KENYA LIMITED,4,7
NESCAFE GOLD 18G CAPPUCCINO HAZELNUT STICK,7,51.17373873267859,NESTLE KENYA LTD,4,7
BUTTERFLY 1KG POLISH GREEN GRAM,10,865.5631308480093,SPICE WORLD LTD,4,7
CADBURY 48G DREAM LUNCH BAR,7,935.6260458839407,HASBAH KENYA LTD CADBURY,4,7
BUGLES 25G CORN SNACK HONEY BBQ,6,168.0,SMARTBRIDGE DISTRIBUTORS LTD,4,7
BITEZ 30G BBQ SAUCE VALUE PACK,7,196.0,NORDA INDUSTRIES LTD.,4,7
OREO 128G GOLDEN SLUG,7,384.7985647649803,HASBAH KENYA LTD CADBURY,4,7
SANTA LUCIA 1KG 27 SPAGHETTINI,6,796.2545454545455,SMART BRANDS LTD HQ,4,7
KINDER JOY EGG 20G - BOY,7,935.6260458839407,HASBAH KENYA LTD,4,7
BIC ORANGE FINE PEN BLUE,7,114.25935386927122,BIC EAST AFRICA LIMITED,4,7
HANAN WHITE PAPER SERVIETTES 100S,8,743.6505362280932,ZENKO KENYA LIMITED,4,7
DEL 250ML MIXED BERRY JUICE BLEND,7,491.70578473635896,DELMONTE KENYA LTD,4,7
KINDER JOY EGG 20G - GIRL,9,1202.9477732793523,HASBAH KENYA LTD,4,7
DL 20G REAL MILK CHOCOLATE,7,935.6260458839407,GLACIER PRODUCTS LTD 2ND,4,7
SANTA MARIA 700G SPAGHETTI,9,1194.3818181818183,DEBENHAM AND FEAR LTD,4,7
BUGLES 25G CORN SNACK ORIGINAL,6,168.0,SMARTBRIDGE DISTRIBUTORS LTD,4,7
MENTOS 14G PURE FRESH FMINT,9,192.2250879249707,WORLD BRANDS K LTD,4,7
SANTA MARIA 420G SWEET CORN IN BRINE (KERNELS),7,88.0609530876206,DEBENHAM AND FEAR LTD,4,7
LITTLE DELIVERY 6-10KM,7,1060.9820580474934,Unknown,4,7
OREO 128G CHOCOLATE CREAM SLUG,7,384.7985647649803,HASBAH KENYA LTD CADBURY,4,7
SUNVEAT 175G CLUB 99 DIGESTIVE BISCUITS,6,329.827341227126,SUNVEAT FOODS LIMITED,4,7
TREATOS 80G GINGER SNAP,6,329.827341227126,CAPWELL INDUSTRIES LTD,4,7
KOTEX ULTRA THIN NIGHT DUOS 14S,6,944.2981366459628,KIM FAY EAST AFRICA LTD,4,7
KARA 50G COCONUT MILK CREAM POWDER,5,290.5504390661812,PORTCROSS LTD  PC.,4,7
KETEPA 100G FAHARI YA KENYA TEA,7,699.767379352474,KENYA TEA PACKERS KETEPA,4,7
BROOKSIDE 1LT ALMOND MILK UNSWEETENED PLANT BASED,6,75.48081693224623,BROOKSIDE DAIRY LIMITED,4,7
BUGLES 25G CORN SNACK TOMATO AND HERBS,5,140.0,SMARTBRIDGE DISTRIBUTORS LTD,4,7
DEL 1L PASSION FRUIT JUICE,6,421.4621012025934,DELMONTE KENYA LTD,4,7
SANTA LUCIA 700G SPAGHETTI,5,663.5454545454546,SMART BRANDS LTD HQ,4,7
ARIMIS 50ML MILKING JELLY,5,432.78156542400467,TRI CLOVER INDUSTRIES LTD,4,7
HEINZ 342G SQUEEZY TOMATO KETCHUP,7,605.8941915936066,HASBAH KENYA LTD,4,7
MARYLAND 136G CHOC CHIP COCONUT COOKIES,4,219.8848941514173,WORLD BRANDS K LTD,4,7
VELVEX 100S FOLDED SERVIETTES,6,557.7379021710699,CHANDARIA INDUSTRIES  LTD,4,7
KEN ROUND FOOD MATE 2LTRS,7,605.8941915936066,KENPOLY MANUFACTURERS,4,7
ALPRO 1LT ORIGINAL ALMOND MILK,5,432.78156542400467,HEALTHY U TWO THOUSAND LTD,4,7
DEL 1L PURE ORANGE JUICE,6,421.4621012025934,DELMONTE KENYA LTD,4,7
DEL 1LT MANGO JUICE BLEND,5,351.2184176688278,DELMONTE KENYA LTD,4,7
MFS STEAK PIES 120G,4,399.86707391569945,MY FROZEN SUPPLIES LTD 2ND,4,7
TROP HEAT 20G POTATO CRISPS SALTED,4,176.31757575757578,TROPICAL HEAT LTD,4,7
MALTESERS 37G STANDARD,5,668.3043184885291,RADBONE CLARK LIMITED MARS,4,7
MCVITIES 250G DIGESTIVE BISCUITS,4,219.8848941514173,WORLD BRANDS K LTD,4,7
OREO 119.6G COCA COLA BISCUIT,4,219.8848941514173,HASBAH KENYA LTD CADBURY,4,7
DEL 250ML PURE APPLE JUICE,4,280.97473413506225,DELMONTE KENYA LTD,4,7
DEL 1L TROPICAL FRUIT JUICE,5,351.2184176688278,DELMONTE KENYA LTD,4,7
MHARVEST 1KG JUMBO OAT BAG,5,432.78156542400467,HEALTHY U TWO THOUSAND LTD,4,7
SUN TOP 125ML MANGO N APPLE FRUIT JUICE,5,351.2184176688278,BIDCO AFRICA LTD BEVERAGE,4,7
MENTOS 31.5G  P/B PURE FRESH WINTERGREEN,4,85.43337241109809,WORLD BRANDS K LTD,4,7
SNAPPY 85G TOM WITH TUNA,5,761.8195302843019,MERIT AFRICA LTD,4,7
CELINE SERVIETTES 100S SINGLE PACK,6,557.7379021710699,JUBILEE TISSUE INDUSTRIES LTD,4,7
LU 57.6G BISCUITS PRINCE CHOCOLATE SP,5,274.8561176892716,HASBAH KENYA LTD CADBURY,4,7
TROP HEAT 50G TOMATO CRISPS,4,176.31757575757578,TROPICAL HEAT LTD,4,7
PENTONIC BLACK DISPENSER,4,65.29105935386927,WORLD BRANDS K LTD,4,7
NUVITA 75G VITAMILK MILKY BISCUITS,5,274.8561176892716,MJENGO LIMITED,4,7
HUNTERS 330ML EXTRA DRY CIDER,3,550.6619356224672,KENYA WINE AGENCIES KWAL,4,7
RITTER SPORT 100G CASHEW,4,534.6434547908233,WORLD BRANDS K LTD,4,7
TROP HEAT 20G POTATO CRISPS TOMATO,4,176.31757575757578,TROPICAL HEAT LTD,4,7
PRINGLES 165G SOUR CREAM &ONION,3,132.23818181818183,HASBAH KENYA LTD,4,7
PRESTIGE 250G ORIGINAL RECIPE MARGARINE,2,405.51828499369486,KAPA OIL REFINERIES LTD,4,7
KINDER BUENO 43G WHITE T2,3,400.98259109311743,HASBAH KENYA LTD,4,7
SCOTCH BRITE 3M H/DUTY S/PAD LARGE,2,173.11262616960187,DEBENHAM AND FEAR LTD,4,7
KENYLON 420G GITHERI,2,266.2868947268948,TRUFOODS LIMITED T F,4,7
JAVA 70G CRISPY CRUNCHY GRANOLA BAR,3,259.6689392544028,NAIROBI JAVA HOUSE LTD,4,7
STONEY 300ML EMPTY BOTTLE,3,36.0,COCA COLA BEVERAGES KENYA LTD,4,7
CHAIN KWO 623ML LIGHT SOY SAUCE,2,173.11262616960187,ROSHNI DIST LTD  R D,4,7
DEL 1LT PINEAPPLE  JUICE BLEND,2,140.48736706753112,DELMONTE KENYA LTD,4,7
ARYUVA TOMATO PASTE 400G,2,59.78691588785047,ARYUV AGENCIES LTD,4,7
DEL 250ML PINEAPPLE ORANGE JUICE BLEND,2,140.48736706753112,DELMONTE KENYA LTD,4,7
SOLAI HIGHLANDS 50G RS MACADAMIA NUTS,3,153.60000000000002,KENSALT LIMITED MACADAMIA,4,7
LATO 250ML CHOCOLATE FLV UHT MILK,2,109.79097983474878,MUSTY DISTRIBUTION LIMITED,4,7
HARIBO 160G STARMIX HALAL,2,25.160272310748745,ROSHNI DIST LTD  R D,4,7
SUMO PVC INSULATION TAPE 18MMX10YDS BLACK,3,259.6689392544028,ROK INDUSTRIES LIMITED,4,7
BIC J6 MAXI SLEEVE ASS. LIGHTER,2,173.11262616960187,BIC EAST AFRICA LIMITED,4,7
RINZ 1LT CAR WASH DETERGENT,3,259.6689392544028,RINZ PRODUCTS LTD,4,7
ROYAL CIRCLE 250ML WHISKY N COLA CAN,2,405.51828499369486,GRAPES AND TRADITIONS T LTD,4,7
DOWNY 300ML POUCH SWEET ELEGANCE,2,173.11262616960187,HASBAH KENYA LTD P AND G,4,7
NUVITA 200G MARIE BISCUITS,3,164.913670613563,MJENGO LIMITED,4,7
HUNTERS CHOICE WHISKY 750ML,2,405.51828499369486,KENYA WINE AGENCIES KWAL,4,7
FAY KITCHEN TOWEL TWIN PACK WHITE,2,173.11262616960187,KIM FAY EAST AFRICA LTD,4,7
MIGLIORGATTO 100G ALU.TRAY CAT CHICKEN & RABBIT,2,173.11262616960187,LOKI VENTURES LIMITED,4,7
X-PLOSE 35G TRIPPLE CHOC,2,267.32172739541164,WESTLANDS TRADING LTD,4,7
MACCOFFEE 24G CAFE PHO SATCHET,2,14.621068209336741,CHANDARIA INDUSTRIES LTD MACCOFFEE,4,7
MANJI 100G MARIE,2,109.94244707570866,MANJI FOOD INDUSTRIES LTD,4,7
SNAPPY TOM 85G WITH PILCHARD N SEA BREAM,3,457.0917181705811,MERIT AFRICA LTD,4,7
ALPRO 1L ORIGINAL ALMOND VANILLA MILK,2,173.11262616960187,HEALTHY U TWO THOUSAND LTD,4,7
PRETZO ORIGINAL 25G BBQ,2,56.0,PORTCROSS LTD  PC.,4,7
DL 100G DRINKING CHOCO SATCHET,2,169.46964393482196,GLACIER PRODUCTS LTD 2ND,4,7
KETEPA 120G TEA  ALL FLAVOURS HEXAGONAL TIN,3,299.9003054367746,KENYA TEA PACKERS KETEPA,4,7
KARA 400ML UHT NATURAL COCONUT MILK,1,58.11008781323624,PORTCROSS LTD  PC.,4,7
CDM 95G OREO CHOCOLATE,1,133.66086369770582,HASBAH KENYA LTD CADBURY,4,7
GODREJ 10GM AER POWER POCKET SEA BREEZE,2,173.11262616960187,CANON CHEMICALS LTD,4,7
DL 40G MILK & COOKIES CHOCOLATE,1,133.66086369770582,GLACIER PRODUCTS LTD 2ND,4,7
OUT OF AFRICA 50G MIXED NUTS,2,102.4,KENYA NUT COMPANY,4,7
BLACK & WHITE 1LTR WHISKY,2,405.51828499369486,UDV KENYA LIMITED,4,7
COFFEE BREAK 18.5G INST CAPUCCINO VANILLA STICK,2,14.621068209336741,BEST BUY COMMODITY LIMITED,4,7
SOLIO MATCH BOXES 60 STICKS 10S,2,173.11262616960187,KAPA OIL REFINERIES LTD,4,7
GEISHA 90G LEMON N HONEY SOAP,2,173.11262616960187,UNILEVER KENYA LIMITED,4,7
GODREJ 10GM AER POWER POCKET  LEMON TANGY DELIGHT,2,173.11262616960187,CANON CHEMICALS LTD,4,7
PEARS 125G MINT EXTRACT BLUE SOAP,2,173.11262616960187,TRADE ROOTS LTD,4,7
MIGLIORGATTO 100G POUCH CAT CHICKEN & TURKEY,2,304.72781211372074,LOKI VENTURES LIMITED,4,7
FLOYDEEZ 100G MABUYU SWEET,1,28.0,MERAKI FOODS LIMITED,4,7
COLGATE 140G DENTAL CREAM TOOTHPASTE,1,86.55631308480093,Unknown,4,7
NUVITA 375G VITAMILK MILKY BISC,2,109.94244707570866,MJENGO LIMITED,4,7
NDUME 1KG NATURAL BAR SOAP,2,188.08466154326368,PWANI OIL PRODUCTS LTD.,4,7
TROP HEAT 40G HEROES SWEET CHILLI,1,44.079393939393945,TROPICAL HEAT LTD,4,7
CELINE SERVIETTES 200S VALUE PACK,1,92.95631702851165,JUBILEE TISSUE INDUSTRIES LTD,4,7
PARLE 75G MURANO CHOCO DELIGHT CENTER FILLED,1,54.97122353785433,RAA LIMITED,4,7
HUNTERS CHOICE WHISKY 250ML,2,405.51828499369486,KENYA WINE AGENCIES KWAL,4,7
BARAKA CHAI LOOSE 500GM,1,86.55631308480093,GOLD CROWN BEVERAGES K LTD,4,7
ORCHID VALLEY 1LT TROPICAL JUICE,1,70.24368353376556,PREMIER FOODS  LIMITED,4,7
DL 80G ORANGE CRUNCH CHOCOLATE,2,267.32172739541164,GLACIER PRODUCTS LTD 2ND,4,7
TECHPAK 25S 200ML WHITE CUPS SWRAPPED,1,86.55631308480093,TECHPAK INDUSTRIES LTD,4,7
KOL 425G SWEET CORN OFF COB,1,133.1434473634474,NJORO CANNING FACTORY,4,7
J&J 100G BABY SOAP REGULAR,2,173.11262616960187,RADBONE CLARK  K  LTD,4,7
AFRI MASKING TAPES 24MMX50MTS,1,86.55631308480093,Unknown,4,7
BAKALLAND 40G BA ENERGY BAR 5 FOREST FRUITS,2,173.11262616960187,PORTCROSS LTD  PC.,4,7
WANPY 50GM  CAT MEAT BROTH TUNA  #RAC-61,1,152.36390605686037,BRAND ROYALTY LTD,4,7
PRIDE 400G LIME DISH WASHING PASTE,1,86.55631308480093,CANON CHEMICALS LTD,4,7
DL 70ML FRIZZ SBERRY CE LOLLY,2,110.44856096284668,GLACIER PRODUCTS LTD G P,4,7
MR.BERRYS 5PCS XPLOSIVE GUMBALLS ENERGY FLV,1,21.358343102774523,MZURI SWEETS LIMITED,4,7
CHAMPION FINE BALL PEN RED,1,16.322764838467318,ENOVA INDUSTRIES LIMITED,4,7
KSL 500G MILK SWEETS,2,25.160272310748745,KENYA SWEETS LTD,4,7
MAMAS CHOICE 250G MARGARINE,2,439.2360251086432,MENENGAI O REFINERIES LTD,4,7
SPUDS 105G POTATO CHIPS SWEET & CHILLI SALSA,1,44.079393939393945,SMART GLOBAL LIMITED,4,7
KINDER CHOCOLATE T4 50G,2,267.32172739541164,HASBAH KENYA LTD,4,7
SENSODYNE MULTICARE SOFT TOOTHBRUSH,2,173.11262616960187,HALEON KENYA LTD,4,7
PRETZO MIXY 55G SALT,2,56.0,PORTCROSS LTD  PC.,4,7
COFFEE BREAK 12G 2IN1 SATCHET,1,7.3105341046683705,BEST BUY COMMODITY LIMITED,4,7
ZESTA 500G MIXED FRUIT JAM  TIN,1,86.55631308480093,TRUFOODS LIMITED T F,4,7
PETRONS 400G CAT CHUNKS CHICKEN,2,304.72781211372074,MERIT AFRICA LTD,4,7
DABUR 30G HERBAL T/PASTE ACTIVATED CHARCOAL,2,173.11262616960187,KIM FAY EAST AFRICA LTD DABUR,4,7
CHUCK 100G POUCH ADULT CAT FISH,2,304.72781211372074,MERIT AFRICA LTD,4,7
SENSODYNE 40ML MULTI CARE,2,173.11262616960187,HALEON KENYA LTD,4,7
BROOKSIDE 500ML DAIRY BEST (POUCH),2241,98047.23534950824,BROOKSIDE DAIRY LIMITED,5,8
ILARA FRESH MILK 500ML SATCHET,541,24333.04435844399,BROOKSIDE DAIRY LIMITED,5,8
TUZO 500ML FRESH MILK (POUCH),274,12932.814181735841,BROOKSIDE DAIRY LIMITED,5,8
BROOKSIDE 500ML TR FRESH MILK,290,15073.536540177041,BROOKSIDE DAIRY LIMITED,5,8
FESTIVE 400G MILKY WHITE SLICED,153,7956.035443331211,DPL FESTIVE  LIMITED,5,8
BIO 2L WHOLE FRESH MILK,189,48137.80085653105,BIO FOOD PRODUCTS LTD,5,8
FESTIVE 800G WHITE MILKY BREAD,176,18304.0,DPL FESTIVE  LIMITED,5,8
FRESHA 500ML WHOLE MILK POUCH,120,5455.130053774149,GITHUNGURI DAIRY FARMERS,5,8
TUZO 450ML ESL WHOLE MILK 90DAYS,156,5733.307113334783,BROOKSIDE DAIRY LIMITED,5,8
BROOKSIDE 500ML LACTOSE FREE UHT MILK FINO,123,7441.441073139573,BROOKSIDE DAIRY LIMITED,5,8
DAIMA 500ML WHOLE ESL POUCH,93,3641.672904945218,DEVYANI FOOD INDUSTRIES K LIMITED MILK AND YOGHURT,5,8
DAIMA 500ML FINO MAZIWA BORA,96,3660.0420462508764,DEVYANI FOOD INDUSTRIES K LIMITED MILK AND YOGHURT,5,8
LATO 500ML ESL MILK 90DAYS,128,5272.56924835165,MUSTY DISTRIBUTION LIMITED,5,8
NATURES 600G WHITE BREAD,126,10080.099739138257,DPL FESTIVE  LIMITED,5,8
BROOKSIDE 250ML UHT WHOLE MILK,108,3628.8416305290552,BROOKSIDE DAIRY LIMITED,5,8
DAIMA 450ML ESL MAZIWA BORA,118,4224.553630445669,DEVYANI FOOD INDUSTRIES K LIMITED MILK AND YOGHURT,5,8
EXE 2KG ALL PURPOSE FLOUR,108,13833.916994562533,UNGA LTD,5,8
TUZO 450ML ESL WHOLE MILK 30DAYS,77,3418.7887714181556,BROOKSIDE DAIRY LIMITED,5,8
FRESHA MAISHA 250ML LONG LIFE MILK,70,1680.0256851278525,GITHUNGURI DAIRY FARMERS,5,8
MT KENYA 500ML ESL UHT MILK,69,3145.3865127020786,MERU CENTRAL DAIRY COOPERATIVE UNION LIMITED,5,8
BIO 1L FRESH WHOLE MILK,83,11346.564343061043,BIO FOOD PRODUCTS LTD,5,8
JOGOO 2KG MAIZE MEAL,58,6728.302237326537,UNGA LTD,5,8
LATO 500ML FINO UHT MILK 180DAYS,80,3213.654501216545,MUSTY DISTRIBUTION LIMITED,5,8
GOLD CROWN 500ML WHOLE MILK LONGLIFE FINO TFA 20,50,2186.73640167364,NEW KENYA COOP CREAMERIES  LTD,5,8
NUTRAMEAL 1KG SUGAR,46,6341.966347992352,KAMILI PACKERS SUGAR ONLY,5,8
KCC 500ML FRESH W/MILK (POUCH)-84,52,2345.901086261981,NEW KENYA COOP CREAMERIES  LTD,5,8
ILARA  POUCH FRESH MILK 1LTR,58,5430.753031568399,BROOKSIDE DAIRY LIMITED,5,8
BROOKSIDE 2LTR FRESH MILK STANDARD BOTTLE,43,8838.909953239812,BROOKSIDE DAIRY LIMITED,5,8
KABRAS 1KG WHITE SUGAR,52,6961.812875536481,WEST KENYA SUGAR COMPANY LTD,5,8
PEMBE 2KG MAIZE MEAL,46,5409.781416193607,PEMBE FLOUR MILLS,5,8
NUTRAMEAL 2KG SUGAR,43,11471.129357445174,KAMILI PACKERS SUGAR ONLY,5,8
KCC 500ML GOLD CROWN  (POUCH)-55,48,2206.3926473526476,NEW KENYA COOP CREAMERIES  LTD,5,8
BROOKSIDE 2LTR FRESH MILK WHOLE BOTTLE,44,9044.796672212979,BROOKSIDE DAIRY LIMITED,5,8
NATURES 800G WHITE BREAD,36,3744.0586160108555,DPL FESTIVE  LIMITED,5,8
FESTIVE 600G FAMILY BRWN BREAD,30,2400.0059405940597,DPL FESTIVE  LIMITED,5,8
BIO 2L SEMI SKIMMED FRESH MILK,41,10024.067000263367,BIO FOOD PRODUCTS LTD,5,8
BROOKSIDE 1L FARM FRESH MILK,43,4472.0,BROOKSIDE DAIRY LIMITED,5,8
FESTIVE 800G SUPREME WHOLE MEAL,31,3224.0,DPL FESTIVE  LIMITED,5,8
FESTIVE 400G FINEST SUPER SEEDED BREAD,31,3224.0066666666667,DPL FESTIVE  LIMITED,5,8
SUPA 400G BUTTER TOAST BREAD,28,1456.0503795333145,MINI BAKERIES NBI  LTD,5,8
BROOKSIDE 200ML  WHOLE MILK TCA,35,896.0167916041979,BROOKSIDE DAIRY LIMITED,5,8
FESTIVE 400G WHITE SLICED,31,1562.448915187377,DPL FESTIVE  LIMITED,5,8
BIO 1L FRESH SEMI SKIMMED MILK,29,3644.2903703703705,BIO FOOD PRODUCTS LTD,5,8
SUPA 400G WHITE SLICED BREAD CT,20,1040.0,MINI BAKERIES NBI  LTD,5,8
TUPIKE 2KG MAIZE MEAL FLOUR,34,3820.7587918565782,OSHO GRAIN MILLERS  LTD,5,8
MOLO UHT MILK 500ML ESL 90DAYS,24,900.3245144741664,BROOKSIDE DAIRY LIMITED,5,8
FESTIVE 300G 6S PREM PLAIN BURGER BUNS,31,2976.0,DPL FESTIVE  LIMITED,5,8
BROADWAY 400G WHITE SLICED BREAD,25,1300.0,BROADWAYS BAKERY LTD,5,8
AJAB 2KG MAIZE MEAL FLOUR,24,2981.0190552441954,GRAIN INDUSTRIES LIMITED,5,8
KINANGOP 500ML GOLD FINO ASEPTIC,30,1331.9956252278528,KINANGOP DAIRY LIMITED,5,8
AMAIZE 2KG PREMIUM MAIZE FLOUR,22,3223.651301832208,CAPWELL INDUSTRIES LTD,5,8
SUPA LOAF WHITE BREAD 600G,22,1760.0,MINI BAKERIES NBI  LTD,5,8
MT KENYA 500ML PREMIUM TFA MILK,18,856.7870270270271,MERU CENTRAL DAIRY COOPERATIVE UNION LIMITED,5,8
NATURES 400G GOLD  BROWN,17,884.0329457364342,DPL FESTIVE  LIMITED,5,8
SUPA 600G WHITE BUTTER TOAST,15,1200.0,MINI BAKERIES NBI  LTD,5,8
BUTTERFLY 1KG SOOJI (SEMOLINA),15,2492.3442808607024,SPICE WORLD LTD,5,8
BIO 1L BARISTA FRESH MILK,12,1718.25,BIO FOOD PRODUCTS LTD,5,8
KINGSMIL 400G KUBWA WAO WHITE BREAD,13,676.0,KENAFRIC BAKERY LTD,5,8
SOKO 1KG MAIZE MEAL FLOUR,15,951.0187590187592,CAPWELL INDUSTRIES LTD,5,8
RINSUN 3LT SUNFLOWER OIL,12,10501.364990914597,KAPA OIL REFINERIES LTD,5,8
EXE 2KG CHAPATI FLOUR,12,1625.2474576271184,UNGA LTD,5,8
KINGSMIL 200G SLICED WHITE BREAD,13,364.0296465222349,KENAFRIC BAKERY LTD,5,8
BROADWAYS 600G WHITE BREAD,10,792.0457724094088,BROADWAYS BAKERY LTD,5,8
EXE 2KG SELF RAISING,15,2100.7866419294987,UNGA LTD,5,8
EXE 1KG ALL PURPOSE,12,821.8934823091248,UNGA LTD,5,8
DAIMA 200ML MILK FINO BORA,16,319.71814265198657,DEVYANI FOOD INDUSTRIES K LIMITED MILK AND YOGHURT,5,8
FESTIVE 350G SLICED SUB ROLLS 4S,9,1008.0,DPL FESTIVE  LIMITED,5,8
FESTIVE 350G LONG SLICED ROLLS 4S,8,640.0,DPL FESTIVE  LIMITED,5,8
AJAB 1KG HOME BAKING FLOUR,8,969.5932791906309,GRAIN INDUSTRIES LIMITED,5,8
SUPA 800G WHITE BUTTER TOAST,8,640.0,MINI BAKERIES NBI  LTD,5,8
BROADWAY 200G WHITE KADOGO  BREAD,12,960.0,BROADWAYS BAKERY LTD,5,8
MORNING DEW 1L GOAT MILK,11,488.3983959168794,SATIMA FARMHOUSE LIMITED,5,8
V25 CARRIER BAG,228,3648.4146193617407,POLYTHENE INDUSTRIES LIMITED,5,8
AQUAMIST 300ML MINERAL WATER,159,3901.9835066975984,AQUAMIST LIMITED,5,8
QUENCHER 500ML DRINKING WATER,99,2094.7300564061243,EXCEL CHEMICALS LTD,5,8
QUENCHER 1LT DRINKING WATER,99,3816.1384298466473,EXCEL CHEMICALS LTD,5,8
KERINGET 500ML MINERAL WATER,92,4132.337686601338,COCA COLA BEVERAGES KENYA LTD,5,8
COKE PET 350ML,101,3927.2247506464723,COCA COLA BEVERAGES KENYA LTD,5,8
BIO 200ML GREEK STYLE NATURE PLAIN YOGHURT,92,12723.0600779686,BIO FOOD PRODUCTS LTD,5,8
AQUAMIST 500ML MINERAL WATER,108,4263.599748163694,AQUAMIST LIMITED,5,8
DUNHILL 20S SWITCH,73,27448.0,NOBLE OUTLOOK LIMITED,5,8
TUSKER CAN 500ML BEER,79,13442.493170328475,KENYA BREWERIES LTD,5,8
EMBASSY BY DUNHILL BLUE 20S,83,30544.084021626597,NOBLE OUTLOOK LIMITED,5,8
KERINGET 18.9LT MINERAL WATER REFIL,79,37833.81783238049,COCA COLA BEVERAGES KENYA LTD,5,8
COKE PET 500ML,77,4095.653293966023,COCA COLA BEVERAGES KENYA LTD,5,8
COKE ZERO 500ML PET,74,3858.384215591915,COCA COLA BEVERAGES KENYA LTD,5,8
AQUAMIST 1LTR SPARKLING WATER,75,5701.94547379566,AQUAMIST LIMITED,5,8
SCHWEPPES TONIC WATER 500ML PET,69,4188.852232518956,COCA COLA BEVERAGES KENYA LTD,5,8
AQUAMIST 20LT MINERAL WATER,62,26162.61332493306,AQUAMIST LIMITED,5,8
BROOKSIDE 500ML NATURAL LALA BOTTLE,55,3960.1176077514206,BROOKSIDE DAIRY LIMITED,5,8
COKE 330ML CAN,63,4916.760213143873,COCA COLA BEVERAGES KENYA LTD,5,8
DL 37G FILLED CHOCOLATES MINT CHOC,68,3790.6659400544963,GLACIER PRODUCTS LTD 2ND,5,8
MAYERS 1L SPARKLING WATER PLASTIC,42,3233.443882149047,MALACHITE LIMITED,5,8
SAFARI 300ML LEMONADE LIME DRINK,51,1981.7727933541023,BOUNTY LIMITED,5,8
NUTFIELDS 20G CASHEW NUTS ROASTED AND SALTED,53,2968.0,KENYA NUT COMPANY,5,8
MAGGI 4G 28S CUBE FORTIFIED,59,5007.664645072364,NESTLE KENYA LTD,5,8
TUSKER 500ML LAGER BEER,54,9028.800000000001,KENYA BREWERIES LTD,5,8
COCA COLA 300ML,50,1600.0,COCA COLA BEVERAGES KENYA LTD,5,8
NUTFIELD 20G MAC NUTS LOCAL,53,2713.6000000000004,KENYA NUT COMPANY,5,8
NUTFIELDS 20G MIXED NUTS,45,1980.0,KENYA NUT COMPANY,5,8
WHITE CAP 500ML LAGER BEER,44,8412.800000000001,KENYA BREWERIES LTD,5,8
BIO 150ML VANILLA YOGHURT,53,4929.672291861553,BIO FOOD PRODUCTS LTD,5,8
SCHWEPPES SODA WATER 500ML PET,37,2239.84438972916,COCA COLA BEVERAGES KENYA LTD,5,8
KRACKLES BANG BANG CHILLI 30G,51,2248.0490909090913,PROPACK KENYA LTD,5,8
GUINNESS 500ML CAN,44,8049.934052505967,KENYA BREWERIES LTD,5,8
KRACKLES POTATO CRISP BBQ30G,45,1964.5704334365325,PROPACK KENYA LTD,5,8
TUSKER LITE 500ML CAN,50,10342.852504038772,KENYA BREWERIES LTD,5,8
ILARA 500ML MAZIWA LALA,45,3240.0,BROOKSIDE DAIRY LIMITED,5,8
ISINYA 30S EGGS,41,17754.081818181818,ISINYA FEEDS LIMITED,5,8
KRACKLES CHEESE & ONION 30G,37,1640.1050948137995,PROPACK KENYA LTD,5,8
OLA 40G CHEESE CRUNCH TORTILA CHIPS,41,2113.0017652250663,PROPACK KENYA LTD,5,8
URBAN STIX 35G BARBEQUE SNACKS,30,840.0,NORDA INDUSTRIES LTD.,5,8
SPRITE PET 500ML,38,2009.2303192785766,COCA COLA BEVERAGES KENYA LTD,5,8
MAYERS 500ML SPARKLING WATER PLASTIC,30,1784.00566572238,MALACHITE LIMITED,5,8
WRIGLEYS ORBIT 10S PEPPERMINT SF,32,1755.9620618556703,RADBONE CLARK LIMITED MARS,5,8
WRIGLEYS P.K 10S CHEWING GUM PEPPERMINT,45,960.2418984434805,RADBONE CLARK LIMITED MARS,5,8
FANTA ORANGE PET 350ML,40,1557.8520893561106,COCA COLA BEVERAGES KENYA LTD,5,8
SPRITE 330ML CAN REGULAR,26,2007.7994826572601,COCA COLA BEVERAGES KENYA LTD,5,8
DASANI 500ML MINERAL WATER,27,725.507476166583,COCA COLA BEVERAGES KENYA LTD,5,8
AQUAMIST 1LT MINERAL WATER,35,2142.4855031267766,AQUAMIST LIMITED,5,8
ISINYA 15S EGGS,26,6452.399228722069,ISINYA FEEDS LIMITED,5,8
OLA 40G MEXICAN CRUNCH TORTILA CHIPS,37,1908.1756198347111,PROPACK KENYA LTD,5,8
PICK N PEEL 250ML MANGO,32,1811.5246467358147,KEVIAN KENYA LTD,5,8
TENA 10S WHITE TOILET ROLLS,32,11537.380011043622,AFRICAN COTTON INDUSTRIES LTD,5,8
WRIGLEYS ORBIT 10S BUBBLEMINT SF,27,1484.523574468085,RADBONE CLARK LIMITED MARS,5,8
DUNHILL 20S DOUBLE CAP,30,11280.0,NOBLE OUTLOOK LIMITED,5,8
BIO 150ML STRAWBERRY YOGHURT,40,3783.091489979669,BIO FOOD PRODUCTS LTD,5,8
FANTA ORANGE PET 500ML,30,1585.491873396065,COCA COLA BEVERAGES KENYA LTD,5,8
PICK N PEEL 250ML TROPICAL MIX,25,1416.0106382978722,KEVIAN KENYA LTD,5,8
MAYERS 1LT SPRING MINERAL WATER,23,1295.8866454126817,MALACHITE LIMITED,5,8
PREDATOR 400ML ENERGY DRINK PET,26,1309.6818443670154,COCA COLA BEVERAGES KENYA LTD,5,8
KNORR 51G 6S CHICKEN CUBES,29,2186.4617015013246,UNILEVER KENYA LIMITED,5,8
MENENGAI CREAM 1KG SOAP,26,4263.972860759494,MENENGAI O REFINERIES LTD,5,8
BIO 150ML NATURAL YOGHURT,33,3046.277142857143,BIO FOOD PRODUCTS LTD,5,8
WRIGLEYS P.K 10S CHEWING GUM MENTHOL,28,596.6231362467867,RADBONE CLARK LIMITED MARS,5,8
COKE 1.25L PET,27,2760.770728520092,COCA COLA BEVERAGES KENYA LTD,5,8
PICK N PEEL 250ML APPLE,23,1309.453941908714,KEVIAN KENYA LTD,5,8
PICK N PEEL 250ML PINEAPPLE JUICE,28,1581.6238512802527,KEVIAN KENYA LTD,5,8
AQUAMIST 1.5LT MINERAL WATER,26,1918.8471299093655,AQUAMIST LIMITED,5,8
FANTA ORANGE PET 2LTS,34,4174.726282457252,COCA COLA BEVERAGES KENYA LTD,5,8
COKE ZERO SUGAR 300ML EMPTY BOTTLE,21,252.0,COCA COLA BEVERAGES KENYA LTD,5,8
BROOKSIDE 500ML SWEET LALA BOTTLE,31,2356.008704808705,BROOKSIDE DAIRY LIMITED,5,8
COKE ZERO 2L PET,20,2649.265415549598,COCA COLA BEVERAGES KENYA LTD,5,8
DASANI 1L MINERAL WATER,27,1247.3151477058454,COCA COLA BEVERAGES KENYA LTD,5,8
SUNLIGHT 175G PURE SOAP YELLOW,25,1424.8181514848181,UNILEVER KENYA LIMITED,5,8
MAYERS 500ML STILL MINERAL WATER,20,765.9011731247779,MALACHITE LIMITED,5,8
KIRICHWA 2KG ICE CUBES,21,3360.0,KIRICHWA WATER LIMITED,5,8
MR.BERRYS KING KUBWA XXL STRAWBERRY LOLLIPOP,29,381.60372588157026,MZURI SWEETS LIMITED,5,8
BIO 200ML GREEK STYLE YOGHURT VANILLA,24,3307.2444444444445,BIO FOOD PRODUCTS LTD,5,8
FANTA BLACK CURRANT 350ML PET,28,1088.317986088109,COCA COLA BEVERAGES KENYA LTD,5,8
CARTOONS 30G TANGY TOMATO CRISPS,31,1396.0809798270893,PROPACK KENYA LTD,5,8
AQUAMIST 5LT MINERAL WATER,31,5307.865597769256,AQUAMIST LIMITED,5,8
VELVEX SNOW WHITE 10 PACK,21,7681.400904977376,CHANDARIA INDUSTRIES  LTD,5,8
BIO 150ML BERRY COCKTAIL YOGHURT,26,2319.080092236741,BIO FOOD PRODUCTS LTD,5,8
KRAC KURLS 25G TANGY CHEESE,18,562.8890829694324,PROPACK KENYA LTD,5,8
BROOKSIDE 500G SALTED BUTTER,20,12018.26941362916,BROOKSIDE DAIRY LIMITED,5,8
ISINYA 12S EGGS,20,4034.6977436312172,ISINYA FEEDS LIMITED,5,8
PICK N PEEL 250ML ORANGE JUICE,21,1590.1153497735281,KEVIAN KENYA LTD,5,8
HEINEKEN 500ML CAN BEER,20,4553.953867028494,KENYA WINE AGENCIES KWAL,5,8
BIO 90ML NATURAL Y0GHURT,19,1200.8,BIO FOOD PRODUCTS LTD,5,8
PICK N PEEL 1L ORANGE JUICE,15,3920.6416558861574,KEVIAN KENYA LTD,5,8
FC 500G (14D) FRESH SAFARI BEEF SAUSAGE,16,4687.163575042158,FARMERS CHOICE LTD,5,8
PICK N PEEL 1LT APPLE,22,4550.524355521355,KEVIAN KENYA LTD,5,8
DAIMA 500ML NATURAL PROBIOTIC CUP,18,1705.476439790576,DEVYANI FOOD INDUSTRIES K LIMITED MILK AND YOGHURT,5,8
FANTA PASSION PET 2LTS,25,3054.39055250949,COCA COLA BEVERAGES KENYA LTD,5,8
MENENGAI CREAM 800G SOAP,16,2097.4709677419355,MENENGAI O REFINERIES LTD,5,8
BIO 150ML MANGO YOGHURT,17,1609.9325670498085,BIO FOOD PRODUCTS LTD,5,8
LYONS 60ML TOFF N CHOCO W NUTS STICKLINE,19,1044.64,RAZCO LTD,5,8
KCC 500ML FILPACK MALA,15,778.5412203074056,NEW KENYA COOP CREAMERIES  LTD,5,8
FANTA PASSION 500ML PET,16,851.4054909260121,COCA COLA BEVERAGES KENYA LTD,5,8
BLUE BAND 500G MED FAT SPREAD,17,3733.506213423467,SUPER SAVERS DISTRIBUTION LTD,5,8
DL 70ML MINI FIESTA CLASSIC,20,1104.6696208764156,GLACIER PRODUCTS LTD G P,5,8
MINUTE MAID 400ML APPLE JUICE,22,1389.4156395649925,COCA COLA BEVERAGES KENYA LTD,5,8
FESTIVE TORTILLA WRAP 8 INCH,22,4830.581526104418,DPL FESTIVE  LIMITED,5,8
SOFTLEAF 10S VIRGIN TOILET PAPER,15,5182.346637506835,KAPA OIL REFINERIES LTD,5,8
FC 200G (30D) FRESH SANDWICH HAM,18,4228.462500000001,FARMERS CHOICE LTD,5,8
KNORR 51G 6S BEEF CUBES,16,1200.7446540880503,UNILEVER KENYA LIMITED,5,8
URBAN STIX 35G THAI SWEET CHILLI SNACKS,14,392.0,NORDA INDUSTRIES LTD.,5,8
FC 200G (30D) FRESH STREAKY BACON,18,6394.387841945289,FARMERS CHOICE LTD,5,8
MR BERRYS TOOGOODY TOFFEE BARS,19,152.4118543607113,MZURI SWEETS LIMITED,5,8
PICK N PEEL 1LT TROPICAL MIX,14,2914.442581252944,KEVIAN KENYA LTD,5,8
KETEPA 500G FAHARI YA KENYA,14,2709.647805393972,KENYA TEA PACKERS KETEPA,5,8
MINUTE MAID 1L APPLE JUICE,14,1614.6163793103449,COCA COLA BEVERAGES KENYA LTD,5,8
BIO 90ML VANILLA,14,884.8000000000001,BIO FOOD PRODUCTS LTD,5,8
MILL BAKERS 300G  ENGLISH MUFFINS,20,2112.0,MILL BAKERS LIMITED,5,8
MAYERS 750ML GLASS SPARKLING WATER,19,1504.8,MALACHITE LIMITED,5,8
MAYERS 750ML GLASS SPARKLING EMPTY BOTTLE,17,1292.0,MALACHITE LIMITED,5,8
MACCOFFEE 15G WHITE 3 IN 1 COFFEE,12,191.072200113701,CHANDARIA INDUSTRIES LTD MACCOFFEE,5,8
STIMOROL 14G 10S WILD BERRY,13,676.0439613526571,HASBAH KENYA LTD CADBURY,5,8
DL 70ML MINI FIESTA CARAMEL N NUTS,20,1104.4856096284668,GLACIER PRODUCTS LTD G P,5,8
FC 1KG (14D) FRESH PORK VALUE PACK,16,8974.334985736925,FARMERS CHOICE LTD,5,8
HANAN 10PK TISSUE PAPER,13,4590.782736156352,ZENKO KENYA LIMITED,5,8
QUENCHER 18L MIN WATER PET,14,5695.502444570779,EXCEL CHEMICALS LTD,5,8
BROOKSIDE 1LT NATURAL YOGHURT,14,2520.0,BROOKSIDE DAIRY LIMITED,5,8
URBAN STIX 35G KUKU CHOMA SNACK,15,420.01429422275163,NORDA INDUSTRIES LTD.,5,8
BALOZI 500ML BEER,12,1995.282739726027,KENYA BREWERIES LTD,5,8
KABARNET 500ML MINERAL WATER,13,281.2646808510639,KHETIA DRAPERS LTD,5,8
OREO 128G ORIGINAL,13,1611.6266666666666,HASBAH KENYA LTD CADBURY,5,8
TENA 100S SERVIETTES WHITE,18,1434.551351351352,AFRICAN COTTON INDUSTRIES LTD,5,8
BROOKSIDE 250G SALTED BUTTER,16,5410.38529247911,BROOKSIDE DAIRY LIMITED,5,8
BROOKSIDE 250ML STRAWBERRY,12,658.5767268201618,BROOKSIDE DAIRY LIMITED,5,8
FELIX 85G CAT BEEF,17,2636.557266936885,MERIT AFRICA LTD,5,8
BROOKSIDE 250G NATURAL PROBIOTIC YOGHURT,18,1337.7251547552055,BROOKSIDE DAIRY LIMITED,5,8
FC 125G (30D) FRESH NYAMABITE,16,1179.1632406287786,FARMERS CHOICE LTD,5,8
FC 500G (14D) FRESH CLASSIC PORK SAUSAGE,13,3826.95252825699,FARMERS CHOICE LTD,5,8
DELAMERE 250ML PREM WILD BERRIES YOG CUP,12,831.4678846153847,BROOKSIDE DAIRY LIMITED,5,8
KRACKLES CURLS 15G CHEESY,19,304.00808940926026,PROPACK KENYA LTD,5,8
KABARNET 500ML SPARKLING WATER,11,431.20000000000005,KHETIA DRAPERS LTD,5,8
BROOKSIDE 450G NATURAL PROBIOTIC YOGHURT,12,1521.169040247678,BROOKSIDE DAIRY LIMITED,5,8
LEADAV YELLOW YOLK EGGS 30PACK TRAY,11,4294.589757412399,LEADAV POULTRY FARM LTD,5,8
BROOKSIDE 1L SWEETEND LALA BOTTLE,13,1861.6000000000001,BROOKSIDE DAIRY LIMITED,5,8
FC 1KG (14D) BEEF VALUE SAUSAGES,12,6827.903943462898,FARMERS CHOICE LTD,5,8
KRAC KURLS 25G TOMATO,12,375.1794626865672,PROPACK KENYA LTD,5,8
BIO 500ML COOKING CREAM LONG LIFE,12,3385.910233393178,BIO FOOD PRODUCTS LTD,5,8
NEPTUNE 10S BLENDED TOILET PAPER,12,3532.544680851064,KAPA OIL REFINERIES LTD,5,8
ILARA 1LT MAZIWA LALA  PLASTIC BOTTLE,17,2271.2,BROOKSIDE DAIRY LIMITED,5,8
QUENCHER LIFE 5LT PREMIUM DRINKING WATER,11,1965.3008469055378,EXCEL CHEMICALS LTD,5,8
STREPSILS REGULAR 2S,13,468.0,HARLEYS LTD,5,8
CADBURY 80G DAIRY MILK,16,3330.363714902808,HASBAH KENYA LTD CADBURY,5,8
BROWNS 250G GREEK YOGHURT,11,2490.0108416547787,SUNPOWER PRODUCTS LTD,5,8
SIRIMON 250G CHEDDAR CHEESE,10,4041.136186770428,MORANI LIMITED,5,8
ALWAYS 14S MAXI THICK EX/LONG DAY/NIGHT,9,1416.4472049689443,HASBAH KENYA LTD P AND G,5,8
KENYLON 420G CHICK PEAS,9,1281.3372972972973,TRUFOODS LIMITED T F,5,8
TOILEX WHITE 10S,10,2952.147013782542,CHANDARIA INDUSTRIES  LTD,5,8
AQUAMIST 19L DISPOSABLE WATER,10,4528.636103151863,AQUAMIST LIMITED,5,8
KNORR 51G 6S BEEF CHILLI CUBES,13,980.1049462365592,UNILEVER KENYA LIMITED,5,8
FELIX 85G CAT SALMON,11,1673.4537576167913,MERIT AFRICA LTD,5,8
CADBURY 80G DAIRY MILK WHOLE NUT,10,2066.9417249417247,HASBAH KENYA LTD CADBURY,5,8
HANAN FLUSHABLE WATER WIPES 72PCS,13,1863.8058463630184,ZENKO KENYA LIMITED,5,8
CADBURY 28G BUBBLY CHOCOLATE,10,782.4586628324948,HASBAH KENYA LTD CADBURY,5,8
MINUTE MAID 400ML TROPICAL JUICE,9,559.4153931034483,COCA COLA BEVERAGES KENYA LTD,5,8
BIO 1L MAZIWA LALA NATURE PLAIN,8,751.688827586207,BIO FOOD PRODUCTS LTD,5,8
TENA 200S SERVIETTES WHITE,11,1760.0676923076926,AFRICAN COTTON INDUSTRIES LTD,5,8
SANTA MARIA 70G TOMATO PASTE SATCHET,10,298.93457943925233,DEBENHAM AND FEAR LTD,5,8
BIO 1LT GREEK YOGHURT NATURE PLAIN,11,1033.5721379310346,BIO FOOD PRODUCTS LTD,5,8
ACACIA 200ML KIDS BLUE RASPBERRY,12,1070.909986339042,KEVIAN KENYA LTD,5,8
MILL BAKERS 200G QUEEN CAKE,9,950.4000000000001,MILL BAKERS LIMITED,5,8
TAMU TAMU 25G TUTTI FRUTY,10,440.79393939393947,NORDA INDUSTRIES LTD.,5,8
HEINZ 570G TOMATO KETCHUP,7,605.8941915936066,HASBAH KENYA LTD,5,8
CARTOONS 30G TUTTI FRUTTI CRISPS,7,308.55575757575764,PROPACK KENYA LTD,5,8
KERICHO GOLD 100S TEA BAGS ENVELOPE,8,799.7341478313989,GOLD CROWN BEVERAGES K LTD,5,8
MENTOS 14G PURE FRESH WINTERGREEN,8,170.86674482219618,WORLD BRANDS K LTD,5,8
SNAPPY TOM 85G POUCH CAT FOOD CHICKEN,7,1066.5473423980227,MERIT AFRICA LTD,5,8
JIAN 15 PACK YELLOW YOLK EGGS,7,2304.012809790923,JIAN CEREALS DEPOT,5,8
FRESHA 500ML ASEPTIC WHOLE MILK,19,820.8050989600807,GITHUNGURI DAIRY FARMERS,5,8
PEMBE 2KG HOMEBAKING,21,2564.109793471019,PEMBE FLOUR MILLS,5,8
KENSALT 500G IODIZED SALT,22,369.42631578947373,KENSALT LIMITED,5,8
KINANGOP 500ML LONGLIFE MILK,17,725.4387096774194,KINANGOP DAIRY LIMITED,5,8
MUMIAS 2KG SUGAR,18,4619.355783832068,Unknown,5,8
KENSALT 2KG IODIZED SALT,21,1315.773841211565,KENSALT LIMITED,5,8
LATO 500ML UHT MILK AMOO ESL,20,887.9970834852352,MUSTY DISTRIBUTION LIMITED,5,8
HOSTESS 2KG FLOUR,16,1939.1865583812619,UNGA LTD,5,8
MUMIAS 1KG SUGAR,11,1424.5858094864761,Unknown,5,8
NDOVU 2KG MAIZE MEAL FLOUR,15,1649.161825726141,MOMBASA MAIZE MILLERS NAIROBI LIMITED,5,8
BROOKSIDE 250ML UHT LOW FAT MILK,10,336.0,BROOKSIDE DAIRY LIMITED,5,8
DAIMA 500ML UHT PLAIN FINO 180DAYS,8,334.54803548795945,DEVYANI FOOD INDUSTRIES K LIMITED MILK AND YOGHURT,5,8
RAVINE GOLD 200ML ESL UHT MILK,9,167.3422900763359,RAVINE DAIRIES LIMITED,5,8
NUTRAMEAL 5KG SUGAR,7,1378.193917641518,KAMILI PACKERS SUGAR ONLY,5,8
GOLD 500ML CROWN TFA 20,105,30910.001189767994,NEW KENYA COOP CREAMERIES  LTD,5,8
NESCAFE 1.5GM CLASSIC SACHET,57,416.7004439660971,HASBAH KENYA LIMITED NESTLE,5,8
RIBENA 250ML BLACKCURRANT,66,4633.410894356006,BIDCO AFRICA LTD SUNTORY,5,8
KRACKLES TANGY TOMATO 30G,60,5193.378785088056,PROPACK KENYA LTD,5,8
RIBENA 250ML BC&STRAWBERRY,45,3162.787726432532,BIDCO AFRICA LTD SUNTORY,5,8
KARA 65ML COCONUT  MILK CREAM,37,2150.073249089741,PORTCROSS LTD  PC.,5,8
SNICKERS SINGLE BAR 50G,38,5079.112820512822,RADBONE CLARK LIMITED MARS,5,8
MACCOFFEE 1.6G CLASSIC,32,206.54288716116832,CHANDARIA INDUSTRIES LTD MACCOFFEE,5,8
RED BULL 250ML CAN,30,5084.101273858032,HASBAH KENYA LTD,5,8
LITTLE DELIVERY 0-5KM,45,6820.598944591029,Unknown,5,8
FANTA 330ML ORANGE CAN,32,2462.221160751566,COCA COLA BEVERAGES KENYA LTD,5,8
YOU C-1000 500ML ORANGE WATER,27,4919.769466058492,PORTCROSS LTD  PC.,5,8
OLA 40G COOL CRUNCH TORTILA CHIPS,29,1506.546068092799,PROPACK KENYA LTD,5,8
INDOMIE PROM PACK CHICKEN FLV 5S,26,2820.5640146878827,SALIM WAZARAN KENYA CO. LTD,5,8
MARS SINGLE BARS 51G,21,2806.8781376518223,RADBONE CLARK LIMITED MARS,5,8
LUCOZADE 250ML BOOST TETRA,20,1408.1702127659578,BIDCO AFRICA LTD SUNTORY,5,8
V45 WOVEN WPP BLOCK BOTTOM,23,736.0657900807381,Unknown,5,8
SUNLIGHT 80G PURE SOAP,20,448.0518428513568,UNILEVER KENYA LIMITED,5,8
TUSKER MALT LAGER 500ML CAN,24,5047.9260804769,KENYA BREWERIES LTD,5,8
WRIGLEYS JUICY FRUIT 10S STRAWBERRY,25,533.9585775693631,RADBONE CLARK LIMITED MARS,5,8
HEINEKEN 0.0% 330ML BEER,28,5272.910829268293,KENYA WINE AGENCIES KWAL,5,8
ROTHMANS BY SPORTSMAN 20S,23,1990.7952009504215,NOBLE OUTLOOK LIMITED,5,8
MCVITIES 200G DARK CHOCO DIGESTIVE,17,3153.194936708861,WORLD BRANDS K LTD,5,8
SAFARI KING 500ML DRINKING WATER,15,326.0670343657191,BOUNTY LIMITED,5,8
MR.BERRYS KING KUBWA XXL TONGUE PAINTER LOLLIPOP,18,236.81694501018333,MZURI SWEETS LIMITED,5,8
NUTFIELDS 20G PEANUTS DRY ROASTED AND SALTED,20,1024.0,KENYA NUT COMPANY,5,8
OLA 40G TORTILLA CHIPS LIME CRUNCH,23,1194.2266102491774,PROPACK KENYA LTD,5,8
INDOMIE 50G VEGETABLE NOODLES,20,1436.6032148089985,SALIM WAZARAN KENYA CO. LTD,5,8
KSL TROPICAL LOLLIPOP SINGLES,19,228.07173194903257,KENYA SWEETS LTD,5,8
URBAN STIX 35G CHUTNEY SNACKS,20,560.0,NORDA INDUSTRIES LTD.,5,8
CADBURY 35G DAIRY MILK CHOCOLATE,20,2673.2172739541165,HASBAH KENYA LTD CADBURY,5,8
PICK N PEEL 250ML WHITE GRAPE,18,1019.7097826086958,KEVIAN KENYA LTD,5,8
DEL 1L MIXED BERRY JUICE,19,3890.6677042801557,DELMONTE KENYA LTD,5,8
MF FLOWER FOR 100/-,13,1125.232070102412,FLOWER MEETA,5,8
OLA 40G TORTILLA CHIPS LIGHTLY SALTED,14,694.2792814371259,PROPACK KENYA LTD,5,8
KRACKLES 45G CHIP STIX CHILLI,17,816.0084262701364,PROPACK KENYA LTD,5,8
SANTA LUCIA 400G SPAGHETTI,13,1725.2181818181818,SMART BRANDS LTD HQ,5,8
SMIRNOFF ICE WITH GUARANA 330ML CAN,11,1782.8603592814375,UDV KENYA LIMITED,5,8
ANGEL 10G INSTANT DRY YEAST,12,237.38443113772456,ROSHNI DIST LTD  R D,5,8
BROOKSIDE 250G PROBIOTIC FRUIT CUP YOGHURT STRAWBERRY,11,815.3268041237113,BROOKSIDE DAIRY LIMITED,5,8
WRIGLEYS ORBIT 10S SPEARMINT SF,10,213.58343102774523,RADBONE CLARK LIMITED MARS,5,8
KETEPA 250G FAHARI YA KENYA TEA,13,1299.5679902260233,KENYA TEA PACKERS KETEPA,5,8
ACACIA 200ML KIDS STRAWBERRY,11,428.1928057553957,KEVIAN KENYA LTD,5,8
SWAMINARAYAN 500G FARAYALI  ATTA,15,2283.0951589595375,RAJ KAMAL ENTERPRISE LIMITED,5,8
SHWEPPES SODA WATER 300ML,10,531.9030251903926,COCA COLA BEVERAGES KENYA LTD,5,8
VIMTO 300ML SPARKLING BCURRENT N RSPBRRY DRINK,11,386.71424903722726,KEVIAN KENYA LTD,5,8
CADBURY 48G LUNCH BAR,8,1069.2869095816466,HASBAH KENYA LTD CADBURY,5,8
TUSKER 500ML CIDER CAN,11,2255.327168616656,KENYA BREWERIES LTD,5,8
RED BULL 250ML CAN RED EDITION,12,1550.8070108953102,HASBAH KENYA LTD,5,8
KRACKLES 45G CHIP STIX TOMATO KETCHUP,12,528.9527272727273,PROPACK KENYA LTD,5,8
NESCAFE 18G 3IN1 CREAMY WHITE,9,65.79480694201533,NESTLE KENYA LTD,5,8
URBAN BITES 30G SUMMER SALT POTATO CRISPS,11,484.8733333333334,NORDA INDUSTRIES LTD.,5,8
MELVINS 20G 4IN1 INST. TANGAWIZI TEA STICKS,12,285.384520123839,MELVIN MARSH INTERNATIONAL LTD,5,8
URBAN BITES 30G FUNKY FRUIT CHUTNEY POTATO CRISPS,11,952.1194439328103,NORDA INDUSTRIES LTD.,5,8
SNICKERS TWIN PACK SGL 80G,11,1470.269500674764,Unknown,5,8
NESCAFE GOLD 18G CAPPUCCINO WHITE CHOCOLATE STICK,8,1069.2869095816466,NESTLE KENYA LTD,5,8
KRACKLES CURLS 15G SWEET KETCHUP,12,336.0,PROPACK KENYA LTD,5,8
KREST BITTER LEMON  500M PET,11,585.0933277094318,COCA COLA BEVERAGES KENYA LTD,5,8
PILSNER LAGER CAN 500ML,12,2195.4365597743545,KENYA BREWERIES LTD,5,8
BAVARIA 500ML APPLE SMALT,9,1646.577419830766,SIERRA PREMIUM BREWERIES LIMITED,5,8
DEL 1L PURE APPLE JUICE,12,842.9242024051867,DELMONTE KENYA LTD,5,8
WHITECAP 330ML CRISP CAN,7,1280.6713265350402,KENYA BREWERIES LTD,5,8
CORONA 355ML EXTRA BEER,10,1829.530466478629,MAXAM LIMITED,5,8
FLOYDEEZ 60G POPCORN CARAMEL FLV,8,224.0,MERAKI FOODS LIMITED,5,8
ARYUVA 65ML COCONUT CREAM UHT TETRA PACK,9,522.9907903191262,ARYUV AGENCIES LTD,5,8
URBAN BITES 30G TRENDY TOMATO POTATO CRISPS,10,440.79393939393947,NORDA INDUSTRIES LTD.,5,8
ACACIA 200ML KIDS APPLE,8,713.9399908926946,KEVIAN KENYA LTD,5,8
STREPSILS HONEY & LEMON 2S,8,288.0,HARLEYS LTD,5,8
SOKONI 20G 5PC STEELWOOL,9,779.0068177632083,STEELWOOL AFRICA LTD,5,8
MELVINS 20G 4IN1 INST. CARDAMOM TEA STICKS,9,899.7009163103238,MELVIN MARSH INTERNATIONAL LTD,5,8
WRIGLEYS ORBIT 10S WILD STRAWBERRY SF,10,213.58343102774523,RADBONE CLARK LIMITED MARS,5,8
SUN TOP 125ML BERRIES FRUIT JUICE,7,491.70578473635896,BIDCO AFRICA LTD BEVERAGE,5,8
ACACIA 200ML KIDS BLACKCURRANT,10,892.4249886158682,KEVIAN KENYA LTD,5,8
KARA 200ML UHT NATURAL COCONUT MILK,7,406.7706146926537,PORTCROSS LTD  PC.,5,8
STAEDLER PENCIL 110HB ST110HB,8,130.58211870773854,CLIPS LIMITED,5,8
BUGLES 25G CORN SNACK CHILLI,8,224.0,SMARTBRIDGE DISTRIBUTORS LTD,5,8
ROTHMANS BY SM 20S,7,2576.0070861612794,NOBLE OUTLOOK LIMITED,5,8
CHUPA CHUPA 10G SOUR BELT,9,113.22122539836936,WORLD BRANDS K LTD,5,8
R WHITES 330ML RASPBERRY LEMONADE,9,1455.0341262458473,WORLD BRANDS K LTD,5,8
GIN GILBEYS 750ML,8,1622.0731399747795,UDV KENYA LIMITED,5,8
VELVEX PREMIUM KITCHEN TOWEL PINK TWIN PACK 80S,6,519.3378785088056,CHANDARIA INDUSTRIES  LTD,5,8
NESCAFE GOLD 18G CAPPUCCINO HAZELNUT STICK,10,73.1053410466837,NESTLE KENYA LTD,5,8
CADBURY 48G DREAM LUNCH BAR,8,1069.2869095816466,HASBAH KENYA LTD CADBURY,5,8
BUGLES 25G CORN SNACK HONEY BBQ,7,196.0,SMARTBRIDGE DISTRIBUTORS LTD,5,8
BITEZ 30G BBQ SAUCE VALUE PACK,8,224.0,NORDA INDUSTRIES LTD.,5,8
OREO 128G GOLDEN SLUG,9,494.74101184068894,HASBAH KENYA LTD CADBURY,5,8
SANTA LUCIA 1KG 27 SPAGHETTINI,7,928.9636363636364,SMART BRANDS LTD HQ,5,8
KINDER JOY EGG 20G - BOY,9,1202.9477732793523,HASBAH KENYA LTD,5,8
BIC ORANGE FINE PEN BLUE,8,130.58211870773854,BIC EAST AFRICA LIMITED,5,8
DEL 250ML MIXED BERRY JUICE BLEND,8,561.9494682701245,DELMONTE KENYA LTD,5,8
KINDER JOY EGG 20G - GIRL,5,668.3043184885291,HASBAH KENYA LTD,5,8
DL 20G REAL MILK CHOCOLATE,9,1202.9477732793523,GLACIER PRODUCTS LTD 2ND,5,8
SANTA MARIA 700G SPAGHETTI,5,663.5454545454546,DEBENHAM AND FEAR LTD,5,8
BUGLES 25G CORN SNACK ORIGINAL,8,224.0,SMARTBRIDGE DISTRIBUTORS LTD,5,8
TUSKER LITE 330ML BEER,5,914.7652332393145,KENYA BREWERIES LTD,5,8
SUN TOP 125ML ORANGE FRUIT JUICE,6,421.4621012025934,BIDCO AFRICA LTD BEVERAGE,5,8
LITTLE DELIVERY 6-10KM,9,1364.1197889182058,Unknown,5,8
OREO 128G CHOCOLATE CREAM SLUG,7,384.7985647649803,HASBAH KENYA LTD CADBURY,5,8
SUNVEAT 175G CLUB 99 DIGESTIVE BISCUITS,6,329.827341227126,SUNVEAT FOODS LIMITED,5,8
VASELINE 25G PETROLIUM JELLY,7,605.8941915936066,UNILEVER KENYA LIMITED,5,8
CHAPA MANDASHI 100G BAKING POWDER,6,118.16824512534822,KAPA OIL REFINERIES LTD,5,8
KERICHO GOLD 25SX 2G TEA BAGS,6,599.8006108735492,GOLD CROWN BEVERAGES K LTD,5,8
TREATOS 80G GINGER SNAP,7,384.7985647649803,CAPWELL INDUSTRIES LTD,5,8
CADBURY 119G OREO SBERRY CREME,5,274.8561176892716,HASBAH KENYA LTD CADBURY,5,8
KOTEX ULTRA THIN NIGHT DUOS 14S,6,944.2981366459628,KIM FAY EAST AFRICA LTD,5,8
KARA 50G COCONUT MILK CREAM POWDER,6,348.66052687941743,PORTCROSS LTD  PC.,5,8
KETEPA 100G FAHARI YA KENYA TEA,8,799.7341478313989,KENYA TEA PACKERS KETEPA,5,8
BROOKSIDE 1LT ALMOND MILK UNSWEETENED PLANT BASED,8,100.64108924299498,BROOKSIDE DAIRY LIMITED,5,8
BUGLES 25G CORN SNACK TOMATO AND HERBS,6,168.0,SMARTBRIDGE DISTRIBUTORS LTD,5,8
BIC J6 MAXI ASSORTED LIGHTER,5,432.78156542400467,BIC EAST AFRICA LIMITED,5,8
DEL 1L PASSION FRUIT JUICE,7,491.70578473635896,DELMONTE KENYA LTD,5,8
MANJI 100G FAMILY,5,274.8561176892716,MANJI FOOD INDUSTRIES LTD,5,8
SANTA LUCIA 700G SPAGHETTI,6,796.2545454545455,SMART BRANDS LTD HQ,5,8
ARIMIS 50ML MILKING JELLY,6,519.3378785088056,TRI CLOVER INDUSTRIES LTD,5,8
TROP HEAT 18G SAFARI PUFFS BARBEQUE,6,168.0,TROPICAL HEAT LTD,5,8
HEINZ 342G SQUEEZY TOMATO KETCHUP,8,692.4505046784075,HASBAH KENYA LTD,5,8
BOUNTY 50G DOUBLE CHOCO BAR,5,767.3749355337803,RADBONE CLARK LIMITED MARS,5,8
MARYLAND 136G CHOC CHIP COCONUT COOKIES,5,274.8561176892716,WORLD BRANDS K LTD,5,8
VELVEX 100S FOLDED SERVIETTES,7,650.6942191995815,CHANDARIA INDUSTRIES  LTD,5,8
KEN ROUND FOOD MATE 2LTRS,6,519.3378785088056,KENPOLY MANUFACTURERS,5,8
ALPRO 1LT ORIGINAL ALMOND MILK,7,605.8941915936066,HEALTHY U TWO THOUSAND LTD,5,8
DEL 1L PURE ORANGE JUICE,7,491.70578473635896,DELMONTE KENYA LTD,5,8
DL 20G CHOCOLART REAL WHITE,4,534.6434547908233,GLACIER PRODUCTS LTD 2ND,5,8
ARIMIS 90ML MILKING JELLY,4,346.22525233920373,TRI CLOVER INDUSTRIES LTD,5,8
DEL 1LT MANGO JUICE BLEND,6,421.4621012025934,DELMONTE KENYA LTD,5,8
MANJI 60G DUOS CREAM,4,219.8848941514173,MANJI FOOD INDUSTRIES LTD,5,8
MFS STEAK PIES 120G,4,399.86707391569945,MY FROZEN SUPPLIES LTD 2ND,5,8
TROP HEAT 20G POTATO CRISPS SALTED,5,220.39696969696973,TROPICAL HEAT LTD,5,8
MALTESERS 37G STANDARD,7,935.6260458839407,RADBONE CLARK LIMITED MARS,5,8
ABUAUF 30G PRETZELS BBQ SMALL KNOT,4,112.0,ECO ESSENTIALS LIMITED,5,8
MCVITIES 250G DIGESTIVE BISCUITS,5,274.8561176892716,WORLD BRANDS K LTD,5,8
OREO 119.6G COCA COLA BISCUIT,5,274.8561176892716,HASBAH KENYA LTD CADBURY,5,8
DEL 250ML PURE APPLE JUICE,5,351.2184176688278,DELMONTE KENYA LTD,5,8
DEL 1L TROPICAL FRUIT JUICE,7,491.70578473635896,DELMONTE KENYA LTD,5,8
MHARVEST 1KG JUMBO OAT BAG,6,519.3378785088056,HEALTHY U TWO THOUSAND LTD,5,8
SAF 11G INSTANT YEAST,4,78.77883008356548,KRISH COMMODITIES LTD,5,8
PEP 70G TOMATO PASTE POUCH,6,179.36074766355142,PREMIER FOODS  LIMITED,5,8
BUTTERFLY 500G POPCORN KERNELS,6,519.3378785088056,SPICE WORLD LTD,5,8
SUN TOP 125ML MANGO N APPLE FRUIT JUICE,7,491.70578473635896,BIDCO AFRICA LTD BEVERAGE,5,8
MENTOS 31.5G  P/B PURE FRESH WINTERGREEN,6,128.15005861664713,WORLD BRANDS K LTD,5,8
SNAPPY 85G TOM WITH TUNA,6,914.1834363411622,MERIT AFRICA LTD,5,8
CELINE SERVIETTES 100S SINGLE PACK,6,557.7379021710699,JUBILEE TISSUE INDUSTRIES LTD,5,8
CADBURY 20G MINI LUNCH BAR,4,534.6434547908233,HASBAH KENYA LTD CADBURY,5,8
FLOYDEEZ 60G POPCORN CHOCOLATE FLV,5,140.0,MERAKI FOODS LIMITED,5,8
LU 57.6G BISCUITS PRINCE CHOCOLATE SP,6,329.827341227126,HASBAH KENYA LTD CADBURY,5,8
MELVINS 20G 3IN1 INST. AFRICAN CHAI STICKS,4,399.86707391569945,MELVIN MARSH INTERNATIONAL LTD,5,8
NUTELLA 350G SPREAD,4,534.6434547908233,HASBAH KENYA LTD,5,8
TROP HEAT 50G TOMATO CRISPS,5,220.39696969696973,TROPICAL HEAT LTD,5,8
KENYLON 70G TOMATO PASTE SACHETS,4,119.57383177570094,TRUFOODS LIMITED T F,5,8
MACCOFFEE 1.6G GOLD BREEZE DRIED STICKS,4,29.242136418673482,CHANDARIA INDUSTRIES LTD MACCOFFEE,5,8
MENTOS 37.5GM GRAPE ROLL 14S,4,50.32054462149749,WORLD BRANDS K LTD,5,8
PENTONIC BLACK DISPENSER,6,97.9365890308039,WORLD BRANDS K LTD,5,8
NUVITA 75G VITAMILK MILKY BISCUITS,6,329.827341227126,MJENGO LIMITED,5,8
EVEREADY 4S AAA RED 1012BP4,3,259.6689392544028,HASBAH KENYA LTD,5,8
MARTENS 500ML 16.2% MEGA STRONG BEER,4,731.8121865914516,RIVERROSE DISTRIBUTORS LTD,5,8
SWEETUNDA 30G TOMATO KETCHUP CRACKIES,3,132.23818181818183,BURTON AND BAMBER C LIMITED,5,8
ALWAYS 14S MAXI THICK LONG DUO,3,472.1490683229814,HASBAH KENYA LTD P AND G,5,8
HUNTERS 330ML EXTRA DRY CIDER,4,734.2159141632897,KENYA WINE AGENCIES KWAL,5,8
HANAN SENSITIVE BABY WIPES 72S,3,430.10904146838885,ZENKO KENYA LIMITED,5,8
RITTER SPORT 100G CASHEW,5,668.3043184885291,WORLD BRANDS K LTD,5,8
TROP HEAT 20G POTATO CRISPS TOMATO,4,176.31757575757578,TROPICAL HEAT LTD,5,8
HARIBO 25G ROULLETTE,3,37.740408466123114,ROSHNI DIST LTD  R D,5,8
SNAPPY TOM 85G POUCH CAT FOOD LAMB,3,457.0917181705811,MERIT AFRICA LTD,5,8
DORMANS 18G 3IN1 CLASSIC COFFEE,3,21.93160231400511,DORMANS COFFEE LIMITED,5,8
TOBLERONE 35G MILK,3,400.98259109311743,TWIRL ENTERPRISES LTD,5,8
PRINGLES 165G SOUR CREAM &ONION,4,176.31757575757578,HASBAH KENYA LTD,5,8
ROYCO 4G 28S BEEF CUBE,3,226.18569325875774,UNILEVER KENYA LIMITED,5,8
DEL 1LT ORANGE JUICE BLEND,3,210.7310506012967,DELMONTE KENYA LTD,5,8
KERICHO GOLD 250G PREMIUM TEA BLEND,3,299.9003054367746,GOLD CROWN BEVERAGES K LTD,5,8
GF 250G PEELED N SALTED PEANUTS,2,102.4,GREENFOREST FOODS,5,8
CHAMPION FINE BALL PEN BLACK,2,32.645529676934636,ENOVA INDUSTRIES LIMITED,5,8
TREATOS 50G MILK BISCUITS,2,109.94244707570866,CAPWELL INDUSTRIES LTD,5,8
TROP HEAT 50G KENYAN CHEVDA MILD,2,99.32437735849057,TROPICAL HEAT LTD,5,8
7 UP SUGAR FREE 300ML CAN,2,154.48062244644834,NAJI SUPERSTORES,5,8
PEP 400G KETCHUP UPSIDE DOWN,3,259.6689392544028,PREMIER FOODS  LIMITED,5,8
PRESTIGE 250G ORIGINAL RECIPE MARGARINE,2,405.51828499369486,KAPA OIL REFINERIES LTD,5,8
NUTRAMEAL 500G POLISHED GREEN GRAM,2,173.11262616960187,KAMILI PACKERS LIMITED NORMAL,5,8
KINDER BUENO 43G WHITE T2,2,267.32172739541164,HASBAH KENYA LTD,5,8
SCOTCH BRITE 3M H/DUTY S/PAD LARGE,2,173.11262616960187,DEBENHAM AND FEAR LTD,5,8
KENYLON 420G GITHERI,2,266.2868947268948,TRUFOODS LIMITED T F,5,8
JAVA 70G CRISPY CRUNCHY GRANOLA BAR,2,173.11262616960187,NAIROBI JAVA HOUSE LTD,5,8
STONEY 300ML EMPTY BOTTLE,3,36.0,COCA COLA BEVERAGES KENYA LTD,5,8
CHAIN KWO 623ML LIGHT SOY SAUCE,2,173.11262616960187,ROSHNI DIST LTD  R D,5,8
DEL 1LT PINEAPPLE  JUICE BLEND,3,210.7310506012967,DELMONTE KENYA LTD,5,8
ARYUVA TOMATO PASTE 400G,2,59.78691588785047,ARYUV AGENCIES LTD,5,8
ZED CANDY JWB STRAWBERRY N CREAM,2,25.160272310748745,ROSHNI DIST LTD  R D,5,8
DEL 250ML PINEAPPLE ORANGE JUICE BLEND,3,210.7310506012967,DELMONTE KENYA LTD,5,8
CRISS CROSS 15G HAZELNUT CREAM,2,109.94244707570866,CHANDARIA INDUSTRIES LIMITED TONI,5,8
ALPRO 1LT OAT DRINK,2,173.11262616960187,HEALTHY U TWO THOUSAND LTD,5,8
FRISKIES 85G CAT JUNIOR CHIC GRAVY,2,304.72781211372074,MERIT AFRICA LTD,5,8
SOLAI HIGHLANDS 50G RS MACADAMIA NUTS,3,153.60000000000002,KENSALT LIMITED MACADAMIA,5,8
LATO 250ML CHOCOLATE FLV UHT MILK,3,164.68646975212317,MUSTY DISTRIBUTION LIMITED,5,8
HARIBO 160G STARMIX HALAL,3,37.740408466123114,ROSHNI DIST LTD  R D,5,8
SUMO PVC INSULATION TAPE 18MMX10YDS BLACK,3,259.6689392544028,ROK INDUSTRIES LIMITED,5,8
BIC J6 MAXI SLEEVE ASS. LIGHTER,3,259.6689392544028,BIC EAST AFRICA LIMITED,5,8
ROYAL CIRCLE 250ML WHISKY N COLA CAN,3,608.2774274905423,GRAPES AND TRADITIONS T LTD,5,8
KEN SWIVEL HANGERS 3S ASSORTED,2,173.11262616960187,KENPOLY MANUFACTURERS,5,8
DOWNY 300ML POUCH SWEET ELEGANCE,2,173.11262616960187,HASBAH KENYA LTD P AND G,5,8
NUVITA 200G MARIE BISCUITS,3,164.913670613563,MJENGO LIMITED,5,8
HUNTERS CHOICE WHISKY 750ML,3,608.2774274905423,KENYA WINE AGENCIES KWAL,5,8
FAY KITCHEN TOWEL TWIN PACK WHITE,3,259.6689392544028,KIM FAY EAST AFRICA LTD,5,8
MIGLIORGATTO 100G ALU.TRAY CAT CHICKEN & RABBIT,3,259.6689392544028,LOKI VENTURES LIMITED,5,8
X-PLOSE 35G TRIPPLE CHOC,2,267.32172739541164,WESTLANDS TRADING LTD,5,8
LANZO 100G BATH SOAP ANTI BACTERIAL,2,173.11262616960187,KAPA OIL REFINERIES LTD,5,8
MACCOFFEE 24G CAFE PHO SATCHET,3,21.93160231400511,CHANDARIA INDUSTRIES LTD MACCOFFEE,5,8
PRIDE 400G LEMON DISH WASHING PASTE,2,173.11262616960187,CANON CHEMICALS LTD,5,8
MANJI 100G MARIE,2,109.94244707570866,MANJI FOOD INDUSTRIES LTD,5,8
SNAPPY TOM 85G WITH PILCHARD N SEA BREAM,3,457.0917181705811,MERIT AFRICA LTD,5,8
ALPRO 1L ORIGINAL ALMOND VANILLA MILK,2,173.11262616960187,HEALTHY U TWO THOUSAND LTD,5,8
PRETZO ORIGINAL 25G BBQ,3,84.0,PORTCROSS LTD  PC.,5,8
TENA 100S COCKTAIL NAPKINS,2,185.9126340570233,AFRICAN COTTON INDUSTRIES LTD,5,8
DL 100G DRINKING CHOCO SATCHET,3,254.20446590223293,GLACIER PRODUCTS LTD 2ND,5,8
KETEPA 120G TEA  ALL FLAVOURS HEXAGONAL TIN,3,299.9003054367746,KENYA TEA PACKERS KETEPA,5,8
CIRIO 400GM PEELED PLUM TOMATOES,1,133.1434473634474,DEBENHAM AND FEAR LTD,5,8
OXO SWING BIN LINER 24X29(60L),1,86.55631308480093,ECO ESSENTIALS LIMITED,5,8
CDM 95G OREO CHOCOLATE,2,267.32172739541164,HASBAH KENYA LTD CADBURY,5,8
GODREJ 10GM AER POWER POCKET SEA BREEZE,2,173.11262616960187,CANON CHEMICALS LTD,5,8
DL 40G MILK & COOKIES CHOCOLATE,2,267.32172739541164,GLACIER PRODUCTS LTD 2ND,5,8
OUT OF AFRICA 50G MIXED NUTS,2,102.4,KENYA NUT COMPANY,5,8
BLACK & WHITE 1LTR WHISKY,2,405.51828499369486,UDV KENYA LIMITED,5,8
VELVEX 500G COTTON WOOL,1,86.55631308480093,CHANDARIA INDUSTRIES  LTD,5,8
COFFEE BREAK 18.5G INST CAPUCCINO VANILLA STICK,2,14.621068209336741,BEST BUY COMMODITY LIMITED,5,8
SOLIO MATCH BOXES 60 STICKS 10S,1,86.55631308480093,KAPA OIL REFINERIES LTD,5,8
GEISHA 90G LEMON N HONEY SOAP,1,86.55631308480093,UNILEVER KENYA LIMITED,5,8
GODREJ 10GM AER POWER POCKET  LEMON TANGY DELIGHT,1,86.55631308480093,CANON CHEMICALS LTD,5,8
PEARS 125G MINT EXTRACT BLUE SOAP,2,173.11262616960187,TRADE ROOTS LTD,5,8
KETEPA 100S TEA BAGS JUMBO TAGGED,1,99.96676847892486,KENYA TEA PACKERS KETEPA,5,8
PERSIL 3LT MACHINE WASH LIQUID GEL LAVENDER,1,86.55631308480093,CHANDARIA INDUSTRIES LTD HENKEL C BRANDS,5,8
MIGLIORGATTO 100G POUCH CAT CHICKEN & TURKEY,2,304.72781211372074,LOKI VENTURES LIMITED,5,8
FLOYDEEZ 100G MABUYU SWEET,2,56.0,MERAKI FOODS LIMITED,5,8
COLGATE 140G DENTAL CREAM TOOTHPASTE,2,173.11262616960187,Unknown,5,8
NUVITA 375G VITAMILK MILKY BISC,2,109.94244707570866,MJENGO LIMITED,5,8
NDUME 1KG NATURAL BAR SOAP,2,188.08466154326368,PWANI OIL PRODUCTS LTD.,5,8
TROP HEAT 40G HEROES SWEET CHILLI,1,44.079393939393945,TROPICAL HEAT LTD,5,8
TROP HEAT 100G CRISPS CHILLI LEMON,1,44.079393939393945,TROPICAL HEAT LTD,5,8
CELINE SERVIETTES 200S VALUE PACK,2,185.9126340570233,JUBILEE TISSUE INDUSTRIES LTD,5,8
PARLE 75G MURANO CHOCO DELIGHT CENTER FILLED,1,54.97122353785433,RAA LIMITED,5,8
HUNTERS CHOICE WHISKY 250ML,2,405.51828499369486,KENYA WINE AGENCIES KWAL,5,8
COLGATE 70G TRIPLE ACTION,1,86.55631308480093,Unknown,5,8
BARAKA CHAI LOOSE 500GM,2,173.11262616960187,GOLD CROWN BEVERAGES K LTD,5,8
VASELINE 200ML COCOA GLOW LOTION,1,86.55631308480093,UNILEVER KENYA LIMITED,5,8
ORCHID VALLEY 1LT TROPICAL JUICE,1,70.24368353376556,PREMIER FOODS  LIMITED,5,8
DL 80G ORANGE CRUNCH CHOCOLATE,2,267.32172739541164,GLACIER PRODUCTS LTD 2ND,5,8
TECHPAK 25S 200ML WHITE CUPS SWRAPPED,2,173.11262616960187,TECHPAK INDUSTRIES LTD,5,8
PARLE 60G MILK POWER BISCUITS,1,54.97122353785433,RAA LIMITED,5,8
KOL 425G SWEET CORN OFF COB,2,266.2868947268948,NJORO CANNING FACTORY,5,8
DETTOL 90G ORIGINAL SOAP,1,86.55631308480093,TOWFIQ  K  LIMITED HQ,5,8
J&J 100G BABY SOAP REGULAR,2,173.11262616960187,RADBONE CLARK  K  LTD,5,8
BAKALLAND 40G BA ENERGY BAR 5 FOREST FRUITS,1,86.55631308480093,PORTCROSS LTD  PC.,5,8
VASELINE 240G COCOA BUTTER PJELLY,1,86.55631308480093,UNILEVER KENYA LIMITED,5,8
PRINGLES 165G SALT& VINEGAR,1,44.079393939393945,HASBAH KENYA LTD,5,8
DL 80G MINT CRUNCH CHOCOLATE,1,133.66086369770582,GLACIER PRODUCTS LTD 2ND,5,8
GODREJ 10GM AER POWER POCKET JASMINE FLORAL DELIGHT,1,86.55631308480093,CANON CHEMICALS LTD,5,8
WANPY 50GM  CAT MEAT BROTH TUNA  #RAC-61,1,152.36390605686037,BRAND ROYALTY LTD,5,8
PRIDE 400G LIME DISH WASHING PASTE,2,173.11262616960187,CANON CHEMICALS LTD,5,8
DL 70ML FRIZZ SBERRY CE LOLLY,2,110.44856096284668,GLACIER PRODUCTS LTD G P,5,8
MR.BERRYS 5PCS XPLOSIVE GUMBALLS ENERGY FLV,2,42.716686205549045,MZURI SWEETS LIMITED,5,8
CHAMPION FINE BALL PEN RED,1,16.322764838467318,ENOVA INDUSTRIES LIMITED,5,8
KSL 500G MILK SWEETS,2,25.160272310748745,KENYA SWEETS LTD,5,8
MAMAS CHOICE 250G MARGARINE,2,439.2360251086432,MENENGAI O REFINERIES LTD,5,8
SAFARICOM 1000/=,1,86.55631308480093,Unknown,5,8
SHANI 300ML CAN DRINK,1,77.24031122322417,NAJI SUPERSTORES,5,8
SPUDS 105G POTATO CHIPS SWEET & CHILLI SALSA,1,44.079393939393945,SMART GLOBAL LIMITED,5,8
KINDER CHOCOLATE T4 50G,2,267.32172739541164,HASBAH KENYA LTD,5,8
SENSODYNE MULTICARE SOFT TOOTHBRUSH,1,86.55631308480093,HALEON KENYA LTD,5,8
TROP HEAT 45GMS GARAM MASALA JAR,1,86.55631308480093,TROPICAL HEAT LTD,5,8
PRETZO MIXY 55G SALT,2,56.0,PORTCROSS LTD  PC.,5,8
EVEREADY AAA BLUE 912 SW4,1,86.55631308480093,HASBAH KENYA LTD,5,8
USHINDI 800G DISH WASHING LIQUID LEMON,1,86.55631308480093,PWANI OIL PRODUCTS LTD.,5,8
COFFEE BREAK 12G 2IN1 SATCHET,2,14.621068209336741,BEST BUY COMMODITY LIMITED,5,8
NATURALLI 100G PUMPKIN SEEDS,1,86.55631308480093,HEALTHY U TWO THOUSAND LTD,5,8
ZESTA 500G MIXED FRUIT JAM  TIN,2,173.11262616960187,TRUFOODS LIMITED T F,5,8
NALA 70G INSTANT NOODLES SINGLE PACK,1,71.83016074044993,KAPA OIL REFINERIES LTD,5,8
NUVITA 200G SHORTBREAD REGULAR,1,54.97122353785433,MJENGO LIMITED,5,8
EUREKA 50G RS MIXED NUTS,2,102.4,EUREKA NUTS LIMITED MEDIUM INDUSTRIAL,5,8
PETRONS 400G CAT CHUNKS CHICKEN,2,304.72781211372074,MERIT AFRICA LTD,5,8
DABUR 30G HERBAL T/PASTE ACTIVATED CHARCOAL,2,173.11262616960187,KIM FAY EAST AFRICA LTD DABUR,5,8
MIGLIORGATTO 100G POUCH CAT SALMON & TUNA,2,304.72781211372074,LOKI VENTURES LIMITED,5,8
CHUCK 100G POUCH ADULT CAT FISH,2,304.72781211372074,MERIT AFRICA LTD,5,8
PARLE 75G HIDE & SEEK CHOCO ROLLS,2,109.94244707570866,RAA LIMITED,5,8
SENSODYNE 40ML MULTI CARE,2,173.11262616960187,HALEON KENYA LTD,5,8
MCVITIES 112G TASTIES CHOCO VANILLA SANDWICH BISCUITS,2,109.94244707570866,WORLD BRANDS K LTD,5,8
TECHPAK 40S 50ML SHORT GLASSES,2,173.11262616960187,TECHPAK INDUSTRIES LTD,5,8
ALICAFE 25G FRENCH ROAST CAPPUCCINO,2,14.621068209336741,SPREAD MASTERS LIMITED,5,8
MOLPED PURE&SOFT EX LONG 7S,2,314.7660455486543,HAYAT KIMYA  K  H PRODUCTS LTD,5,8
BONIKA 400G PEANUTS JUMBO BROWN,1,51.2,BRIGHT BONIKA FOOD LIMITED,5,8
DOMESTOS 900G POWDER,1,86.55631308480093,UNILEVER KENYA LIMITED,5,8
MR.BERRYS BIGG DADDY MEGA MIX ASST LOLLIPOPS 50S,1,12.580136155374372,MZURI SWEETS LIMITED,5,8
TUZO 500ML FRESH MILK (POUCH),338,15953.61749425808,BROOKSIDE DAIRY LIMITED,6,9
BROOKSIDE 500ML TR FRESH MILK,312,16217.046208742197,BROOKSIDE DAIRY LIMITED,6,9
FESTIVE 400G MILKY WHITE SLICED,169,8788.039149823364,DPL FESTIVE  LIMITED,6,9
FRESHA 500ML WHOLE MILK POUCH,129,5864.264807807211,GITHUNGURI DAIRY FARMERS,6,9
BROOKSIDE 500ML LACTOSE FREE UHT MILK FINO,124,7501.940594059407,BROOKSIDE DAIRY LIMITED,6,9
DAIMA 500ML WHOLE ESL POUCH,100,3915.7773171453955,DEVYANI FOOD INDUSTRIES K LIMITED MILK AND YOGHURT,6,9
AJAB 2KG HOME BAKING FLOUR,76,9708.45490841737,GRAIN INDUSTRIES LIMITED,6,9
DAIMA 500ML FINO MAZIWA BORA,102,3888.794674141556,DEVYANI FOOD INDUSTRIES K LIMITED MILK AND YOGHURT,6,9
EXE 2KG ALL PURPOSE FLOUR,114,14602.467938704896,UNGA LTD,6,9
TUZO 450ML ESL WHOLE MILK 30DAYS,89,3951.587021509297,BROOKSIDE DAIRY LIMITED,6,9
FRESHA MAISHA 250ML LONG LIFE MILK,79,1896.0289875014334,GITHUNGURI DAIRY FARMERS,6,9
MT KENYA 500ML ESL UHT MILK,75,3418.8983833718244,MERU CENTRAL DAIRY COOPERATIVE UNION LIMITED,6,9
JOGOO 2KG MAIZE MEAL,60,6960.312659303314,UNGA LTD,6,9
GOLD CROWN 500ML WHOLE MILK LONGLIFE FINO TFA 20,52,2274.205857740586,NEW KENYA COOP CREAMERIES  LTD,6,9
KCC 500ML FRESH WHOLE MILK TFA 21,44,1862.3416909620992,NEW KENYA COOP CREAMERIES  LTD,6,9
KCC 500ML FRESH W/MILK (POUCH)-84,62,2797.035910543131,NEW KENYA COOP CREAMERIES  LTD,6,9
BROOKSIDE 2LTR FRESH MILK STANDARD BOTTLE,46,9455.578089512357,BROOKSIDE DAIRY LIMITED,6,9
PEMBE 2KG MAIZE MEAL,50,5880.197191514791,PEMBE FLOUR MILLS,6,9
BROOKSIDE 2LTR FRESH MILK WHOLE BOTTLE,50,10278.178036605657,BROOKSIDE DAIRY LIMITED,6,9
NATURES 800G WHITE BREAD,38,3952.061872455903,DPL FESTIVE  LIMITED,6,9
FESTIVE 600G FAMILY BRWN BREAD,33,2640.0065346534657,DPL FESTIVE  LIMITED,6,9
FESTIVE 800G SUPREME WHOLE MEAL,33,3432.0,DPL FESTIVE  LIMITED,6,9
FESTIVE 400G FINEST SUPER SEEDED BREAD,34,3536.007311827957,DPL FESTIVE  LIMITED,6,9
SUPA 400G BUTTER TOAST BREAD,34,1768.0611751475963,MINI BAKERIES NBI  LTD,6,9
BROOKSIDE 200ML  WHOLE MILK TCA,38,972.8182308845578,BROOKSIDE DAIRY LIMITED,6,9
SUPA 400G WHITE SLICED BREAD CT,23,1196.0,MINI BAKERIES NBI  LTD,6,9
TUPIKE 2KG MAIZE MEAL FLOUR,34,3820.7587918565782,OSHO GRAIN MILLERS  LTD,6,9
MOLO UHT MILK 500ML ESL 90DAYS,27,1012.8650787834373,BROOKSIDE DAIRY LIMITED,6,9
BROADWAY 400G WHITE SLICED BREAD,28,1456.0,BROADWAYS BAKERY LTD,6,9
NATURES 400G GOLD  BROWN,20,1040.0387596899225,DPL FESTIVE  LIMITED,6,9
SUPA 600G WHITE BUTTER TOAST,18,1440.0,MINI BAKERIES NBI  LTD,6,9
BUTTERFLY 1KG SOOJI (SEMOLINA),17,2824.6568516421294,SPICE WORLD LTD,6,9
KINGSMIL 400G KUBWA WAO WHITE BREAD,13,676.0,KENAFRIC BAKERY LTD,6,9
SOKO 1KG MAIZE MEAL FLOUR,18,1141.222510822511,CAPWELL INDUSTRIES LTD,6,9
RINSUN 3LT SUNFLOWER OIL,14,12251.592489400362,KAPA OIL REFINERIES LTD,6,9
RINSUN 2LT SUNFLOWER OIL,11,6667.129203539824,KAPA OIL REFINERIES LTD,6,9
EXE 2KG CHAPATI FLOUR,15,2031.559322033898,UNGA LTD,6,9
KINGSMIL 200G SLICED WHITE BREAD,13,364.0296465222349,KENAFRIC BAKERY LTD,6,9
BROADWAYS 600G WHITE BREAD,11,871.2503496503497,BROADWAYS BAKERY LTD,6,9
EXE 1KG ALL PURPOSE,14,958.8757293606457,UNGA LTD,6,9
FESTIVE 350G SLICED SUB ROLLS 4S,10,1120.0,DPL FESTIVE  LIMITED,6,9
KINGSMIL 400G KUBWA WAO BROWN BREAD,9,468.0,KENAFRIC BAKERY LTD,6,9
LATO 125ML UHT WHOLE MILK TETRA PACK,8,355.1988333940941,MUSTY DISTRIBUTION LIMITED,6,9
FESTIVE 350G LONG SLICED ROLLS 4S,10,800.0,DPL FESTIVE  LIMITED,6,9
AJAB 1KG HOME BAKING FLOUR,9,1090.7924390894598,GRAIN INDUSTRIES LIMITED,6,9
SUPA 800G WHITE BUTTER TOAST,9,720.0,MINI BAKERIES NBI  LTD,6,9
BROADWAY 200G WHITE KADOGO  BREAD,12,960.0,BROADWAYS BAKERY LTD,6,9
FAMILA 1KG PURE WIMBI FLOUR,8,969.5932791906309,UNGA LTD,6,9
MORNING DEW 1L GOAT MILK,11,488.3983959168794,SATIMA FARMHOUSE LIMITED,6,9
QUENCHER 500ML DRINKING WATER,106,2242.8422826166584,EXCEL CHEMICALS LTD,6,9
QUENCHER 1LT DRINKING WATER,111,4278.700663767453,EXCEL CHEMICALS LTD,6,9
COKE PET 350ML,108,4199.408644255634,COCA COLA BEVERAGES KENYA LTD,6,9
TUSKER CAN 500ML BEER,89,15144.074584294103,KENYA BREWERIES LTD,6,9
COKE ZERO 500ML PET,85,4431.92781520693,COCA COLA BEVERAGES KENYA LTD,6,9
AQUAMIST 1LTR SPARKLING WATER,83,6310.152991000531,AQUAMIST LIMITED,6,9
BROOKSIDE 500ML NATURAL LALA BOTTLE,61,4392.130437687939,BROOKSIDE DAIRY LIMITED,6,9
MAYERS 1L SPARKLING WATER PLASTIC,48,3695.3644367417683,MALACHITE LIMITED,6,9
MAGGI 4G 28S CUBE FORTIFIED,64,5432.043004824259,NESTLE KENYA LTD,6,9
WHITE CAP 500ML LAGER BEER,44,8412.800000000001,KENYA BREWERIES LTD,6,9
BIO 150ML VANILLA YOGHURT,58,5394.735715622077,BIO FOOD PRODUCTS LTD,6,9
SCHWEPPES SODA WATER 500ML PET,41,2481.9897291593393,COCA COLA BEVERAGES KENYA LTD,6,9
KRACKLES BANG BANG CHILLI 30G,57,2512.525454545455,PROPACK KENYA LTD,6,9
GUINNESS 500ML CAN,46,8415.840145801692,KENYA BREWERIES LTD,6,9
KRACKLES POTATO CRISP BBQ30G,52,2270.170278637771,PROPACK KENYA LTD,6,9
BALOZI 500ML CAN,34,5590.583819281969,KENYA BREWERIES LTD,6,9
KRACKLES CHEESE & ONION 30G,42,1861.740918437286,PROPACK KENYA LTD,6,9
URBAN STIX 35G BARBEQUE SNACKS,36,1008.0,NORDA INDUSTRIES LTD.,6,9
GOLD CROWN 500ML ASEPTIC LONG LIFE 24,31,1209.8594319626961,NEW KENYA COOP CREAMERIES  LTD,6,9
SPRITE PET 500ML,40,2114.9792834511336,COCA COLA BEVERAGES KENYA LTD,6,9
MAYERS 500ML SPARKLING WATER PLASTIC,32,1902.9393767705385,MALACHITE LIMITED,6,9
SPRITE 330ML CAN REGULAR,28,2162.2455967078185,COCA COLA BEVERAGES KENYA LTD,6,9
DASANI 500ML MINERAL WATER,27,725.507476166583,COCA COLA BEVERAGES KENYA LTD,6,9
PICK N PEEL 250ML MANGO,34,1924.7449371568032,KEVIAN KENYA LTD,6,9
TENA 10S WHITE TOILET ROLLS,36,12979.552512424076,AFRICAN COTTON INDUSTRIES LTD,6,9
WRIGLEYS ORBIT 10S BUBBLEMINT SF,29,1594.4882836879433,RADBONE CLARK LIMITED MARS,6,9
DUNHILL 20S DOUBLE CAP,32,12032.0,NOBLE OUTLOOK LIMITED,6,9
PICK N PEEL 250ML TROPICAL MIX,28,1585.931914893617,KEVIAN KENYA LTD,6,9
MAYERS 1LT SPRING MINERAL WATER,24,1352.22954303932,MALACHITE LIMITED,6,9
PREDATOR 400ML ENERGY DRINK PET,30,1511.1713588850175,COCA COLA BEVERAGES KENYA LTD,6,9
KNORR 51G 6S CHICKEN CUBES,31,2337.25216367383,UNILEVER KENYA LIMITED,6,9
MENENGAI CREAM 1KG SOAP,27,4427.971816942552,MENENGAI O REFINERIES LTD,6,9
COKE 1.25L PET,29,2965.272263966024,COCA COLA BEVERAGES KENYA LTD,6,9
PICK N PEEL 250ML APPLE,25,1423.319502074689,KEVIAN KENYA LTD,6,9
PICK N PEEL 250ML PINEAPPLE JUICE,29,1638.1104173974045,KEVIAN KENYA LTD,6,9
AQUAMIST 1.5LT MINERAL WATER,28,2066.450755287009,AQUAMIST LIMITED,6,9
COKE ZERO SUGAR 300ML EMPTY BOTTLE,23,276.0,COCA COLA BEVERAGES KENYA LTD,6,9
KERINGET 1LT SPARKLING MINERAL WATER,20,1685.2224180472333,COCA COLA BEVERAGES KENYA LTD,6,9
SUNLIGHT 175G PURE SOAP YELLOW,28,1595.7963296629964,UNILEVER KENYA LIMITED,6,9
MAYERS 500ML STILL MINERAL WATER,21,804.1962317810168,MALACHITE LIMITED,6,9
KIRICHWA 2KG ICE CUBES,23,3680.0,KIRICHWA WATER LIMITED,6,9
VELVEX SNOW WHITE 10 PACK,23,8412.962895927601,CHANDARIA INDUSTRIES  LTD,6,9
BROOKSIDE 500G SALTED BUTTER,23,13821.009825673533,BROOKSIDE DAIRY LIMITED,6,9
ISINYA 12S EGGS,22,4438.167517994339,ISINYA FEEDS LIMITED,6,9
PICK N PEEL 250ML ORANGE JUICE,23,1741.5549068948167,KEVIAN KENYA LTD,6,9
BIO 90ML NATURAL Y0GHURT,20,1264.0,BIO FOOD PRODUCTS LTD,6,9
PICK N PEEL 1L ORANGE JUICE,16,4182.017766278568,KEVIAN KENYA LTD,6,9
FC 500G (14D) FRESH SAFARI BEEF SAUSAGE,18,5273.059021922428,FARMERS CHOICE LTD,6,9
DAIMA 500ML NATURAL PROBIOTIC CUP,19,1800.2251308900525,DEVYANI FOOD INDUSTRIES K LIMITED MILK AND YOGHURT,6,9
BIO 150ML MANGO YOGHURT,18,1704.6344827586208,BIO FOOD PRODUCTS LTD,6,9
KCC 500ML FILPACK MALA,16,830.4439683278994,NEW KENYA COOP CREAMERIES  LTD,6,9
FANTA PASSION 500ML PET,19,1011.0440204746394,COCA COLA BEVERAGES KENYA LTD,6,9
BLUE BAND 500G MED FAT SPREAD,19,4172.742238532111,SUPER SAVERS DISTRIBUTION LTD,6,9
DL 70ML MINI FIESTA CLASSIC,20,1104.6696208764156,GLACIER PRODUCTS LTD G P,6,9
SOFTLEAF 10S VIRGIN TOILET PAPER,15,5182.346637506835,KAPA OIL REFINERIES LTD,6,9
KNORR 51G 6S BEEF CUBES,20,1500.9308176100628,UNILEVER KENYA LIMITED,6,9
URBAN STIX 35G THAI SWEET CHILLI SNACKS,17,476.0,NORDA INDUSTRIES LTD.,6,9
PICK N PEEL 1LT TROPICAL MIX,15,3122.61705134244,KEVIAN KENYA LTD,6,9
MINUTE MAID 1L APPLE JUICE,14,1614.6163793103449,COCA COLA BEVERAGES KENYA LTD,6,9
BIO 90ML VANILLA,15,948.0,BIO FOOD PRODUCTS LTD,6,9
MILL BAKERS 300G  ENGLISH MUFFINS,21,2217.6000000000004,MILL BAKERS LIMITED,6,9
BROOKSIDE 250ML VANILLA,13,713.8246171298923,BROOKSIDE DAIRY LIMITED,6,9
STIMOROL 14G 10S WILD BERRY,15,780.0507246376812,HASBAH KENYA LTD CADBURY,6,9
FC 1KG (14D) FRESH PORK VALUE PACK,17,9535.230922345483,FARMERS CHOICE LTD,6,9
HANAN 10PK TISSUE PAPER,14,4943.9198697068405,ZENKO KENYA LIMITED,6,9
LAKI LAKI 150ML GREEK YOGHURT NATURAL,12,1104.0,LAKI LAKI LIMITED,6,9
QUENCHER 18L MIN WATER PET,15,6102.324047754406,EXCEL CHEMICALS LTD,6,9
BROOKSIDE 1LT NATURAL YOGHURT,15,2700.0,BROOKSIDE DAIRY LIMITED,6,9
URBAN STIX 35G KUKU CHOMA SNACK,16,448.0152471709351,NORDA INDUSTRIES LTD.,6,9
BALOZI 500ML BEER,13,2161.556301369863,KENYA BREWERIES LTD,6,9
KABARNET 500ML MINERAL WATER,15,324.53617021276597,KHETIA DRAPERS LTD,6,9
OREO 128G ORIGINAL,14,1735.5979487179486,HASBAH KENYA LTD CADBURY,6,9
BROOKSIDE 250ML STRAWBERRY,14,768.3395146235221,BROOKSIDE DAIRY LIMITED,6,9
FC 500G (14D) FRESH CLASSIC PORK SAUSAGE,13,3826.95252825699,FARMERS CHOICE LTD,6,9
DELAMERE 250ML PREM WILD BERRIES YOG CUP,14,970.0458653846155,BROOKSIDE DAIRY LIMITED,6,9
KRACKLES CURLS 15G CHEESY,19,304.00808940926026,PROPACK KENYA LTD,6,9
KABARNET 500ML SPARKLING WATER,12,470.40000000000003,KHETIA DRAPERS LTD,6,9
CADBURY 90G DRINKING CHOCOLATE SACHET,11,932.0830416415208,HASBAH KENYA LTD CADBURY,6,9
BROOKSIDE 450G NATURAL PROBIOTIC YOGHURT,12,1521.169040247678,BROOKSIDE DAIRY LIMITED,6,9
LEADAV YELLOW YOLK EGGS 30PACK TRAY,12,4685.007008086253,LEADAV POULTRY FARM LTD,6,9
BROOKSIDE 1L SWEETEND LALA BOTTLE,14,2004.8000000000002,BROOKSIDE DAIRY LIMITED,6,9
FC 1KG (14D) BEEF VALUE SAUSAGES,14,7965.887934040047,FARMERS CHOICE LTD,6,9
BIO 500ML COOKING CREAM LONG LIFE,13,3668.069419509276,BIO FOOD PRODUCTS LTD,6,9
NEPTUNE 10S BLENDED TOILET PAPER,12,3532.544680851064,KAPA OIL REFINERIES LTD,6,9
QUENCHER LIFE 5LT PREMIUM DRINKING WATER,13,2322.6282736156354,EXCEL CHEMICALS LTD,6,9
STREPSILS REGULAR 2S,13,468.0,HARLEYS LTD,6,9
CADBURY 80G DAIRY MILK,16,3330.363714902808,HASBAH KENYA LTD CADBURY,6,9
BROWNS 250G GREEK YOGHURT,12,2716.3754636233953,SUNPOWER PRODUCTS LTD,6,9
SIRIMON 250G CHEDDAR CHEESE,11,4445.249805447471,MORANI LIMITED,6,9
ALWAYS 14S MAXI THICK EX/LONG DAY/NIGHT,11,1731.2132505175987,HASBAH KENYA LTD P AND G,6,9
KENYLON 420G CHICK PEAS,10,1423.708108108108,TRUFOODS LIMITED T F,6,9
FC 400G (30D) FRESH STREAKY BACON,11,7034.461283643893,FARMERS CHOICE LTD,6,9
TOILEX WHITE 10S,12,3542.576416539051,CHANDARIA INDUSTRIES  LTD,6,9
AQUAMIST 19L DISPOSABLE WATER,12,5434.363323782236,AQUAMIST LIMITED,6,9
KNORR 51G 6S BEEF CHILLI CUBES,14,1055.4976344086022,UNILEVER KENYA LIMITED,6,9
FELIX 85G CAT SALMON,12,1825.585917400136,MERIT AFRICA LTD,6,9
CADBURY 80G DAIRY MILK WHOLE NUT,12,2480.33006993007,HASBAH KENYA LTD CADBURY,6,9
HANAN FLUSHABLE WATER WIPES 72PCS,15,2150.545207341944,ZENKO KENYA LIMITED,6,9
CADBURY 28G BUBBLY CHOCOLATE,12,938.9503953989938,HASBAH KENYA LTD CADBURY,6,9
MINUTE MAID 400ML TROPICAL JUICE,9,559.4153931034483,COCA COLA BEVERAGES KENYA LTD,6,9
MILL BAKERS 260G QUEEN CAKE,9,712.8000000000001,MILL BAKERS LIMITED,6,9
SPRITE 1.25L PET,9,936.0,COCA COLA BEVERAGES KENYA LTD,6,9
TENA 15S TOILET ROLL WHITE WRAPPED,8,4144.004790419162,AFRICAN COTTON INDUSTRIES LTD,6,9
BIO 1L MAZIWA LALA NATURE PLAIN,9,845.649931034483,BIO FOOD PRODUCTS LTD,6,9
TENA 200S SERVIETTES WHITE,12,1920.0738461538463,AFRICAN COTTON INDUSTRIES LTD,6,9
SANTA MARIA 70G TOMATO PASTE SATCHET,12,358.72149532710284,DEBENHAM AND FEAR LTD,6,9
GREEN FARM 15PK Y/YORK EGGS,9,2410.849111969112,GREEN FARM POULTRY,6,9
BIO 1LT GREEK YOGHURT NATURE PLAIN,11,1033.5721379310346,BIO FOOD PRODUCTS LTD,6,9
ACACIA 200ML KIDS BLUE RASPBERRY,13,1160.1524852006287,KEVIAN KENYA LTD,6,9
URBAN BITES 30G NYAM CHOM LTD EDITION,8,352.63515151515156,NORDA INDUSTRIES LTD.,6,9
MILL BAKERS 200G QUEEN CAKE,10,1056.0,MILL BAKERS LIMITED,6,9
ORCHID VALLEY 1L TROPICAL DELIGHT,8,561.9494682701245,PREMIER FOODS  LIMITED,6,9
TAMU TAMU 25G TUTTI FRUTY,12,528.9527272727273,NORDA INDUSTRIES LTD.,6,9
KLEENEX SERVIETES 1 PLYX100S WHITE,7,650.6942191995815,KIM FAY EAST AFRICA LTD,6,9
HEINZ 570G TOMATO KETCHUP,8,692.4505046784075,HASBAH KENYA LTD,6,9
CARTOONS 30G TUTTI FRUTTI CRISPS,8,352.63515151515156,PROPACK KENYA LTD,6,9
TAMU TAMU 25G TOMATO KETCHUP,7,308.55575757575764,NORDA INDUSTRIES LTD.,6,9
KERICHO GOLD 100S TEA BAGS ENVELOPE,9,899.7009163103238,GOLD CROWN BEVERAGES K LTD,6,9
MENTOS 14G PURE FRESH WINTERGREEN,10,213.58343102774523,WORLD BRANDS K LTD,6,9
HANAN TOILET ROLL 15PK,7,2471.9599348534202,ZENKO KENYA LIMITED,6,9
SNAPPY TOM 85G POUCH CAT FOOD CHICKEN,9,1371.2751545117433,MERIT AFRICA LTD,6,9
OREO 55.2G CHOCOLATE CREME FLAVOURED,6,329.827341227126,HASBAH KENYA LTD CADBURY,6,9
GOFRUT 250ML MANGO FRUIT DRINK,7,491.70578473635896,EXCEL CHEMICALS LTD,6,9
JIAN 15 PACK YELLOW YOLK EGGS,8,2633.157496903912,JIAN CEREALS DEPOT,6,9
HEINZ 200G BAKED BEANS UK,7,932.0041315441317,HASBAH KENYA LTD,6,9
TENA 3PLY QUILTED 9PK TOILET PAPER,5,1765.6856677524431,AFRICAN COTTON INDUSTRIES LTD,6,9
ENIGMA 80ML MINI DEATH BY CHOCOLATE,6,331.34568288854007,RAZCO LTD,6,9
FRESHA 500ML ASEPTIC WHOLE MILK,20,864.0053673264008,GITHUNGURI DAIRY FARMERS,6,9
PEMBE 2KG HOMEBAKING,22,2686.210259826782,PEMBE FLOUR MILLS,6,9
KINANGOP 500ML LONGLIFE MILK,18,768.1115749525618,KINANGOP DAIRY LIMITED,6,9
MUMIAS 2KG SUGAR,20,5132.617537591186,Unknown,6,9
LATO 500ML UHT MILK AMOO ESL,21,932.396937659497,MUSTY DISTRIBUTION LIMITED,6,9
MUMIAS 1KG SUGAR,11,1424.5858094864761,Unknown,6,9
NDOVU 2KG MAIZE MEAL FLOUR,16,1759.105947441217,MOMBASA MAIZE MILLERS NAIROBI LIMITED,6,9
GOLD CROWN 500ML LACTOSE FREE MILK TFA,10,443.9985417426176,NEW KENYA COOP CREAMERIES  LTD,6,9
BROOKSIDE 250ML UHT LOW FAT MILK,11,369.6,BROOKSIDE DAIRY LIMITED,6,9
DAIMA 500ML UHT PLAIN FINO 180DAYS,9,376.3665399239544,DEVYANI FOOD INDUSTRIES K LIMITED MILK AND YOGHURT,6,9
RAVINE GOLD 200ML ESL UHT MILK,10,185.93587786259545,RAVINE DAIRIES LIMITED,6,9
NUTRAMEAL 5KG SUGAR,8,1575.078763018878,KAMILI PACKERS SUGAR ONLY,6,9
NESCAFE 1.5GM CLASSIC SACHET,59,431.32151217543384,HASBAH KENYA LIMITED NESTLE,6,9
RIBENA 250ML BLACKCURRANT,68,4773.817285094067,BIDCO AFRICA LTD SUNTORY,6,9
SNICKERS SINGLE BAR 50G,41,5480.095411605938,RADBONE CLARK LIMITED MARS,6,9
RED BULL 250ML CAN,35,5931.451486167704,HASBAH KENYA LTD,6,9
FANTA 330ML ORANGE CAN,36,2769.998805845512,COCA COLA BEVERAGES KENYA LTD,6,9
ESTILO 3D BAG CHANDARANA PRINTED,26,832.0123708274479,Unknown,6,9
OLA 40G COOL CRUNCH TORTILA CHIPS,32,1662.3956613437783,PROPACK KENYA LTD,6,9
INDOMIE PROM PACK CHICKEN FLV 5S,29,3146.013708690331,SALIM WAZARAN KENYA CO. LTD,6,9
MARS SINGLE BARS 51G,25,3341.5215924426457,RADBONE CLARK LIMITED MARS,6,9
LUCOZADE 250ML BOOST TETRA,22,1548.9872340425534,BIDCO AFRICA LTD SUNTORY,6,9
SAFARI KING 500ML DRINKING WATER,16,347.80483665676707,BOUNTY LIMITED,6,9
MR.BERRYS KING KUBWA XXL TONGUE PAINTER LOLLIPOP,21,276.2864358452139,MZURI SWEETS LIMITED,6,9
KSL TROPICAL LOLLIPOP SINGLES,20,240.07550731477113,KENYA SWEETS LTD,6,9
SMIRNOFF ICE BLACK 330ML CAN,12,1943.0378737541532,UDV KENYA LIMITED,6,9
MF FLOWER FOR 100/-,15,1298.344696272014,FLOWER MEETA,6,9
OLA 40G TORTILLA CHIPS LIGHTLY SALTED,16,793.4620359281438,PROPACK KENYA LTD,6,9
KRACKLES 45G CHIP STIX CHILLI,19,912.0094175960347,PROPACK KENYA LTD,6,9
SANTA LUCIA 400G SPAGHETTI,14,1857.9272727272728,SMART BRANDS LTD HQ,6,9
SMIRNOFF ICE WITH GUARANA 330ML CAN,13,2107.0167882416986,UDV KENYA LIMITED,6,9
ANGEL 10G INSTANT DRY YEAST,14,276.94850299401196,ROSHNI DIST LTD  R D,6,9
BROOKSIDE 250G PROBIOTIC FRUIT CUP YOGHURT STRAWBERRY,12,889.4474226804124,BROOKSIDE DAIRY LIMITED,6,9
WRIGLEYS ORBIT 10S SPEARMINT SF,11,234.94177413051975,RADBONE CLARK LIMITED MARS,6,9
KETEPA 250G FAHARI YA KENYA TEA,13,1299.5679902260233,KENYA TEA PACKERS KETEPA,6,9
ACACIA 200ML KIDS STRAWBERRY,13,506.0460431654676,KEVIAN KENYA LTD,6,9
SHWEPPES SODA WATER 300ML,11,585.0933277094318,COCA COLA BEVERAGES KENYA LTD,6,9
SHWEPPES SODA WATER 300ML EMPTY BOTTLE,10,120.0,COCA COLA BEVERAGES KENYA LTD,6,9
VIMTO 300ML SPARKLING BCURRENT N RSPBRRY DRINK,12,421.8700898587934,KEVIAN KENYA LTD,6,9
FRESKA 17G WAFER CHOCOLATE COATED,9,494.74101184068894,WORLD BRANDS K LTD,6,9
CADBURY 48G LUNCH BAR,9,1202.9477732793523,HASBAH KENYA LTD CADBURY,6,9
TUSKER 500ML CIDER CAN,11,2255.327168616656,KENYA BREWERIES LTD,6,9
RED BULL 250ML CAN RED EDITION,13,1680.0409284699194,HASBAH KENYA LTD,6,9
NESCAFE 18G 3IN1 CREAMY WHITE,10,73.1053410466837,NESTLE KENYA LTD,6,9
URBAN BITES 30G SUMMER SALT POTATO CRISPS,13,573.0321212121213,NORDA INDUSTRIES LTD.,6,9
KREST BITTER LEMON  500M PET,12,638.2836302284711,COCA COLA BEVERAGES KENYA LTD,6,9
WHITECAP 330ML CRISP CAN,7,1280.6713265350402,KENYA BREWERIES LTD,6,9
ACACIA 200ML KIDS APPLE,9,803.1824897542814,KEVIAN KENYA LTD,6,9
STREPSILS HONEY & LEMON 2S,9,324.0,HARLEYS LTD,6,9
SUN TOP 125ML BERRIES FRUIT JUICE,7,491.70578473635896,BIDCO AFRICA LTD BEVERAGE,6,9
ACACIA 200ML KIDS BLACKCURRANT,11,981.6674874774551,KEVIAN KENYA LTD,6,9
KARA 200ML UHT NATURAL COCONUT MILK,8,464.88070250588993,PORTCROSS LTD  PC.,6,9
7 UP 350ML EMPTY BOTTLE,7,84.0,SBC KENYA LIMITED,6,9
FAY 100S PAPER SERVIETTES WHITE,7,650.6942191995815,KIM FAY EAST AFRICA LTD,6,9
BUGLES 25G CORN SNACK CHILLI,8,224.0,SMARTBRIDGE DISTRIBUTORS LTD,6,9
R WHITES 330ML RASPBERRY LEMONADE,10,1616.7045847176082,WORLD BRANDS K LTD,6,9
VELVEX PREMIUM KITCHEN TOWEL PINK TWIN PACK 80S,6,519.3378785088056,CHANDARIA INDUSTRIES  LTD,6,9
NESCAFE GOLD 18G CAPPUCCINO HAZELNUT STICK,6,43.86320462801022,NESTLE KENYA LTD,6,9
BUGLES 25G CORN SNACK HONEY BBQ,8,224.0,SMARTBRIDGE DISTRIBUTORS LTD,6,9
BITEZ 30G BBQ SAUCE VALUE PACK,9,252.0,NORDA INDUSTRIES LTD.,6,9
OREO 128G GOLDEN SLUG,10,549.7122353785433,HASBAH KENYA LTD CADBURY,6,9
SANTA LUCIA 1KG 27 SPAGHETTINI,8,1061.6727272727273,SMART BRANDS LTD HQ,6,9
TUSKER LITE 330ML BEER,5,914.7652332393145,KENYA BREWERIES LTD,6,9
SUN TOP 125ML ORANGE FRUIT JUICE,7,491.70578473635896,BIDCO AFRICA LTD BEVERAGE,6,9
OREO 128G CHOCOLATE CREAM SLUG,8,439.7697883028346,HASBAH KENYA LTD CADBURY,6,9
SUNVEAT 175G CLUB 99 DIGESTIVE BISCUITS,6,329.827341227126,SUNVEAT FOODS LIMITED,6,9
LATO 125ML UHT MILK VANILLA FLAVOUR,6,329.37293950424635,MUSTY DISTRIBUTION LIMITED,6,9
VASELINE 25G PETROLIUM JELLY,8,692.4505046784075,UNILEVER KENYA LIMITED,6,9
CHAPA MANDASHI 100G BAKING POWDER,7,137.8629526462396,KAPA OIL REFINERIES LTD,6,9
KERICHO GOLD 25SX 2G TEA BAGS,6,599.8006108735492,GOLD CROWN BEVERAGES K LTD,6,9
MAGGI 70G MASALA NOODLES,6,430.9809644426996,RAJ KAMAL ENTERPRISE LIMITED,6,9
TREATOS 80G GINGER SNAP,8,439.7697883028346,CAPWELL INDUSTRIES LTD,6,9
CADBURY 119G OREO SBERRY CREME,6,329.827341227126,HASBAH KENYA LTD CADBURY,6,9
KARA 50G COCONUT MILK CREAM POWDER,7,406.7706146926537,PORTCROSS LTD  PC.,6,9
BROOKSIDE 1LT ALMOND MILK UNSWEETENED PLANT BASED,8,100.64108924299498,BROOKSIDE DAIRY LIMITED,6,9
MANYATTA 330ML P/APPLE& MINT CAN,5,917.7698927041121,KENYA BREWERIES LTD,6,9
BUGLES 25G CORN SNACK TOMATO AND HERBS,7,196.0,SMARTBRIDGE DISTRIBUTORS LTD,6,9
AQUAMIST 500ML GLASS STILL WATER EMPTY BOTTLE,5,60.0,AQUAMIST LIMITED,6,9
NESTLE 20G KITKAT 2 FINGER MILK,5,668.3043184885291,GLACIER PRODUCTS LTD 2ND,6,9
BIC J6 MAXI ASSORTED LIGHTER,6,519.3378785088056,BIC EAST AFRICA LIMITED,6,9
MACCOFFEE 34G 3 IN 1 MORNING,5,36.55267052334185,CHANDARIA INDUSTRIES LTD MACCOFFEE,6,9
DEL 1L PASSION FRUIT JUICE,8,561.9494682701245,DELMONTE KENYA LTD,6,9
MANJI 100G FAMILY,5,274.8561176892716,MANJI FOOD INDUSTRIES LTD,6,9
SANTA LUCIA 700G SPAGHETTI,6,796.2545454545455,SMART BRANDS LTD HQ,6,9
ARIMIS 50ML MILKING JELLY,7,605.8941915936066,TRI CLOVER INDUSTRIES LTD,6,9
TROP HEAT 18G SAFARI PUFFS BARBEQUE,7,196.0,TROPICAL HEAT LTD,6,9
BOUNTY 50G DOUBLE CHOCO BAR,6,920.8499226405363,RADBONE CLARK LIMITED MARS,6,9
MENTOS 14G PURE FRESH STRAWBERRY,6,128.15005861664713,WORLD BRANDS K LTD,6,9
VELVEX 100S FOLDED SERVIETTES,4,371.8252681140466,CHANDARIA INDUSTRIES  LTD,6,9
GF 100G PEELED SALTED PEANUTS SUP,4,204.8,GREENFOREST FOODS,6,9
ALPRO 1LT ORIGINAL ALMOND MILK,7,605.8941915936066,HEALTHY U TWO THOUSAND LTD,6,9
DEL 1L PURE ORANGE JUICE,7,491.70578473635896,DELMONTE KENYA LTD,6,9
DL 20G CHOCOLART REAL WHITE,4,534.6434547908233,GLACIER PRODUCTS LTD 2ND,6,9
ARIMIS 90ML MILKING JELLY,5,432.78156542400467,TRI CLOVER INDUSTRIES LTD,6,9
DEL 1LT MANGO JUICE BLEND,7,491.70578473635896,DELMONTE KENYA LTD,6,9
MANJI 60G DUOS CREAM,4,219.8848941514173,MANJI FOOD INDUSTRIES LTD,6,9
MFS STEAK PIES 120G,4,399.86707391569945,MY FROZEN SUPPLIES LTD 2ND,6,9
TROP HEAT 20G POTATO CRISPS SALTED,6,264.47636363636366,TROPICAL HEAT LTD,6,9
NESTLE 40G KITKAT CHUNKY MILK,4,534.6434547908233,GLACIER PRODUCTS LTD 2ND,6,9
MALTESERS 37G STANDARD,7,935.6260458839407,RADBONE CLARK LIMITED MARS,6,9
ABUAUF 30G PRETZELS BBQ SMALL KNOT,5,140.0,ECO ESSENTIALS LIMITED,6,9
MCVITIES 250G DIGESTIVE BISCUITS,6,329.827341227126,WORLD BRANDS K LTD,6,9
SKITTLES 38G SOUR,4,534.6434547908233,RADBONE CLARK LIMITED MARS,6,9
OREO 119.6G COCA COLA BISCUIT,6,329.827341227126,HASBAH KENYA LTD CADBURY,6,9
DEL 250ML PURE APPLE JUICE,5,351.2184176688278,DELMONTE KENYA LTD,6,9
DEL 1L TROPICAL FRUIT JUICE,4,280.97473413506225,DELMONTE KENYA LTD,6,9
SAF 11G INSTANT YEAST,6,118.16824512534822,KRISH COMMODITIES LTD,6,9
PEP 70G TOMATO PASTE POUCH,7,209.25420560747665,PREMIER FOODS  LIMITED,6,9
BUTTERFLY 500G POPCORN KERNELS,6,519.3378785088056,SPICE WORLD LTD,6,9
SUN TOP 125ML MANGO N APPLE FRUIT JUICE,7,491.70578473635896,BIDCO AFRICA LTD BEVERAGE,6,9
ANGELS 100G INSTANT DRY YEAST,5,98.47353760445685,ROSHNI DIST LTD  R D,6,9
MENTOS 31.5G  P/B PURE FRESH WINTERGREEN,6,128.15005861664713,WORLD BRANDS K LTD,6,9
BARR 330ML LEMONADE CAN,4,308.9612448928967,WORLD BRANDS K LTD,6,9
MENTOS 37.5GM FRUIT ROLLS 14S,4,50.32054462149749,WORLD BRANDS K LTD,6,9
MENTOS 135G MONO FRUIT,4,85.43337241109809,WORLD BRANDS K LTD,6,9
CADBURY 20G MINI LUNCH BAR,4,534.6434547908233,HASBAH KENYA LTD CADBURY,6,9
FLOYDEEZ 60G POPCORN CHOCOLATE FLV,6,168.0,MERAKI FOODS LIMITED,6,9
ABUAUF 30G PRETZELS HONEY MUSTARD SMALL KNOT,4,112.0,ECO ESSENTIALS LIMITED,6,9
LANZO 100G BATH SOAP ICE COOL MENTHOL,4,346.22525233920373,KAPA OIL REFINERIES LTD,6,9
MORO 30G PLAIN CHOCOLATE,4,534.6434547908233,HASBAH KENYA LTD CADBURY,6,9
MELVINS 20G 3IN1 INST. AFRICAN CHAI STICKS,5,499.8338423946243,MELVIN MARSH INTERNATIONAL LTD,6,9
NUTELLA 350G SPREAD,5,668.3043184885291,HASBAH KENYA LTD,6,9
TROP HEAT 50G TOMATO CRISPS,6,264.47636363636366,TROPICAL HEAT LTD,6,9
KENYLON 70G TOMATO PASTE SACHETS,4,119.57383177570094,TRUFOODS LIMITED T F,6,9
MACCOFFEE 1.6G GOLD BREEZE DRIED STICKS,4,29.242136418673482,CHANDARIA INDUSTRIES LTD MACCOFFEE,6,9
POWER PLAY 400ML ORIGINAL ENERGY DRINK,4,516.9356702984368,COCA COLA BEVERAGES KENYA LTD,6,9
MENTOS 37.5GM GRAPE ROLL 14S,5,62.900680776871866,WORLD BRANDS K LTD,6,9
PENTONIC BLACK DISPENSER,6,97.9365890308039,WORLD BRANDS K LTD,6,9
NUVITA 75G VITAMILK MILKY BISCUITS,6,329.827341227126,MJENGO LIMITED,6,9
KENYA CANE 250ML LEM&GING LIQUEUR,4,811.0365699873897,UDV KENYA LIMITED,6,9
WHITEWASH 175G WHITE SOAP,3,282.1269923148955,PWANI OIL PRODUCTS LTD.,6,9
EVEREADY 4S AAA RED 1012BP4,4,346.22525233920373,HASBAH KENYA LTD,6,9
MARTENS 500ML 16.2% MEGA STRONG BEER,4,731.8121865914516,RIVERROSE DISTRIBUTORS LTD,6,9
SWEETUNDA 30G TOMATO KETCHUP CRACKIES,4,176.31757575757578,BURTON AND BAMBER C LIMITED,6,9
ALWAYS 14S MAXI THICK LONG DUO,3,472.1490683229814,HASBAH KENYA LTD P AND G,6,9
HUNTERS 330ML EXTRA DRY CIDER,4,734.2159141632897,KENYA WINE AGENCIES KWAL,6,9
PANADOL ADVANCE 20 CAPLETS,3,108.0,HALEON KENYA LTD,6,9
HANAN SENSITIVE BABY WIPES 72S,4,573.4787219578518,ZENKO KENYA LIMITED,6,9
RITTER SPORT 100G CASHEW,5,668.3043184885291,WORLD BRANDS K LTD,6,9
TROP HEAT 20G POTATO CRISPS TOMATO,5,220.39696969696973,TROPICAL HEAT LTD,6,9
KINDER BUENO 43G,3,400.98259109311743,HASBAH KENYA LTD,6,9
RINGOZ 25G SWEET PAPRIKA CORN,3,132.23818181818183,NORDA INDUSTRIES LTD.,6,9
HARIBO 25G ROULLETTE,3,37.740408466123114,ROSHNI DIST LTD  R D,6,9
SNAPPY TOM 85G POUCH CAT FOOD LAMB,5,761.8195302843019,MERIT AFRICA LTD,6,9
ROYCO 170G BEEF MCHUZI MIX SATCHET REFILL,3,259.6689392544028,UNILEVER KENYA LIMITED,6,9
DORMANS 18G 3IN1 CLASSIC COFFEE,5,36.55267052334185,DORMANS COFFEE LIMITED,6,9
TOBLERONE 35G MILK,3,400.98259109311743,TWIRL ENTERPRISES LTD,6,9
PRINGLES 165G SOUR CREAM &ONION,5,220.39696969696973,HASBAH KENYA LTD,6,9
GORDONS & TONIC 330ML,3,485.01137541528243,UDV KENYA LIMITED,6,9
ROYCO 4G 28S BEEF CUBE,3,226.18569325875774,UNILEVER KENYA LIMITED,6,9
DEL 1LT ORANGE JUICE BLEND,4,280.97473413506225,DELMONTE KENYA LTD,6,9
MAGGI 70G SPECIAL MASALA NOODLES,3,215.4904822213498,RAJ KAMAL ENTERPRISE LIMITED,6,9
KERICHO GOLD 250G PREMIUM TEA BLEND,4,399.86707391569945,GOLD CROWN BEVERAGES K LTD,6,9
DORMANS 18G 3IN1 IRISH CREAM COFFEE,3,21.93160231400511,DORMANS COFFEE LIMITED,6,9
GF 250G PEELED N SALTED PEANUTS,2,102.4,GREENFOREST FOODS,6,9
CHAMPION FINE BALL PEN BLACK,3,48.96829451540195,ENOVA INDUSTRIES LIMITED,6,9
TREATOS 50G MILK BISCUITS,3,164.913670613563,CAPWELL INDUSTRIES LTD,6,9
TROP HEAT 50G KENYAN CHEVDA MILD,3,148.98656603773586,TROPICAL HEAT LTD,6,9
7 UP SUGAR FREE 300ML CAN,3,231.7209336696725,NAJI SUPERSTORES,6,9
PEP 400G KETCHUP UPSIDE DOWN,4,346.22525233920373,PREMIER FOODS  LIMITED,6,9
WRIGLEYS ORBIT 20S SPEARMINT BOTTLE,3,64.07502930832356,RADBONE CLARK LIMITED MARS,6,9
KONYAGI 250ML,3,608.2774274905423,SLATER AND WHITTAKER LTD,6,9
PRINGLES 40G SOUR CREAM & ONION,3,132.23818181818183,HASBAH KENYA LTD,6,9
WINDHOEK 330ML LAGER  NRB,3,548.8591399435886,KENYA WINE AGENCIES KWAL,6,9
GODREJ 10GM AER POWER POCKET BERRY RUSH,2,173.11262616960187,CANON CHEMICALS LTD,6,9
BARR 330ML CHERRYADE CAN,2,178.48499772317365,WORLD BRANDS K LTD,6,9
PRESTIGE 250G ORIGINAL RECIPE MARGARINE,2,405.51828499369486,KAPA OIL REFINERIES LTD,6,9
NUTRAMEAL 500G POLISHED GREEN GRAM,2,173.11262616960187,KAMILI PACKERS LIMITED NORMAL,6,9
KENYLON 420G GITHERI,3,399.43034209034215,TRUFOODS LIMITED T F,6,9
CHAIN KWO 623ML LIGHT SOY SAUCE,2,173.11262616960187,ROSHNI DIST LTD  R D,6,9
DEL 1LT PINEAPPLE  JUICE BLEND,3,210.7310506012967,DELMONTE KENYA LTD,6,9
ARYUVA TOMATO PASTE 400G,2,59.78691588785047,ARYUV AGENCIES LTD,6,9
ZED CANDY JWB STRAWBERRY N CREAM,2,25.160272310748745,ROSHNI DIST LTD  R D,6,9
DEL 250ML PINEAPPLE ORANGE JUICE BLEND,3,210.7310506012967,DELMONTE KENYA LTD,6,9
CRISS CROSS 15G HAZELNUT CREAM,2,109.94244707570866,CHANDARIA INDUSTRIES LIMITED TONI,6,9
ALPRO 1LT OAT DRINK,3,259.6689392544028,HEALTHY U TWO THOUSAND LTD,6,9
FRISKIES 85G CAT JUNIOR CHIC GRAVY,2,304.72781211372074,MERIT AFRICA LTD,6,9
SOLAI HIGHLANDS 50G RS MACADAMIA NUTS,2,102.4,KENSALT LIMITED MACADAMIA,6,9
LATO 250ML CHOCOLATE FLV UHT MILK,3,164.68646975212317,MUSTY DISTRIBUTION LIMITED,6,9
HARIBO 160G STARMIX HALAL,3,37.740408466123114,ROSHNI DIST LTD  R D,6,9
BIC J6 MAXI SLEEVE ASS. LIGHTER,3,259.6689392544028,BIC EAST AFRICA LIMITED,6,9
ROYAL CIRCLE 250ML WHISKY N COLA CAN,3,608.2774274905423,GRAPES AND TRADITIONS T LTD,6,9
KEN SWIVEL HANGERS 3S ASSORTED,2,173.11262616960187,KENPOLY MANUFACTURERS,6,9
DOWNY 300ML POUCH SWEET ELEGANCE,2,173.11262616960187,HASBAH KENYA LTD P AND G,6,9
HUNTERS CHOICE WHISKY 750ML,3,608.2774274905423,KENYA WINE AGENCIES KWAL,6,9
FAY KITCHEN TOWEL TWIN PACK WHITE,3,259.6689392544028,KIM FAY EAST AFRICA LTD,6,9
MIGLIORGATTO 100G ALU.TRAY CAT CHICKEN & RABBIT,3,259.6689392544028,LOKI VENTURES LIMITED,6,9
X-PLOSE 35G TRIPPLE CHOC,2,267.32172739541164,WESTLANDS TRADING LTD,6,9
LANZO 100G BATH SOAP ANTI BACTERIAL,2,173.11262616960187,KAPA OIL REFINERIES LTD,6,9
MACCOFFEE 24G CAFE PHO SATCHET,3,21.93160231400511,CHANDARIA INDUSTRIES LTD MACCOFFEE,6,9
PRIDE 400G LEMON DISH WASHING PASTE,2,173.11262616960187,CANON CHEMICALS LTD,6,9
PRETZO ORIGINAL 25G BBQ,3,84.0,PORTCROSS LTD  PC.,6,9
TENA 100S COCKTAIL NAPKINS,2,185.9126340570233,AFRICAN COTTON INDUSTRIES LTD,6,9
DL 100G DRINKING CHOCO SATCHET,3,254.20446590223293,GLACIER PRODUCTS LTD 2ND,6,9
CIRIO 400GM PEELED PLUM TOMATOES,1,133.1434473634474,DEBENHAM AND FEAR LTD,6,9
OXO SWING BIN LINER 24X29(60L),1,86.55631308480093,ECO ESSENTIALS LIMITED,6,9
MARYLAND 136G CHOC CHIP COOKIES,1,54.97122353785433,WORLD BRANDS K LTD,6,9
CDM 95G OREO CHOCOLATE,2,267.32172739541164,HASBAH KENYA LTD CADBURY,6,9
CURONIA 10% 500ML BEER,1,182.9530466478629,BIASHARA MERCHANT COMPANY SEZ LTD,6,9
DL 40G MILK & COOKIES CHOCOLATE,1,133.66086369770582,GLACIER PRODUCTS LTD 2ND,6,9
OUT OF AFRICA 50G MIXED NUTS,1,51.2,KENYA NUT COMPANY,6,9
BLACK & WHITE 1LTR WHISKY,1,202.75914249684743,UDV KENYA LIMITED,6,9
VELVEX 500G COTTON WOOL,2,173.11262616960187,CHANDARIA INDUSTRIES  LTD,6,9
COFFEE BREAK 18.5G INST CAPUCCINO VANILLA STICK,1,7.3105341046683705,BEST BUY COMMODITY LIMITED,6,9
PEARS 125G MINT EXTRACT BLUE SOAP,2,173.11262616960187,TRADE ROOTS LTD,6,9
KETEPA 100S TEA BAGS JUMBO TAGGED,1,99.96676847892486,KENYA TEA PACKERS KETEPA,6,9
PERSIL 3LT MACHINE WASH LIQUID GEL LAVENDER,1,86.55631308480093,CHANDARIA INDUSTRIES LTD HENKEL C BRANDS,6,9
MIGLIORGATTO 100G POUCH CAT CHICKEN & TURKEY,1,152.36390605686037,LOKI VENTURES LIMITED,6,9
FLOYDEEZ 100G MABUYU SWEET,2,56.0,MERAKI FOODS LIMITED,6,9
COLGATE 140G DENTAL CREAM TOOTHPASTE,1,86.55631308480093,Unknown,6,9
NUVITA 375G VITAMILK MILKY BISC,1,54.97122353785433,MJENGO LIMITED,6,9
NDUME 1KG NATURAL BAR SOAP,1,94.04233077163184,PWANI OIL PRODUCTS LTD.,6,9
TROP HEAT 40G HEROES SWEET CHILLI,1,44.079393939393945,TROPICAL HEAT LTD,6,9
TROP HEAT 100G CRISPS CHILLI LEMON,1,44.079393939393945,TROPICAL HEAT LTD,6,9
CELINE SERVIETTES 200S VALUE PACK,2,185.9126340570233,JUBILEE TISSUE INDUSTRIES LTD,6,9
HUNTERS CHOICE WHISKY 250ML,1,202.75914249684743,KENYA WINE AGENCIES KWAL,6,9
COLGATE 70G TRIPLE ACTION,1,86.55631308480093,Unknown,6,9
BARAKA CHAI LOOSE 500GM,2,173.11262616960187,GOLD CROWN BEVERAGES K LTD,6,9
VASELINE 200ML COCOA GLOW LOTION,2,173.11262616960187,UNILEVER KENYA LIMITED,6,9
ORCHID VALLEY 1LT TROPICAL JUICE,1,70.24368353376556,PREMIER FOODS  LIMITED,6,9
DL 80G ORANGE CRUNCH CHOCOLATE,2,267.32172739541164,GLACIER PRODUCTS LTD 2ND,6,9
TECHPAK 25S 200ML WHITE CUPS SWRAPPED,2,173.11262616960187,TECHPAK INDUSTRIES LTD,6,9
PARLE 60G MILK POWER BISCUITS,1,54.97122353785433,RAA LIMITED,6,9
KOL 425G SWEET CORN OFF COB,2,266.2868947268948,NJORO CANNING FACTORY,6,9
DETTOL 90G ORIGINAL SOAP,1,86.55631308480093,TOWFIQ  K  LIMITED HQ,6,9
J&J 100G BABY SOAP REGULAR,1,86.55631308480093,RADBONE CLARK  K  LTD,6,9
VASELINE 240G COCOA BUTTER PJELLY,1,86.55631308480093,UNILEVER KENYA LIMITED,6,9
PRINGLES 165G SALT& VINEGAR,2,88.15878787878789,HASBAH KENYA LTD,6,9
DL 80G MINT CRUNCH CHOCOLATE,1,133.66086369770582,GLACIER PRODUCTS LTD 2ND,6,9
GODREJ 10GM AER POWER POCKET JASMINE FLORAL DELIGHT,1,86.55631308480093,CANON CHEMICALS LTD,6,9
WANPY 50GM  CAT MEAT BROTH TUNA  #RAC-61,1,152.36390605686037,BRAND ROYALTY LTD,6,9
PRIDE 400G LIME DISH WASHING PASTE,2,173.11262616960187,CANON CHEMICALS LTD,6,9
MR.BERRYS 5PCS XPLOSIVE GUMBALLS ENERGY FLV,2,42.716686205549045,MZURI SWEETS LIMITED,6,9
CHAMPION FINE BALL PEN RED,1,16.322764838467318,ENOVA INDUSTRIES LIMITED,6,9
MAMAS CHOICE 250G MARGARINE,1,219.6180125543216,MENENGAI O REFINERIES LTD,6,9
SAFARICOM 1000/=,1,86.55631308480093,Unknown,6,9
SHANI 300ML CAN DRINK,1,77.24031122322417,NAJI SUPERSTORES,6,9
KINDER CHOCOLATE T4 50G,1,133.66086369770582,HASBAH KENYA LTD,6,9
TROP HEAT 45GMS GARAM MASALA JAR,1,86.55631308480093,TROPICAL HEAT LTD,6,9
PRETZO MIXY 55G SALT,1,28.0,PORTCROSS LTD  PC.,6,9
EVEREADY AAA BLUE 912 SW4,1,86.55631308480093,HASBAH KENYA LTD,6,9
USHINDI 800G DISH WASHING LIQUID LEMON,1,86.55631308480093,PWANI OIL PRODUCTS LTD.,6,9
COFFEE BREAK 12G 2IN1 SATCHET,2,14.621068209336741,BEST BUY COMMODITY LIMITED,6,9
NATURALLI 100G PUMPKIN SEEDS,1,86.55631308480093,HEALTHY U TWO THOUSAND LTD,6,9
ZESTA 500G MIXED FRUIT JAM  TIN,2,173.11262616960187,TRUFOODS LIMITED T F,6,9
NALA 70G INSTANT NOODLES SINGLE PACK,1,71.83016074044993,KAPA OIL REFINERIES LTD,6,9
NUVITA 200G SHORTBREAD REGULAR,1,54.97122353785433,MJENGO LIMITED,6,9
EUREKA 50G RS MIXED NUTS,2,102.4,EUREKA NUTS LIMITED MEDIUM INDUSTRIAL,6,9
PETRONS 400G CAT CHUNKS CHICKEN,2,304.72781211372074,MERIT AFRICA LTD,6,9
DABUR 30G HERBAL T/PASTE ACTIVATED CHARCOAL,2,173.11262616960187,KIM FAY EAST AFRICA LTD DABUR,6,9
MIGLIORGATTO 100G POUCH CAT SALMON & TUNA,2,304.72781211372074,LOKI VENTURES LIMITED,6,9
CHUCK 100G POUCH ADULT CAT FISH,2,304.72781211372074,MERIT AFRICA LTD,6,9
SUNVEAT CLUB 99 PROMO PACK CREAMY 3PCS,2,109.94244707570866,SUNVEAT FOODS LIMITED,6,9
PARLE 75G HIDE & SEEK CHOCO ROLLS,2,109.94244707570866,RAA LIMITED,6,9
SENSODYNE 40ML MULTI CARE,2,173.11262616960187,HALEON KENYA LTD,6,9
MCVITIES 112G TASTIES CHOCO VANILLA SANDWICH BISCUITS,2,109.94244707570866,WORLD BRANDS K LTD,6,9
TECHPAK 40S 50ML SHORT GLASSES,2,173.11262616960187,TECHPAK INDUSTRIES LTD,6,9
ALICAFE 25G FRENCH ROAST CAPPUCCINO,2,14.621068209336741,SPREAD MASTERS LIMITED,6,9
MOLPED PURE&SOFT EX LONG 7S,2,314.7660455486543,HAYAT KIMYA  K  H PRODUCTS LTD,6,9
BONIKA 400G PEANUTS JUMBO BROWN,1,51.2,BRIGHT BONIKA FOOD LIMITED,6,9
DOMESTOS 900G POWDER,1,86.55631308480093,UNILEVER KENYA LIMITED,6,9
MR.BERRYS BIGG DADDY MEGA MIX ASST LOLLIPOPS 50S,1,12.580136155374372,MZURI SWEETS LIMITED,6,9
AJAB 2KG HOME BAKING FLOUR,82,10474.911874871374,GRAIN INDUSTRIES LIMITED,7,10
FRESHA MAISHA 250ML LONG LIFE MILK,90,2160.0330237358103,GITHUNGURI DAIRY FARMERS,7,10
GOLD CROWN 500ML WHOLE MILK LONGLIFE FINO TFA 20,53,2317.9405857740585,NEW KENYA COOP CREAMERIES  LTD,7,10
KCC 500ML FRESH WHOLE MILK TFA 21,49,2073.9714285714285,NEW KENYA COOP CREAMERIES  LTD,7,10
KCC 500ML FRESH W/MILK (POUCH)-84,66,2977.4898402555914,NEW KENYA COOP CREAMERIES  LTD,7,10
FESTIVE 600G FAMILY BRWN BREAD,38,3040.0075247524755,DPL FESTIVE  LIMITED,7,10
SUPA 600G WHITE BUTTER TOAST,20,1600.0,MINI BAKERIES NBI  LTD,7,10
KINGSMIL 400G KUBWA WAO WHITE BREAD,15,780.0,KENAFRIC BAKERY LTD,7,10
RINSUN 2LT SUNFLOWER OIL,13,7879.334513274336,KAPA OIL REFINERIES LTD,7,10
EXE 2KG CHAPATI FLOUR,17,2302.4338983050843,UNGA LTD,7,10
BROADWAYS 600G WHITE BREAD,11,871.2503496503497,BROADWAYS BAKERY LTD,7,10
FRESHA 2LT WHOLE MILK,10,1680.0,GITHUNGURI DAIRY FARMERS,7,10
SUPA 800G SWICH WHITE BREAD,10,1040.0,MINI BAKERIES NBI  LTD,7,10
FESTIVE 350G SLICED SUB ROLLS 4S,11,1232.0,DPL FESTIVE  LIMITED,7,10
KINGSMIL 400G KUBWA WAO BROWN BREAD,11,572.0,KENAFRIC BAKERY LTD,7,10
LATO 125ML UHT WHOLE MILK TETRA PACK,9,399.59868756835584,MUSTY DISTRIBUTION LIMITED,7,10
FESTIVE 350G LONG SLICED ROLLS 4S,11,880.0,DPL FESTIVE  LIMITED,7,10
AJAB 1KG HOME BAKING FLOUR,10,1211.9915989882886,GRAIN INDUSTRIES LIMITED,7,10
SUPA 800G WHITE BUTTER TOAST,11,880.0,MINI BAKERIES NBI  LTD,7,10
KINGSMIL 200G SLICED BROWN BREAD,7,560.0,KENAFRIC BAKERY LTD,7,10
BROADWAY 200G WHITE KADOGO  BREAD,12,960.0,BROADWAYS BAKERY LTD,7,10
FAMILA 1KG PURE WIMBI FLOUR,9,1090.7924390894598,UNGA LTD,7,10
MORNING DEW 1L GOAT MILK,11,488.3983959168794,SATIMA FARMHOUSE LIMITED,7,10
QUENCHER 500ML DRINKING WATER,113,2390.9545088271925,EXCEL CHEMICALS LTD,7,10
QUENCHER 1LT DRINKING WATER,127,4895.450308995194,EXCEL CHEMICALS LTD,7,10
MAYERS 1L SPARKLING WATER PLASTIC,52,4003.3114731369155,MALACHITE LIMITED,7,10
BALOZI 500ML CAN,40,6577.157434449375,KENYA BREWERIES LTD,7,10
GOLD CROWN 500ML ASEPTIC LONG LIFE 24,34,1326.9426027977959,NEW KENYA COOP CREAMERIES  LTD,7,10
MAYERS 500ML SPARKLING WATER PLASTIC,35,2081.3399433427767,MALACHITE LIMITED,7,10
DASANI 500ML MINERAL WATER,28,752.378123432012,COCA COLA BEVERAGES KENYA LTD,7,10
TENA 10S WHITE TOILET ROLLS,42,15142.811264494754,AFRICAN COTTON INDUSTRIES LTD,7,10
PICK N PEEL 250ML TROPICAL MIX,29,1642.5723404255318,KEVIAN KENYA LTD,7,10
MAYERS 1LT SPRING MINERAL WATER,24,1352.22954303932,MALACHITE LIMITED,7,10
COKE ZERO SUGAR 300ML EMPTY BOTTLE,25,300.0,COCA COLA BEVERAGES KENYA LTD,7,10
FANTA BLACKCURRANT PET 500ML,21,1111.7125207572235,COCA COLA BEVERAGES KENYA LTD,7,10
KERINGET 1LT SPARKLING MINERAL WATER,22,1853.7446598519566,COCA COLA BEVERAGES KENYA LTD,7,10
MAYERS 500ML STILL MINERAL WATER,24,919.0814077497334,MALACHITE LIMITED,7,10
PICK N PEEL 1L ORANGE JUICE,18,4704.76998706339,KEVIAN KENYA LTD,7,10
FC 500G (14D) FRESH SAFARI BEEF SAUSAGE,23,6737.797639123102,FARMERS CHOICE LTD,7,10
DAIMA 500ML NATURAL PROBIOTIC CUP,20,1894.973821989529,DEVYANI FOOD INDUSTRIES K LIMITED MILK AND YOGHURT,7,10
KCC 500ML FILPACK MALA,17,882.3467163483931,NEW KENYA COOP CREAMERIES  LTD,7,10
BLUE BAND 500G MED FAT SPREAD,21,4611.9782636407535,SUPER SAVERS DISTRIBUTION LTD,7,10
SOFTLEAF 10S VIRGIN TOILET PAPER,16,5527.836413340624,KAPA OIL REFINERIES LTD,7,10
MINUTE MAID 1L APPLE JUICE,16,1845.2758620689656,COCA COLA BEVERAGES KENYA LTD,7,10
BIO 90ML VANILLA,17,1074.4,BIO FOOD PRODUCTS LTD,7,10
BROOKSIDE 250ML VANILLA,13,713.8246171298923,BROOKSIDE DAIRY LIMITED,7,10
STIMOROL 14G 10S WILD BERRY,16,832.0541062801933,HASBAH KENYA LTD CADBURY,7,10
HANAN 10PK TISSUE PAPER,15,5297.05700325733,ZENKO KENYA LIMITED,7,10
LAKI LAKI 150ML GREEK YOGHURT NATURAL,12,1104.0,LAKI LAKI LIMITED,7,10
QUENCHER 18L MIN WATER PET,17,6915.9672541216605,EXCEL CHEMICALS LTD,7,10
DELAMERE 250ML PREM WILD BERRIES YOG CUP,16,1108.6238461538462,BROOKSIDE DAIRY LIMITED,7,10
CADBURY 90G DRINKING CHOCOLATE SACHET,12,1016.8178636089317,HASBAH KENYA LTD CADBURY,7,10
LEADAV YELLOW YOLK EGGS 30PACK TRAY,13,5075.424258760108,LEADAV POULTRY FARM LTD,7,10
BROOKSIDE 1L SWEETEND LALA BOTTLE,17,2434.4,BROOKSIDE DAIRY LIMITED,7,10
FC 1KG (14D) BEEF VALUE SAUSAGES,15,8534.879929328621,FARMERS CHOICE LTD,7,10
QUENCHER 10LT MINERAL WATER PET,11,2631.2000000000003,EXCEL CHEMICALS LTD,7,10
BIO 500ML COOKING CREAM LONG LIFE,15,4232.387791741473,BIO FOOD PRODUCTS LTD,7,10
QUENCHER LIFE 5LT PREMIUM DRINKING WATER,13,2322.6282736156354,EXCEL CHEMICALS LTD,7,10
BROWNS 250G GREEK YOGHURT,15,3395.469329529244,SUNPOWER PRODUCTS LTD,7,10
SOFTLEAF TWIN SERVIETTES,9,1357.614114326041,KAPA OIL REFINERIES LTD,7,10
ALWAYS 14S MAXI THICK EX/LONG DAY/NIGHT,13,2045.9792960662528,HASBAH KENYA LTD P AND G,7,10
KENYLON 420G CHICK PEAS,11,1566.0789189189188,TRUFOODS LIMITED T F,7,10
FC 400G (30D) FRESH STREAKY BACON,12,7673.957763975156,FARMERS CHOICE LTD,7,10
TOILEX WHITE 10S,15,4428.220520673814,CHANDARIA INDUSTRIES  LTD,7,10
AQUAMIST 19L DISPOSABLE WATER,13,5887.226934097422,AQUAMIST LIMITED,7,10
CADBURY 80G DAIRY MILK WHOLE NUT,14,2893.7184149184145,HASBAH KENYA LTD CADBURY,7,10
TROP HEAT 50G CHEVDA ORIGINAL,9,446.95969811320754,TROPICAL HEAT LTD,7,10
MINUTE MAID 400ML TROPICAL JUICE,10,621.5726590038314,COCA COLA BEVERAGES KENYA LTD,7,10
MINUTE MAID 1L TROPICAL JUICE,9,1052.3022964509396,COCA COLA BEVERAGES KENYA LTD,7,10
MILL BAKERS 260G QUEEN CAKE,11,871.2,MILL BAKERS LIMITED,7,10
SPRITE 1.25L PET,10,1040.0,COCA COLA BEVERAGES KENYA LTD,7,10
TENA 15S TOILET ROLL WHITE WRAPPED,11,5698.006586826348,AFRICAN COTTON INDUSTRIES LTD,7,10
BIO 1L MAZIWA LALA NATURE PLAIN,11,1033.5721379310346,BIO FOOD PRODUCTS LTD,7,10
FIESTA TOILET ROLLS WHITE 10S,9,3178.2342019543976,AFRICAN COTTON INDUSTRIES LTD,7,10
SANTA MARIA 70G TOMATO PASTE SATCHET,14,418.5084112149533,DEBENHAM AND FEAR LTD,7,10
ISINYA 20S EGGS,8,2633.157496903912,ISINYA FEEDS LIMITED,7,10
GREEN FARM 15PK Y/YORK EGGS,9,2410.849111969112,GREEN FARM POULTRY,7,10
URBAN BITES 30G NYAM CHOM LTD EDITION,9,396.7145454545455,NORDA INDUSTRIES LTD.,7,10
ZENTA 1KG CREAM SOAP,8,752.3386461730547,GOLDEN AFRICA K LTD,7,10
ORCHID VALLEY 1L TROPICAL DELIGHT,10,702.4368353376556,PREMIER FOODS  LIMITED,7,10
LAKI LAKI 700ML GREEK YOGHURT NATURAL GLS,9,845.649931034483,LAKI LAKI LIMITED,7,10
TAMU TAMU 25G TUTTI FRUTY,12,528.9527272727273,NORDA INDUSTRIES LTD.,7,10
KLEENEX SERVIETES 1 PLYX100S WHITE,9,836.6068532566048,KIM FAY EAST AFRICA LTD,7,10
HIGHLANDS 1.5LT MINERAL WATER,8,445.8426093093824,HIGHLANDS DRINKS LIMITED,7,10
HEINZ 570G TOMATO KETCHUP,10,865.5631308480093,HASBAH KENYA LTD,7,10
CARTOONS 30G TUTTI FRUTTI CRISPS,9,396.7145454545455,PROPACK KENYA LTD,7,10
MAGIC 300ML SODA WATER,7,372.3321176332748,KHETIA DRAPERS LTD,7,10
TAMU TAMU 25G TOMATO KETCHUP,7,308.55575757575764,NORDA INDUSTRIES LTD.,7,10
KERICHO GOLD 100S TEA BAGS ENVELOPE,9,899.7009163103238,GOLD CROWN BEVERAGES K LTD,7,10
USHINDI 175G YELLOW SOAP,7,658.2963154014228,PWANI OIL PRODUCTS LTD.,7,10
WEETABIX 425G FAMILY,7,605.8941915936066,WEETABIX EAST AFRICA LTD HQ,7,10
MENTOS 14G PURE FRESH WINTERGREEN,11,234.94177413051975,WORLD BRANDS K LTD,7,10
HANAN TOILET ROLL 15PK,8,2825.097068403909,ZENKO KENYA LIMITED,7,10
KRACKLES 125GMS PERFECTLY SALTED,7,308.55575757575764,PROPACK KENYA LTD,7,10
SNAPPY TOM 85G POUCH CAT FOOD CHICKEN,10,1523.6390605686038,MERIT AFRICA LTD,7,10
JIAN 6 PACK YELLOW YOLK EGGS,7,2304.012809790923,JIAN CEREALS DEPOT,7,10
LAKI LAKI 450ML GREEK YOGHURT NATURAL,6,563.7666206896553,LAKI LAKI LIMITED,7,10
OREO 55.2G CHOCOLATE CREME FLAVOURED,8,439.7697883028346,HASBAH KENYA LTD CADBURY,7,10
GOFRUT 250ML MANGO FRUIT DRINK,9,632.19315180389,EXCEL CHEMICALS LTD,7,10
JIAN 15 PACK YELLOW YOLK EGGS,10,3291.44687112989,JIAN CEREALS DEPOT,7,10
HEINZ 200G BAKED BEANS UK,8,1065.1475789075791,HASBAH KENYA LTD,7,10
TENA 3PLY QUILTED 9PK TOILET PAPER,6,2118.8228013029316,AFRICAN COTTON INDUSTRIES LTD,7,10
ENIGMA 80ML MINI DEATH BY CHOCOLATE,7,386.5699633699634,RAZCO LTD,7,10
FIESTA SERVIETTES WHITE 100S,7,650.6942191995815,AFRICAN COTTON INDUSTRIES LTD,7,10
MANJI 450G THE REAL DIGESTIVE,6,329.827341227126,MANJI FOOD INDUSTRIES LTD,7,10
SWEETUNDA 30G FRUIT CHUTNEY CRACKIES,5,220.39696969696973,BURTON AND BAMBER C LIMITED,7,10
CLUB SODA 500ML TANGAWIZI,5,265.9515125951963,HIGHLANDS DRINKS LIMITED,7,10
MUMIAS 2KG SUGAR,21,5389.248414470745,Unknown,7,10
MUMIAS 1KG SUGAR,12,1554.093610348883,Unknown,7,10
TUZO 250ML UHT WHOLE MILK,10,320.0,BROOKSIDE DAIRY LIMITED,7,10
GOLD CROWN 500ML LACTOSE FREE MILK TFA,11,488.3983959168794,NEW KENYA COOP CREAMERIES  LTD,7,10
BROOKSIDE 250ML UHT LOW FAT MILK,13,436.8,BROOKSIDE DAIRY LIMITED,7,10
DAIMA 500ML UHT PLAIN FINO 180DAYS,9,376.3665399239544,DEVYANI FOOD INDUSTRIES K LIMITED MILK AND YOGHURT,7,10
RAVINE GOLD 200ML ESL UHT MILK,12,223.1230534351145,RAVINE DAIRIES LIMITED,7,10
SOKO 2KG HOMEBAKING FLOUR,8,962.3828275351593,CAPWELL INDUSTRIES LTD,7,10
NUTRAMEAL 5KG SUGAR,11,2165.733299150957,KAMILI PACKERS SUGAR ONLY,7,10
NESCAFE 1.5GM CLASSIC SACHET,69,504.4268532221176,HASBAH KENYA LIMITED NESTLE,7,10
SNICKERS SINGLE BAR 50G,44,5881.078002699056,RADBONE CLARK LIMITED MARS,7,10
RED BULL 250ML CAN,38,6439.861613553508,HASBAH KENYA LTD,7,10
ESTILO 3D BAG CHANDARANA PRINTED,29,928.0137982306148,Unknown,7,10
MARS SINGLE BARS 51G,29,3876.1650472334686,RADBONE CLARK LIMITED MARS,7,10
SAFARI KING 500ML DRINKING WATER,16,347.80483665676707,BOUNTY LIMITED,7,10
BIG GIANT XXL ASSORTED LOLLYPOPS,13,104.03858998144715,KENAFRIC INDUSTRIES LTD,7,10
SMIRNOFF ICE BLACK 330ML CAN,14,2266.877519379845,UDV KENYA LIMITED,7,10
SANTA LUCIA 400G SPAGHETTI,15,1990.6363636363637,SMART BRANDS LTD HQ,7,10
ANDEGO 3G SUPER GLUE,11,440.0,SANGYUG ENTERPRISES LTD SR,7,10
CARTOONS 30G PERFECTLY SALTED CRISPS,11,491.66509115462526,PROPACK KENYA LTD,7,10
WRIGLEYS ORBIT 10S SPEARMINT SF,12,256.30011723329426,RADBONE CLARK LIMITED MARS,7,10
BOUNTY  MILK DOUBLE 57G,10,1336.6086369770583,Unknown,7,10
ACACIA 200ML KIDS STRAWBERRY,14,544.9726618705035,KEVIAN KENYA LTD,7,10
SHWEPPES SODA WATER 300ML,11,585.0933277094318,COCA COLA BEVERAGES KENYA LTD,7,10
SHWEPPES SODA WATER 300ML EMPTY BOTTLE,12,144.0,COCA COLA BEVERAGES KENYA LTD,7,10
VIMTO 300ML SPARKLING BCURRENT N RSPBRRY DRINK,14,492.1817715019256,KEVIAN KENYA LTD,7,10
FRESKA 17G WAFER CHOCOLATE COATED,10,549.7122353785433,WORLD BRANDS K LTD,7,10
CADBURY 48G LUNCH BAR,9,1202.9477732793523,HASBAH KENYA LTD CADBURY,7,10
WHITECAP 330ML CRISP CAN,8,1463.6243731829031,KENYA BREWERIES LTD,7,10
SUN TOP 125ML BERRIES FRUIT JUICE,7,491.70578473635896,BIDCO AFRICA LTD BEVERAGE,7,10
KARA 200ML UHT NATURAL COCONUT MILK,10,581.1008781323624,PORTCROSS LTD  PC.,7,10
KETTLE 40G PERFECTLY SALTED CHIPS,7,308.55575757575764,PROPACK KENYA LTD,7,10
7 UP 350ML EMPTY BOTTLE,7,84.0,SBC KENYA LIMITED,7,10
FAY 100S PAPER SERVIETTES WHITE,8,743.6505362280932,KIM FAY EAST AFRICA LTD,7,10
VELVEX PREMIUM KITCHEN TOWEL PINK TWIN PACK 80S,6,519.3378785088056,CHANDARIA INDUSTRIES  LTD,7,10
TUSKER LITE 330ML BEER,6,1097.7182798871772,KENYA BREWERIES LTD,7,10
SUN TOP 125ML ORANGE FRUIT JUICE,8,561.9494682701245,BIDCO AFRICA LTD BEVERAGE,7,10
PICK N PEEL 1L WHITE GRAPE,6,421.4621012025934,KEVIAN KENYA LTD,7,10
DAIMA 500G BUTTER SALTED,6,2817.1876543842072,DEVYANI FOOD INDUSTRIES K LIMITED MILK AND YOGHURT,7,10
LATO 125ML UHT MILK VANILLA FLAVOUR,7,384.26842942162074,MUSTY DISTRIBUTION LIMITED,7,10
VASELINE 25G PETROLIUM JELLY,9,779.0068177632083,UNILEVER KENYA LIMITED,7,10
CHAPA MANDASHI 100G BAKING POWDER,8,157.55766016713096,KAPA OIL REFINERIES LTD,7,10
KERICHO GOLD 25SX 2G TEA BAGS,7,699.767379352474,GOLD CROWN BEVERAGES K LTD,7,10
MAGGI 70G MASALA NOODLES,7,502.8111251831495,RAJ KAMAL ENTERPRISE LIMITED,7,10
CADBURY 119G OREO SBERRY CREME,6,329.827341227126,HASBAH KENYA LTD CADBURY,7,10
MANYATTA 330ML P/APPLE& MINT CAN,5,917.7698927041121,KENYA BREWERIES LTD,7,10
AQUAMIST 500ML GLASS STILL WATER EMPTY BOTTLE,6,72.0,AQUAMIST LIMITED,7,10
SANTA MARIA 400G SPAGHETTI GREEN,5,663.5454545454546,DEBENHAM AND FEAR LTD,7,10
NESTLE 20G KITKAT 2 FINGER MILK,6,801.9651821862349,GLACIER PRODUCTS LTD 2ND,7,10
BIC J6 MAXI ASSORTED LIGHTER,7,605.8941915936066,BIC EAST AFRICA LIMITED,7,10
MACCOFFEE 34G 3 IN 1 MORNING,5,36.55267052334185,CHANDARIA INDUSTRIES LTD MACCOFFEE,7,10
MANJI 100G FAMILY,6,329.827341227126,MANJI FOOD INDUSTRIES LTD,7,10
TROP HEAT 18G SAFARI PUFFS BARBEQUE,8,224.0,TROPICAL HEAT LTD,7,10
BOUNTY 50G DOUBLE CHOCO BAR,6,920.8499226405363,RADBONE CLARK LIMITED MARS,7,10
MENTOS 14G PURE FRESH STRAWBERRY,7,149.50840171942167,WORLD BRANDS K LTD,7,10
DORMANS 1.6G INSTANT COFFEE 1S,4,29.242136418673482,DORMANS COFFEE LIMITED,7,10
GF 100G PEELED SALTED PEANUTS SUP,5,256.0,GREENFOREST FOODS,7,10
ALPRO 1LT ORIGINAL ALMOND MILK,4,346.22525233920373,HEALTHY U TWO THOUSAND LTD,7,10
DL 20G CHOCOLART REAL WHITE,4,534.6434547908233,GLACIER PRODUCTS LTD 2ND,7,10
ARIMIS 90ML MILKING JELLY,6,519.3378785088056,TRI CLOVER INDUSTRIES LTD,7,10
MANJI 60G DUOS CREAM,5,274.8561176892716,MANJI FOOD INDUSTRIES LTD,7,10
NESTLE 40G KITKAT CHUNKY MILK,5,668.3043184885291,GLACIER PRODUCTS LTD 2ND,7,10
ABUAUF 30G PRETZELS BBQ SMALL KNOT,6,168.0,ECO ESSENTIALS LIMITED,7,10
SKITTLES 38G SOUR,5,668.3043184885291,RADBONE CLARK LIMITED MARS,7,10
SAF 11G INSTANT YEAST,7,137.8629526462396,KRISH COMMODITIES LTD,7,10
FB TRI COLOUR CHOCOLATE FILLED DONUTS (ORD-36),4,534.6434547908233,KALON FOODS LIMITED BAKERY,7,10
PEP 70G TOMATO PASTE POUCH,7,209.25420560747665,PREMIER FOODS  LIMITED,7,10
GREENLEAF 5G COCKROACH KILLING BAIT,5,432.78156542400467,SOLOMON NGETHE,7,10
BUTTERFLY 500G POPCORN KERNELS,7,605.8941915936066,SPICE WORLD LTD,7,10
ANGELS 100G INSTANT DRY YEAST,6,118.16824512534822,ROSHNI DIST LTD  R D,7,10
BARR 330ML LEMONADE CAN,5,386.20155611612086,WORLD BRANDS K LTD,7,10
BIC ORANGE FINE BLACK PEN,4,65.29105935386927,BIC EAST AFRICA LIMITED,7,10
MENTOS 37.5GM FRUIT ROLLS 14S,5,62.900680776871866,WORLD BRANDS K LTD,7,10
MENTOS 135G MONO FRUIT,5,106.79171551387262,WORLD BRANDS K LTD,7,10
CADBURY 20G MINI LUNCH BAR,5,668.3043184885291,HASBAH KENYA LTD CADBURY,7,10
FLOYDEEZ 60G POPCORN CHOCOLATE FLV,6,168.0,MERAKI FOODS LIMITED,7,10
ABUAUF 30G PRETZELS HONEY MUSTARD SMALL KNOT,4,112.0,ECO ESSENTIALS LIMITED,7,10
LANZO 100G BATH SOAP ICE COOL MENTHOL,5,432.78156542400467,KAPA OIL REFINERIES LTD,7,10
MORO 30G PLAIN CHOCOLATE,4,534.6434547908233,HASBAH KENYA LTD CADBURY,7,10
MELVINS 20G 3IN1 INST. AFRICAN CHAI STICKS,5,499.8338423946243,MELVIN MARSH INTERNATIONAL LTD,7,10
NUTELLA 350G SPREAD,6,801.9651821862349,HASBAH KENYA LTD,7,10
KENYLON 70G TOMATO PASTE SACHETS,5,149.46728971962617,TRUFOODS LIMITED T F,7,10
MACCOFFEE 1.6G GOLD BREEZE DRIED STICKS,5,36.55267052334185,CHANDARIA INDUSTRIES LTD MACCOFFEE,7,10
POWER PLAY 400ML ORIGINAL ENERGY DRINK,5,646.169587873046,COCA COLA BEVERAGES KENYA LTD,7,10
MENTOS 37.5GM GRAPE ROLL 14S,5,62.900680776871866,WORLD BRANDS K LTD,7,10
ENO LEMON 4S,4,144.0,HALEON KENYA LTD,7,10
MENTOS 37.5GM MINT ROLLS 14S,4,50.32054462149749,WORLD BRANDS K LTD,7,10
KENYA CANE 250ML LEM&GING LIQUEUR,5,1013.7957124842371,UDV KENYA LIMITED,7,10
WHITEWASH 175G WHITE SOAP,4,376.16932308652736,PWANI OIL PRODUCTS LTD.,7,10
EVEREADY 4S AAA RED 1012BP4,4,346.22525233920373,HASBAH KENYA LTD,7,10
MARTENS 500ML 16.2% MEGA STRONG BEER,5,914.7652332393145,RIVERROSE DISTRIBUTORS LTD,7,10
JIK BLEACH 750ML REGULAR,3,259.6689392544028,TOWFIQ  K  LIMITED HQ,7,10
SWEETUNDA 30G TOMATO KETCHUP CRACKIES,5,220.39696969696973,BURTON AND BAMBER C LIMITED,7,10
ALWAYS 14S MAXI THICK LONG DUO,3,472.1490683229814,HASBAH KENYA LTD P AND G,7,10
GIFT WRAPPING PAPER ASSTD METALLIC SHINNY,3,259.6689392544028,Unknown,7,10
PANADOL ADVANCE 20 CAPLETS,4,144.0,HALEON KENYA LTD,7,10
HANAN SENSITIVE BABY WIPES 72S,4,573.4787219578518,ZENKO KENYA LIMITED,7,10
STIMOROL 14G 10S AIR RUSH MENTHOL,3,64.07502930832356,HASBAH KENYA LTD CADBURY,7,10
RITTER SPORT 100G CASHEW,3,400.98259109311743,WORLD BRANDS K LTD,7,10
TROP HEAT 20G POTATO CRISPS TOMATO,3,132.23818181818183,TROPICAL HEAT LTD,7,10
KRACKLES CURLS 75G SWEET KETCHUP,3,84.0,PROPACK KENYA LTD,7,10
SUN TOP 250ML BERRIES FRUIT JUICE,3,210.7310506012967,BIDCO AFRICA LTD BEVERAGE,7,10
KINDER BUENO 43G,4,534.6434547908233,HASBAH KENYA LTD,7,10
RINGOZ 25G SWEET PAPRIKA CORN,3,132.23818181818183,NORDA INDUSTRIES LTD.,7,10
HARIBO 25G ROULLETTE,3,37.740408466123114,ROSHNI DIST LTD  R D,7,10
SNAPPY TOM 85G POUCH CAT FOOD LAMB,5,761.8195302843019,MERIT AFRICA LTD,7,10
ROYCO 170G BEEF MCHUZI MIX SATCHET REFILL,3,259.6689392544028,UNILEVER KENYA LIMITED,7,10
PEP 700ML WHITE VINEGAR,3,259.6689392544028,PREMIER FOODS  LIMITED,7,10
DORMANS 18G 3IN1 CLASSIC COFFEE,5,36.55267052334185,DORMANS COFFEE LIMITED,7,10
TOBLERONE 35G MILK,3,400.98259109311743,TWIRL ENTERPRISES LTD,7,10
PRINGLES 165G SOUR CREAM &ONION,3,132.23818181818183,HASBAH KENYA LTD,7,10
HARIBO 80G GOLDBEAR HALAL,3,37.740408466123114,ROSHNI DIST LTD  R D,7,10
GORDONS & TONIC 330ML,4,646.6818338870432,UDV KENYA LIMITED,7,10
ROYCO 4G 28S BEEF CUBE,4,301.5809243450103,UNILEVER KENYA LIMITED,7,10
TING TIME 95G CAT CAN CHICKEN & TUNA,3,457.0917181705811,MERIT AFRICA LTD,7,10
DEL 1LT ORANGE JUICE BLEND,5,351.2184176688278,DELMONTE KENYA LTD,7,10
MAGGI 70G SPECIAL MASALA NOODLES,4,287.3206429617997,RAJ KAMAL ENTERPRISE LIMITED,7,10
KERICHO GOLD 250G PREMIUM TEA BLEND,5,499.8338423946243,GOLD CROWN BEVERAGES K LTD,7,10
DORMANS 18G 3IN1 IRISH CREAM COFFEE,4,29.242136418673482,DORMANS COFFEE LIMITED,7,10
PEARS 125G NATURAL OILS AMBER SOAP,2,173.11262616960187,TRADE ROOTS LTD,7,10
GF 250G PEELED N SALTED PEANUTS,2,102.4,GREENFOREST FOODS,7,10
SUN TOP 250ML BLACK CURRANT FRUIT JUICE,2,140.48736706753112,BIDCO AFRICA LTD BEVERAGE,7,10
CHAMPION FINE BALL PEN BLACK,4,65.29105935386927,ENOVA INDUSTRIES LIMITED,7,10
TREATOS 50G MILK BISCUITS,3,164.913670613563,CAPWELL INDUSTRIES LTD,7,10
TROP HEAT 50G KENYAN CHEVDA MILD,3,148.98656603773586,TROPICAL HEAT LTD,7,10
CHROME 250ML LEMON FLAVOUR,2,405.51828499369486,UDV KENYA LIMITED,7,10
SAVANNA 330ML ANGRY LEMON CIDER,2,367.1079570816448,KENYA WINE AGENCIES KWAL,7,10
7 UP SUGAR FREE 300ML CAN,4,308.9612448928967,NAJI SUPERSTORES,7,10
PEP 400G KETCHUP UPSIDE DOWN,4,346.22525233920373,PREMIER FOODS  LIMITED,7,10
WRIGLEYS ORBIT 20S SPEARMINT BOTTLE,3,64.07502930832356,RADBONE CLARK LIMITED MARS,7,10
SWEETUNDA 30G CHILLI SALT CRACKIES,3,132.23818181818183,BURTON AND BAMBER C LIMITED,7,10
PARLE 60GM KRACKJACK,3,164.913670613563,RAA LIMITED,7,10
KONYAGI 250ML,4,811.0365699873897,SLATER AND WHITTAKER LTD,7,10
PRINGLES 40G SOUR CREAM & ONION,4,176.31757575757578,HASBAH KENYA LTD,7,10
COSY 100S SERVIETTES WHITE,3,278.86895108553495,KIM FAY EAST AFRICA LTD,7,10
FRISKIES 85G CAT CHIC GRAVY,3,457.0917181705811,MERIT AFRICA LTD,7,10
WINDHOEK 330ML LAGER  NRB,3,548.8591399435886,KENYA WINE AGENCIES KWAL,7,10
GODREJ 10GM AER POWER POCKET BERRY RUSH,3,259.6689392544028,CANON CHEMICALS LTD,7,10
INDOMIE 85G MI GORENG SPECIAL NOODLES 5S,2,143.66032148089985,SALIM WAZARAN KENYA CO. LTD,7,10
TREATOS 50G GLUCOSE,2,109.94244707570866,CAPWELL INDUSTRIES LTD,7,10
SAMYANG 130G CARBO BULDAK STIR FRIED RAMYUN,2,143.66032148089985,KEVITA INTERNATIONAL CO LTD,7,10
KENYLON TOMATO PASTE 900G,2,59.78691588785047,TRUFOODS LIMITED T F,7,10
BARR 330ML CHERRYADE CAN,2,178.48499772317365,WORLD BRANDS K LTD,7,10
KEN 600ML HOME FRESH 4,2,173.11262616960187,KENPOLY MANUFACTURERS,7,10
NUTRAMEAL 500G POLISHED GREEN GRAM,2,173.11262616960187,KAMILI PACKERS LIMITED NORMAL,7,10
ZED CANDY JWB STRAWBERRY N CREAM,3,37.740408466123114,ROSHNI DIST LTD  R D,7,10
DEL 250ML PINEAPPLE ORANGE JUICE BLEND,2,140.48736706753112,DELMONTE KENYA LTD,7,10
CRISS CROSS 15G HAZELNUT CREAM,3,164.913670613563,CHANDARIA INDUSTRIES LIMITED TONI,7,10
ALPRO 1LT OAT DRINK,3,259.6689392544028,HEALTHY U TWO THOUSAND LTD,7,10
FRISKIES 85G CAT JUNIOR CHIC GRAVY,3,457.0917181705811,MERIT AFRICA LTD,7,10
HARIBO 160G STARMIX HALAL,2,25.160272310748745,ROSHNI DIST LTD  R D,7,10
KEN SWIVEL HANGERS 3S ASSORTED,2,173.11262616960187,KENPOLY MANUFACTURERS,7,10
HUNTERS CHOICE WHISKY 750ML,2,405.51828499369486,KENYA WINE AGENCIES KWAL,7,10
FAY KITCHEN TOWEL TWIN PACK WHITE,2,173.11262616960187,KIM FAY EAST AFRICA LTD,7,10
MIGLIORGATTO 100G ALU.TRAY CAT CHICKEN & RABBIT,2,173.11262616960187,LOKI VENTURES LIMITED,7,10
SEA KORUS 155G SARDINES IN VEG OIL,2,173.11262616960187,ARYUV AGENCIES LTD,7,10
LANZO 100G BATH SOAP ANTI BACTERIAL,2,173.11262616960187,KAPA OIL REFINERIES LTD,7,10
MACCOFFEE 24G CAFE PHO SATCHET,2,14.621068209336741,CHANDARIA INDUSTRIES LTD MACCOFFEE,7,10
PRIDE 400G LEMON DISH WASHING PASTE,2,173.11262616960187,CANON CHEMICALS LTD,7,10
PRETZO ORIGINAL 25G BBQ,2,56.0,PORTCROSS LTD  PC.,7,10
TENA 100S COCKTAIL NAPKINS,3,278.86895108553495,AFRICAN COTTON INDUSTRIES LTD,7,10
CIRIO 400GM PEELED PLUM TOMATOES,2,266.2868947268948,DEBENHAM AND FEAR LTD,7,10
NATURALLI 250G CHIA SEEDS,1,86.55631308480093,HEALTHY U TWO THOUSAND LTD,7,10
OXO SWING BIN LINER 24X29(60L),2,173.11262616960187,ECO ESSENTIALS LIMITED,7,10
MARYLAND 136G CHOC CHIP COOKIES,1,54.97122353785433,WORLD BRANDS K LTD,7,10
CDM 95G OREO CHOCOLATE,1,133.66086369770582,HASBAH KENYA LTD CADBURY,7,10
CURONIA 10% 500ML BEER,1,182.9530466478629,BIASHARA MERCHANT COMPANY SEZ LTD,7,10
VELVEX 500G COTTON WOOL,2,173.11262616960187,CHANDARIA INDUSTRIES  LTD,7,10
PEARS 125G MINT EXTRACT BLUE SOAP,1,86.55631308480093,TRADE ROOTS LTD,7,10
KETEPA 100S TEA BAGS JUMBO TAGGED,1,99.96676847892486,KENYA TEA PACKERS KETEPA,7,10
PERSIL 3LT MACHINE WASH LIQUID GEL LAVENDER,1,86.55631308480093,CHANDARIA INDUSTRIES LTD HENKEL C BRANDS,7,10
FLOYDEEZ 100G MABUYU SWEET,1,28.0,MERAKI FOODS LIMITED,7,10
TROP HEAT 40G HEROES SWEET CHILLI,1,44.079393939393945,TROPICAL HEAT LTD,7,10
TROP HEAT 100G CRISPS CHILLI LEMON,1,44.079393939393945,TROPICAL HEAT LTD,7,10
TEEKA FUN 15G SMALL CHOCOLATE EGG GIRL,1,133.66086369770582,TAIFA  IMPORTS LIMITED,7,10
CELINE SERVIETTES 200S VALUE PACK,2,185.9126340570233,JUBILEE TISSUE INDUSTRIES LTD,7,10
MANJI 125G CHOCO FINGERS MILK CHOCOLATE,1,54.97122353785433,MANJI FOOD INDUSTRIES LTD,7,10
COLGATE 70G TRIPLE ACTION,1,86.55631308480093,Unknown,7,10
BARAKA CHAI LOOSE 500GM,2,173.11262616960187,GOLD CROWN BEVERAGES K LTD,7,10
VASELINE 200ML COCOA GLOW LOTION,2,173.11262616960187,UNILEVER KENYA LIMITED,7,10
TROP HEAT 200G CRISPS TOMATO,1,44.079393939393945,TROPICAL HEAT LTD,7,10
TECHPAK 25S 200ML WHITE CUPS SWRAPPED,1,86.55631308480093,TECHPAK INDUSTRIES LTD,7,10
PARLE 60G MILK POWER BISCUITS,1,54.97122353785433,RAA LIMITED,7,10
KOL 425G SWEET CORN OFF COB,1,133.1434473634474,NJORO CANNING FACTORY,7,10
DETTOL 90G ORIGINAL SOAP,2,173.11262616960187,TOWFIQ  K  LIMITED HQ,7,10
VASELINE 240G COCOA BUTTER PJELLY,1,86.55631308480093,UNILEVER KENYA LIMITED,7,10
PRINGLES 165G SALT& VINEGAR,2,88.15878787878789,HASBAH KENYA LTD,7,10
DL 80G MINT CRUNCH CHOCOLATE,2,267.32172739541164,GLACIER PRODUCTS LTD 2ND,7,10
GODREJ 10GM AER POWER POCKET JASMINE FLORAL DELIGHT,1,86.55631308480093,CANON CHEMICALS LTD,7,10
PRIDE 400G LIME DISH WASHING PASTE,1,86.55631308480093,CANON CHEMICALS LTD,7,10
MR.BERRYS 5PCS XPLOSIVE GUMBALLS ENERGY FLV,1,21.358343102774523,MZURI SWEETS LIMITED,7,10
SAFARICOM 1000/=,2,173.11262616960187,Unknown,7,10
SHANI 300ML CAN DRINK,1,77.24031122322417,NAJI SUPERSTORES,7,10
TROP HEAT 45GMS GARAM MASALA JAR,1,86.55631308480093,TROPICAL HEAT LTD,7,10
EVEREADY AAA BLUE 912 SW4,1,86.55631308480093,HASBAH KENYA LTD,7,10
USHINDI 800G DISH WASHING LIQUID LEMON,1,86.55631308480093,PWANI OIL PRODUCTS LTD.,7,10
COFFEE BREAK 12G 2IN1 SATCHET,1,7.3105341046683705,BEST BUY COMMODITY LIMITED,7,10
NATURALLI 100G PUMPKIN SEEDS,1,86.55631308480093,HEALTHY U TWO THOUSAND LTD,7,10
ZESTA 500G MIXED FRUIT JAM  TIN,1,86.55631308480093,TRUFOODS LIMITED T F,7,10
GOLDEN 400G DIGESTIVE CLASSIC BISCUITS,1,54.97122353785433,TRUFOODS LIMITED T F,7,10
NALA 70G INSTANT NOODLES SINGLE PACK,1,71.83016074044993,KAPA OIL REFINERIES LTD,7,10
NUVITA 200G SHORTBREAD REGULAR,1,54.97122353785433,MJENGO LIMITED,7,10
EUREKA 50G RS MIXED NUTS,2,102.4,EUREKA NUTS LIMITED MEDIUM INDUSTRIAL,7,10
PRISTINE 1L COOKING CREAM UNSWEETENED,2,564.3183722321963,SKYPEX SUPPLIES LIMITED,7,10
MIGLIORGATTO 100G POUCH CAT SALMON & TUNA,2,304.72781211372074,LOKI VENTURES LIMITED,7,10
SUNVEAT CLUB 99 PROMO PACK CREAMY 3PCS,2,109.94244707570866,SUNVEAT FOODS LIMITED,7,10
PARLE 75G HIDE & SEEK CHOCO ROLLS,2,109.94244707570866,RAA LIMITED,7,10
MCVITIES 112G TASTIES CHOCO VANILLA SANDWICH BISCUITS,2,109.94244707570866,WORLD BRANDS K LTD,7,10
HING 50G POWDER,2,588.7619274241523,RAJ KAMAL ENTERPRISE LIMITED,7,10
TECHPAK 40S 50ML SHORT GLASSES,2,173.11262616960187,TECHPAK INDUSTRIES LTD,7,10
ALICAFE 25G FRENCH ROAST CAPPUCCINO,2,14.621068209336741,SPREAD MASTERS LIMITED,7,10
YOU C-1000 140ML HEALTH DRINK MANGO,2,178.48499772317365,PORTCROSS LTD  PC.,7,10
MOLPED PURE&SOFT EX LONG 7S,2,314.7660455486543,HAYAT KIMYA  K  H PRODUCTS LTD,7,10
BONIKA 400G PEANUTS JUMBO BROWN,1,51.2,BRIGHT BONIKA FOOD LIMITED,7,10
DOMESTOS 900G POWDER,1,86.55631308480093,UNILEVER KENYA LIMITED,7,10
MR.BERRYS BIGG DADDY MEGA MIX ASST LOLLIPOPS 50S,1,12.580136155374372,MZURI SWEETS LIMITED,7,10
