sku,qty,est_cost,supplier,lead_time_days,day_generated,arrival_day
BROOKSIDE 500ML DAIRY BEST (POUCH),10174,445128.32326903025,BROOKSIDE DAIRY LIMITED,2,1,4
ILARA FRESH MILK 500ML SATCHET,3036,136552.9069727097,BROOKSIDE DAIRY LIMITED,2,1,4
TUZO 500ML FRESH MILK (POUCH),1827,86234.49456215832,BROOKSIDE DAIRY LIMITED,2,1,4
BROOKSIDE 500ML TR FRESH MILK,1722,89505.62042132713,BROOKSIDE DAIRY LIMITED,2,1,4
TUZO 450ML ESL WHOLE MILK 30DAYS,992,44044.65534086767,BROOKSIDE DAIRY LIMITED,2,1,4
FRESHA 500ML WHOLE MILK POUCH,776,35276.507681072835,GITHUNGURI DAIRY FARMERS,2,1,4
FESTIVE 400G MILKY WHITE SLICED,847,44044.19621242834,DPL FESTIVE  LIMITED,2,1,4
BROOKSIDE 1LT UHT WHOLE MILK,767,95353.89620817843,BROOKSIDE DAIRY LIMITED,2,1,4
NATURES 400G GOLD WHITE,706,36712.19799481175,DPL FESTIVE  LIMITED,2,1,4
BIO 2L WHOLE FRESH MILK,724,184400.88793718774,BIO FOOD PRODUCTS LTD,2,1,4
FESTIVE 600G FAMILY WHITE BREAD,708,56640.41605342238,DPL FESTIVE  LIMITED,2,1,4
FESTIVE 800G WHITE MILKY BREAD,721,74984.0,DPL FESTIVE  LIMITED,2,1,4
DAIMA 500ML FINO MAZIWA BORA,644,24552.782060266294,DEVYANI FOOD INDUSTRIES K LIMITED MILK AND YOGHURT,2,1,4
BROOKSIDE 500ML LACTOSE FREE UHT MILK FINO,644,38961.69147237305,BROOKSIDE DAIRY LIMITED,2,1,4
TUZO 500ML WHOLE MILK (FINO PACK) 180DAYS,587,24008.026001267794,BROOKSIDE DAIRY LIMITED,2,1,4
BROOKSIDE 250ML UHT WHOLE MILK,543,18245.00930904886,BROOKSIDE DAIRY LIMITED,2,1,4
FRESHA MAISHA 250ML LONG LIFE MILK,559,13416.205114092421,GITHUNGURI DAIRY FARMERS,2,1,4
KCC 500ML FRESH WHOLE MILK TFA 21,491,20782.040233236152,NEW KENYA COOP CREAMERIES  LTD,2,1,4
NATURES 600G WHITE BREAD,535,42800.423495547366,DPL FESTIVE  LIMITED,2,1,4
DAIMA 450ML ESL MAZIWA BORA,395,14141.514271407113,DEVYANI FOOD INDUSTRIES K LIMITED MILK AND YOGHURT,2,1,4
DAIMA 500ML WHOLE ESL POUCH,393,15389.004856381403,DEVYANI FOOD INDUSTRIES K LIMITED MILK AND YOGHURT,2,1,4
MUMIAS 2KG SUGAR,291,74679.58517195175,Unknown,2,1,4
KCC 500ML FRESH W/MILK (POUCH)-84,337,15203.243578274762,NEW KENYA COOP CREAMERIES  LTD,2,1,4
MUMIAS 1KG SUGAR,231,29916.301999216,Unknown,2,1,4
BIO 1L FRESH WHOLE MILK,332,45386.257372244174,BIO FOOD PRODUCTS LTD,2,1,4
SOKO 2KG MAIZE MEAL,291,34022.963861455,CAPWELL INDUSTRIES LTD,2,1,4
ILARA  POUCH FRESH MILK 1LTR,257,24063.853950225493,BROOKSIDE DAIRY LIMITED,2,1,4
KCC 500ML GOLD CROWN  (POUCH)-55,252,11583.5613986014,NEW KENYA COOP CREAMERIES  LTD,2,1,4
BROOKSIDE 2LTR FRESH MILK STANDARD BOTTLE,258,53033.45971943888,BROOKSIDE DAIRY LIMITED,2,1,4
NATURES 800G WHITE BREAD,244,25376.3972862958,DPL FESTIVE  LIMITED,2,1,4
FESTIVE 600G FAMILY BRWN BREAD,230,18400.045544554458,DPL FESTIVE  LIMITED,2,1,4
FESTIVE 400G WHOLE MEAL,203,10556.07079337402,DPL FESTIVE  LIMITED,2,1,4
BROOKSIDE 2LTR FRESH MILK WHOLE BOTTLE,188,38645.949417637275,BROOKSIDE DAIRY LIMITED,2,1,4
FRESHA MAISHA 500ML LONG LIFE MILK,186,8251.527125902361,GITHUNGURI DAIRY FARMERS,2,1,4
FESTIVE 800G SUPREME WHOLE MEAL,175,18200.0,DPL FESTIVE  LIMITED,2,1,4
BROOKSIDE 1LT UHT LOWFAT MILK,178,21774.94039735099,BROOKSIDE DAIRY LIMITED,2,1,4
BIO 2L SEMI SKIMMED FRESH MILK,175,42785.65183039242,BIO FOOD PRODUCTS LTD,2,1,4
BROOKSIDE 1L FARM FRESH MILK,170,17680.0,BROOKSIDE DAIRY LIMITED,2,1,4
FESTIVE 400G FINEST SUPER SEEDED BREAD,170,17680.036559139786,DPL FESTIVE  LIMITED,2,1,4
FRESHA 500ML ASEPTIC WHOLE MILK,162,6998.443475343846,GITHUNGURI DAIRY FARMERS,2,1,4
BROADWAY 400G WHITE SLICED BREAD,148,7696.0,BROADWAYS BAKERY LTD,2,1,4
BROOKSIDE 1LTR FRESH MILK STANDARD,149,15494.115202168512,BROOKSIDE DAIRY LIMITED,2,1,4
FRESHA 5L WHOLE MILK,148,59137.811074918565,GITHUNGURI DAIRY FARMERS,2,1,4
FESTIVE 400G WHITE SLICED,152,7661.039842209074,DPL FESTIVE  LIMITED,2,1,4
BROOKSIDE 1L LACTOSE FREE UHT MILK,144,20070.04061926004,BROOKSIDE DAIRY LIMITED,2,1,4
SUPA 400G BUTTER TOAST BREAD,160,8320.287883047511,MINI BAKERIES NBI  LTD,2,1,4
BROOKSIDE 200ML  WHOLE MILK TCA,134,3430.464287856072,BROOKSIDE DAIRY LIMITED,2,1,4
SUPA 400G WHITE SLICED BREAD CT,128,6656.0,MINI BAKERIES NBI  LTD,2,1,4
FESTIVE 300G 6S PREM SESSAME SLICED BURGER BUNS,140,14560.0,DPL FESTIVE  LIMITED,2,1,4
BIO 1L FRESH SEMI SKIMMED MILK,136,17090.465185185185,BIO FOOD PRODUCTS LTD,2,1,4
FESTIVE 300G 6S PREM PLAIN BURGER BUNS,127,12192.0,DPL FESTIVE  LIMITED,2,1,4
FESTIVE 300G 6S DELUXE ROLLS,123,11808.0,DPL FESTIVE  LIMITED,2,1,4
BROADWAY 400G NATURAL BROWN BREAD,121,6292.234269119071,BROADWAYS BAKERY LTD,2,1,4
TUZO 250ML UHT WHOLE MILK,108,3456.0,BROOKSIDE DAIRY LIMITED,2,1,4
AMAIZE 2KG SIFTED MAIZE FLOUR,80,9695.932791906309,CAPWELL INDUSTRIES LTD,2,1,4
SUPA LOAF WHITE BREAD 600G,96,7680.0,MINI BAKERIES NBI  LTD,2,1,4
SUPA 600G WHITE BUTTER TOAST,96,7680.0,MINI BAKERIES NBI  LTD,2,1,4
NATURES 400G GOLD  BROWN,91,4732.176356589147,DPL FESTIVE  LIMITED,2,1,4
BROADWAYS 600G WHITE BREAD,89,7049.207374443738,BROADWAYS BAKERY LTD,2,1,4
KINGSMIL 400G KUBWA WAO WHITE BREAD,87,4524.0,KENAFRIC BAKERY LTD,2,1,4
KINGSMIL 200G SLICED WHITE BREAD,84,2352.1915621436715,KENAFRIC BAKERY LTD,2,1,4
BIO 1L FRESH SKIMMED MILK,84,10341.037623762377,BIO FOOD PRODUCTS LTD,2,1,4
BROOKSIDE 250ML UHT LOW FAT MILK,74,2486.4,BROOKSIDE DAIRY LIMITED,2,1,4
FRESHA 2LT WHOLE MILK,71,11928.0,GITHUNGURI DAIRY FARMERS,2,1,4
FESTIVE 350G SLICED SUB ROLLS 4S,72,8064.0,DPL FESTIVE  LIMITED,2,1,4
TUZO 450ML ESL WHOLE MILK 90DAYS,75,2756.3976506417225,BROOKSIDE DAIRY LIMITED,2,1,4
FESTIVE 350G LONG SLICED ROLLS 4S,69,5520.0,DPL FESTIVE  LIMITED,2,1,4
HOSTESS 2KG FLOUR,45,5453.962195447299,UNGA LTD,2,1,4
BROADWAY 800G WHITE SANDWICH SLICED BREAD,63,6552.078018575852,BROADWAYS BAKERY LTD,2,1,4
BROOKSIDE 3L FARM FRESH MILK,59,2619.591396281444,BROOKSIDE DAIRY LIMITED,2,1,4
SUPA 400G BARREL WHITE BREAD,62,3224.0771984435805,MINI BAKERIES NBI  LTD,2,1,4
SUPA 800G SWICH WHITE BREAD,65,6760.0,MINI BAKERIES NBI  LTD,2,1,4
EXE 2KG CHAPATI FLOUR,50,6771.86440677966,UNGA LTD,2,1,4
TUZO 1L UHT WHOLE MILK,59,2619.591396281444,BROOKSIDE DAIRY LIMITED,2,1,4
NATURES 600G BROWN BREAD,61,4880.0,DPL FESTIVE  LIMITED,2,1,4
KINGSMIL 400G KUBWA WAO BROWN BREAD,59,3068.0,KENAFRIC BAKERY LTD,2,1,4
SOKO 1KG MAIZE MEAL FLOUR,54,3423.667532467533,CAPWELL INDUSTRIES LTD,2,1,4
BIO 1L BARISTA FRESH MILK,57,8161.6875,BIO FOOD PRODUCTS LTD,2,1,4
BROADWAYS 600G BROWN BREAD,47,3760.0,BROADWAYS BAKERY LTD,2,1,4
BROADWAY 200G WHITE KADOGO  BREAD,50,4000.0,BROADWAYS BAKERY LTD,2,1,4
EXE 2KG SELF RAISING,35,4901.835497835497,UNGA LTD,2,1,4
SUPA 800G WHITE BUTTER TOAST,45,3600.0,MINI BAKERIES NBI  LTD,2,1,4
EXE 1KG SELF RAISING,27,3272.3773172683796,UNGA LTD,2,1,4
KINGSMIL 200G SLICED BROWN BREAD,35,2800.0,KENAFRIC BAKERY LTD,2,1,4
BROADWAY 800G BROWN SANDWICH SLICED BREAD,32,2560.0,BROADWAYS BAKERY LTD,2,1,4
FAMILA 1KG PURE WIMBI FLOUR,21,2545.182357875406,UNGA LTD,2,1,4
SUPA 600G BARREL WHITE BREAD,28,2240.0,MINI BAKERIES NBI  LTD,2,1,4
FESTIVE 400G ZERO WHITE BREAD SF,23,1840.0,DPL FESTIVE  LIMITED,2,1,4
BUTTERFLY 1KG ATTA MARK 1 FLOUR,17,2060.3857182800907,SPICE WORLD LTD,2,1,4
DAIMA 200ML MILK FINO BORA,25,499.559597893729,DEVYANI FOOD INDUSTRIES K LIMITED MILK AND YOGHURT,2,1,4
FESTIVE 400G SILINDA WHITE BREAD,22,1760.0,DPL FESTIVE  LIMITED,2,1,4
SIMPLIFINE 800G WHOLEMEAL LOAF,21,1680.0,BIGCOLD KENYA SIMPLIFINE SHELF BREAD,2,1,4
BROADWAY 400G PREMIUM SANDWICH BREAD,22,1760.0,BROADWAYS BAKERY LTD,2,1,4
FESTIVE 400GM BROWN SLICED,21,1680.0,DPL FESTIVE  LIMITED,2,1,4
CAPTAIN COOK 5L PURE CORN OIL,14,12942.885518056582,KAPA OIL REFINERIES LTD,2,1,4
SIMPLIFINE 800G WHITE FAMILY LOAF,18,1440.0,BIGCOLD KENYA SIMPLIFINE SHELF BREAD,2,1,4
AMAIZE 2KG PREMIUM MAIZE FLOUR,17,2491.0032786885245,CAPWELL INDUSTRIES LTD,2,1,4
SIMPLIFINE 600G WHOLEMEAL LOAF,16,1280.0,BIGCOLD KENYA SIMPLIFINE SHELF BREAD,2,1,4
JOGOO 2KG WIMBI MEAL,13,1575.5890786847754,UNGA LTD,2,1,4
SUPA 600G BARREL BROWN BREAD,13,1040.0,MINI BAKERIES NBI  LTD,2,1,4
AJAB 2KG SELF RAISING FLOUR,11,1333.1907588871175,GRAIN INDUSTRIES LIMITED,2,1,4
MOLO UHT MILK 500ML ESL 90DAYS,11,412.6487358006596,BROOKSIDE DAIRY LIMITED,2,1,4
KINGSMIL 250G SCONES,12,960.0,KENAFRIC BAKERY LTD,2,1,4
FESTIVE 400G SILINDA  BROWN BREAD,12,960.0,DPL FESTIVE  LIMITED,2,1,4
FESTIVE 300G 6S PREM BROWN BURGER BUNS,12,960.0,DPL FESTIVE  LIMITED,2,1,4
BROADWAY 400G 50/50 BREAD,10,800.0,BROADWAYS BAKERY LTD,2,1,4
SIMPLIFINE 600G BROWN LOAF,10,800.0,BIGCOLD KENYA SIMPLIFINE SHELF BREAD,2,1,4
BROADWAYS 200G MANDO BITES 4S,11,880.0,BROADWAYS BAKERY LTD,2,1,4
SUPA 1.5KG BUTTER TOAST BREAD,10,800.0,MINI BAKERIES NBI  LTD,2,1,4
FESTIVE 1.5KG BROWN BREAD,9,720.0,DPL FESTIVE  LIMITED,2,1,4
SOKO 2KG NUTRIGO WHOLE GRAIN MAIZE MEAL,7,848.3941192918021,CAPWELL INDUSTRIES LTD,2,1,4
QUENCHER 500ML DRINKING WATER,1117,23634.479525309504,EXCEL CHEMICALS LTD,2,1,4
WHITE CAP 500ML LAGER CANS,776,141781.52864738117,KENYA BREWERIES LTD,2,1,4
QUENCHER 300ML DRINKING WATER,763,11767.103541180393,EXCEL CHEMICALS LTD,2,1,4
KERINGET 500ML MINERAL WATER,670,30094.19836981409,COCA COLA BEVERAGES KENYA LTD,2,1,4
AQUAMIST 300ML MINERAL WATER,589,14454.517518521294,AQUAMIST LIMITED,2,1,4
BIO 200ML GREEK STYLE NATURE PLAIN YOGHURT,591,81731.83158782002,BIO FOOD PRODUCTS LTD,2,1,4
DUNHILL 20S SWITCH,553,207928.0,NOBLE OUTLOOK LIMITED,2,1,4
COKE PET 350ML,533,20724.859327669008,COCA COLA BEVERAGES KENYA LTD,2,1,4
NUTFIELD 20G MAC NUTS LOCAL,519,26572.800000000003,KENYA NUT COMPANY,2,1,4
KERINGET 18.9LT MINERAL WATER REFIL,516,247117.08862668776,COCA COLA BEVERAGES KENYA LTD,2,1,4
NUTFIELDS 20G MIXED NUTS,498,21912.0,KENYA NUT COMPANY,2,1,4
NUTFIELDS 20G CASHEW NUTS ROASTED AND SALTED,498,27888.0,KENYA NUT COMPANY,2,1,4
QUENCHER 1LT DRINKING WATER,488,18810.8641794461,EXCEL CHEMICALS LTD,2,1,4
COKE PET 500ML,484,25744.106419215,COCA COLA BEVERAGES KENYA LTD,2,1,4
EMBASSY BY DUNHILL BLUE 20S,433,159344.43832969057,NOBLE OUTLOOK LIMITED,2,1,4
TUSKER 500ML LAGER BEER,448,74905.6,KENYA BREWERIES LTD,2,1,4
TUSKER CAN 500ML BEER,429,72997.84265912551,KENYA BREWERIES LTD,2,1,4
COKE ZERO 330ML CAN,411,31752.859388100514,COCA COLA BEVERAGES KENYA LTD,2,1,4
AQUAMIST 20LT MINERAL WATER,397,167525.1208064262,AQUAMIST LIMITED,2,1,4
NESTLE 41.5G KITKAT 4 FINGER MILK,376,50256.48475033739,GLACIER PRODUCTS LTD 2ND,2,1,4
AQUAMIST 500ML MINERAL WATER,362,14290.95471143757,AQUAMIST LIMITED,2,1,4
WHITE CAP 500ML LAGER BEER,345,65964.0,KENYA BREWERIES LTD,2,1,4
COKE 330ML CAN,342,26690.984014209596,COCA COLA BEVERAGES KENYA LTD,2,1,4
KRACKLES PERFECTLY SALTED 30G,317,10475.29715942029,PROPACK KENYA LTD,2,1,4
SCHWEPPES SODA WATER 500ML PET,298,18039.82778754837,COCA COLA BEVERAGES KENYA LTD,2,1,4
AQUAMIST 500ML SPARKLING WATER,314,17306.974976022084,AQUAMIST LIMITED,2,1,4
BIO 150ML VANILLA YOGHURT,326,30322.135229186155,BIO FOOD PRODUCTS LTD,2,1,4
BROOKSIDE 500ML NATURAL LALA BOTTLE,326,23472.69709321751,BROOKSIDE DAIRY LIMITED,2,1,4
DASANI 500ML MINERAL WATER,272,7308.816056196688,COCA COLA BEVERAGES KENYA LTD,2,1,4
SPRITE 330ML CAN REGULAR,304,23475.809335684888,COCA COLA BEVERAGES KENYA LTD,2,1,4
OLA 40G CHEESE CRUNCH TORTILA CHIPS,286,14739.475728155341,PROPACK KENYA LTD,2,1,4
WRIGLEYS ORBIT 10S PEPPERMINT SF,289,15858.532371134022,RADBONE CLARK LIMITED MARS,2,1,4
PICK N PEEL 250ML MANGO,267,15114.908771201954,KEVIAN KENYA LTD,2,1,4
COCA COLA 300ML,275,8800.0,COCA COLA BEVERAGES KENYA LTD,2,1,4
COCA COLA 300ML EMPTY BOTTLE,286,3432.0,COCA COLA BEVERAGES KENYA LTD,2,1,4
OLA 40G MEXICAN CRUNCH TORTILA CHIPS,254,13099.367768595044,PROPACK KENYA LTD,2,1,4
AQUAMIST 1LTR SPARKLING WATER,250,19006.484912652202,AQUAMIST LIMITED,2,1,4
PICK N PEEL 250ML APPLE,253,14403.993360995852,KEVIAN KENYA LTD,2,1,4
KRACKLES POTATO CRISP BBQ30G,268,11700.108359133126,PROPACK KENYA LTD,2,1,4
SPRITE PET 500ML,255,13482.992932000976,COCA COLA BEVERAGES KENYA LTD,2,1,4
KERINGET 18.9LT MINERAL WATER REFIL EMPTY BOTTLE,246,196633.3844143272,COCA COLA BEVERAGES KENYA LTD,2,1,4
WRIGLEYS JUICY FRUIT 10S CLASSIC,247,5269.282154882156,RADBONE CLARK LIMITED MARS,2,1,4
ILARA 500ML MAZIWA LALA,264,19008.0,BROOKSIDE DAIRY LIMITED,2,1,4
PICK N PEEL 250ML TROPICAL MIX,234,13253.859574468084,KEVIAN KENYA LTD,2,1,4
KRACKLES CHEESE & ONION 30G,254,11259.09984007311,PROPACK KENYA LTD,2,1,4
KERINGET 1LT SPARKLING MINERAL WATER,233,19632.841170250267,COCA COLA BEVERAGES KENYA LTD,2,1,4
SPRITE PET 350ML,214,8325.5161813136,COCA COLA BEVERAGES KENYA LTD,2,1,4
MAYERS 1L SPARKLING WATER PLASTIC,219,16860.10024263432,MALACHITE LIMITED,2,1,4
TUSKER LITE 500ML CAN,235,48611.40676898223,KENYA BREWERIES LTD,2,1,4
BALOZI 500ML CAN,233,38311.94205566761,KENYA BREWERIES LTD,2,1,4
FANTA ORANGE PET 350ML,224,8723.971700394219,COCA COLA BEVERAGES KENYA LTD,2,1,4
ISINYA 6S EGGS,229,22936.292004244788,ISINYA FEEDS LIMITED,2,1,4
GUINNESS 500ML CAN,200,36590.60932957258,KENYA BREWERIES LTD,2,1,4
KRACKLES BANG BANG CHILLI 30G,200,8815.87878787879,PROPACK KENYA LTD,2,1,4
VELVEX 100S WHITE SERVIETTES,218,20264.47711221554,CHANDARIA INDUSTRIES  LTD,2,1,4
WRIGLEYS P.K 10S CHEWING GUM PEPPERMINT,207,4417.112732840011,RADBONE CLARK LIMITED MARS,2,1,4
PICK N PEEL 250ML ORANGE JUICE,205,15522.554604932062,KEVIAN KENYA LTD,2,1,4
SCHWEPPES TONIC WATER 500ML PET,202,12263.016680707668,COCA COLA BEVERAGES KENYA LTD,2,1,4
ISINYA 30S EGGS,204,88337.38270509978,ISINYA FEEDS LIMITED,2,1,4
WRIGLEYS ORBIT 10S BUBBLEMINT SF,188,10336.682666666666,RADBONE CLARK LIMITED MARS,2,1,4
COKE ZERO SUGAR 300ML,189,6048.0,COCA COLA BEVERAGES KENYA LTD,2,1,4
COKE ZERO SUGAR 300ML EMPTY BOTTLE,199,2388.0,COCA COLA BEVERAGES KENYA LTD,2,1,4
MAYERS 1LT SPRING MINERAL WATER,175,9860.007084661709,MALACHITE LIMITED,2,1,4
WRIGLEYS P.K 10S CHEWING GUM MENTHOL,186,3963.2822622107974,RADBONE CLARK LIMITED MARS,2,1,4
KRACKLES SALT&VINEGAR 30GM,195,8452.556244464127,PROPACK KENYA LTD,2,1,4
COKE PET 2LTS,202,26602.596645903213,COCA COLA BEVERAGES KENYA LTD,2,1,4
PICK N PEEL 1L ORANGE JUICE,176,46002.195429064246,KEVIAN KENYA LTD,2,1,4
COKE 1.25L PET,191,19529.896635086574,COCA COLA BEVERAGES KENYA LTD,2,1,4
KERINGET 1LT MINERAL WATER,187,12995.276103500762,COCA COLA BEVERAGES KENYA LTD,2,1,4
PREDATOR 400ML ENERGY DRINK PET,180,9067.028153310106,COCA COLA BEVERAGES KENYA LTD,2,1,4
PILSNER 500ML LAGER BEER,171,28591.200000000004,KENYA BREWERIES LTD,2,1,4
BIO 150ML NATURAL YOGHURT,203,18739.22,BIO FOOD PRODUCTS LTD,2,1,4
MAGGI 4G 28S CUBE FORTIFIED,183,15532.247966919365,NESTLE KENYA LTD,2,1,4
DASANI 1L MINERAL WATER,182,8407.828032683849,COCA COLA BEVERAGES KENYA LTD,2,1,4
FANTA ORANGE PET 500ML,189,9988.59880239521,COCA COLA BEVERAGES KENYA LTD,2,1,4
PICK N PEEL 250ML PINEAPPLE JUICE,166,9376.769975447212,KEVIAN KENYA LTD,2,1,4
BALOZI 500ML BEER,162,26936.316986301365,KENYA BREWERIES LTD,2,1,4
AQUAMIST 20LT MINERAL WATER EMPTY BOTTLE,162,123774.49618988133,AQUAMIST LIMITED,2,1,4
BIO 150ML STRAWBERRY YOGHURT,190,17969.684577403426,BIO FOOD PRODUCTS LTD,2,1,4
MENENGAI CREAM 1KG SOAP,165,27059.827770204487,MENENGAI O REFINERIES LTD,2,1,4
SUNLIGHT 175G PURE SOAP YELLOW,165,9403.7997997998,UNILEVER KENYA LIMITED,2,1,4
KIRICHWA 2KG ICE CUBES,144,23040.0,KIRICHWA WATER LIMITED,2,1,4
DUNHILL 20S DOUBLE CAP,149,56024.0,NOBLE OUTLOOK LIMITED,2,1,4
URBAN STIX 35G BARBEQUE SNACKS,156,4368.0,NORDA INDUSTRIES LTD.,2,1,4
MAYERS 500ML SPARKLING WATER PLASTIC,154,9157.895750708216,MALACHITE LIMITED,2,1,4
FANTA BLACKCURRANT PET 500ML,162,8576.06801727001,COCA COLA BEVERAGES KENYA LTD,2,1,4
AQUAMIST 1LT MINERAL WATER,143,8753.58362706083,AQUAMIST LIMITED,2,1,4
KCC 500ML FILPACK MALA,170,8823.46716348393,NEW KENYA COOP CREAMERIES  LTD,2,1,4
TENA 10S WHITE TOILET ROLLS,147,52999.83942573164,AFRICAN COTTON INDUSTRIES LTD,2,1,4
HANAN 10PK TISSUE PAPER,144,50851.74723127036,ZENKO KENYA LIMITED,2,1,4
DL 37G FILLED CHOCOLATES MINT CHOC,151,8417.508190415132,GLACIER PRODUCTS LTD 2ND,2,1,4
VELVEX SNOW WHITE 10 PACK,161,58890.74027149321,CHANDARIA INDUSTRIES  LTD,2,1,4
ISINYA 15S EGGS,156,38714.395372332416,ISINYA FEEDS LIMITED,2,1,4
BROOKSIDE 500ML SWEET LALA BOTTLE,159,12084.044647244647,BROOKSIDE DAIRY LIMITED,2,1,4
BIO 200ML GREEK STYLE YOGHURT VANILLA,163,22461.701851851853,BIO FOOD PRODUCTS LTD,2,1,4
LEADAV YELLOW YOLK EGGS 30PACK TRAY,151,58953.004851752026,LEADAV POULTRY FARM LTD,2,1,4
KNORR 51G 6S CHICKEN CUBES,135,10178.356196644098,UNILEVER KENYA LIMITED,2,1,4
ILARA 500ML TNC PLAIN CUP,156,14657.932137931037,BROOKSIDE DAIRY LIMITED,2,1,4
GOLD CROWN 500ML ASEPTIC LONG LIFE 24,149,5815.130818143281,NEW KENYA COOP CREAMERIES  LTD,2,1,4
LYONS 60ML TOFF N CHOCO W NUTS STICKLINE,146,8027.233684210527,RAZCO LTD,2,1,4
AQUAMIST 1.5LT MINERAL WATER,131,9668.03746223565,AQUAMIST LIMITED,2,1,4
BROOKSIDE 1L NATURAL LALA BOTTLE,152,20064.12813487882,BROOKSIDE DAIRY LIMITED,2,1,4
KRAC KURLS 25G TANGY CHEESE,120,3752.593886462882,PROPACK KENYA LTD,2,1,4
AQUAMIST 5LT MINERAL WATER,126,21573.90533286859,AQUAMIST LIMITED,2,1,4
FANTA BLACK CURRANT 350ML PET,127,4936.299436899636,COCA COLA BEVERAGES KENYA LTD,2,1,4
SOFTLEAF 10S VIRGIN TOILET PAPER,111,38349.36511755058,KAPA OIL REFINERIES LTD,2,1,4
BIO 150ML BERRY COCKTAIL YOGHURT,144,12844.135895465028,BIO FOOD PRODUCTS LTD,2,1,4
7 UP 300ML,106,5638.172067018161,SBC KENYA LIMITED,2,1,4
BIO 150ML MANGO YOGHURT,141,13352.97011494253,BIO FOOD PRODUCTS LTD,2,1,4
KABARNET 300ML MINERAL WATER,125,1903.6250647332988,KHETIA DRAPERS LTD,2,1,4
BROOKSIDE 500G SALTED BUTTER,135,81123.31854199682,BROOKSIDE DAIRY LIMITED,2,1,4
KENSALT 1KG IODIZED SALT,113,3734.0964637681163,KENSALT LIMITED,2,1,4
FANTA ORANGE PET 2LTS,133,16330.54692843572,COCA COLA BEVERAGES KENYA LTD,2,1,4
OXYRICH 1L SPRING WATER,116,4325.953776630085,AQUAMIST LIMITED,2,1,4
CARTOONS 30G TANGY TOMATO CRISPS,111,4998.8706051873205,PROPACK KENYA LTD,2,1,4
BLUE BAND 500G MED FAT SPREAD,100,21961.80125543216,SUPER SAVERS DISTRIBUTION LTD,2,1,4
ROTHMANS SWITCH BLUE 20S,108,31536.068489892983,NOBLE OUTLOOK LIMITED,2,1,4
COKE ZERO 2L PET,130,17220.225201072386,COCA COLA BEVERAGES KENYA LTD,2,1,4
AQUACLEAR 500ML MINERAL WATER,128,3202.9666565809384,DEVYANI FOOD INDUSTRIES K LIMITED MILK AND YOGHURT,2,1,4
LEADAV YELLOW YOLK EGGS 6PACK,125,41143.08588912363,LEADAV POULTRY FARM LTD,2,1,4
KRAC KURLS 25G CHILLI LEMON,116,3627.1843566679713,PROPACK KENYA LTD,2,1,4
LAKI LAKI 150ML GREEK YOGHURT NATURAL,128,11776.0,LAKI LAKI LIMITED,2,1,4
OREO 55.2G ORIGINAL COOKIES,118,6486.604377466811,HASBAH KENYA LTD CADBURY,2,1,4
SPRITE SODA PET 2LTS,120,14787.93036929761,COCA COLA BEVERAGES KENYA LTD,2,1,4
DAIMA 500ML NATURAL PROBIOTIC CUP,129,12222.58115183246,DEVYANI FOOD INDUSTRIES K LIMITED MILK AND YOGHURT,2,1,4
FANTA PASSION 500ML PET,121,6438.754025127967,COCA COLA BEVERAGES KENYA LTD,2,1,4
KENSALT 2KG IODIZED SALT,91,5701.686645250115,KENSALT LIMITED,2,1,4
HIGHLANDS 500ML MINERAL WATER,118,2360.0400934380978,HIGHLANDS DRINKS LIMITED,2,1,4
VELVEX SERVIETTES 200S VALUE PACK,115,10689.97645827884,CHANDARIA INDUSTRIES  LTD,2,1,4
SMIRNOFF 330ML PINEAPPLE PUNCH ICE CAN,90,14550.341262458473,UDV KENYA LIMITED,2,1,4
BROOKSIDE 250G PROBIOTIC FRUIT CUP YOGHURT VANILLA,121,8990.236030906874,BROOKSIDE DAIRY LIMITED,2,1,4
ISINYA 12S EGGS,114,22997.777138697937,ISINYA FEEDS LIMITED,2,1,4
QUENCHER 18L MIN WATER PET,93,37834.40909607732,EXCEL CHEMICALS LTD,2,1,4
STONEY ZERO 500ML  PET,110,5850.933277094318,COCA COLA BEVERAGES KENYA LTD,2,1,4
BROOKSIDE 250ML STRAWBERRY,115,6311.360298693217,BROOKSIDE DAIRY LIMITED,2,1,4
FC 500G (14D) FRESH SAFARI BEEF SAUSAGE,100,29294.77234401349,FARMERS CHOICE LTD,2,1,4
BIO 90ML VANILLA,109,6888.8,BIO FOOD PRODUCTS LTD,2,1,4
HEINEKEN 500ML CAN BEER,89,20265.0947082768,KENYA WINE AGENCIES KWAL,2,1,4
OREO 128G ORIGINAL,92,11405.357948717949,HASBAH KENYA LTD CADBURY,2,1,4
MAYERS 500ML STILL MINERAL WATER,102,3906.0959829363674,MALACHITE LIMITED,2,1,4
BROOKSIDE 250G NATURAL PROBIOTIC YOGHURT,113,8397.941249296568,BROOKSIDE DAIRY LIMITED,2,1,4
SUNRICE 2KG RICE BASMATI,73,35781.30178480367,KRISH COMMODITIES LTD,2,1,4
DL 70ML MINI FIESTA CARAMEL N NUTS,93,5135.858084772371,GLACIER PRODUCTS LTD G P,2,1,4
FC 100G (30D) COLLAR BACON,96,13775.673991210548,FARMERS CHOICE LTD,2,1,4
KENSALT 500G IODIZED SALT,86,1444.121052631579,KENSALT LIMITED,2,1,4
FC 500G (14D) FRESH CLASSIC PORK SAUSAGE,105,30910.001189767994,FARMERS CHOICE LTD,2,1,4
FC 200G (30D) FRESH SANDWICH HAM,99,23256.54375,FARMERS CHOICE LTD,2,1,4
CADBURY 90G DRINKING CHOCOLATE SACHET,93,7880.338442969221,HASBAH KENYA LTD CADBURY,2,1,4
CADBURY 28G BUBBLY CHOCOLATE,90,7042.127965492454,HASBAH KENYA LTD CADBURY,2,1,4
KABARNET 500ML MINERAL WATER,69,1492.8663829787235,KHETIA DRAPERS LTD,2,1,4
SUNRICE 5KG RICE BASMATI,77,85077.95849486889,KRISH COMMODITIES LTD,2,1,4
KENYLON 420G CHICK PEAS,73,10393.06918918919,TRUFOODS LIMITED T F,2,1,4
FC 1KG (14D) FRESH PORK VALUE PACK,101,56650.48959746434,FARMERS CHOICE LTD,2,1,4
FESTIVE TORTILLA WRAP 8 INCH,100,21957.18875502008,DPL FESTIVE  LIMITED,2,1,4
BIO 90ML NATURAL Y0GHURT,106,6699.200000000001,BIO FOOD PRODUCTS LTD,2,1,4
FELIX 85G CAT CHICKEN,95,14474.571075401735,MERIT AFRICA LTD,2,1,4
ROYCO 4G 40S BEEF CUBES,82,9002.084537968893,UNILEVER KENYA LIMITED,2,1,4
KNORR 51G 6S BEEF CUBES,90,6754.188679245283,UNILEVER KENYA LIMITED,2,1,4
DELAMERE 250ML PREM WILD BERRIES YOG CUP,100,6928.899038461539,BROOKSIDE DAIRY LIMITED,2,1,4
MILL BAKERS 300G  ENGLISH MUFFINS,94,9926.400000000001,MILL BAKERS LIMITED,2,1,4
FELIX 85G CHICKEN JUNIOR,95,14540.501492537314,MERIT AFRICA LTD,2,1,4
JAMAA 1KG BAR SOAP CREAM,68,6394.878492470965,KAPA OIL REFINERIES LTD,2,1,4
BLUE BAND 1KG MED FAT SPREAD,79,30249.03333781836,SUPER SAVERS DISTRIBUTION LTD,2,1,4
TOILEX WHITE 10S,97,28635.82603369066,CHANDARIA INDUSTRIES  LTD,2,1,4
FC 1KG (14D) BEEF VALUE SAUSAGES,94,53485.24755712603,FARMERS CHOICE LTD,2,1,4
CLOVERS 100G BI-CARBONATE OF SODA BOX PACK,73,1437.71364902507,TRI CLOVER INDUSTRIES LTD,2,1,4
KABARNET 500ML SPARKLING WATER,79,3096.8,KHETIA DRAPERS LTD,2,1,4
MENENGAI CREAM 800G SOAP,74,9700.803225806452,MENENGAI O REFINERIES LTD,2,1,4
SOFTLEAF TWIN SERVIETTES,64,9654.144812985181,KAPA OIL REFINERIES LTD,2,1,4
FANTA BLACKCURRANT PET 2LTS,92,11247.576777739609,COCA COLA BEVERAGES KENYA LTD,2,1,4
PICK N PEEL 1LT APPLE,72,14892.625163524433,KEVIAN KENYA LTD,2,1,4
SIRIMON 250G CHEDDAR CHEESE,92,37178.45291828794,MORANI LIMITED,2,1,4
LAKI LAKI 100ML GREEK YOGHURT NATURAL,96,9020.265931034484,LAKI LAKI LIMITED,2,1,4
MINUTE MAID 1L APPLE JUICE,91,10495.006465517241,COCA COLA BEVERAGES KENYA LTD,2,1,4
BROOKSIDE 1LT NATURAL YOGHURT,98,17640.0,BROOKSIDE DAIRY LIMITED,2,1,4
NEPTUNE 10S BLENDED TOILET PAPER,66,19428.995744680855,KAPA OIL REFINERIES LTD,2,1,4
FC 200G (30D) FRESH STREAKY BACON,96,34103.401823708205,FARMERS CHOICE LTD,2,1,4
KETEPA 500G FAHARI YA KENYA,64,12386.961396086728,KENYA TEA PACKERS KETEPA,2,1,4
MAYERS 750ML GLASS SPARKLING WATER,88,6969.6,MALACHITE LIMITED,2,1,4
MAYERS 750ML GLASS SPARKLING EMPTY BOTTLE,88,6688.0,MALACHITE LIMITED,2,1,4
LEADAV YELLOW YOLK EGGS 15PACK,90,29623.02184016901,LEADAV POULTRY FARM LTD,2,1,4
BROOKSIDE 250ML VANILLA,90,4941.862733976178,BROOKSIDE DAIRY LIMITED,2,1,4
DELAMERE 250ML VANILLA FRUIT YOG CUP,89,8362.538206896554,BROOKSIDE DAIRY LIMITED,2,1,4
MINUTE MAID 400ML APPLE JUICE,85,5368.19678922838,COCA COLA BEVERAGES KENYA LTD,2,1,4
BIO 500ML COOKING CREAM LONG LIFE,90,25394.326750448836,BIO FOOD PRODUCTS LTD,2,1,4
SAVANA DRY PREMIUM CIDER 340ML,80,18133.927760577917,KENYA WINE AGENCIES KWAL,2,1,4
KERICHO GOLD 200G TEA BAGS 100S,73,7297.574098961515,GOLD CROWN BEVERAGES K LTD,2,1,4
SCHWEPPES 330ML TONIC WATER CAN,86,13903.659428571429,COCA COLA BEVERAGES KENYA LTD,2,1,4
LYONS 55ML LEMON N LIME LOLLY,87,4804.5124018838305,RAZCO LTD,2,1,4
QUENCHER 10LT MINERAL WATER PET,73,17461.600000000002,EXCEL CHEMICALS LTD,2,1,4
LEADAV YELLOW YOLK EGGS 12PACK,80,26331.57496903912,LEADAV POULTRY FARM LTD,2,1,4
MINUTE MAID 1L TROPICAL JUICE,83,9704.56562282533,COCA COLA BEVERAGES KENYA LTD,2,1,4
VELVEX 140S PREM SILVER FACIAL TISSUES,84,14448.0,CHANDARIA INDUSTRIES  LTD,2,1,4
FANTA PASSION PET 2LTS,80,9774.049768030367,COCA COLA BEVERAGES KENYA LTD,2,1,4
CADBURY 80G DAIRY MILK WHOLE NUT,72,14881.980419580419,HASBAH KENYA LTD CADBURY,2,1,4
GREEN FARM 30S Y/YORK EGGS,86,38536.356409025444,GREEN FARM POULTRY,2,1,4
BROOKSIDE 450ML NATURAL YOGHURT CUP,87,11755.513263157894,BROOKSIDE DAIRY LIMITED,2,1,4
FC 400G (30D) FRESH STREAKY BACON,83,53078.20786749483,FARMERS CHOICE LTD,2,1,4
BROOKSIDE 250G PROBIOTIC FRUIT CUP YOGHURT STRAWBERRY,86,6374.373195876289,BROOKSIDE DAIRY LIMITED,2,1,4
FESTIVE 400G POUNDCAKE SLICED VANILLA,84,11827.2,DPL FESTIVE  LIMITED,2,1,4
SKITTLES 38G FRUITY CANDY,63,8420.634412955467,RADBONE CLARK LIMITED MARS,2,1,4
TENA 100S SERVIETTES WHITE,61,4861.535135135136,AFRICAN COTTON INDUSTRIES LTD,2,1,4
KERICHO GOLD 100S TEA BAGS ENVELOPE,68,6797.740256566891,GOLD CROWN BEVERAGES K LTD,2,1,4
KENYLON 400G CRUSHED TOMATO,64,8521.180631260633,TRUFOODS LIMITED T F,2,1,4
SPRITE 300ML,77,2464.0,COCA COLA BEVERAGES KENYA LTD,2,1,4
SPRITE 300ML EMPTY BOTTLE,80,960.0,COCA COLA BEVERAGES KENYA LTD,2,1,4
BROOKSIDE 250G SALTED BUTTER,81,27390.075543175495,BROOKSIDE DAIRY LIMITED,2,1,4
PICK N PEEL 1LT TROPICAL MIX,54,11241.421384832784,KEVIAN KENYA LTD,2,1,4
DELAMERE 250ML LEMON BISCUIT FRUIT YOG CUP,83,7798.771586206898,BROOKSIDE DAIRY LIMITED,2,1,4
CADBURY 80G DREAMS WHITE CHOC,62,8286.97354925776,HASBAH KENYA LTD CADBURY,2,1,4
TROP HEAT 50G CHEVDA ORIGINAL,62,3079.0556981132077,TROPICAL HEAT LTD,2,1,4
FESTIVE TORTILLA WRAP 10 INCH,71,20413.51124437781,DPL FESTIVE  LIMITED,2,1,4
CHROME 250ML VODKA,62,12571.06683480454,UDV KENYA LIMITED,2,1,4
DL 70ML MINI FIESTA CLASSIC,68,3755.876710979813,GLACIER PRODUCTS LTD G P,2,1,4
VIM 500G POUCH LFRESH SCOURER,60,3360.0,UNILEVER KENYA LIMITED,2,1,4
FESTIVE 90G RING CAKE 10S VANILLA,73,7708.8,DPL FESTIVE  LIMITED,2,1,4
KRAC KURLS 25G TOMATO,60,1875.8973134328362,PROPACK KENYA LTD,2,1,4
MINUTE MAID 400ML TROPICAL JUICE,74,4599.637676628353,COCA COLA BEVERAGES KENYA LTD,2,1,4
TUZO 500G MAZIWA LALA SATCHET,75,7047.082758620691,BROOKSIDE DAIRY LIMITED,2,1,4
CADBURY 80G DAIRY MILK,62,12905.159395248382,HASBAH KENYA LTD CADBURY,2,1,4
FC 125G (30D) FRESH NYAMABITE,74,5453.629987908101,FARMERS CHOICE LTD,2,1,4
MAGIC 300ML SODA WATER,62,3297.798756180434,KHETIA DRAPERS LTD,2,1,4
STIMOROL 14G 10S WILD BERRY,57,2964.1927536231888,HASBAH KENYA LTD CADBURY,2,1,4
CLUB SODA 350ML LEMONADE,51,2712.705428471002,HIGHLANDS DRINKS LIMITED,2,1,4
DELAMERE 250ML SBERRY FRUIT YOG CUP,74,6953.121655172415,BROOKSIDE DAIRY LIMITED,2,1,4
KCC 1L PLAIN MALA  BOTTLE 69,73,6859.160551724139,NEW KENYA COOP CREAMERIES  LTD,2,1,4
URBAN STIX 35G KUKU CHOMA SNACK,51,1428.0486003573556,NORDA INDUSTRIES LTD.,2,1,4
BIO ACTIVE 350ML BLKBRRY N RSPBRRY YOG DRINK,73,9021.923123123122,BIO FOOD PRODUCTS LTD,2,1,4
MANJI 75GM FAMILY CLASSIC BISCUITS,49,2693.5899533548622,MANJI FOOD INDUSTRIES LTD,2,1,4
PRAZIER 6S YELLOW YORK EGGS,67,22052.694036570265,PRAZIER POULTRIES,2,1,4
QUENCHER LIFE 5LT PREMIUM DRINKING WATER,64,11434.477654723129,EXCEL CHEMICALS LTD,2,1,4
FC 200G (14D) FRESH PORK CHIPOLATA,68,12151.436650652024,FARMERS CHOICE LTD,2,1,4
BROOKSIDE 250ML CHOCOLATE,73,4007.3707639683307,BROOKSIDE DAIRY LIMITED,2,1,4
SIRIMON 250G EVERYDAY CHEESE,68,26814.003582089554,MORANI LIMITED,2,1,4
EMBASSY BY DUNHILL RED 20S,45,16560.04555389394,NOBLE OUTLOOK LIMITED,2,1,4
MAYERS 18.9L STILL MINERAL WATER,62,3455.2802221477136,MALACHITE LIMITED,2,1,4
FAY TOILET PAPER WHITE 10S,57,20983.442323651456,KIM FAY EAST AFRICA LTD,2,1,4
ALWAYS 14S MAXI THICK EX/LONG DAY/NIGHT,70,11016.8115942029,HASBAH KENYA LTD P AND G,2,1,4
LIBERTY CHOICE YELLOW YOLK EGG 6PACK,66,21723.549349457273,PAMULI POULTRY FARM,2,1,4
WEETABIX 425G FAMILY,50,15120.000000000002,WEETABIX EAST AFRICA LTD HQ,2,1,4
TROP HEAT 18G SAFARI CHEESE,47,752.0,TROPICAL HEAT LTD,2,1,4
LIBERTY CHOICE YELLOW YOLK EGG 15PACK,64,21065.259975231296,PAMULI POULTRY FARM,2,1,4
FELIX 85G CAT BEEF,68,10546.22906774754,MERIT AFRICA LTD,2,1,4
BIO ACTIVE 350ML CUCUMBER N MINT YOG DRINK,71,6671.238344827588,BIO FOOD PRODUCTS LTD,2,1,4
AQUAMIST 19L DISPOSABLE WATER,61,27624.680229226364,AQUAMIST LIMITED,2,1,4
MINUTE MAID 1L PULPY ORANGE,65,5800.762426003143,COCA COLA BEVERAGES KENYA LTD,2,1,4
PEP 700G PREMIUM TOMATO KETCHUP,55,11660.0,PREMIER FOODS  LIMITED,2,1,4
KRACKLES CURLS 15G CHEESY,57,912.0242682277807,PROPACK KENYA LTD,2,1,4
GOFRUT 1LT LEMON MINT MOJITO FRUIT DRINK,56,3933.6462778908717,EXCEL CHEMICALS LTD,2,1,4
SANTA MARIA 70G TOMATO PASTE SATCHET,66,1972.9682242990655,DEBENHAM AND FEAR LTD,2,1,4
BROOKSIDE 450G NATURAL PROBIOTIC YOGHURT,70,8873.486068111453,BROOKSIDE DAIRY LIMITED,2,1,4
BIO 450ML NATURAL YOGHURT,67,6295.393931034484,BIO FOOD PRODUCTS LTD,2,1,4
TROP HEAT 100G TEA MASALA,51,11832.0,TROPICAL HEAT LTD,2,1,4
BROWNS 250G GREEK YOGHURT,66,14940.065049928673,SUNPOWER PRODUCTS LTD,2,1,4
BLUE BAND 250G MED FAT SPREAD,45,5696.7174522293,SUPER SAVERS DISTRIBUTION LTD,2,1,4
KNORR 51G 6S BEEF CHILLI CUBES,53,3995.8124731182793,UNILEVER KENYA LIMITED,2,1,4
IGLOO 60ML RASPBERRY,63,3479.1296703296707,CRYSTAL FROZEN AND CHILLED FOODS LTD,2,1,4
ALPRO 1LT ALMOND UNSWTENED DRINK,60,28752.000000000004,HEALTHY U TWO THOUSAND LTD,2,1,4
BROOKSIDE 1L SWEETEND LALA BOTTLE,68,9737.6,BROOKSIDE DAIRY LIMITED,2,1,4
LYONS 55ML RED DEVIL LOLLY,57,3147.7839874411306,RAZCO LTD,2,1,4
SUNLIGHT 1KG 2IN1 SPRING SENSATIONS,45,12852.000000000002,UNILEVER KENYA LIMITED,2,1,4
MILL BAKERS 260G QUEEN CAKE,56,4435.2,MILL BAKERS LIMITED,2,1,4
FELIX 85G CAT TUNA,58,8837.106551297902,MERIT AFRICA LTD,2,1,4
MILL BAKERS 200G DAZ LEMON FLAVOUR,60,6336.000000000001,MILL BAKERS LIMITED,2,1,4
FELIX 85G CAT TROUT,57,8354.12117647059,MERIT AFRICA LTD,2,1,4
LIBERTY CHOICE YELLOW YOLK EGG 30PACK,57,18761.247165440374,PAMULI POULTRY FARM,2,1,4
ZESTA 100G BI-CARBONATE OF SODA,45,792.0233918128656,TRUFOODS LIMITED T F,2,1,4
PICK N PEEL 1LT PINEAPPLE JUICE,40,2809.7473413506223,KEVIAN KENYA LTD,2,1,4
HC 220G CHEESE PORTION MOZZARELLA,56,22356.241621464662,HAPPY COW LIMITED,2,1,4
SUNLIGHT 700G LONG BAR YELLOW,51,4796.158869353224,UNILEVER KENYA LIMITED,2,1,4
ILARA 1LT MAZIWA LALA  PLASTIC BOTTLE,61,8149.599999999999,BROOKSIDE DAIRY LIMITED,2,1,4
BIO 90ML VANILLA YOGHURT 4S,58,5449.744000000001,BIO FOOD PRODUCTS LTD,2,1,4
HANAN FLUSHABLE WATER WIPES 72PCS,45,6451.635622025833,ZENKO KENYA LIMITED,2,1,4
DL 100ML FIESTA SALTED CARAMEL,47,2595.541182626897,GLACIER PRODUCTS LTD G P,2,1,4
FESTIVE 200G HALF POUNDCAKE SLICED VANILLA,60,6336.000000000001,DPL FESTIVE  LIMITED,2,1,4
MANJI 45G MILKSTAR BISCUITS,43,2363.7626121277362,MANJI FOOD INDUSTRIES LTD,2,1,4
PRAZIER 30S YELLOW YORK EGGS,53,17444.668416988417,PRAZIER POULTRIES,2,1,4
CADBURY 80G FRUIT N NUT,49,6549.382321187585,HASBAH KENYA LTD CADBURY,2,1,4
MOUNTAIN DEW 500ML,43,2287.183008318688,SBC KENYA LIMITED,2,1,4
MF 750ML ZESTY LEMON D/WASHING LIQUID,44,10524.800000000001,P Z CUSSONS EAST AFRICA  LTD HQ,2,1,4
IGLOO 80ML MARKUP,56,3092.559706959707,CRYSTAL FROZEN AND CHILLED FOODS LTD,2,1,4
ISINYA 20S EGGS,56,18432.102478327382,ISINYA FEEDS LIMITED,2,1,4
BILA SHAKA 500ML CAPTAIN BEER,47,8598.793192449555,MALACHITE LIMITED BEER,2,1,4
DELAMERE 100ML VANILLA FRUIT YOG CUP,57,5355.782896551725,BROOKSIDE DAIRY LIMITED,2,1,4
LYONS 60ML CHOC STICK STICKLINE,52,2871.662585034014,RAZCO LTD,2,1,4
TROP HEAT 100G PAPRIKA JAR,43,6708.0,TROPICAL HEAT LTD,2,1,4
BIO 1L MAZIWA LALA NATURE PLAIN,60,5637.6662068965525,BIO FOOD PRODUCTS LTD,2,1,4
GILANI GOURMET 2KG ICE CUBE,45,7200.0,GILANI GOURMET LTD,2,1,4
GREEN FARM 15PK Y/YORK EGGS,53,14197.222548262549,GREEN FARM POULTRY,2,1,4
MAGIC 300ML ENERGY DRINK GINGER ALE,40,5169.356702984368,KHETIA DRAPERS LTD,2,1,4
AQUAMIST 3LT MINERAL WATER,54,3009.437612838331,AQUAMIST LIMITED,2,1,4
BROOKSIDE 230ML COOKING CREAM CUP,54,15236.596050269301,BROOKSIDE DAIRY LIMITED,2,1,4
FESTIVE 90G RING CAKE 10S STRAWBERRY,52,5491.200000000001,DPL FESTIVE  LIMITED,2,1,4
USHINDI 175G YELLOW SOAP,37,3479.566238550378,PWANI OIL PRODUCTS LTD.,2,1,4
AQUAMIST 10LT MINERAL WATER,54,3009.437612838331,AQUAMIST LIMITED,2,1,4
FRESHA 500ML LALA POUCH,51,4792.01627586207,GITHUNGURI DAIRY FARMERS,2,1,4
MINUTE MAID 400ML MANGO JUICE,49,4372.882444217755,COCA COLA BEVERAGES KENYA LTD,2,1,4
KERICHO GOLD 100S ROUND TB,51,5098.305192425168,GOLD CROWN BEVERAGES K LTD,2,1,4
ILARA 250ML TNC PLAIN CUP,51,4792.01627586207,BROOKSIDE DAIRY LIMITED,2,1,4
TENA 15S TOILET ROLL WHITE WRAPPED,40,20720.023952095813,AFRICAN COTTON INDUSTRIES LTD,2,1,4
BROOKSIDE 250ML ASSORTED 6PK,54,2964.3564555382172,BROOKSIDE DAIRY LIMITED,2,1,4
RINZ 500ML RICH PEARL HAND WASH,38,5745.6,RINZ PRODUCTS LTD,2,1,4
FELIX 85G CAT SALMON,55,8367.268788083957,MERIT AFRICA LTD,2,1,4
AQUAMIST 500ML STRAWBERRY FLAVOURED WATER,52,2897.9769605109855,AQUAMIST LIMITED,2,1,4
SOFTLEAF SINGLE SERVIETTES,33,3067.5584619408846,KAPA OIL REFINERIES LTD,2,1,4
CARTOONS 30G BARBEQUE CRISPS,42,1851.3345454545456,PROPACK KENYA LTD,2,1,4
TENA 2S PREMIUM KITCHEN TOWEL WHITE,38,11704.0,AFRICAN COTTON INDUSTRIES LTD,2,1,4
ARIMIS 200ML MILKING JELLY,33,3313.2000000000003,TRI CLOVER INDUSTRIES LTD,2,1,4
SANTA MARIA 400G GRANDI,47,6237.327272727273,DEBENHAM AND FEAR LTD,2,1,4
VELVEX ECO-FRIENDLY KITCHEN TOWEL TWIN PACK,51,9384.0,CHANDARIA INDUSTRIES  LTD,2,1,4
RINZ 500ML THE MAUVE HANDWASH,39,5896.800000000001,RINZ PRODUCTS LTD,2,1,4
RINZ 500ML SILKY GRAY HANDWASH,36,5443.200000000001,RINZ PRODUCTS LTD,2,1,4
TENA WHITE 4PACK,37,13066.073941368079,AFRICAN COTTON INDUSTRIES LTD,2,1,4
KOTEX 16S ULTRA THIN SUPER DUO,42,6610.08695652174,KIM FAY EAST AFRICA LTD,2,1,4
KABARNET 1LT MINERAL WATER,42,2340.6736988742578,KHETIA DRAPERS LTD,2,1,4
MILL BAKERS 150G MARBLE SLICE,45,4752.0,MILL BAKERS LIMITED,2,1,4
GREEN FARM 12PK Y/YORK EGGS,48,15798.944981423472,GREEN FARM POULTRY,2,1,4
MILL BAKERS 200G QUEEN CAKE,49,5174.400000000001,MILL BAKERS LIMITED,2,1,4
CHROME 250ML GIN,42,8515.883984867593,UDV KENYA LIMITED,2,1,4
SUNLIGHT 1KG+400G POWDER YELLOW,39,14008.800000000001,UNILEVER KENYA LIMITED,2,1,4
ROYAL CLUB 500ML TONIC WATER,36,1914.8508906854133,HIGHLANDS DRINKS LIMITED,2,1,4
DL 70ML MINI FIESTA WHITE,39,2153.7469387755104,GLACIER PRODUCTS LTD G P,2,1,4
DAIMA 480ML MILK DRINK VANILLA FLV,49,2689.8790059513453,DEVYANI FOOD INDUSTRIES K LIMITED MILK AND YOGHURT,2,1,4
DELAMERE 100ML LEMON BISCUIT FRUIT YOG CUP,52,4885.977379310346,BROOKSIDE DAIRY LIMITED,2,1,4
MANJI 65G BOURBON CHOC CREAM BISCUITS,39,2143.8777179763188,MANJI FOOD INDUSTRIES LTD,2,1,4
FIESTA SERVIETTES WHITE 100S,44,4090.0779492545125,AFRICAN COTTON INDUSTRIES LTD,2,1,4
BROOKSIDE 400ML COOKING CREAM CUP,49,13825.80011968881,BROOKSIDE DAIRY LIMITED,2,1,4
KRACKLES 125G BANG BANG CHILLI,46,2027.6521212121215,PROPACK KENYA LTD,2,1,4
GREEN FARM 6S Y/YORK EGGS,48,15798.944981423472,GREEN FARM POULTRY,2,1,4
KENYLON 275G TOMATO PASTE EOT,39,1165.8448598130842,TRUFOODS LIMITED T F,2,1,4
KLEENEX SERVIETES 1 PLYX100S WHITE,45,4183.034266283024,KIM FAY EAST AFRICA LTD,2,1,4
WANPY 100G CHICKEN RAWHIDE CD10H,39,12230.400000000001,BRAND ROYALTY LTD,2,1,4
KREST BITTER LEMON 300ML,43,2287.183008318688,COCA COLA BEVERAGES KENYA LTD,2,1,4
KREST BITTER LEMON 300ML EMPTY BOTTLE,44,528.0,COCA COLA BEVERAGES KENYA LTD,2,1,4
ARIEL 1KG DETERGENT FRESH LAVENDER CLEAN,42,12062.4,HASBAH KENYA LTD P AND G,2,1,4
MF 750ML ORIGINAL D/WASHING LIQUID,36,8611.2,P Z CUSSONS EAST AFRICA  LTD HQ,2,1,4
PICK N PEEL 1L RED GRAPE JUICE,34,2388.285240148029,KEVIAN KENYA LTD,2,1,4
TAMU TAMU 25G TOMATO KETCHUP,36,1586.858181818182,NORDA INDUSTRIES LTD.,2,1,4
FLORA 100S SERVIETTES WHITE,36,2580.852319391635,AFRICAN COTTON INDUSTRIES LTD,2,1,4
BIO 200ML GREEK STYLE HONEY YOGHURT,47,4416.171862068966,BIO FOOD PRODUCTS LTD,2,1,4
URBAN BITES 30G NYAM CHOM LTD EDITION,33,1454.6200000000001,NORDA INDUSTRIES LTD.,2,1,4
BIO 90ML BERRY COCKTAIL YOGHURT,45,4228.249655172414,BIO FOOD PRODUCTS LTD,2,1,4
BROOKSIDE 250ML NATURAL YOGHURT CUP,44,4134.288551724138,BROOKSIDE DAIRY LIMITED,2,1,4
MINUTE MAID 400ML PULPY ORANGE,43,3837.4274510482333,COCA COLA BEVERAGES KENYA LTD,2,1,4
DELAMERE 450ML PREM WILD BERRIES YOG CUP,44,4134.288551724138,BROOKSIDE DAIRY LIMITED,2,1,4
HIGHLANDS 1.5LT MINERAL WATER,36,2006.2917418922207,HIGHLANDS DRINKS LIMITED,2,1,4
BROOKSIDE 150ML DOUBLE CREAM,46,12979.322561340516,BROOKSIDE DAIRY LIMITED,2,1,4
MILL BAKERS 300G CHOCOLATE CUP CAKES,45,4752.0,MILL BAKERS LIMITED,2,1,4
LAKI LAKI 700ML GREEK YOGHURT NATURAL GLS,48,4510.132965517242,LAKI LAKI LIMITED,2,1,4
LAKI LAKI 150ML GREEK YOGHURT BLUEBERRY,47,4416.171862068966,LAKI LAKI LIMITED,2,1,4
HEINZ 570G TOMATO KETCHUP,48,22963.2,HASBAH KENYA LTD,2,1,4
TROP HEAT 50G KENYAN CHEVDA SWEET(TAMU),35,1738.176603773585,TROPICAL HEAT LTD,2,1,4
ROSY TOILET TISSUE WHITE 10PACK,44,10490.212173913043,CHANDARIA INDUSTRIES  LTD,2,1,4
MINUTE MAID 1L MANGO JUICE,43,3837.4274510482333,COCA COLA BEVERAGES KENYA LTD,2,1,4
BROOKSIDE 1KG GHEE,40,31456.000000000004,BROOKSIDE DAIRY LIMITED,2,1,4
SAFISHA ALL PURPOSE CLEANER 4S,36,6307.200000000001,SUNDRIES BARGAIN NAIROBI LTD,2,1,4
ENIGMA 80ML MINI ALMOND,43,2374.6440607012037,RAZCO LTD,2,1,4
KRACKLES 125GMS PERFECTLY SALTED,41,1807.2551515151517,PROPACK KENYA LTD,2,1,4
TENA WHITE TOILET ROLL,34,12006.662540716612,AFRICAN COTTON INDUSTRIES LTD,2,1,4
FAY KITCHEN TOWEL ECO TWIN PACK,41,7544.0,KIM FAY EAST AFRICA LTD,2,1,4
PAMPERS BABY WIPES SENSITIVE 56S,38,5448.0478585995925,HASBAH KENYA LTD P AND G,2,1,4
GEISHA 200G SOAP WHITE N HONEY,36,3110.4,UNILEVER KENYA LIMITED,2,1,4
NUZIWA 1L OAT ORIGINAL MILK,40,15360.0,JETLAK FOODS LTD,2,1,4
DELAMERE 100ML STRAWBERRY FRUIT YOG CUP,44,4134.288551724138,BROOKSIDE DAIRY LIMITED,2,1,4
FC 400G (14D) FRESH PREMIUM PORK SAUSAGES,48,14130.286258179654,FARMERS CHOICE LTD,2,1,4
SUNLIGHT 900G LONG BAR YELLOW,40,3761.6932308652736,UNILEVER KENYA LIMITED,2,1,4
DELAMERE 250ML PEAR CARAMEL FRUIT YOG CUP,43,4040.327448275863,BROOKSIDE DAIRY LIMITED,2,1,4
KCC 500ML PLAIN MALA TR 88,45,4228.249655172414,NEW KENYA COOP CREAMERIES  LTD,2,1,4
ZENTA 1KG CREAM SOAP,33,3103.3969154638507,GOLDEN AFRICA K LTD,2,1,4
JAVA 250G ARABICA BLEND GRND COFFEE,38,277.8002959773981,NAIROBI JAVA HOUSE LTD,2,1,4
COKE ZERO 500ML PET,38,1981.3324350336861,COCA COLA BEVERAGES KENYA LTD,2,1,4
MILL BAKERS 200G DAZ COCONUT FLAVOUR,42,4435.200000000001,MILL BAKERS LIMITED,2,1,4
FC 500G (7D) FRESH CUTS BEEF MINCE,44,12952.762403331351,FARMERS CHOICE LTD,2,1,4
LAKI LAKI 150ML GREEK YOGHURT MANGO PASSION,44,4134.288551724138,LAKI LAKI LIMITED,2,1,4
LAKI LAKI 100ML GREEK YOGHURT VANILLA,41,3852.405241379311,LAKI LAKI LIMITED,2,1,4
HANAN TOILET ROLL 15PK,41,14478.622475570033,ZENKO KENYA LIMITED,2,1,4
CADBURY 450G DRINKING CHOCOLATE JAR,43,3643.597344598672,HASBAH KENYA LTD CADBURY,2,1,4
TROP HEAT 20G OREGANO RUBBED,32,2048.0,TROPICAL HEAT LTD,2,1,4
SUNLIGHT 500G 2IN1 SPRING SENSATION SATCHET,32,4992.0,UNILEVER KENYA LIMITED,2,1,4
BIO 1L YOGHURT NATURE PLAIN,39,3664.483034482759,BIO FOOD PRODUCTS LTD,2,1,4
KERICHO GOLD 500G PREMIUM TEA BLEND,36,3598.803665241295,GOLD CROWN BEVERAGES K LTD,2,1,4
SIRIMON 250G MOZZARELLA CHEESE,37,14771.08821418201,MORANI LIMITED,2,1,4
BROOKSIDE 250ML VANILLA 6PK,39,2140.924106777601,BROOKSIDE DAIRY LIMITED,2,1,4
GOFRUT 1LT APPLE FRUIT DRINK,37,2599.016290749326,EXCEL CHEMICALS LTD,2,1,4
TROP HEAT 50G CHILLI CHEVDA KENYAN,29,1440.2034716981132,TROPICAL HEAT LTD,2,1,4
BROOKSIDE 500G SUPERFINE GHEE,42,18782.4,BROOKSIDE DAIRY LIMITED,2,1,4
CADBURY 80G RUM N RAISIN,37,4945.451956815115,HASBAH KENYA LTD CADBURY,2,1,4
URBAN STIX 35G HOT & SWEET TOMATO SNACKS,26,728.0,NORDA INDUSTRIES LTD.,2,1,4
SCHWEPPES 330ML GINGER ALE CAN,34,5496.795588039868,COCA COLA BEVERAGES KENYA LTD,2,1,4
SNAPPY TOM 85G POUCH CAT FOOD CHICKEN,38,5789.828430160695,MERIT AFRICA LTD,2,1,4
DAIMA 240ML MILK DRINK STRAWBERRY,36,1976.237637025478,DEVYANI FOOD INDUSTRIES K LIMITED MILK AND YOGHURT,2,1,4
LAKI LAKI 150ML GREEK YOGHURT STRAWBERRY,35,3288.638620689656,LAKI LAKI LIMITED,2,1,4
FESTIVE 90G RING CAKE 10S ORANGE,35,3696.0000000000005,DPL FESTIVE  LIMITED,2,1,4
BUTTERFLY 1KG YELLOW KIDNEY  BEANS,33,8395.2,SPICE WORLD LTD,2,1,4
BROWNS 200G FETA CHEESE,34,13573.432413032117,SUNPOWER PRODUCTS LTD,2,1,4
QMP 500G BEEF MINCE ECONOMY,35,6860.0,QUALITY MEAT PACKERS LTD,2,1,4
DL 100ML FIESTA CLASSIC,30,1656.7284144427003,GLACIER PRODUCTS LTD G P,2,1,4
ZESTA 700G TOMATO KETCHUP,32,6784.0,TRUFOODS LIMITED T F,2,1,4
LYONS 60ML CHOCO & BANANA STICKLINE,35,1932.849816849817,RAZCO LTD,2,1,4
KENYLON 420G BUTTER BEANS,31,4127.446868266869,TRUFOODS LIMITED T F,2,1,4
KERINGET 10LT MINERAL WATER,36,2006.2917418922207,COCA COLA BEVERAGES KENYA LTD,2,1,4
FC 200G (30D) FRESH BEEF BRAWN,38,11186.476621058893,FARMERS CHOICE LTD,2,1,4
MILL BAKERS 200G DAZ MILK FLAVOUR,36,3801.6000000000004,MILL BAKERS LIMITED,2,1,4
BROOKSIDE 500ML PLAIN YOGHURT,36,3382.599724137932,BROOKSIDE DAIRY LIMITED,2,1,4
BROOKSIDE 500G UNSALTED BUTTER,33,15494.53209911314,BROOKSIDE DAIRY LIMITED,2,1,4
WEETABIX 850G GIANT,30,16512.0,WEETABIX EAST AFRICA LTD HQ,2,1,4
KERICHO GOLD PURE CAMOMILE 20S,34,7208.0,GOLD CROWN BEVERAGES K LTD,2,1,4
TUSKER 330ML MALT LAGER BEER,35,6403.356632675202,KENYA BREWERIES LTD,2,1,4
CLOVERS 425G GOLDEN SWEET CORN,25,3328.586184086185,TRI CLOVER INDUSTRIES LTD,2,1,4
HEINZ 245GM MUSTARD,35,8372.0,HASBAH KENYA LTD,2,1,4
BILA SHAKA 330ML IPA BEER,34,6220.403586027338,MALACHITE LIMITED BEER,2,1,4
TENA MULTI FOLD HAND TOWELS WHITE,34,3160.514778969396,AFRICAN COTTON INDUSTRIES LTD,2,1,4
RINZ 500ML LUSH GREEN HANDWASH,27,4082.4000000000005,RINZ PRODUCTS LTD,2,1,4
BROOKSIDE 100ML FRUITNESS SBERRY CUP,39,3664.483034482759,BROOKSIDE DAIRY LIMITED,2,1,4
VELVEX 140S PREM BLACK FACIAL TISSUES,34,5848.0,CHANDARIA INDUSTRIES  LTD,2,1,4
RINGOZ 25G BARBEQUE CORN,24,1057.9054545454546,NORDA INDUSTRIES LTD.,2,1,4
WEETABIX 210G STANDARD,35,5740.0,WEETABIX EAST AFRICA LTD HQ,2,1,4
NESTLE 50G CERELAC WHEAT SACHET,28,1568.0,NESTLE KENYA LTD,2,1,4
MILL BAKERS 200G DAZ GINGER FLAVOUR,34,3590.4,MILL BAKERS LIMITED,2,1,4
AQUAMIST 500ML LEMON FLAVOURED WATER,34,1894.8310895648751,AQUAMIST LIMITED,2,1,4
DOWNY 900ML POUCH SWEET ELEGANCE,31,17310.399999999998,HASBAH KENYA LTD P AND G,2,1,4
CLOVERS 100G DRINKING CHOC SATCHETS,24,2033.6357272178634,TRI CLOVER INDUSTRIES LTD,2,1,4
CADBURY 26.25G OREO CHOCOLATE,30,1649.1367061356298,HASBAH KENYA LTD CADBURY,2,1,4
KERICHO GOLD GINGER N LEMON 20S,30,6360.0,GOLD CROWN BEVERAGES K LTD,2,1,4
OREO 26.25G ORIGINAL,30,1062.6206896551726,HASBAH KENYA LTD CADBURY,2,1,4
MANJI 200G DIGESTIVE,29,1594.1654825977755,MANJI FOOD INDUSTRIES LTD,2,1,4
MANJI 450G THE REAL DIGESTIVE,32,1759.0791532113385,MANJI FOOD INDUSTRIES LTD,2,1,4
CIRIO 400GM CHOPPED TOMATOES,32,4260.590315630317,DEBENHAM AND FEAR LTD,2,1,4
FESTIVE 90G RING CAKE 10S CHOCOLATE,32,3379.2000000000003,DPL FESTIVE  LIMITED,2,1,4
BROOKSIDE 100ML NATURAL YOGHURT CUP,33,3100.716413793104,BROOKSIDE DAIRY LIMITED,2,1,4
TROP HEAT 100G CRISPS SALTED,27,1190.1436363636365,TROPICAL HEAT LTD,2,1,4
MOLPED PURE&SOFT LONG 16S,24,3777.1925465838513,HAYAT KIMYA  K  H PRODUCTS LTD,2,1,4
SIRIMON 250G FETA CHEESE,31,12375.776611882224,MORANI LIMITED,2,1,4
BROOKSIDE 150ML NATURAL YOGHURT CUP,32,3006.755310344828,BROOKSIDE DAIRY LIMITED,2,1,4
BROOKSIDE 250G UNSALTED BUTTER,32,15025.000823382437,BROOKSIDE DAIRY LIMITED,2,1,4
FC 400G (14D) FRESH CHICKEN BURGER,32,9420.190838786437,FARMERS CHOICE LTD,2,1,4
LAKI LAKI 150ML GREEK YOGHURT RASPBERRY,34,3194.67751724138,LAKI LAKI LIMITED,2,1,4
MF 800G D/PASTE ZESTY LEMON HH852,25,7980.000000000001,P Z CUSSONS EAST AFRICA  LTD HQ,2,1,4
DAIMA 240ML MILK DRINK VANILLA,32,1756.6556773559805,DEVYANI FOOD INDUSTRIES K LIMITED MILK AND YOGHURT,2,1,4
FC 1KG (14D) CHICKEN SAUSAGES VALUE PACK,35,10303.333729922666,FARMERS CHOICE LTD,2,1,4
TROPNUTS 50G CHILLI LEMON PEANUTS,26,1331.2,TROPICAL HEAT LTD,2,1,4
VELVEX 30CMX5M ALLUMINIUM FOIL,32,3328.0,CHANDARIA INDUSTRIES  LTD,2,1,4
MAYERS 10L STILL WATER,29,1616.1794587465113,MALACHITE LIMITED,2,1,4
KRACKLES CURLS 75G CHEESY,31,868.0,PROPACK KENYA LTD,2,1,4
VELVEX ANTIBACTERIAL WET WIPES 10S,31,4444.460095173352,CHANDARIA INDUSTRIES LTD HYGIENE,2,1,4
KENTASTE 400ML COCONUT MILK,31,1801.4127222103234,CHANDARIA INDUSTRIES  LTD KENTASTE,2,1,4
FC 200G (30D) PORK BRAWN,32,9420.190838786437,FARMERS CHOICE LTD,2,1,4
FESTIVE 400G POUNDCAKE SLICED BLUEBERRY,30,3168.0000000000005,DPL FESTIVE  LIMITED,2,1,4
ACACIA 200ML KIDS MANGO,26,2320.3049704012574,KEVIAN KENYA LTD,2,1,4
PROLITE 8S TROPICAL STD CANDLE POLYBAG WHITE,24,3072.0,SUPERSLEEK LIMITED,2,1,4
TAMU TAMU 25G TUTTI FRUTY,26,1146.0642424242426,NORDA INDUSTRIES LTD.,2,1,4
SAFISHA GENTLE SCRUBBING SPONGE 4S,28,4928.0,SUNDRIES BARGAIN NAIROBI LTD,2,1,4
BROWNS 200G MOZZARELLA,30,11976.558011498926,SUNPOWER PRODUCTS LTD,2,1,4
AQUAMIST 500ML PEACH FLAVOURED WATER,31,1727.6401110738568,AQUAMIST LIMITED,2,1,4
TROP HEAT 50G POTATO CRISPS SALTED,27,1190.1436363636365,TROPICAL HEAT LTD,2,1,4
FAY 100S COCKTAIL SERVIETTES,30,2788.6895108553495,KIM FAY EAST AFRICA LTD,2,1,4
WANPY 85G CAT CHICKN&CRAB POUCH,27,3456.0,BRAND ROYALTY LTD,2,1,4
FLORA JUMBO BATHROOM TISSUE SC WHITE 100M,27,9534.702605863193,AFRICAN COTTON INDUSTRIES LTD,2,1,4
BROOKSIDE 250ML BANANA,34,1866.4466571907292,BROOKSIDE DAIRY LIMITED,2,1,4
NUTRAMEAL 1KG YELLOW BEANS,29,7168.8,KAMILI PACKERS LIMITED NORMAL,2,1,4
GOFRUT 250ML APPLE FRUIT DRINK,29,2037.0668224792014,EXCEL CHEMICALS LTD,2,1,4
FC 500G (30D) BEEF VIENNA EX - LONG,32,9420.190838786437,FARMERS CHOICE LTD,2,1,4
ARIEL 1KG DETERGENT FRESH FLORAL CLEAN,31,11631.2,HASBAH KENYA LTD P AND G,2,1,4
BIO 90ML STRAWBERRY YOGHURT,31,2912.794206896552,BIO FOOD PRODUCTS LTD,2,1,4
TROP HEAT 100G RICE CAKE BROWN,28,4032.0,TROPICAL HEAT LTD,2,1,4
MAYERS 330ML SPARKLING WATER GLASS BOTT,29,1616.1794587465113,MALACHITE LIMITED,2,1,4
MAYERS 330ML SPARKLING EMPTY BOTTLE,29,348.0,MALACHITE LIMITED,2,1,4
SUNLIGHT 1KG 2IN1 LAVENDER WASHING POWDER,29,8282.400000000001,UNILEVER KENYA LIMITED,2,1,4
FC 400G (14D) FRESH CHICKEN SAUSAGES,32,9420.190838786437,FARMERS CHOICE LTD,2,1,4
PRAZIER 15S YELLOW YORK EGGS,30,9874.34061338967,PRAZIER POULTRIES,2,1,4
LYONS 55ML PASSION FRUIT LOLLY,29,1601.504133961277,RAZCO LTD,2,1,4
PEARL 2KG PISHORI RICE FORTIFIED,29,23128.418877344247,CAPWELL INDUSTRIES LTD,2,1,4
KOTEX 16S SUPER TAMPONS,30,4721.490683229815,KIM FAY EAST AFRICA LTD,2,1,4
CARTOONS 30G TUTTI FRUTTI CRISPS,28,1234.2230303030306,PROPACK KENYA LTD,2,1,4
SANTA MARIA 400ML COCONUT MILK ORIGINAL,31,1801.4127222103234,DEBENHAM AND FEAR LTD,2,1,4
LYONS 100ML CHOC ICE BARS,29,1601.504133961277,RAZCO LTD,2,1,4
PURE HEALTH 500G HONEY NAT BTL,23,9016.0,WINNIES PURE HEALTH PRODUCTS LIMITED,2,1,4
FRUITVILLE 1L CRANBERRY JUICE,26,1826.3357718779046,JETLAK FOODS LTD,2,1,4
KRACKLES 125G TANGY TOMATO,28,1234.2230303030306,PROPACK KENYA LTD,2,1,4
FLORA 4S TOILET ROLLS WHITE,24,8475.291205211726,AFRICAN COTTON INDUSTRIES LTD,2,1,4
OLA 200G MEXICAN CRUNCH TORTILA CHIPS,30,1557.6868829337097,PROPACK KENYA LTD,2,1,4
BROOKSIDE 100ML FRUITNESS MIXED BERRIES CUP,30,2818.8331034482762,BROOKSIDE DAIRY LIMITED,2,1,4
VIM 500G LAVENDER FRESH POWDER,26,2080.0,UNILEVER KENYA LIMITED,2,1,4
TROP HEAT 100G PILAU MASALA GRND,23,5244.0,TROPICAL HEAT LTD,2,1,4
BIO 150ML ASSORTED 6S,30,2818.8331034482762,BIO FOOD PRODUCTS LTD,2,1,4
SANTA MARIA 400G PENNE RIGATE,27,3583.145454545455,DEBENHAM AND FEAR LTD,2,1,4
TROP HEAT 45G TEA MASALA,24,2784.0,TROPICAL HEAT LTD,2,1,4
BROOKSIDE 400ML WHIPPING CREAM CUP,30,8464.775583482946,BROOKSIDE DAIRY LIMITED,2,1,4
DAIMA 480ML MILK DRINK STRAWBERRY FLV,28,1537.073717686483,DEVYANI FOOD INDUSTRIES K LIMITED MILK AND YOGHURT,2,1,4
EVERFRESH 1KG GHEE,30,23592.000000000004,BROOKSIDE DAIRY LIMITED,2,1,4
TIC TAC 10.2G STRAWBERRY MIX T1,31,389.98422081660556,HASBAH KENYA LTD,2,1,4
NUVITA 100G 2+1 COOKIES PROMO PACK,27,1484.2230355220668,MJENGO LIMITED,2,1,4
KRACKLES 125G ZINGY SALT & VINEGAR,26,1146.0642424242426,PROPACK KENYA LTD,2,1,4
DELAMERE 450ML LEMON BISCUIT FRUIT YOG CUP,28,2630.9108965517244,BROOKSIDE DAIRY LIMITED,2,1,4
TROP HEAT 20G THYME RUBBED,23,1380.0,TROPICAL HEAT LTD,2,1,4
YELLOW DUSTERS 13X15,19,1140.0,SHAMULA LIMITED,2,1,4
OREO 31.3G ENROBED,30,1535.8603491271822,HASBAH KENYA LTD CADBURY,2,1,4
DELAMERE 450ML VANILLA FRUIT YOG CUP,31,2912.794206896552,BROOKSIDE DAIRY LIMITED,2,1,4
BIO 200ML COCONUT YOGHURT NATURAL,29,2724.8720000000003,BIO FOOD PRODUCTS LTD,2,1,4
CADBURY 225G DRINKING CHOCOLATE JAR,27,2287.8401931200965,HASBAH KENYA LTD CADBURY,2,1,4
ROYCO 4G 40S CHICKEN CUBES,28,2111.066470415072,UNILEVER KENYA LIMITED,2,1,4
SUNLIGHT 700G AUTO POWDER LAVENDER,28,6697.6,UNILEVER KENYA LIMITED,2,1,4
KRACKLES 125G TINGLY CHEESE & ONION,31,1366.4612121212124,PROPACK KENYA LTD,2,1,4
PRESTIGE 1KG MARGARINE,24,5270.832301303719,KAPA OIL REFINERIES LTD,2,1,4
TROP HEAT 100G CINNAMON GRND,24,3648.0,TROPICAL HEAT LTD,2,1,4
JAVA 375G KENYA AA MED ROAST GROUND,26,190.07388672137762,NAIROBI JAVA HOUSE LTD,2,1,4
LAKI LAKI 100ML GREEK YOGHURT MANGO PASSION,30,2818.8331034482762,LAKI LAKI LIMITED,2,1,4
LYONS 300G FROZEN PUFF PASTRY,30,7680.0,RAZCO LTD,2,1,4
GEISHA 200G SOAP YELLOW LEMON N HONEY,26,2267.2000000000003,UNILEVER KENYA LIMITED,2,1,4
MILL BAKERS 150G  LEMON SLICES,25,2640.0,MILL BAKERS LIMITED,2,1,4
FC 500G (30D) FRESH FRANKFURTERS EX-LONG,28,8242.666983938132,FARMERS CHOICE LTD,2,1,4
TIC TAC 10.2G MINT T2,27,339.66367619510805,HASBAH KENYA LTD,2,1,4
TIC TAC 10.2G ORANGE T1,25,314.50340388435933,HASBAH KENYA LTD,2,1,4
VIM 1KG LAVENDER FRESH POWDER,24,3552.0,UNILEVER KENYA LIMITED,2,1,4
OLA 200G TORTILLA LIME CRUNCH,24,1246.1495063469677,PROPACK KENYA LTD,2,1,4
ILARA 500ML VANILLA YOGHURT CUP,27,2536.949793103449,BROOKSIDE DAIRY LIMITED,2,1,4
LAKI LAKI 150ML GREEK YOGHURT VANILLA,30,2818.8331034482762,LAKI LAKI LIMITED,2,1,4
KENTASTE 400ML COCONUT CREAM,26,1510.8622831441423,CHANDARIA INDUSTRIES  LTD KENTASTE,2,1,4
KETEPA 100S TEA BAGS UNTAGGED CATERING,19,1899.3686010995723,KENYA TEA PACKERS KETEPA,2,1,4
PEP 700G TOMATO SAUCE L/S,27,3888.0,PREMIER FOODS  LIMITED,2,1,4
FC 200G (14D) BEEF CHIPOLATAS,28,8242.666983938132,FARMERS CHOICE LTD,2,1,4
BROOKSIDE 250ML COFFEE,29,1591.9692076038573,BROOKSIDE DAIRY LIMITED,2,1,4
NATURALLI 100G CHIA SEEDS,27,4298.400000000001,HEALTHY U TWO THOUSAND LTD,2,1,4
PROLITE 8S TROPICAL STD CANDLES WHT BOX,21,2856.0,SUPERSLEEK LIMITED,2,1,4
BIO 150ML TROPICAL MX YOGHURT,26,2442.988689655173,BIO FOOD PRODUCTS LTD,2,1,4
DELAMERE 150ML VANILLA FRUIT YOG CUP,27,2536.949793103449,BROOKSIDE DAIRY LIMITED,2,1,4
BROOKSIDE 1LT VANILLA YOG TR,28,2630.9108965517244,BROOKSIDE DAIRY LIMITED,2,1,4
PRESTIGE 500G ORIGINAL MARGARINE,21,4611.9782636407535,KAPA OIL REFINERIES LTD,2,1,4
BIO 90ML MANGO YOGHURT,26,2442.988689655173,BIO FOOD PRODUCTS LTD,2,1,4
OMO 1KG FAST ACTION HANDWASHING POWDER,26,8236.800000000001,UNILEVER KENYA LIMITED,2,1,4
ZESTA 720G HOT & SWEET SAUCE,23,3477.6000000000004,TRUFOODS LIMITED T F,2,1,4
SANTA MARIA 400G SPAGHETTI,26,3450.4363636363637,DEBENHAM AND FEAR LTD,2,1,4
DELAMERE 150ML LEMON BISCUIT FRUIT YOG CUP,27,2536.949793103449,BROOKSIDE DAIRY LIMITED,2,1,4
EVEREADY 4S AA RED 1015BP4,28,4928.0,HASBAH KENYA LTD,2,1,4
KOTEX DUO NORMAL ULTRA THIN PADS 16S,25,3934.5755693581787,KIM FAY EAST AFRICA LTD,2,1,4
KNORR 4G 40S RICH MEATY SEASONING CUBES,24,1809.485546070062,UNILEVER KENYA LIMITED,2,1,4
LYONS 55ML REAL ORANGE LOLLY,25,1380.6070120355835,RAZCO LTD,2,1,4
SNAPP 330ML CAN,26,4772.4034420613825,UDV KENYA LIMITED,2,1,4
NESCAFE 50G CLASSIC JAR,23,168.14228440737253,NESTLE KENYA LTD,2,1,4
ALWAYS 14S MAXI THICK ROX LITE DUO,29,4564.107660455487,HASBAH KENYA LTD P AND G,2,1,4
ZESTA 700ML WHITE VINEGAR,22,1496.0,TRUFOODS LIMITED T F,2,1,4
JIK BLEACH 250ML REGULAR,29,3920.8000000000006,TOWFIQ  K  LIMITED HQ,2,1,4
BROOKSIDE 100ML FRUITNESS VANILLA CUP,25,2349.027586206897,BROOKSIDE DAIRY LIMITED,2,1,4
VELVEX KITCHEN TOWEL PRINTED TWIN PACK,27,8208.0,CHANDARIA INDUSTRIES  LTD,2,1,4
BIO 1LT GREEK YOGHURT NATURE PLAIN,26,2442.988689655173,BIO FOOD PRODUCTS LTD,2,1,4
LAKI LAKI 150ML GREEK YOGHURT P/APPLE COCONUT,30,2818.8331034482762,LAKI LAKI LIMITED,2,1,4
BIO ACTIVE 350ML YUZU APPLE N LEMON YOG DRINK,26,2442.988689655173,BIO FOOD PRODUCTS LTD,2,1,4
TROP HEAT 20G MIXED HERBS JAR,23,1656.0,TROPICAL HEAT LTD,2,1,4
FIESTA TOILET ROLLS WHITE 10S,26,9181.565472312705,AFRICAN COTTON INDUSTRIES LTD,2,1,4
ILARA 250ML VANILLA YOGHURT CUP,25,2349.027586206897,BROOKSIDE DAIRY LIMITED,2,1,4
FC 250G (30D) FRESH PORK FRANKFURTERS,25,7359.524092801904,FARMERS CHOICE LTD,2,1,4
TROPNUTS 50G FRIED PEAS,22,1126.4,TROPICAL HEAT LTD,2,1,4
AQUAMIST 500ML MANGO FLAVOURED WATER,24,1337.5278279281472,AQUAMIST LIMITED,2,1,4
CADBURY 150G MILK CHOCOLATE,24,3207.8607287449395,HASBAH KENYA LTD CADBURY,2,1,4
MILL BAKERS 290G RICH CAKE,23,2428.8,MILL BAKERS LIMITED,2,1,4
MANJI 1KG JAR DIGESTIVE BISCUIT,24,1319.309364908504,MANJI FOOD INDUSTRIES LTD,2,1,4
ENIGMA 80ML MINI WHITE,23,1270.1584510727369,RAZCO LTD,2,1,4
KETTLE 40G SOUR CREAM & CHIVE CHIPS,22,616.0,PROPACK KENYA LTD,2,1,4
FESTIVE 200G HALF POUNDCAKE SLICED BLUEBERRY,23,2428.8,DPL FESTIVE  LIMITED,2,1,4
JAVA 300G MACADAMIA NUT COOKIES,25,1374.2805884463583,NAIROBI JAVA HOUSE LTD,2,1,4
KERICHO GOLD PURE HIBISCUS TEA 20S,23,4876.0,GOLD CROWN BEVERAGES K LTD,2,1,4
FESTIVE 400G POUNDCAKE SLICED CHOCOLATE,24,2534.4,DPL FESTIVE  LIMITED,2,1,4
PEPSI REGULAR 2LT PET,22,1170.1866554188637,SBC KENYA LIMITED,2,1,4
BLUE BAND 100G ORIGINAL,18,3953.124225977789,SUPER SAVERS DISTRIBUTION LTD,2,1,4
CHOICE 1KG BEEF SAUSAGES VALUE PK,25,7359.524092801904,CHOICE MEATS BEEF PLANT,2,1,4
MILL BAKERS 200G DAZ BANANA FLAVOUR,24,2534.4,MILL BAKERS LIMITED,2,1,4
FC 500G (30D) DANISH PORK HOTDOGS,24,7065.143129089827,FARMERS CHOICE LTD,2,1,4
GOFRUT 1LT MULTI FRUIT DRINK,27,1896.57945541167,EXCEL CHEMICALS LTD,2,1,4
DAAWAT 1KG LONG GRAIN RICE,22,17545.6970793646,MJENGO LIMITED,2,1,4
MAYERS 18.9L EMPTY BOTTLE,22,264.0,MALACHITE LIMITED,2,1,4
CHOICE 500G MEATY BEEF SAUSAGES,28,8242.666983938132,CHOICE MEATS BEEF PLANT,2,1,4
VIM 1KG LEMON FRESH POWDER,24,3552.0,UNILEVER KENYA LIMITED,2,1,4
BIO 500ML MAZIWA LALA NATURE PLAIN,23,2161.105379310345,BIO FOOD PRODUCTS LTD,2,1,4
LAKI LAKI 100ML GREEK YOGHURT RASPBERRY,24,2255.066482758621,LAKI LAKI LIMITED,2,1,4
VEGANY 500G TOFU EXTRA FIRM PLAIN,24,6700.799999999999,VEGAN WORLD LIMITED,2,1,4
JAVA 400G CRISPY CRUNCHY GRANOLA,24,13401.599999999999,NAIROBI JAVA HOUSE LTD,2,1,4
MOLPED PURE&SOFT EX LONG 14S,18,2832.8944099378887,HAYAT KIMYA  K  H PRODUCTS LTD,2,1,4
GOFRUT 1LT ORANGE FRUIT DRINK,21,1475.117354209077,EXCEL CHEMICALS LTD,2,1,4
PRIDE 5LT LEMON LIQ DETERGENT,22,14748.800000000003,CANON CHEMICALS LTD,2,1,4
REAL KIENYEJI EGGS 6PK,22,7241.183116485758,NDUMUNYA INVESTMENT SOLUTION,2,1,4
MARIE 75GM CLASSIC BISCUITS,18,989.4820236813779,MANJI FOOD INDUSTRIES LTD,2,1,4
FITCH&LEEDED 200ML CAN INDIAN TONIC,21,3395.079627906977,SLATER AND WHITTAKER LTD,2,1,4
MANYATTA 300ML P/APPLE&MINT CIDER,20,3671.0795708164483,KENYA BREWERIES LTD,2,1,4
BUTTERFLY 1KG GREEN GRAM MUNG,23,4765.6,SPICE WORLD LTD,2,1,4
CLUB SODA 500ML PINEAPPLE,21,1116.9963528998244,HIGHLANDS DRINKS LIMITED,2,1,4
TROP HEAT 100G TURMERIC GRND JAR,23,3496.0,TROPICAL HEAT LTD,2,1,4
SIRIMON 250G PANEER CHEESE,22,8782.809208432545,MORANI LIMITED,2,1,4
CIL 5KG RICE PISHORI,23,18343.228764790263,CAPWELL INDUSTRIES LTD,2,1,4
SUNLIGHT 750ML LEMON D/WASHING LIQUID,23,5317.6,UNILEVER KENYA LIMITED,2,1,4
FC 200G (30D) FRESH COUNTRY HAM,24,7065.143129089827,FARMERS CHOICE LTD,2,1,4
RINGOZ 75G BARBEQUE CORN,18,793.429090909091,NORDA INDUSTRIES LTD.,2,1,4
WEETABIX 6PACK 112GM,21,1680.0,WEETABIX EAST AFRICA LTD HQ,2,1,4
ROSY TOILET ROLL 4PACK,25,8828.428338762214,CHANDARIA INDUSTRIES  LTD,2,1,4
KERICHO GOLD SPICED TEA 20S,22,2199.268906536347,GOLD CROWN BEVERAGES K LTD,2,1,4
BROOKSIDE 150ML FRUITNESS SBERRY CUP,22,2067.144275862069,BROOKSIDE DAIRY LIMITED,2,1,4
BROOKSIDE 250ML CHOC 6PK,23,1262.596268099611,BROOKSIDE DAIRY LIMITED,2,1,4
FC 400G (14D) FRESH BEEF BURGER,24,7065.143129089827,FARMERS CHOICE LTD,2,1,4
BROOKSIDE 250ML BUBBLE GUM,22,1207.7007781822367,BROOKSIDE DAIRY LIMITED,2,1,4
QIKDRI EMBOSSED HAND PAPER TOWEL,22,2045.0389746272563,CHANDARIA INDUSTRIES  LTD,2,1,4
KERICHO GOLD 25S ENVELOPED TEA BAGS,21,2099.3021380574223,GOLD CROWN BEVERAGES K LTD,2,1,4
TIC TAC 10.2G CITRUS MIX,20,251.60272310748746,HASBAH KENYA LTD,2,1,4
BROOKSIDE 200ML WHIPPING CREAM,25,7053.979652902454,BROOKSIDE DAIRY LIMITED,2,1,4
KANE EXTRA GOLDEN SPIRIT 250ML GLASS PK,23,4663.460277427491,UDV KENYA LIMITED,2,1,4
BIO 90ML TROPICAL MIX YOGHURT,23,2161.105379310345,BIO FOOD PRODUCTS LTD,2,1,4
KAWAN 400G FLAKEY PARATHA,22,6600.0,CRYSTAL FROZEN AND CHILLED FOODS LTD,2,1,4
TROP HEAT 100G GINGER GRND JAR,20,3680.0,TROPICAL HEAT LTD,2,1,4
DAIMA 250ML NATURAL PROBIOTIC CUP,23,2161.105379310345,DEVYANI FOOD INDUSTRIES K LIMITED MILK AND YOGHURT,2,1,4
MAYERS 750ML GLASS STILL WATER,21,1170.3368494371289,MALACHITE LIMITED,2,1,4
MAYERS 750ML GLASS STILL EMPTY BOTTLE,25,300.0,MALACHITE LIMITED,2,1,4
TIC TAC 10.2G SPEARMINT T1,20,251.60272310748746,HASBAH KENYA LTD,2,1,4
BUTTERFLY 1KG CHICK PEAS KABULI CHANA,21,7392.0,SPICE WORLD LTD,2,1,4
FC 2KG (7M) PET FOOD BEEFO,25,7900.0,FARMERS CHOICE LTD,2,1,4
MONSTER 500ML THE DOCTOR,19,2455.4444339175748,COCA COLA BEVERAGES KENYA LTD,2,1,4
MANJI 100G THE REAL DIGESTIVE,22,1209.3669178327953,MANJI FOOD INDUSTRIES LTD,2,1,4
LAKI LAKI 100ML GREEK YOGHURT BLUEBERRY,20,1879.2220689655176,LAKI LAKI LIMITED,2,1,4
VIM 1KG SCOURER LEMON+1KG LVR,20,5584.0,UNILEVER KENYA LIMITED,2,1,4
KOTEX 16S REGULAR TAMPONS,20,3147.660455486543,KIM FAY EAST AFRICA LTD,2,1,4
TROPNUTS 50G MASALA BHAJIA PEANUTS,18,921.6,TROPICAL HEAT LTD,2,1,4
FRUSION 150ML MANGO & PEACH YOGURHT,20,1879.2220689655176,RAZCO LTD,2,1,4
BROOKSIDE 150ML FRUITNESS VANILLA CUP,20,1879.2220689655176,BROOKSIDE DAIRY LIMITED,2,1,4
LAKI LAKI 100ML GREEK YOGHURT STRAWBERRY,21,1973.1831724137935,LAKI LAKI LIMITED,2,1,4
SIRIMON 500G EVERYDAY CHEESE,20,7984.372007665951,MORANI LIMITED,2,1,4
REAL KIENYEJI EGGS 15PK,20,6582.89374225978,NDUMUNYA INVESTMENT SOLUTION,2,1,4
GORDONS PINK & TONIC 330ML,21,3395.079627906977,UDV KENYA LIMITED,2,1,4
OLA 200G CHEESE CRUNCH TORTILA CHIPS,19,986.5350258580161,PROPACK KENYA LTD,2,1,4
BIO 90ML YOGHURT ORANGE BISCUITS,22,2067.144275862069,BIO FOOD PRODUCTS LTD,2,1,4
KERICHO GOLD SWEET CAMOMILE 20S,19,4028.0,GOLD CROWN BEVERAGES K LTD,2,1,4
ARIEL 1KG DETERGENT FRESH SPRING CLEAN,20,7648.000000000001,HASBAH KENYA LTD P AND G,2,1,4
GOFRUT 250ML LEMON MINT MOJITO FRUIT DRINK,21,1475.117354209077,EXCEL CHEMICALS LTD,2,1,4
BUTTERFLY 1KG BLACK BEANS,21,4804.8,SPICE WORLD LTD,2,1,4
TENA 2S PREMIUM KITCHEN TOWEL PINK,18,5544.0,AFRICAN COTTON INDUSTRIES LTD,2,1,4
MAGNUM 110ML ALMOND STICK,19,1049.2613291470434,CRYSTAL FROZEN AND CHILLED FOODS LTD,2,1,4
VIM 500G LEMON FRESH POWDER,21,1680.0,UNILEVER KENYA LIMITED,2,1,4
SAFISHA 3PK SPONGE CLOTH,20,2784.0000000000005,SUNDRIES BARGAIN NAIROBI LTD,2,1,4
WANPY 375G CANNED DOG FOOD CHICKEN,20,3312.0000000000005,BRAND ROYALTY LTD,2,1,4
WANPY 85G CAT CHICKN&SHRIMP POUCH,19,2432.0,BRAND ROYALTY LTD,2,1,4
KABARNET 10LT MINERAL WATER,19,1058.876197109783,KHETIA DRAPERS LTD,2,1,4
DOVE 135G BS BAR ORIGINAL,18,4737.599999999999,KIM FAY EAST AFRICA LTD DOVE,2,1,4
TROP HEAT 340G CHEVDA ORIGINAL,17,844.2572075471699,TROPICAL HEAT LTD,2,1,4
LAKI LAKI 450ML GREEK YOGHURT NATURAL,20,1879.2220689655176,LAKI LAKI LIMITED,2,1,4
OREO 55.2G CHOCOLATE CREME FLAVOURED,23,1264.3381413706495,HASBAH KENYA LTD CADBURY,2,1,4
DROSTDY-HOF 750ML PREM. GRAND CRU,18,16689.600000000002,KENYA WINE AGENCIES KWAL,2,1,4
FC 1KG (14D) SPICY PORK VALUE PACK  SAUSAGES,23,6770.762165377751,FARMERS CHOICE LTD,2,1,4
WRIGLEYS ORBIT 20S MIX FRUIT BOTTLE,20,427.16686205549047,RADBONE CLARK LIMITED MARS,2,1,4
EVEREST CLUB SODA 350ML,17,904.2351428236674,SBC KENYA LIMITED,2,1,4
EVEREST CLUB SODA 350ML EMPTY BOTTLE,19,228.0,SBC KENYA LIMITED,2,1,4
KERICHO GOLD GREEN TEA 20S,18,4968.0,GOLD CROWN BEVERAGES K LTD,2,1,4
ILARA 150ML VANILLA YOGHURT CUP,21,1973.1831724137935,BROOKSIDE DAIRY LIMITED,2,1,4
GEISHA 200G SOAP TRADITIONAL BLACK,18,1944.0,UNILEVER KENYA LIMITED,2,1,4
ILARA 250ML STRAWBERRY YOGHURT CUP,20,1879.2220689655176,BROOKSIDE DAIRY LIMITED,2,1,4
VELVEX 30CMX30M CLING FILM,19,2432.0,CHANDARIA INDUSTRIES  LTD,2,1,4
KERICHO GOLD 50S TEA BAGS TAGGED,18,1799.4018326206476,GOLD CROWN BEVERAGES K LTD,2,1,4
GOFRUT 250ML MULTI FRUIT DRINK,18,1264.38630360778,EXCEL CHEMICALS LTD,2,1,4
BIO 150ML YOGHURT ORANGE BISCUITS,20,1879.2220689655176,BIO FOOD PRODUCTS LTD,2,1,4
KAWAN 400G PUFF PASTRY,18,5688.0,CRYSTAL FROZEN AND CHILLED FOODS LTD,2,1,4
SUNLIGHT 1KG+400G POWDER PINK,19,6824.800000000001,UNILEVER KENYA LIMITED,2,1,4
ENIGMA 80ML MINI DARK,18,994.0370486656202,RAZCO LTD,2,1,4
GOFRUT 250ML MANGO FRUIT DRINK,23,1615.604721276608,EXCEL CHEMICALS LTD,2,1,4
TENA 2S KITCHEN ROLLS,19,5472.0,AFRICAN COTTON INDUSTRIES LTD,2,1,4
AQUAMIST 500ML PEACH ICE TEA,17,1517.122480646976,AQUAMIST LIMITED,2,1,4
CLUB SODA 500ML COLA,20,1063.806050380785,HIGHLANDS DRINKS LIMITED,2,1,4
TROP HEAT 100G B/PEPPER GRND,17,5304.0,TROPICAL HEAT LTD,2,1,4
HANAN TWIN KITCHEN TOWELS,17,5236.0,ZENKO KENYA LIMITED,2,1,4
PRAZIER 6S KIENYEJI EGGS,18,5924.6043680338025,PRAZIER POULTRIES,2,1,4
OMO 1KG FAST ACTION BANDED 400G,19,7432.800000000001,UNILEVER KENYA LIMITED,2,1,4
THE WAR HORSE 750ML SHIRAZ,16,14016.0,CRYSTAL FR  AND CHILLED FOODS LTD WINE SR,2,1,4
DL 150G YOGHURT PINEAPPLE COCONUT,20,1879.2220689655176,GLACIER PRODUCTS LTD 2ND,2,1,4
FC 250G (30D) FRESH BEEF VIENNAS,20,5887.619274241523,FARMERS CHOICE LTD,2,1,4
TROP HEAT 100G CHICKEN MASALA,18,2016.0,TROPICAL HEAT LTD,2,1,4
VEGANY 400G TOFU EXTRA FIRM SALT&PEPPER,19,5304.8,VEGAN WORLD LIMITED,2,1,4
KCC 500ML VANILLA YOG CUP (202),23,2161.105379310345,NEW KENYA COOP CREAMERIES  LTD,2,1,4
MAGNUM 110ML CLASSIC STICK,16,883.5884877027735,CRYSTAL FROZEN AND CHILLED FOODS LTD,2,1,4
CHROME 750ML VODKA,18,3649.664564943254,UDV KENYA LIMITED,2,1,4
KAPUTEI 180G BASIL PESTO,15,4788.000000000001,KAPUTEI FARM P LIMITED,2,1,4
JAMAA 800G BAR SOAP WHITE,18,1692.7619538893732,KAPA OIL REFINERIES LTD,2,1,4
BIO 450ML VANILLA YOGHURT,20,1879.2220689655176,BIO FOOD PRODUCTS LTD,2,1,4
AQUAMIST 500ML APPLE FLAVOURED WATER,20,1114.6065232734559,AQUAMIST LIMITED,2,1,4
EVERFRESH 500G GHEE,17,7520.8,BROOKSIDE DAIRY LIMITED,2,1,4
HARPIC 500ML POWER PLUS ORIGINAL,17,8146.400000000001,TOWFIQ  K  LIMITED HQ,2,1,4
VEGANY 400G TOFU EXTRA FIRM GARLIC&HERB,16,4467.2,VEGAN WORLD LIMITED,2,1,4
SUNLIGHT 1KG+400G POWDER LAVENDER,19,6840.0,UNILEVER KENYA LIMITED,2,1,4
CADBURY 80G DAIRY MILK CRUNCHIE,18,2405.8955465587046,HASBAH KENYA LTD CADBURY,2,1,4
SIRIMON 500G CHEDDAR CHEESE,20,7984.372007665951,MORANI LIMITED,2,1,4
KCC 500ML NATURAL YOG CUP (220),19,1785.2609655172416,NEW KENYA COOP CREAMERIES  LTD,2,1,4
BUTTERFLY 1KG MASOOR WHOLE(KAMANDE),19,6992.0,SPICE WORLD LTD,2,1,4
VELVEX SNOW WHITE 4 PACK,17,6003.331270358306,CHANDARIA INDUSTRIES  LTD,2,1,4
CLUB SODA 500ML LEMON N LIME,18,957.4254453427067,HIGHLANDS DRINKS LIMITED,2,1,4
BIO 200ML COCONUT YOGHURT MANGO,18,1691.299862068966,BIO FOOD PRODUCTS LTD,2,1,4
CIL 1KG RICE PISHORI,17,13558.038652236282,CAPWELL INDUSTRIES LTD,2,1,4
TENA 3PLY QUILTED 9PK TOILET PAPER,20,7062.7426710097725,AFRICAN COTTON INDUSTRIES LTD,2,1,4
KAWAN 400G PLAIN PARANTHA,18,5184.0,CRYSTAL FROZEN AND CHILLED FOODS LTD,2,1,4
BOOCH 300ML BLUEBERRY GINGER DRINK,17,1517.122480646976,HOUSE OF BOOCH LIMITED,2,1,4
CELINE TOILET ROLLS 10PACK,20,7062.7426710097725,JUBILEE TISSUE INDUSTRIES LTD,2,1,4
AQUAMIST 500ML 6PK MINERAL WATER,18,1003.1458709461103,AQUAMIST LIMITED,2,1,4
SIMPLIFINE 1KG FROZEN FRENCH FRIES,16,7616.0,BIGCOLD KENYA SIMPLIFINE FROZEN AND CHILLED,2,1,4
BROOKSIDE 200ML DISNEY STRAWBRRY FLV MILK,19,1043.0143084301135,BROOKSIDE DAIRY LIMITED,2,1,4
IL 150G 3PK CLASSIC BATH SOAP,18,5011.200000000001,P Z CUSSONS EAST AFRICA  LTD HQ,2,1,4
ORCHID VALLEY 1L TROPICAL DELIGHT,20,1404.8736706753111,PREMIER FOODS  LIMITED,2,1,4
CHOICE 500G HALAL MINCED BEEF,18,5298.857346817371,CHOICE MEATS BEEF PLANT,2,1,4
KERICHO GOLD 500G PREMIUM TEA JAR,19,1899.3686010995723,GOLD CROWN BEVERAGES K LTD,2,1,4
STIMOROL 27G 14S INFINITY TROPICAL,16,341.73348964439236,HASBAH KENYA LTD CADBURY,2,1,4
KERINGET 1LT 6PK MINERAL WATER,19,1058.876197109783,COCA COLA BEVERAGES KENYA LTD,2,1,4
BROOKSIDE 150ML DISNEY DF STRWBRRY YOG,17,1597.33875862069,BROOKSIDE DAIRY LIMITED,2,1,4
SIRIMON 250G HALLOUMI CHEESE,17,6786.716206516058,MORANI LIMITED,2,1,4
MC 330G REAL  MAYONNAISE,18,6177.6,BIO FOOD PRODUCTS LTD,2,1,4
LIVELLE KITCHEN TOWEL PINK TWINPACK,15,4548.0,JUBILEE TISSUE INDUSTRIES LTD,2,1,4
WANPY 375G DOG FOOD CHICN&LIVER,16,2649.6000000000004,BRAND ROYALTY LTD,2,1,4
BROOKSIDE 200ML DISNEY CHOCOLATE FLV MILK,17,933.2233285953646,BROOKSIDE DAIRY LIMITED,2,1,4
MILL BAKERS 200G DAZ HONEY FLAVOUR,20,2112.0,MILL BAKERS LIMITED,2,1,4
LIVELLE KITCHEN TOWEL 2PACK,16,4915.200000000001,JUBILEE TISSUE INDUSTRIES LTD,2,1,4
CHAIN KWO 150G SOY SAUCE DARK SUPERIOR,15,1980.0,ROSHNI DIST LTD  R D,2,1,4
SANTA MARIA 400G FUSILLI,16,2123.3454545454547,DEBENHAM AND FEAR LTD,2,1,4
ILARA 500ML FOREST BERRY CUP YOG,18,1691.299862068966,BROOKSIDE DAIRY LIMITED,2,1,4
GOFRUT 1LT MANGO FRUIT DRINK,16,1123.898936540249,EXCEL CHEMICALS LTD,2,1,4
PRIDE 1LT LEMON LIQ DETERGENT,16,3065.6000000000004,CANON CHEMICALS LTD,2,1,4
CLOVERS 700ML WHITE VINEGAR,16,1113.6000000000001,TRI CLOVER INDUSTRIES LTD,2,1,4
FC 400G (14D) FRESH SPICY PORK SAUSAGES,18,5298.857346817371,FARMERS CHOICE LTD,2,1,4
TROP HEAT 150G CHEVDA ORIGINAL,18,893.9193962264151,TROPICAL HEAT LTD,2,1,4
TROP HEAT 100G GARLIC POWDER,16,3200.0,TROPICAL HEAT LTD,2,1,4
KOTEX 40S PANTYLINERS VP,16,2518.1283643892343,KIM FAY EAST AFRICA LTD,2,1,4
BLOOM 9S 3PLY LUXURY TOILET ROLLS,17,6003.331270358306,PROPACK KENYA LTD,2,1,4
LYONS 1LT VANILLA TUB,15,828.3642072213502,RAZCO LTD,2,1,4
MILL BAKERS 500G QUEEN CAKES 12S,14,1478.4,MILL BAKERS LIMITED,2,1,4
TOP CHEF 1KG SALT,18,594.8118260869566,KAMILI PACKERS LIMITED NORMAL,2,1,4
ENIGMA 80ML MINI CLASSIC,16,883.5884877027735,RAZCO LTD,2,1,4
ENIGMA 110ML STD CLASSIC,14,773.1399267399268,RAZCO LTD,2,1,4
BIO 350ML ACTIVE POWER YOGHURT DRINK NATURE,17,1597.33875862069,BIO FOOD PRODUCTS LTD,2,1,4
TROP HEAT 45G GINGER GRND,15,1380.0,TROPICAL HEAT LTD,2,1,4
SUNLIGHT 3.5KG LAVENDER WASHING POWDER,17,16238.400000000001,UNILEVER KENYA LIMITED,2,1,4
BIO 90ML STRAWBERRY YOGHURT 4S,16,1503.377655172414,BIO FOOD PRODUCTS LTD,2,1,4
WANPY 375G DOG FOOD CHICKN&VEG,16,2649.6000000000004,BRAND ROYALTY LTD,2,1,4
ASTONISH 1LT JASMIN WBERRY FLOOR CLEANER,15,9540.0,SPARKLE BRANDS LIMITED,2,1,4
DELAMERE 450ML STRAWBERRY FRUIT YOG CUP,16,1503.377655172414,BROOKSIDE DAIRY LIMITED,2,1,4
BUTTERFLY 1KG MASOOR DAL,15,5628.000000000001,SPICE WORLD LTD,2,1,4
FC 200G (30D) POLONY,15,4415.714455681143,FARMERS CHOICE LTD,2,1,4
CADBURY 80G BOURNVILLE CHOCOLATE,15,2004.9129554655874,HASBAH KENYA LTD CADBURY,2,1,4
KRACKLES 125G BARBQUE,14,617.1115151515153,PROPACK KENYA LTD,2,1,4
DAIMA 150ML NATURAL PROBIOTIC CUP,16,1503.377655172414,DEVYANI FOOD INDUSTRIES K LIMITED MILK AND YOGHURT,2,1,4
CHOICE 400G HALAL BEEF BURGER,15,4415.714455681143,CHOICE MEATS BEEF PLANT,2,1,4
DAIMA 500ML VANILLA YOG CUP,16,1503.377655172414,DEVYANI FOOD INDUSTRIES K LIMITED MILK AND YOGHURT,2,1,4
DELAMERE 150ML SBERRY FRUIT YOG CUP,16,1503.377655172414,BROOKSIDE DAIRY LIMITED,2,1,4
OLA 200G COOL CRUNCH TORTILA CHIPS,14,726.9205453690645,PROPACK KENYA LTD,2,1,4
KERICHO GOLD 50S TEA BAGS ENVELOPE,15,1499.501527183873,GOLD CROWN BEVERAGES K LTD,2,1,4
SLIM CLOTH PEGS 12PK,13,405.6,JEVANS ENTERPRISES,2,1,4
DAIMA 150G VANILLA YOGHURT CUP,15,1409.4165517241381,DEVYANI FOOD INDUSTRIES K LIMITED MILK AND YOGHURT,2,1,4
KERICHO GOLD PURE PEPPERMINT 20S,14,2968.0,GOLD CROWN BEVERAGES K LTD,2,1,4
TROP HEAT 100G CUMINSEEDS GRND,17,3536.0,TROPICAL HEAT LTD,2,1,4
FC 200G (30D) BACK BACON,16,4710.095419393218,FARMERS CHOICE LTD,2,1,4
DL 56G DIP A SNACK,14,1871.2520917678814,GLACIER PRODUCTS LTD 2ND,2,1,4
SANTA MARIA 400G BLACK BEANS IN BRINE,13,1730.864815724816,DEBENHAM AND FEAR LTD,2,1,4
ZINGER STAINLESS NAIL CLIPPER,13,1716.0,JEVANS ENTERPRISES,2,1,4
WANPY 100G CHICKEN SKEWERS #CD-02H,13,4076.8,BRAND ROYALTY LTD,2,1,4
GEISHA 200G SOAP GREEN ALOE N HONEY,14,1220.8,UNILEVER KENYA LIMITED,2,1,4
HARIBO 150G PINK & WHITE CHAMALLOWS HALAL,13,163.54177001986685,ROSHNI DIST LTD  R D,2,1,4
ZESTA 100G  BI-CARBONATE OF SODA (TIN),15,295.42061281337055,TRUFOODS LIMITED T F,2,1,4
USHINDI 175G WHITE SOAP,15,1410.6349615744775,PWANI OIL PRODUCTS LTD.,2,1,4
TROP HEAT 70G POTATO MASALA STICKS,14,617.1115151515153,TROPICAL HEAT LTD,2,1,4
DAIMA 150ML SBERRY  YOGHURT CUP,15,1409.4165517241381,DEVYANI FOOD INDUSTRIES K LIMITED MILK AND YOGHURT,2,1,4
DOWNY 900ML POUCH LAVENDER CALM,15,8376.0,HASBAH KENYA LTD P AND G,2,1,4
LAKI LAKI 250ML APPLE GINGER SMOOTHIE,15,1409.4165517241381,LAKI LAKI LIMITED,2,1,4
CIL 1KG RICE BROWN,15,11962.975281384955,CAPWELL INDUSTRIES LTD,2,1,4
FRESHA 500ML VANILLA CUP YOG,15,1409.4165517241381,GITHUNGURI DAIRY FARMERS,2,1,4
JIK 750ML REGULAR 2+1,16,10995.2,TOWFIQ  K  LIMITED HQ,2,1,4
MHARVEST 500G BAG SUPERFAST OATS,14,2788.8,HEALTHY U TWO THOUSAND LTD,2,1,4
USHINDI 800G CREAM MULTI-PURPOSE SOAP,15,1410.6349615744775,PWANI OIL PRODUCTS LTD.,2,1,4
LAKI LAKI 250ML BANANA STRAWBERRY SMOOTHIE,14,1315.4554482758622,LAKI LAKI LIMITED,2,1,4
TROP HEAT 75G CHILLI FLAKES,16,1856.0,TROPICAL HEAT LTD,2,1,4
MAGIC 300ML ENERGY DRINK LEMON,14,1809.2748460445287,KHETIA DRAPERS LTD,2,1,4
TROP HEAT 100G CRISPS TOMATO,15,661.1909090909091,TROPICAL HEAT LTD,2,1,4
BROWNS 250G HALLOUMI CHEESE,14,5589.0604053661655,SUNPOWER PRODUCTS LTD,2,1,4
WHITEWASH 800G WHITE BAR SOAP,14,1316.5926308028456,PWANI OIL PRODUCTS LTD.,2,1,4
DL 1L VANILLA ICECREAM,13,717.9156462585034,GLACIER PRODUCTS LTD G P,2,1,4
OLA 200G LIGHTLY SALTED TORTILA CHIPS,14,726.9205453690645,PROPACK KENYA LTD,2,1,4
FESTIVE 200G HALF POUNDCAKE SLICED CHOCOLATE,13,1372.8000000000002,DPL FESTIVE  LIMITED,2,1,4
DELAMERE 100ML PEAR CARAMEL FRUIT YOG CUP,14,1315.4554482758622,BROOKSIDE DAIRY LIMITED,2,1,4
SIRIMON 200G MATURE CHEDDAR,14,5589.0604053661655,MORANI LIMITED,2,1,4
ENERGIZER AA BATTERY 2PK E91,12,4176.0,HASBAH KENYA LTD,2,1,4
ILARA 250ML FOREST BERRY CUP YOG,15,1409.4165517241381,BROOKSIDE DAIRY LIMITED,2,1,4
CHAINKWO 623ML DARK SOY SAUCE,12,3720.0,ROSHNI DIST LTD  R D,2,1,4
IL 125G CLASSIC BATH SOAP SP331,15,1068.0,P Z CUSSONS EAST AFRICA  LTD HQ,2,1,4
LAKI LAKI 250ML PINEAPPLE PASSION SMOOTHIE,15,1409.4165517241381,LAKI LAKI LIMITED,2,1,4
BIO 90ML YOGHURT GUAVA/MORINGA,13,1221.4943448275865,BIO FOOD PRODUCTS LTD,2,1,4
BOOCH 300ML RASPBERRY DRINK,13,1160.1524852006287,HOUSE OF BOOCH LIMITED,2,1,4
M&M 45G PEANUT CHOCOLATE,15,2004.9129554655874,RADBONE CLARK LIMITED MARS,2,1,4
MF 400G ORIGINAL FRESH DISHWASHING PASTE,14,2912.0,P Z CUSSONS EAST AFRICA  LTD HQ,2,1,4
FC 200G (30D) FRESH SANDWICH BEEF,15,4415.714455681143,FARMERS CHOICE LTD,2,1,4
DELAMERE 3LTR VANILLA YOGHURT,13,1221.4943448275865,BROOKSIDE DAIRY LIMITED,2,1,4
NIVEA 50ML IBNW MEN ROLL ON,13,5408.0,BEIERSDORF EAST AFRICA LTD HQ,2,1,4
CLUB SODA 500ML TANGAWIZI,16,851.0448403046281,HIGHLANDS DRINKS LIMITED,2,1,4
GREEN FARM 20PK Y/YORK EGGS,15,4937.170306694835,GREEN FARM POULTRY,2,1,4
SNAPPY TOM 85G POUCH CAT FOOD BEEF & VEG,18,2742.5503090234865,MERIT AFRICA LTD,2,1,4
KENYA CANE 350ML,13,2635.8688524590166,UDV KENYA LIMITED,2,1,4
KELLOGGS 450G CORNFLAKES,15,10248.0,HASBAH KENYA LTD,2,1,4
AQUAMIST 500ML PINEAPPLE FLAVOURED WATER,16,891.6852186187648,AQUAMIST LIMITED,2,1,4
LU 129.6G BISCUITS WHEATABLE  HIGH FIBRE FP,15,824.5683530678149,HASBAH KENYA LTD CADBURY,2,1,4
KCC 500ML SBERRY YOG CUP (205),16,1503.377655172414,NEW KENYA COOP CREAMERIES  LTD,2,1,4
NATURALLI 300G HIMALAYAN IODISED SEA SALT,14,462.6314202898551,HEALTHY U TWO THOUSAND LTD,2,1,4
FC 1KG (14D) SPICY BEEF VALUE PACK  SAUSAGES,14,4121.333491969066,FARMERS CHOICE LTD,2,1,4
CLUB SODA 500ML BLACKCURRANT,13,691.4739327475104,HIGHLANDS DRINKS LIMITED,2,1,4
HC 500G CHEESE PORTION MOZZARELLA,13,5189.841804982868,HAPPY COW LIMITED,2,1,4
ILARA 150ML STRAWBERRY YOGHURT CUP,14,1315.4554482758622,BROOKSIDE DAIRY LIMITED,2,1,4
AQUAMIST 500ML FRUTZ FRUIT DRINK APPLE,14,1249.3949840622156,AQUAMIST LIMITED,2,1,4
FC 200G (30D) FRESH CHICKEN BRAWN,14,4121.333491969066,FARMERS CHOICE LTD,2,1,4
DAIMA 250ML CHOCOLATE FLAVOURED MILK PET,14,768.5368588432415,DEVYANI FOOD INDUSTRIES K LIMITED MILK AND YOGHURT,2,1,4
FC 200G (30D) FRESH BEEF BACON,14,4121.333491969066,FARMERS CHOICE LTD,2,1,4
ROYCO 200G BEEF ORG MCHUZI MIX TUB,14,1904.0,UNILEVER KENYA LIMITED,2,1,4
MOHAWK KOMBUCHA 500ML LIMADE DRINK,13,1160.1524852006287,ROYAL BREKKERS LIMITED,2,1,4
BOOCH 300ML HIBISCUS LEMON DRINK,13,1160.1524852006287,HOUSE OF BOOCH LIMITED,2,1,4
FAY 30CMX5M FOIL,12,1248.0,KIM FAY EAST AFRICA LTD,2,1,4
TROP HEAT 100G CURRY POWDER JAR,13,1664.0,TROPICAL HEAT LTD,2,1,4
BARAKA CATERING 200G TEA BAGS 100S,17,1699.4350641417227,GOLD CROWN BEVERAGES K LTD,2,1,4
FESTIVE 400G POUNDCAKE SLICED COFFEE,12,1267.2,DPL FESTIVE  LIMITED,2,1,4
DELAMERE 150ML PEAR CARAMEL FRUIT YOG CUP,14,1315.4554482758622,BROOKSIDE DAIRY LIMITED,2,1,4
FRUSION 6*150ML ASSORTED YOGHURT,13,1221.4943448275865,RAZCO LTD,2,1,4
JAVA 90G LOVE COOKIES,11,604.6834589163976,NAIROBI JAVA HOUSE LTD,2,1,4
TOSS 500G LAVENDER DETERGENT SATCHET,12,1920.0,KAPA OIL REFINERIES LTD,2,1,4
KELLOGGS 500G CRUNCHYNUT CORNFLAKES,13,9869.6,HASBAH KENYA LTD,2,1,4
ILARA 150ML FOREST BERRY CUP YOG,13,1221.4943448275865,BROOKSIDE DAIRY LIMITED,2,1,4
FRESH KENCHIC 250G SMOKED SAUSAGE,14,4121.333491969066,KENCHIC FROZEN,2,1,4
PEARL 1KG PISHORI RICE FORTIFIED,13,10367.911910533629,CAPWELL INDUSTRIES LTD,2,1,4
BOOCH 300ML PASSION BAOBAB DRINK,14,1249.3949840622156,HOUSE OF BOOCH LIMITED,2,1,4
FACE TOWEL HEAVY WHITE 12X12,12,1152.0,SHAMULA LIMITED,2,1,4
BOOCH 300ML STRAWBERRY DRINK,12,1070.909986339042,HOUSE OF BOOCH LIMITED,2,1,4
BROOKSIDE 250ML STRAWBERRY 6PK,13,713.641368925867,BROOKSIDE DAIRY LIMITED,2,1,4
RELOAD 500ML ISOTONIC DRINK LEMON,12,1550.8070108953102,EXCEL CHEMICALS LTD,2,1,4
MANJI 200G MARIE BISCUIT,12,659.654682454252,MANJI FOOD INDUSTRIES LTD,2,1,4
KETEPA 100S TAGGED TEA BAGS CATERING,13,1299.5679902260233,KENYA TEA PACKERS KETEPA,2,1,4
ORCHID VALLEY 1L GUAVA DELIGHT TP,12,842.9242024051867,PREMIER FOODS  LIMITED,2,1,4
ROYCO 500G BEEF ORG MCHUZI MIX,13,3536.0,UNILEVER KENYA LIMITED,2,1,4
MILL BAKERS 750G  FAMILY MADEIRA,13,1372.8000000000002,MILL BAKERS LIMITED,2,1,4
FESTIVE 250G CUPCAKE 6PC VANILLA,14,1478.4,DPL FESTIVE  LIMITED,2,1,4
MF 750ML ANT-B D/WASHING LIQUID ORANGE,14,3348.8,P Z CUSSONS EAST AFRICA  LTD HQ,2,1,4
FC 400G (14D) FRESH SPICY BEEF SAUSAGES,14,4121.333491969066,FARMERS CHOICE LTD,2,1,4
SIRIMON 500G MOZARELLA CHEESE,15,5988.279005749463,MORANI LIMITED,2,1,4
AQUAMIST 500ML LEMON ICE TEA,12,1070.909986339042,AQUAMIST LIMITED,2,1,4
JIK BLEACH 1.5LT REGULAR PERFUMED,12,7660.800000000001,TOWFIQ  K  LIMITED HQ,2,1,4
BROWNS 200G CHICK PEAS HUMMUS,11,328.82803738317756,SUNPOWER PRODUCTS LTD,2,1,4
CHEESE LOVE 250G FETA PLAIN,11,4391.404604216273,SUNPOWER PRODUCTS LTD,2,1,4
BROWNS 250ML GREEK YOGHURT BERRY,12,1127.5332413793105,SUNPOWER PRODUCTS LTD,2,1,4
KO 330ML PASSION ICE TEA CAN,13,2101.7159601328904,SAVANNAH BRANDS COMPANY LIMITED,2,1,4
ENIGMA 80ML MINI SALTED CARAMEL,12,662.6913657770801,RAZCO LTD,2,1,4
CIL 1KG BLENDED RICE,12,9570.380225107965,CAPWELL INDUSTRIES LTD,2,1,4
KOTEX 20S SINGLE WRAPPED PANTYLINERS,11,1731.2132505175987,KIM FAY EAST AFRICA LTD,2,1,4
DL 250G CHOCOLATE SPREAD,11,1470.269500674764,GLACIER PRODUCTS LTD 2ND,2,1,4
MF 200G D/WASHING PASTE ZESTY LEMON,12,844.8000000000001,P Z CUSSONS EAST AFRICA  LTD HQ,2,1,4
QUEEN DELI 200G HUMMUS,12,3532.5715645449136,LEMOC LIMITED,2,1,4
MHARVEST 500G JUMBO OATS BAG,14,2788.8,HEALTHY U TWO THOUSAND LTD,2,1,4
BROWNS 200G SOUR CREAM,12,3385.910233393178,SUNPOWER PRODUCTS LTD,2,1,4
BROWNS 250ML GOAT YOGHURT NATURAL,12,1127.5332413793105,SUNPOWER PRODUCTS LTD,2,1,4
JEVANS ASSORTED COMBS,12,624.0,JEVANS ENTERPRISES,2,1,4
FRUSION 6*100ML ASSORTED YOGHURT,12,1127.5332413793105,RAZCO LTD,2,1,4
AQUAMIST 500ML FRUTZ FRUIT DRINK MANGO,13,1160.1524852006287,AQUAMIST LIMITED,2,1,4
KENTASTE 250ML COCONUT MILK,12,697.3210537588349,CHANDARIA INDUSTRIES  LTD KENTASTE,2,1,4
SANTA MARIA 500ML EXTRA VIRGIN OLIVE OIL,11,14740.0,DEBENHAM AND FEAR LTD,2,1,4
FESTIVE 200G CUPCAKE 8PC VANILLA,11,1161.6000000000001,DPL FESTIVE  LIMITED,2,1,4
FITCH&LEEDES 200ML CAN TONIC LITE,11,1778.3750431893689,SLATER AND WHITTAKER LTD,2,1,4
BOOCH 300ML ELDERFLOWER DRINK,12,1070.909986339042,HOUSE OF BOOCH LIMITED,2,1,4
FC 200G (30D) FRESH RINDLESS BACON,11,3238.190600832838,FARMERS CHOICE LTD,2,1,4
IGLOO 120ML COTTON CANDY CONE,11,607.4670852956567,CRYSTAL FROZEN AND CHILLED FOODS LTD,2,1,4
BOKOMO 1KG SQ MORNING OATS,11,4127.200000000001,WEETABIX EAST AFRICA LTD HQ,2,1,4
TROPNUTS 50G EXOTIC NUT MIX,13,665.6,TROPICAL HEAT LTD,2,1,4
DOWNY 900ML POUCH SUNRISE FRESH,12,6700.799999999999,HASBAH KENYA LTD P AND G,2,1,4
BROOKSIDE 250ML FRUITNESS VANILLA CUP,13,1221.4943448275865,BROOKSIDE DAIRY LIMITED,2,1,4
FAY MULTI PURPOSE JUMBO ROLL,10,3000.0,KIM FAY EAST AFRICA LTD,2,1,4
KITCHEN TOWEL HEAVY SQUARE 11X11,10,872.0,SHAMULA LIMITED,2,1,4
MILL BAKERS 150G MINI HEARTS,10,1056.0,MILL BAKERS LIMITED,2,1,4
NIVEA DEO AQUA COOL ROLL ON 50ML(82886),10,4160.0,BEIERSDORF EAST AFRICA LTD HQ,2,1,4
NUVITA 200G CRUNCHY GINGER BISCUITS,10,549.7122353785433,MJENGO LIMITED,2,1,4
KASUKU 500G COOKING FAT,11,1892.0,KAPA OIL REFINERIES LTD,2,1,4
KABARNET 20LT MINERAL WATER,10,557.3032616367279,KHETIA DRAPERS LTD,2,1,4
MANJI 1KG JAR GINGERSNAPS,10,549.7122353785433,MANJI FOOD INDUSTRIES LTD,2,1,4
NUTEEZ 400G PEANUT BUTTER CRUNCHY,10,2352.0,JETLAK FOODS LTD,2,1,4
AQUAMIST 500ML FRUTZ FRUIT DRINK TROPICAL,11,981.6674874774551,AQUAMIST LIMITED,2,1,4
KIENYEJI POULTRY EGGS 15PK,12,3949.736245355868,KIENYEJI POULTRY PRODUCTS,2,1,4
CAPT MORGAN 750ML GOLD,11,2230.3505674653215,UDV KENYA LIMITED,2,1,4
DL 150G YOGHURT KIWI APPLE,11,1033.5721379310346,GLACIER PRODUCTS LTD 2ND,2,1,4
KETEPA 250G SAFARI PURE TEA,10,999.6676847892486,KENYA TEA PACKERS KETEPA,2,1,4
FC 400G (30D) FRESH COLLAR BACON,12,3532.5715645449136,FARMERS CHOICE LTD,2,1,4
TUZO 200G YOGHURT VANILLA,11,1033.5721379310346,BROOKSIDE DAIRY LIMITED,2,1,4
FACE TOWEL PLAIN HEAVY  12X12,10,872.0,SHAMULA LIMITED,2,1,4
NUTEEZ 400G PEANUT BUTTER SMOOTH,13,3068.0,JETLAK FOODS LTD,2,1,4
BUTTERFLY 1KG CHANNA DAL,10,2952.0,SPICE WORLD LTD,2,1,4
BROOKSIDE 500ML VANILLA YOG TR,11,1033.5721379310346,BROOKSIDE DAIRY LIMITED,2,1,4
BIO 500ML DAIRY WHIPPING CREAM,11,3103.75104727708,BIO FOOD PRODUCTS LTD,2,1,4
SUNLIGHT 500G 2IN1 LAVENDER WASHING POWDER,10,1560.0,UNILEVER KENYA LIMITED,2,1,4
ZESTA 300ML WHITE VINEGAR,10,392.0,TRUFOODS LIMITED T F,2,1,4
TROP HEAT 100G ONION POWDER JAR,10,1520.0,TROPICAL HEAT LTD,2,1,4
TROP HEAT 100G GARAM MASALA,11,2376.0,TROPICAL HEAT LTD,2,1,4
HAPPY COW 150G CHEDDAR CHEESE SLICES,11,4391.404604216273,CRYSTAL FROZEN AND CHILLED FOODS LTD,2,1,4
ALWAYS PANTYLINERS N ECONOMY *40,10,1573.8302277432715,HASBAH KENYA LTD P AND G,2,1,4
VELVEX 530ML WINDOW CLEANER LEMON FRESH,10,1520.0,CHANDARIA INDUSTRIES  LTD,2,1,4
PRIDE 800G LIME DISH WASHING PASTE,10,3176.0,CANON CHEMICALS LTD,2,1,4
CAREX 200ML H/W ALOE VERA DOY,11,1408.0,P Z CUSSONS EAST AFRICA  LTD HQ,2,1,4
MOHAWK KOMBUCHA 500ML PEACH PUNCH DRINK,10,892.4249886158682,ROYAL BREKKERS LIMITED,2,1,4
MILL BAKERS 450G ENGLISH MUFFINS 8PCS,11,1161.6000000000001,MILL BAKERS LIMITED,2,1,4
SANTA MARIA 400G BAKED BEANS IN TOMATO SAUCE,9,1198.2910262710266,DEBENHAM AND FEAR LTD,2,1,4
VASELINE 240ML PURE PJELLY ORIGINAL,10,2712.0,UNILEVER KENYA LIMITED,2,1,4
MOHAWK KOMBUCHA 500ML MANGO MAGIC DRINK,9,803.1824897542814,ROYAL BREKKERS LIMITED,2,1,4
SANTA MARIA 1LT EXTRA VIRGIN OLIVE OIL,11,24534.4,DEBENHAM AND FEAR LTD,2,1,4
ENERGIZER 3V LITHIUM ECR 2032,10,1320.0,HASBAH KENYA LTD,2,1,4
GILANI 250G M&E PET BILTONG DRY,9,9496.800000000001,GILANI GOURMET LTD,2,1,4
TROP HEAT 150G KENYAN CHEVDA SWEET(TAMU),10,496.6218867924528,TROPICAL HEAT LTD,2,1,4
PURE HEALTH 500G PURE SEA SALT,9,297.4059130434783,WINNIES PURE HEALTH PRODUCTS LIMITED,2,1,4
QUEEN DELI 200G PIZZA MOZARELLA ITALIAN,10,3992.1860038329755,LEMOC LIMITED,2,1,4
AXE 150ML APOLLO AEROSOL PROMO,10,7200.0,UNILEVER KENYA LIMITED,2,1,4
MF 800G ANTI-B D/WASHING PASTE ORANGE,11,3696.0,P Z CUSSONS EAST AFRICA  LTD HQ,2,1,4
OOHI LALA 250ML MANGO YOG DRINK,9,845.649931034483,RAZCO LTD,2,1,4
DELAMERE 3L PREM VANILLA FRUIT YOGHURT,10,939.6110344827588,BROOKSIDE DAIRY LIMITED,2,1,4
FROZEN KENCHIC 750G CHICKEN THIGH B/LESS,10,7000.0,KENCHIC FROZEN,2,1,4
254 SAND TRAP 330ML BEER,11,2012.4835131264917,254 BREWING COMPANY LIMITED,2,1,4
NUZIWA 1LT ALMOND MILK ORIGNAL,9,3456.0,JETLAK FOODS LTD,2,1,4
FC 100G (3M) CAMPOFRIO SALAMI PALACIEGO,9,2649.4286734086854,FARMERS CHOICE LTD,2,1,4
MOHAWK KOMBUCHA 500ML BERRICIOUS DRINK,10,892.4249886158682,ROYAL BREKKERS LIMITED,2,1,4
BROOKSIDE 150ML FRUITNESS MIXED BERRIES CUP,10,939.6110344827588,BROOKSIDE DAIRY LIMITED,2,1,4
58 GIN&TONIC 330ML THE CLASSIC,10,1835.5397854082241,SAVANNAH BRANDS COMPANY LIMITED,2,1,4
HC 100G CHEESE PORTION PARMESAN GRATED,10,3992.1860038329755,HAPPY COW LIMITED,2,1,4
BROWNS 250ML GOAT YOGHURT HONEY,10,939.6110344827588,SUNPOWER PRODUCTS LTD,2,1,4
ILARA 150ML TNC MANGO CUP,11,1033.5721379310346,BROOKSIDE DAIRY LIMITED,2,1,4
FC 200G (30D) GARLIC SALAMI,10,2943.8096371207616,FARMERS CHOICE LTD,2,1,4
SESIA 500ML HONEY  SQUEEZE,10,3440.0,SESIA LIMITED,2,1,4
ILARA 250ML TNC MANGO CUP,10,939.6110344827588,BROOKSIDE DAIRY LIMITED,2,1,4
CHROME 750ML GIN,10,2027.5914249684743,UDV KENYA LIMITED,2,1,4
CADBURY 125G DRINKING CHOCOLATE JAR,10,847.3482196741098,HASBAH KENYA LTD CADBURY,2,1,4
BIO 150ML YOGHURT GUAVA/MORINGA,13,1221.4943448275865,BIO FOOD PRODUCTS LTD,2,1,4
HARIBO 80G PEACHES HALAL,10,125.80136155374373,ROSHNI DIST LTD  R D,2,1,4
GEISHA 200G SOAP PINK N HONEY,10,864.0,UNILEVER KENYA LIMITED,2,1,4
BIO FOB 200ML BLUEBERRY YOGHURT,10,939.6110344827588,BIO FOOD PRODUCTS LTD,2,1,4
FRUSION 150ML CUP VANILLA YOGHURT,9,845.649931034483,RAZCO LTD,2,1,4
SAFISHA 400G LEMON DISHWASHING PASTE,9,1512.0,SUNDRIES BARGAIN NAIROBI LTD,2,1,4
FC 400G (14D) FRESH MEATY BEEF SAUSAGES,9,2649.4286734086854,FARMERS CHOICE LTD,2,1,4
FRESH KENCHIC 500G CHICKEN SMOKED SAUSAGE,9,2649.4286734086854,KENCHIC FROZEN,2,1,4
DELAMERE 450ML PEAR CARAMEL FRUIT YOG CUP,9,845.649931034483,BROOKSIDE DAIRY LIMITED,2,1,4
LAKI LAKI 450ML GREEK YOGHURT VANILLA,10,939.6110344827588,LAKI LAKI LIMITED,2,1,4
BROOKSIDE 250ML FRUITNESS MIXED BERRIES CUP,9,845.649931034483,BROOKSIDE DAIRY LIMITED,2,1,4
DL 150G YOGHURT STRAWBERRY,9,845.649931034483,GLACIER PRODUCTS LTD 2ND,2,1,4
ENERGIZER AA BATTERY 4+2 E91 BP6,9,5616.0,HASBAH KENYA LTD,2,1,4
SUNLIGHT 3.5KG SPRING WASHING POWDER,9,8596.800000000001,UNILEVER KENYA LIMITED,2,1,4
IL 175G CLASSIC BATH SOAP.,10,1200.0,P Z CUSSONS EAST AFRICA  LTD HQ,2,1,4
FC 200G (30D) CHICKEN SANDWICH SLICES,9,2649.4286734086854,FARMERS CHOICE LTD,2,1,4
LAKI LAKI 450ML GREEK YOGHURT MANGO PASSION,9,845.649931034483,LAKI LAKI LIMITED,2,1,4
JAVA 375G EAST AFRICA BLEND GROUND,10,73.1053410466837,NAIROBI JAVA HOUSE LTD,2,1,4
FRUSION 150ML CUP WILDBERRY YOGHURT,8,751.688827586207,RAZCO LTD,2,1,4
BROWNS 250ML GOAT YOGHURT BERRY,8,751.688827586207,SUNPOWER PRODUCTS LTD,2,1,4
BROOKSIDE 250ML COFFEE 6PK,8,439.16391933899513,BROOKSIDE DAIRY LIMITED,2,1,4
PRINGLES 165G CRISPS ORIGINAL,10,440.79393939393947,HASBAH KENYA LTD,2,1,4
OMO 1KG EXTRA FRESH HANDWASH,11,3449.6000000000004,UNILEVER KENYA LIMITED,2,1,4
SAFISHA 3PK JUMBO SPONGE CLOTH,9,2088.0,SUNDRIES BARGAIN NAIROBI LTD,2,1,4
KETEPA 500G SAFARI PURE TEA,9,899.7009163103238,KENYA TEA PACKERS KETEPA,2,1,4
MC 330G GARLIC MAYONNAISE,8,2745.6000000000004,BIO FOOD PRODUCTS LTD,2,1,4
DAIMA 250ML VANILLA YOGHURT CUP,8,751.688827586207,DEVYANI FOOD INDUSTRIES K LIMITED MILK AND YOGHURT,2,1,4
KOTEX 8S ULTRA THIN SUPER,9,1416.4472049689443,KIM FAY EAST AFRICA LTD,2,1,4
FC 300G (14D) SAVOURY MEATBALLS,10,2943.8096371207616,FARMERS CHOICE LTD,2,1,4
FC 500G (30D) FRESH BEEF VIENNAS,9,2649.4286734086854,FARMERS CHOICE LTD,2,1,4
BIO 350ML ACTIVE POWER YOGHURT DRINK VANILLA,8,751.688827586207,BIO FOOD PRODUCTS LTD,2,1,4
VASELINE 400ML COCOA GLOW LOTION,8,3648.0,UNILEVER KENYA LIMITED,2,1,4
FC 500G (30D) FRESH POULTRY VIENNAS,8,2355.047709696609,FARMERS CHOICE LTD,2,1,4
PEARL 2KG SUPER BASMATI RICE FORTIFIED,8,6380.253483405309,CAPWELL INDUSTRIES LTD,2,1,4
ILARA 500ML STRAWBERRY YOGHURT CUP,10,939.6110344827588,BROOKSIDE DAIRY LIMITED,2,1,4
FC 500G (30D) FRESH BEEF BRAWN,8,2355.047709696609,FARMERS CHOICE LTD,2,1,4
NUTRAMEAL 1KG POLISHED GREEN GRAM,8,1273.6000000000001,KAMILI PACKERS LIMITED NORMAL,2,1,4
MOHAWK KOMBUCHA 500ML SPICED DRINK,8,713.9399908926946,ROYAL BREKKERS LIMITED,2,1,4
KAWAN 400G CHAPATI,7,1596.0,CRYSTAL FROZEN AND CHILLED FOODS LTD,2,1,4
OOH 500ML FRESH DOUBLE CREAM,7,1975.1143028126871,RAZCO LTD,2,1,4
FC 400G (30D) FRESH BEEF SMOKIES,7,2060.666745984533,FARMERS CHOICE LTD,2,1,4
DAIMA 250ML SBERRY YOGHURT CUP,7,657.7277241379311,DEVYANI FOOD INDUSTRIES K LIMITED MILK AND YOGHURT,2,1,4
HEINZ 200G BAKED BEANS UK,6,798.8606841806843,HASBAH KENYA LTD,2,1,4
BROOKSIDE 500ML DAIRY BEST (POUCH),13851,606002.7919794907,BROOKSIDE DAIRY LIMITED,2,2,5
ILARA FRESH MILK 500ML SATCHET,3764,169296.81878961768,BROOKSIDE DAIRY LIMITED,2,2,5
TUZO 500ML FRESH MILK (POUCH),2371,111911.32271859737,BROOKSIDE DAIRY LIMITED,2,2,5
BROOKSIDE 500ML TR FRESH MILK,2173,112947.56862691279,BROOKSIDE DAIRY LIMITED,2,2,5
TUZO 450ML ESL WHOLE MILK 30DAYS,1327,58918.60648924536,BROOKSIDE DAIRY LIMITED,2,2,5
FRESHA 500ML WHOLE MILK POUCH,1024,46550.44312553941,GITHUNGURI DAIRY FARMERS,2,2,5
FESTIVE 400G MILKY WHITE SLICED,1115,57980.258296171894,DPL FESTIVE  LIMITED,2,2,5
BROOKSIDE 1LT UHT WHOLE MILK,1027,127677.25085501857,BROOKSIDE DAIRY LIMITED,2,2,5
NATURES 400G GOLD WHITE,969,50388.27175208582,DPL FESTIVE  LIMITED,2,2,5
BIO 2L WHOLE FRESH MILK,1054,268451.01641684514,BIO FOOD PRODUCTS LTD,2,2,5
FESTIVE 600G FAMILY WHITE BREAD,1005,80400.5905843072,DPL FESTIVE  LIMITED,2,2,5
FESTIVE 800G WHITE MILKY BREAD,972,101088.0,DPL FESTIVE  LIMITED,2,2,5
DAIMA 500ML FINO MAZIWA BORA,902,34389.145059565526,DEVYANI FOOD INDUSTRIES K LIMITED MILK AND YOGHURT,2,2,5
BROOKSIDE 500ML LACTOSE FREE UHT MILK FINO,853,51606.09134461834,BROOKSIDE DAIRY LIMITED,2,2,5
JOGOO 2KG MAIZE MEAL,429,49766.2355140187,UNGA LTD,2,2,5
TUZO 500ML WHOLE MILK (FINO PACK) 180DAYS,864,35337.19670373999,BROOKSIDE DAIRY LIMITED,2,2,5
BROOKSIDE 250ML UHT WHOLE MILK,760,25536.29295557483,BROOKSIDE DAIRY LIMITED,2,2,5
FRESHA MAISHA 250ML LONG LIFE MILK,783,18792.28730650155,GITHUNGURI DAIRY FARMERS,2,2,5
KCC 500ML FRESH WHOLE MILK TFA 21,687,29077.925947521868,NEW KENYA COOP CREAMERIES  LTD,2,2,5
NATURES 600G WHITE BREAD,749,59920.59289376631,DPL FESTIVE  LIMITED,2,2,5
EXE 2KG ALL PURPOSE FLOUR,347,44447.86293623332,UNGA LTD,2,2,5
DAIMA 450ML ESL MAZIWA BORA,571,20442.543415122687,DEVYANI FOOD INDUSTRIES K LIMITED MILK AND YOGHURT,2,2,5
DAIMA 500ML WHOLE ESL POUCH,585,22907.297305300563,DEVYANI FOOD INDUSTRIES K LIMITED MILK AND YOGHURT,2,2,5
MUMIAS 2KG SUGAR,329,84431.558493375,Unknown,2,2,5
KCC 500ML FRESH W/MILK (POUCH)-84,454,20481.52102236422,NEW KENYA COOP CREAMERIES  LTD,2,2,5
AJAB 2KG HOME BAKING FLOUR,231,29508.593208479113,GRAIN INDUSTRIES LIMITED,2,2,5
MUMIAS 1KG SUGAR,234,30304.82540180322,Unknown,2,2,5
BIO 1L FRESH WHOLE MILK,427,58373.288849241755,BIO FOOD PRODUCTS LTD,2,2,5
PEMBE 2KG MAIZE MEAL,228,26813.699193307442,PEMBE FLOUR MILLS,2,2,5
SOKO 2KG MAIZE MEAL,340,39751.91653915704,CAPWELL INDUSTRIES LTD,2,2,5
ILARA  POUCH FRESH MILK 1LTR,374,35018.99368632037,BROOKSIDE DAIRY LIMITED,2,2,5
KCC 500ML GOLD CROWN  (POUCH)-55,379,17421.308611388613,NEW KENYA COOP CREAMERIES  LTD,2,2,5
BROOKSIDE 2LTR FRESH MILK STANDARD BOTTLE,350,71944.6158984636,BROOKSIDE DAIRY LIMITED,2,2,5
NATURES 800G WHITE BREAD,344,35776.560108548176,DPL FESTIVE  LIMITED,2,2,5
FESTIVE 600G FAMILY BRWN BREAD,312,24960.061782178218,DPL FESTIVE  LIMITED,2,2,5
FESTIVE 400G WHOLE MEAL,279,14508.097297297298,DPL FESTIVE  LIMITED,2,2,5
BROOKSIDE 2LTR FRESH MILK WHOLE BOTTLE,245,50363.072379367724,BROOKSIDE DAIRY LIMITED,2,2,5
FRESHA MAISHA 500ML LONG LIFE MILK,251,11135.125315061789,GITHUNGURI DAIRY FARMERS,2,2,5
FESTIVE 800G SUPREME WHOLE MEAL,255,26520.0,DPL FESTIVE  LIMITED,2,2,5
BROOKSIDE 1LT UHT LOWFAT MILK,238,29114.807947019865,BROOKSIDE DAIRY LIMITED,2,2,5
BIO 2L SEMI SKIMMED FRESH MILK,239,58432.9759283645,BIO FOOD PRODUCTS LTD,2,2,5
BROOKSIDE 1L FARM FRESH MILK,228,23712.0,BROOKSIDE DAIRY LIMITED,2,2,5
FESTIVE 400G FINEST SUPER SEEDED BREAD,245,25480.052688172043,DPL FESTIVE  LIMITED,2,2,5
FRESHA 500ML ASEPTIC WHOLE MILK,225,9720.060382422009,GITHUNGURI DAIRY FARMERS,2,2,5
BROADWAY 400G WHITE SLICED BREAD,210,10920.0,BROADWAYS BAKERY LTD,2,2,5
BROOKSIDE 1LTR FRESH MILK STANDARD,213,22149.305624576464,BROOKSIDE DAIRY LIMITED,2,2,5
FRESHA 5L WHOLE MILK,200,79915.96091205212,GITHUNGURI DAIRY FARMERS,2,2,5
FESTIVE 400G WHITE SLICED,205,10332.323471400396,DPL FESTIVE  LIMITED,2,2,5
BROOKSIDE 1L LACTOSE FREE UHT MILK,213,29686.935082655473,BROOKSIDE DAIRY LIMITED,2,2,5
SUPA 400G BUTTER TOAST BREAD,217,11284.390441383188,MINI BAKERIES NBI  LTD,2,2,5
BROOKSIDE 200ML  WHOLE MILK TCA,200,5120.0959520239885,BROOKSIDE DAIRY LIMITED,2,2,5
SUPA 400G WHITE SLICED BREAD CT,169,8788.0,MINI BAKERIES NBI  LTD,2,2,5
FESTIVE 300G 6S PREM SESSAME SLICED BURGER BUNS,204,21216.0,DPL FESTIVE  LIMITED,2,2,5
BIO 1L FRESH SEMI SKIMMED MILK,184,23122.394074074076,BIO FOOD PRODUCTS LTD,2,2,5
FESTIVE 300G 6S PREM PLAIN BURGER BUNS,190,18240.0,DPL FESTIVE  LIMITED,2,2,5
FESTIVE 300G 6S DELUXE ROLLS,169,16224.0,DPL FESTIVE  LIMITED,2,2,5
BROADWAY 400G NATURAL BROWN BREAD,166,8632.321393998063,BROADWAYS BAKERY LTD,2,2,5
TUZO 250ML UHT WHOLE MILK,151,4832.0,BROOKSIDE DAIRY LIMITED,2,2,5
AMAIZE 2KG SIFTED MAIZE FLOUR,83,10059.530271602796,CAPWELL INDUSTRIES LTD,2,2,5
SUPA LOAF WHITE BREAD 600G,141,11280.0,MINI BAKERIES NBI  LTD,2,2,5
SUPA 600G WHITE BUTTER TOAST,130,10400.0,MINI BAKERIES NBI  LTD,2,2,5
NATURES 400G GOLD  BROWN,130,6760.251937984496,DPL FESTIVE  LIMITED,2,2,5
BROADWAYS 600G WHITE BREAD,124,9821.367577876668,BROADWAYS BAKERY LTD,2,2,5
KINGSMIL 400G KUBWA WAO WHITE BREAD,121,6292.0,KENAFRIC BAKERY LTD,2,2,5
KINGSMIL 200G SLICED WHITE BREAD,118,3304.2690992018242,KENAFRIC BAKERY LTD,2,2,5
BIO 1L FRESH SKIMMED MILK,108,13295.619801980198,BIO FOOD PRODUCTS LTD,2,2,5
BROOKSIDE 250ML UHT LOW FAT MILK,101,3393.6000000000004,BROOKSIDE DAIRY LIMITED,2,2,5
FRESHA 2LT WHOLE MILK,104,17472.0,GITHUNGURI DAIRY FARMERS,2,2,5
FESTIVE 350G SLICED SUB ROLLS 4S,97,10864.0,DPL FESTIVE  LIMITED,2,2,5
EXE 1KG ALL PURPOSE,57,3903.9940409683427,UNGA LTD,2,2,5
TUZO 450ML ESL WHOLE MILK 90DAYS,102,3748.700804872743,BROOKSIDE DAIRY LIMITED,2,2,5
AJAB 2KG MAIZE MEAL FLOUR,46,5713.619855884708,GRAIN INDUSTRIES LIMITED,2,2,5
FESTIVE 350G LONG SLICED ROLLS 4S,97,7760.0,DPL FESTIVE  LIMITED,2,2,5
HOSTESS 2KG FLOUR,55,6665.953794435588,UNGA LTD,2,2,5
BROADWAY 800G WHITE SANDWICH SLICED BREAD,92,9568.113931888547,BROADWAYS BAKERY LTD,2,2,5
BROOKSIDE 3L FARM FRESH MILK,87,3862.7873131607735,BROOKSIDE DAIRY LIMITED,2,2,5
SUPA 400G BARREL WHITE BREAD,91,4732.113307392997,MINI BAKERIES NBI  LTD,2,2,5
SUPA 800G SWICH WHITE BREAD,86,8944.0,MINI BAKERIES NBI  LTD,2,2,5
EXE 2KG CHAPATI FLOUR,62,8397.11186440678,UNGA LTD,2,2,5
TUZO 1L UHT WHOLE MILK,78,3463.1886255924173,BROOKSIDE DAIRY LIMITED,2,2,5
NATURES 600G BROWN BREAD,84,6720.0,DPL FESTIVE  LIMITED,2,2,5
KINGSMIL 400G KUBWA WAO BROWN BREAD,87,4524.0,KENAFRIC BAKERY LTD,2,2,5
RINSUN 1LT SUNFLOWER OIL,42,38828.65655416975,KAPA OIL REFINERIES LTD,2,2,5
SOKO 1KG MAIZE MEAL FLOUR,62,3930.8775372775376,CAPWELL INDUSTRIES LTD,2,2,5
BIO 1L BARISTA FRESH MILK,81,11598.1875,BIO FOOD PRODUCTS LTD,2,2,5
BROADWAYS 600G BROWN BREAD,65,5200.0,BROADWAYS BAKERY LTD,2,2,5
BROADWAY 200G WHITE KADOGO  BREAD,70,5600.0,BROADWAYS BAKERY LTD,2,2,5
EXE 2KG SELF RAISING,38,5321.992826221397,UNGA LTD,2,2,5
SUPA 800G WHITE BUTTER TOAST,67,5360.0,MINI BAKERIES NBI  LTD,2,2,5
EXE 1KG SELF RAISING,27,3272.3773172683796,UNGA LTD,2,2,5
RINA 2L VEGETABLE OIL JERRICAN,24,22187.803745239857,KAPA OIL REFINERIES LTD,2,2,5
KINGSMIL 200G SLICED BROWN BREAD,47,3760.0,KENAFRIC BAKERY LTD,2,2,5
RINA 1LT VEGETABLE OIL JERRICAN,26,24036.78739067651,KAPA OIL REFINERIES LTD,2,2,5
BROADWAY 800G BROWN SANDWICH SLICED BREAD,46,3680.0,BROADWAYS BAKERY LTD,2,2,5
RINA 3LT VEGETABLE  OIL,21,19414.328277084875,KAPA OIL REFINERIES LTD,2,2,5
FAMILA 1KG PURE WIMBI FLOUR,30,3635.974796964866,UNGA LTD,2,2,5
SUPA 600G BARREL WHITE BREAD,36,2880.0,MINI BAKERIES NBI  LTD,2,2,5
FESTIVE 400G ZERO WHITE BREAD SF,35,2800.0,DPL FESTIVE  LIMITED,2,2,5
BUTTERFLY 1KG ATTA MARK 1 FLOUR,20,2423.9831979765772,SPICE WORLD LTD,2,2,5
DAIMA 200ML MILK FINO BORA,36,719.3658209669697,DEVYANI FOOD INDUSTRIES K LIMITED MILK AND YOGHURT,2,2,5
FESTIVE 400G SILINDA WHITE BREAD,32,2560.0,DPL FESTIVE  LIMITED,2,2,5
SIMPLIFINE 800G WHOLEMEAL LOAF,29,2320.0,BIGCOLD KENYA SIMPLIFINE SHELF BREAD,2,2,5
BROADWAY 400G PREMIUM SANDWICH BREAD,31,2480.0,BROADWAYS BAKERY LTD,2,2,5
FESTIVE 400GM BROWN SLICED,29,2320.0,DPL FESTIVE  LIMITED,2,2,5
BUTTERFLY 2KG ATTA MARK 1 FLOUR,17,2060.3857182800907,SPICE WORLD LTD,2,2,5
CAPTAIN COOK 5L PURE CORN OIL,18,16640.852808929892,KAPA OIL REFINERIES LTD,2,2,5
SIMPLIFINE 800G WHITE FAMILY LOAF,24,1920.0,BIGCOLD KENYA SIMPLIFINE SHELF BREAD,2,2,5
AMAIZE 2KG PREMIUM MAIZE FLOUR,20,2930.5920925747346,CAPWELL INDUSTRIES LTD,2,2,5
SIMPLIFINE 600G WHOLEMEAL LOAF,22,1760.0,BIGCOLD KENYA SIMPLIFINE SHELF BREAD,2,2,5
JOGOO 2KG WIMBI MEAL,15,1817.987398482433,UNGA LTD,2,2,5
SUPA 600G BARREL BROWN BREAD,19,1520.0,MINI BAKERIES NBI  LTD,2,2,5
AJAB 2KG SELF RAISING FLOUR,14,1696.7882385836042,GRAIN INDUSTRIES LIMITED,2,2,5
MOLO UHT MILK 500ML ESL 90DAYS,17,637.7298644192012,BROOKSIDE DAIRY LIMITED,2,2,5
KINGSMIL 250G SCONES,17,1360.0,KENAFRIC BAKERY LTD,2,2,5
FESTIVE 400G SILINDA  BROWN BREAD,18,1440.0,DPL FESTIVE  LIMITED,2,2,5
FESTIVE 300G 6S PREM BROWN BURGER BUNS,17,1360.0,DPL FESTIVE  LIMITED,2,2,5
BROADWAY 400G 50/50 BREAD,14,1120.0,BROADWAYS BAKERY LTD,2,2,5
SIMPLIFINE 600G BROWN LOAF,14,1120.0,BIGCOLD KENYA SIMPLIFINE SHELF BREAD,2,2,5
BROADWAYS 200G MANDO BITES 4S,16,1280.0,BROADWAYS BAKERY LTD,2,2,5
SUPA 1.5KG BUTTER TOAST BREAD,15,1200.0,MINI BAKERIES NBI  LTD,2,2,5
EXE 2KG ATTA MARK 1,8,969.5932791906309,UNGA LTD,2,2,5
FESTIVE 1.5KG BROWN BREAD,14,1120.0,DPL FESTIVE  LIMITED,2,2,5
AVENA 5L VEGETABLE OIL,9,8320.426404464946,GOLDEN AFRICA K LTD,2,2,5
SOKO 5KG MAIZE MEAL BAG,7,848.3941192918021,CAPWELL INDUSTRIES LTD,2,2,5
SUPA 1.5KG WHITE SLICED BREAD,11,880.0,MINI BAKERIES NBI  LTD,2,2,5
BROADWAY 200G MAICHO DONUTS 4PC,9,720.0,BROADWAYS BAKERY LTD,2,2,5
QUENCHER 500ML DRINKING WATER,1096,23190.142846677903,EXCEL CHEMICALS LTD,2,2,5
WHITE CAP 500ML LAGER CANS,779,142329.65311380147,KENYA BREWERIES LTD,2,2,5
QUENCHER 300ML DRINKING WATER,749,11551.193384461487,EXCEL CHEMICALS LTD,2,2,5
KERINGET 500ML MINERAL WATER,657,29510.281088011725,COCA COLA BEVERAGES KENYA LTD,2,2,5
AQUAMIST 300ML MINERAL WATER,581,14258.191304347829,AQUAMIST LIMITED,2,2,5
BIO 200ML GREEK STYLE NATURE PLAIN YOGHURT,732,101231.30409861973,BIO FOOD PRODUCTS LTD,2,2,5
DUNHILL 20S SWITCH,542,203792.0,NOBLE OUTLOOK LIMITED,2,2,5
COKE PET 350ML,527,20491.558847432585,COCA COLA BEVERAGES KENYA LTD,2,2,5
NUTFIELD 20G MAC NUTS LOCAL,509,26060.800000000003,KENYA NUT COMPANY,2,2,5
KERINGET 18.9LT MINERAL WATER REFIL,506,242327.99776182947,COCA COLA BEVERAGES KENYA LTD,2,2,5
NUTFIELDS 20G MIXED NUTS,499,21956.0,KENYA NUT COMPANY,2,2,5
NUTFIELDS 20G CASHEW NUTS ROASTED AND SALTED,489,27384.0,KENYA NUT COMPANY,2,2,5
QUENCHER 1LT DRINKING WATER,480,18502.48935683223,EXCEL CHEMICALS LTD,2,2,5
COKE PET 500ML,475,25265.393696543648,COCA COLA BEVERAGES KENYA LTD,2,2,5
EMBASSY BY DUNHILL BLUE 20S,444,163392.44946508686,NOBLE OUTLOOK LIMITED,2,2,5
TUSKER 500ML LAGER BEER,440,73568.00000000001,KENYA BREWERIES LTD,2,2,5
TUSKER CAN 500ML BEER,421,71636.577527953,KENYA BREWERIES LTD,2,2,5
COKE ZERO 330ML CAN,406,31366.571560994667,COCA COLA BEVERAGES KENYA LTD,2,2,5
AQUAMIST 20LT MINERAL WATER,389,164149.29973224128,AQUAMIST LIMITED,2,2,5
NESTLE 41.5G KITKAT 4 FINGER MILK,374,49989.163022941975,GLACIER PRODUCTS LTD 2ND,2,2,5
AQUAMIST 500ML MINERAL WATER,355,14014.610283315847,AQUAMIST LIMITED,2,2,5
WHITE CAP 500ML LAGER BEER,353,67493.6,KENYA BREWERIES LTD,2,2,5
COKE 330ML CAN,335,26144.677323860276,COCA COLA BEVERAGES KENYA LTD,2,2,5
KRACKLES PERFECTLY SALTED 30G,320,10574.432463768117,PROPACK KENYA LTD,2,2,5
SCHWEPPES SODA WATER 500ML PET,310,18766.263805838906,COCA COLA BEVERAGES KENYA LTD,2,2,5
AQUAMIST 500ML SPARKLING WATER,308,16976.26844781784,AQUAMIST LIMITED,2,2,5
BIO 150ML VANILLA YOGHURT,404,37577.12463985033,BIO FOOD PRODUCTS LTD,2,2,5
BROOKSIDE 500ML NATURAL LALA BOTTLE,404,29088.863882392252,BROOKSIDE DAIRY LIMITED,2,2,5
DASANI 500ML MINERAL WATER,282,7577.522528850978,COCA COLA BEVERAGES KENYA LTD,2,2,5
SPRITE 330ML CAN REGULAR,298,23012.47099353321,COCA COLA BEVERAGES KENYA LTD,2,2,5
OLA 40G CHEESE CRUNCH TORTILA CHIPS,291,14997.158870255958,PROPACK KENYA LTD,2,2,5
WRIGLEYS ORBIT 10S PEPPERMINT SF,289,15858.532371134022,RADBONE CLARK LIMITED MARS,2,2,5
PICK N PEEL 250ML MANGO,277,15681.010223306896,KEVIAN KENYA LTD,2,2,5
COCA COLA 300ML,281,8992.0,COCA COLA BEVERAGES KENYA LTD,2,2,5
COCA COLA 300ML EMPTY BOTTLE,281,3372.0,COCA COLA BEVERAGES KENYA LTD,2,2,5
OLA 40G MEXICAN CRUNCH TORTILA CHIPS,272,14027.669421487606,PROPACK KENYA LTD,2,2,5
AQUAMIST 1LTR SPARKLING WATER,263,19994.822128110114,AQUAMIST LIMITED,2,2,5
PICK N PEEL 250ML APPLE,269,15314.917842323652,KEVIAN KENYA LTD,2,2,5
KRACKLES POTATO CRISP BBQ30G,268,11700.108359133126,PROPACK KENYA LTD,2,2,5
SPRITE PET 500ML,260,13747.365342432367,COCA COLA BEVERAGES KENYA LTD,2,2,5
KERINGET 18.9LT MINERAL WATER REFIL EMPTY BOTTLE,257,205425.93412391093,COCA COLA BEVERAGES KENYA LTD,2,2,5
WRIGLEYS JUICY FRUIT 10S CLASSIC,256,5461.280290080291,RADBONE CLARK LIMITED MARS,2,2,5
ILARA 500ML MAZIWA LALA,340,24480.0,BROOKSIDE DAIRY LIMITED,2,2,5
PICK N PEEL 250ML TROPICAL MIX,248,14046.825531914894,KEVIAN KENYA LTD,2,2,5
KRACKLES CHEESE & ONION 30G,249,11037.464016449623,PROPACK KENYA LTD,2,2,5
KERINGET 1LT SPARKLING MINERAL WATER,233,19632.841170250267,COCA COLA BEVERAGES KENYA LTD,2,2,5
SPRITE PET 350ML,234,9103.601805735432,COCA COLA BEVERAGES KENYA LTD,2,2,5
MAYERS 1L SPARKLING WATER PLASTIC,222,17091.060519930677,MALACHITE LIMITED,2,2,5
TUSKER LITE 500ML CAN,232,47990.835618739904,KENYA BREWERIES LTD,2,2,5
BALOZI 500ML CAN,231,37983.08418394514,KENYA BREWERIES LTD,2,2,5
FANTA ORANGE PET 350ML,226,8801.864304862025,COCA COLA BEVERAGES KENYA LTD,2,2,5
ISINYA 6S EGGS,225,22535.65808277326,ISINYA FEEDS LIMITED,2,2,5
GUINNESS 500ML CAN,224,40981.482449121286,KENYA BREWERIES LTD,2,2,5
KRACKLES BANG BANG CHILLI 30G,216,9521.149090909092,PROPACK KENYA LTD,2,2,5
VELVEX 100S WHITE SERVIETTES,214,19892.651844101492,CHANDARIA INDUSTRIES  LTD,2,2,5
WRIGLEYS P.K 10S CHEWING GUM PEPPERMINT,213,4545.144985965808,RADBONE CLARK LIMITED MARS,2,2,5
PICK N PEEL 250ML ORANGE JUICE,213,16128.312833417214,KEVIAN KENYA LTD,2,2,5
SCHWEPPES TONIC WATER 500ML PET,203,12323.724684077508,COCA COLA BEVERAGES KENYA LTD,2,2,5
ISINYA 30S EGGS,210,90935.54101995565,ISINYA FEEDS LIMITED,2,2,5
WRIGLEYS ORBIT 10S BUBBLEMINT SF,195,10721.55914893617,RADBONE CLARK LIMITED MARS,2,2,5
COKE ZERO SUGAR 300ML,207,6624.0,COCA COLA BEVERAGES KENYA LTD,2,2,5
COKE ZERO SUGAR 300ML EMPTY BOTTLE,201,2412.0,COCA COLA BEVERAGES KENYA LTD,2,2,5
MAYERS 1LT SPRING MINERAL WATER,184,10367.093163301453,MALACHITE LIMITED,2,2,5
WRIGLEYS P.K 10S CHEWING GUM MENTHOL,204,4346.825706940875,RADBONE CLARK LIMITED MARS,2,2,5
KRACKLES SALT&VINEGAR 30GM,202,8755.98134041925,PROPACK KENYA LTD,2,2,5
COKE PET 2LTS,198,26075.812553905133,COCA COLA BEVERAGES KENYA LTD,2,2,5
PICK N PEEL 1L ORANGE JUICE,174,45479.44320827943,KEVIAN KENYA LTD,2,2,5
COKE 1.25L PET,196,20041.150473701407,COCA COLA BEVERAGES KENYA LTD,2,2,5
KERINGET 1LT MINERAL WATER,194,13481.730289193305,COCA COLA BEVERAGES KENYA LTD,2,2,5
PREDATOR 400ML ENERGY DRINK PET,176,8865.538638792103,COCA COLA BEVERAGES KENYA LTD,2,2,5
PILSNER 500ML LAGER BEER,188,31433.600000000002,KENYA BREWERIES LTD,2,2,5
BIO 150ML NATURAL YOGHURT,252,23262.480000000003,BIO FOOD PRODUCTS LTD,2,2,5
MAGGI 4G 28S CUBE FORTIFIED,182,15447.372294968985,NESTLE KENYA LTD,2,2,5
DASANI 1L MINERAL WATER,182,8407.828032683849,COCA COLA BEVERAGES KENYA LTD,2,2,5
FANTA ORANGE PET 500ML,186,9830.049615055605,COCA COLA BEVERAGES KENYA LTD,2,2,5
PICK N PEEL 250ML PINEAPPLE JUICE,172,9715.689372150124,KEVIAN KENYA LTD,2,2,5
BALOZI 500ML BEER,165,27435.13767123287,KENYA BREWERIES LTD,2,2,5
AQUAMIST 20LT MINERAL WATER EMPTY BOTTLE,162,123774.49618988133,AQUAMIST LIMITED,2,2,5
BIO 150ML STRAWBERRY YOGHURT,236,22320.239790880045,BIO FOOD PRODUCTS LTD,2,2,5
MENENGAI CREAM 1KG SOAP,173,28371.819419668944,MENENGAI O REFINERIES LTD,2,2,5
SUNLIGHT 175G PURE SOAP YELLOW,172,9802.74888221555,UNILEVER KENYA LIMITED,2,2,5
KIRICHWA 2KG ICE CUBES,149,23840.0,KIRICHWA WATER LIMITED,2,2,5
DUNHILL 20S DOUBLE CAP,158,59408.0,NOBLE OUTLOOK LIMITED,2,2,5
URBAN STIX 35G BARBEQUE SNACKS,169,4732.0,NORDA INDUSTRIES LTD.,2,2,5
MAYERS 500ML SPARKLING WATER PLASTIC,161,9574.163739376772,MALACHITE LIMITED,2,2,5
FANTA BLACKCURRANT PET 500ML,169,8946.638857522417,COCA COLA BEVERAGES KENYA LTD,2,2,5
AQUAMIST 1LT MINERAL WATER,153,9365.72234223991,AQUAMIST LIMITED,2,2,5
KCC 500ML FILPACK MALA,222,11522.410060549604,NEW KENYA COOP CREAMERIES  LTD,2,2,5
TENA 10S WHITE TOILET ROLLS,164,59129.07255659856,AFRICAN COTTON INDUSTRIES LTD,2,2,5
HANAN 10PK TISSUE PAPER,143,50498.61009771987,ZENKO KENYA LIMITED,2,2,5
DL 37G FILLED CHOCOLATES MINT CHOC,159,8863.468889245072,GLACIER PRODUCTS LTD 2ND,2,2,5
VELVEX SNOW WHITE 10 PACK,159,58159.17828054298,CHANDARIA INDUSTRIES  LTD,2,2,5
ISINYA 15S EGGS,158,39210.733774541804,ISINYA FEEDS LIMITED,2,2,5
BROOKSIDE 500ML SWEET LALA BOTTLE,207,15732.058125658126,BROOKSIDE DAIRY LIMITED,2,2,5
BIO 200ML GREEK STYLE YOGHURT VANILLA,202,27835.974074074078,BIO FOOD PRODUCTS LTD,2,2,5
LEADAV YELLOW YOLK EGGS 30PACK TRAY,149,58172.17035040432,LEADAV POULTRY FARM LTD,2,2,5
KNORR 51G 6S CHICKEN CUBES,146,11007.703738592876,UNILEVER KENYA LIMITED,2,2,5
ILARA 500ML TNC PLAIN CUP,193,18134.492965517245,BROOKSIDE DAIRY LIMITED,2,2,5
GOLD CROWN 500ML ASEPTIC LONG LIFE 24,191,7454.295209834677,NEW KENYA COOP CREAMERIES  LTD,2,2,5
LYONS 60ML TOFF N CHOCO W NUTS STICKLINE,143,7862.290526315791,RAZCO LTD,2,2,5
AQUAMIST 1.5LT MINERAL WATER,137,10110.84833836858,AQUAMIST LIMITED,2,2,5
BROOKSIDE 1L NATURAL LALA BOTTLE,188,24816.15848261328,BROOKSIDE DAIRY LIMITED,2,2,5
KRAC KURLS 25G TANGY CHEESE,139,4346.754585152838,PROPACK KENYA LTD,2,2,5
AQUAMIST 5LT MINERAL WATER,132,22601.234158243285,AQUAMIST LIMITED,2,2,5
FANTA BLACK CURRANT 350ML PET,136,5286.115932427957,COCA COLA BEVERAGES KENYA LTD,2,2,5
SOFTLEAF 10S VIRGIN TOILET PAPER,118,40767.793548387104,KAPA OIL REFINERIES LTD,2,2,5
BIO 150ML BERRY COCKTAIL YOGHURT,179,15965.974481168334,BIO FOOD PRODUCTS LTD,2,2,5
7 UP 300ML,107,5691.362369537201,SBC KENYA LIMITED,2,2,5
BIO 150ML MANGO YOGHURT,178,16856.94099616858,BIO FOOD PRODUCTS LTD,2,2,5
KABARNET 300ML MINERAL WATER,133,2025.4570688762299,KHETIA DRAPERS LTD,2,2,5
BROOKSIDE 500G SALTED BUTTER,133,79921.4916006339,BROOKSIDE DAIRY LIMITED,2,2,5
KENSALT 1KG IODIZED SALT,125,4130.637681159421,KENSALT LIMITED,2,2,5
FANTA ORANGE PET 2LTS,131,16084.97479417353,COCA COLA BEVERAGES KENYA LTD,2,2,5
OXYRICH 1L SPRING WATER,122,4549.710006455778,AQUAMIST LIMITED,2,2,5
CARTOONS 30G TANGY TOMATO CRISPS,129,5809.498270893372,PROPACK KENYA LTD,2,2,5
BLUE BAND 500G MED FAT SPREAD,105,23059.89131820377,SUPER SAVERS DISTRIBUTION LTD,2,2,5
ROTHMANS SWITCH BLUE 20S,122,35624.07736821244,NOBLE OUTLOOK LIMITED,2,2,5
COKE ZERO 2L PET,127,16822.835388739946,COCA COLA BEVERAGES KENYA LTD,2,2,5
AQUACLEAR 500ML MINERAL WATER,126,3152.920302571861,DEVYANI FOOD INDUSTRIES K LIMITED MILK AND YOGHURT,2,2,5
LEADAV YELLOW YOLK EGGS 6PACK,125,41143.08588912363,LEADAV POULTRY FARM LTD,2,2,5
KRAC KURLS 25G CHILLI LEMON,124,3877.3350019554177,PROPACK KENYA LTD,2,2,5
LAKI LAKI 150ML GREEK YOGHURT NATURAL,165,15180.0,LAKI LAKI LIMITED,2,2,5
OREO 55.2G ORIGINAL COOKIES,123,6761.460495156082,HASBAH KENYA LTD CADBURY,2,2,5
SPRITE SODA PET 2LTS,123,15157.62862853005,COCA COLA BEVERAGES KENYA LTD,2,2,5
DAIMA 500ML NATURAL PROBIOTIC CUP,159,15065.041884816756,DEVYANI FOOD INDUSTRIES K LIMITED MILK AND YOGHURT,2,2,5
FANTA PASSION 500ML PET,118,6279.115495579339,COCA COLA BEVERAGES KENYA LTD,2,2,5
KENSALT 2KG IODIZED SALT,95,5952.310234052318,KENSALT LIMITED,2,2,5
HIGHLANDS 500ML MINERAL WATER,116,2320.0394138882994,HIGHLANDS DRINKS LIMITED,2,2,5
VELVEX SERVIETTES 200S VALUE PACK,115,10689.97645827884,CHANDARIA INDUSTRIES  LTD,2,2,5
SMIRNOFF 330ML PINEAPPLE PUNCH ICE CAN,109,17622.07997342193,UDV KENYA LIMITED,2,2,5
BROOKSIDE 250G PROBIOTIC FRUIT CUP YOGHURT VANILLA,151,11219.220170801138,BROOKSIDE DAIRY LIMITED,2,2,5
ISINYA 12S EGGS,112,22594.307364334814,ISINYA FEEDS LIMITED,2,2,5
QUENCHER 18L MIN WATER PET,105,42716.268334280845,EXCEL CHEMICALS LTD,2,2,5
STONEY ZERO 500ML  PET,108,5744.552672056239,COCA COLA BEVERAGES KENYA LTD,2,2,5
BROOKSIDE 250ML STRAWBERRY,143,7848.0393279402615,BROOKSIDE DAIRY LIMITED,2,2,5
FC 500G (14D) FRESH SAFARI BEEF SAUSAGE,134,39254.994940978075,FARMERS CHOICE LTD,2,2,5
BIO 90ML VANILLA,142,8974.4,BIO FOOD PRODUCTS LTD,2,2,5
HEINEKEN 500ML CAN BEER,91,20720.490094979647,KENYA WINE AGENCIES KWAL,2,2,5
OREO 128G ORIGINAL,97,12025.21435897436,HASBAH KENYA LTD CADBURY,2,2,5
MAYERS 500ML STILL MINERAL WATER,100,3829.5058656238893,MALACHITE LIMITED,2,2,5
BROOKSIDE 250G NATURAL PROBIOTIC YOGHURT,140,10404.528981429376,BROOKSIDE DAIRY LIMITED,2,2,5
SUNRICE 2KG RICE BASMATI,79,38722.230698623156,KRISH COMMODITIES LTD,2,2,5
DL 70ML MINI FIESTA CARAMEL N NUTS,100,5522.428048142334,GLACIER PRODUCTS LTD G P,2,2,5
FC 100G (30D) COLLAR BACON,128,18367.565321614064,FARMERS CHOICE LTD,2,2,5
KENSALT 500G IODIZED SALT,89,1494.497368421053,KENSALT LIMITED,2,2,5
FC 500G (14D) FRESH CLASSIC PORK SAUSAGE,136,40035.81106484235,FARMERS CHOICE LTD,2,2,5
FC 200G (30D) FRESH SANDWICH HAM,136,31948.383333333335,FARMERS CHOICE LTD,2,2,5
CADBURY 90G DRINKING CHOCOLATE SACHET,94,7965.073264936632,HASBAH KENYA LTD CADBURY,2,2,5
CADBURY 28G BUBBLY CHOCOLATE,96,7511.60316319195,HASBAH KENYA LTD CADBURY,2,2,5
KABARNET 500ML MINERAL WATER,77,1665.952340425532,KHETIA DRAPERS LTD,2,2,5
SUNRICE 5KG RICE BASMATI,84,92812.31835803878,KRISH COMMODITIES LTD,2,2,5
KENYLON 420G CHICK PEAS,77,10962.552432432432,TRUFOODS LIMITED T F,2,2,5
FC 1KG (14D) FRESH PORK VALUE PACK,131,73477.36769572107,FARMERS CHOICE LTD,2,2,5
FESTIVE TORTILLA WRAP 8 INCH,98,21518.04497991968,DPL FESTIVE  LIMITED,2,2,5
BIO 90ML NATURAL Y0GHURT,131,8279.2,BIO FOOD PRODUCTS LTD,2,2,5
FELIX 85G CAT CHICKEN,93,14169.843263288014,MERIT AFRICA LTD,2,2,5
ROYCO 4G 40S BEEF CUBES,87,9550.992131747484,UNILEVER KENYA LIMITED,2,2,5
KNORR 51G 6S BEEF CUBES,88,6604.095597484276,UNILEVER KENYA LIMITED,2,2,5
DELAMERE 250ML PREM WILD BERRIES YOG CUP,129,8938.279759615385,BROOKSIDE DAIRY LIMITED,2,2,5
MILL BAKERS 300G  ENGLISH MUFFINS,97,10243.2,MILL BAKERS LIMITED,2,2,5
FELIX 85G CHICKEN JUNIOR,96,14693.559402985076,MERIT AFRICA LTD,2,2,5
JAMAA 1KG BAR SOAP CREAM,75,7053.174807872388,KAPA OIL REFINERIES LTD,2,2,5
BLUE BAND 1KG MED FAT SPREAD,96,36758.31899279193,SUPER SAVERS DISTRIBUTION LTD,2,2,5
TOILEX WHITE 10S,96,28340.61133231241,CHANDARIA INDUSTRIES  LTD,2,2,5
FC 1KG (14D) BEEF VALUE SAUSAGES,127,72261.983401649,FARMERS CHOICE LTD,2,2,5
CLOVERS 100G BI-CARBONATE OF SODA BOX PACK,78,1536.1871866295269,TRI CLOVER INDUSTRIES LTD,2,2,5
KABARNET 500ML SPARKLING WATER,87,3410.4,KHETIA DRAPERS LTD,2,2,5
MENENGAI CREAM 800G SOAP,78,10225.170967741935,MENENGAI O REFINERIES LTD,2,2,5
SOFTLEAF TWIN SERVIETTES,66,9955.83683839097,KAPA OIL REFINERIES LTD,2,2,5
FANTA BLACKCURRANT PET 2LTS,93,11369.833047062866,COCA COLA BEVERAGES KENYA LTD,2,2,5
PICK N PEEL 1LT APPLE,70,14478.94113120431,KEVIAN KENYA LTD,2,2,5
SIRIMON 250G CHEDDAR CHEESE,92,37178.45291828794,MORANI LIMITED,2,2,5
LAKI LAKI 100ML GREEK YOGHURT NATURAL,122,11463.254620689657,LAKI LAKI LIMITED,2,2,5
MINUTE MAID 1L APPLE JUICE,91,10495.006465517241,COCA COLA BEVERAGES KENYA LTD,2,2,5
BROOKSIDE 1LT NATURAL YOGHURT,122,21960.0,BROOKSIDE DAIRY LIMITED,2,2,5
NEPTUNE 10S BLENDED TOILET PAPER,82,24139.05531914894,KAPA OIL REFINERIES LTD,2,2,5
FC 200G (30D) FRESH STREAKY BACON,121,42984.49604863222,FARMERS CHOICE LTD,2,2,5
KETEPA 500G FAHARI YA KENYA,66,12774.053939714438,KENYA TEA PACKERS KETEPA,2,2,5
MAYERS 750ML GLASS SPARKLING WATER,90,7128.0,MALACHITE LIMITED,2,2,5
MAYERS 750ML GLASS SPARKLING EMPTY BOTTLE,90,6840.0,MALACHITE LIMITED,2,2,5
LEADAV YELLOW YOLK EGGS 15PACK,90,29623.02184016901,LEADAV POULTRY FARM LTD,2,2,5
BROOKSIDE 250ML VANILLA,117,6424.421554169031,BROOKSIDE DAIRY LIMITED,2,2,5
DELAMERE 250ML VANILLA FRUIT YOG CUP,115,10805.526896551726,BROOKSIDE DAIRY LIMITED,2,2,5
MINUTE MAID 400ML APPLE JUICE,87,5494.507301916106,COCA COLA BEVERAGES KENYA LTD,2,2,5
BIO 500ML COOKING CREAM LONG LIFE,116,32730.46558946739,BIO FOOD PRODUCTS LTD,2,2,5
SAVANA DRY PREMIUM CIDER 340ML,87,19720.646439628486,KENYA WINE AGENCIES KWAL,2,2,5
KERICHO GOLD 200G TEA BAGS 100S,84,8397.20855222969,GOLD CROWN BEVERAGES K LTD,2,2,5
SCHWEPPES 330ML TONIC WATER CAN,87,14065.32988704319,COCA COLA BEVERAGES KENYA LTD,2,2,5
LYONS 55ML LEMON N LIME LOLLY,86,4749.288121402407,RAZCO LTD,2,2,5
QUENCHER 10LT MINERAL WATER PET,75,17940.0,EXCEL CHEMICALS LTD,2,2,5
LEADAV YELLOW YOLK EGGS 12PACK,81,26660.71965615211,LEADAV POULTRY FARM LTD,2,2,5
MINUTE MAID 1L TROPICAL JUICE,85,9938.410577592207,COCA COLA BEVERAGES KENYA LTD,2,2,5
VELVEX 140S PREM SILVER FACIAL TISSUES,85,14620.0,CHANDARIA INDUSTRIES  LTD,2,2,5
FANTA PASSION PET 2LTS,84,10262.752256431886,COCA COLA BEVERAGES KENYA LTD,2,2,5
CADBURY 80G DAIRY MILK WHOLE NUT,80,16535.533799533798,HASBAH KENYA LTD CADBURY,2,2,5
GREEN FARM 30S Y/YORK EGGS,84,37640.16207393183,GREEN FARM POULTRY,2,2,5
BROOKSIDE 450ML NATURAL YOGHURT CUP,112,15133.534315789475,BROOKSIDE DAIRY LIMITED,2,2,5
FC 400G (30D) FRESH STREAKY BACON,110,70344.61283643893,FARMERS CHOICE LTD,2,2,5
BROOKSIDE 250G PROBIOTIC FRUIT CUP YOGHURT STRAWBERRY,111,8227.388659793814,BROOKSIDE DAIRY LIMITED,2,2,5
FESTIVE 400G POUNDCAKE SLICED VANILLA,83,11686.400000000001,DPL FESTIVE  LIMITED,2,2,5
SKITTLES 38G FRUITY CANDY,68,9088.938731443995,RADBONE CLARK LIMITED MARS,2,2,5
TENA 100S SERVIETTES WHITE,72,5738.205405405408,AFRICAN COTTON INDUSTRIES LTD,2,2,5
KERICHO GOLD 100S TEA BAGS ENVELOPE,70,6997.67379352474,GOLD CROWN BEVERAGES K LTD,2,2,5
KENYLON 400G CRUSHED TOMATO,67,8920.610973350975,TRUFOODS LIMITED T F,2,2,5
SPRITE 300ML,78,2496.0,COCA COLA BEVERAGES KENYA LTD,2,2,5
SPRITE 300ML EMPTY BOTTLE,80,960.0,COCA COLA BEVERAGES KENYA LTD,2,2,5
BROOKSIDE 250G SALTED BUTTER,79,26713.777381615604,BROOKSIDE DAIRY LIMITED,2,2,5
PICK N PEEL 1LT TROPICAL MIX,59,12282.293735280264,KEVIAN KENYA LTD,2,2,5
DELAMERE 250ML LEMON BISCUIT FRUIT YOG CUP,103,9677.993655172415,BROOKSIDE DAIRY LIMITED,2,2,5
CADBURY 80G DREAMS WHITE CHOC,68,9088.938731443995,HASBAH KENYA LTD CADBURY,2,2,5
TROP HEAT 50G CHEVDA ORIGINAL,70,3476.35320754717,TROPICAL HEAT LTD,2,2,5
FESTIVE TORTILLA WRAP 10 INCH,74,21276.05397301349,DPL FESTIVE  LIMITED,2,2,5
CHROME 250ML VODKA,65,13179.344262295082,UDV KENYA LIMITED,2,2,5
DL 70ML MINI FIESTA CLASSIC,72,3976.8106351550964,GLACIER PRODUCTS LTD G P,2,2,5
VIM 500G POUCH LFRESH SCOURER,63,3528.0,UNILEVER KENYA LIMITED,2,2,5
FESTIVE 90G RING CAKE 10S VANILLA,75,7920.000000000001,DPL FESTIVE  LIMITED,2,2,5
KRAC KURLS 25G TOMATO,69,2157.2819104477617,PROPACK KENYA LTD,2,2,5
MINUTE MAID 400ML TROPICAL JUICE,74,4599.637676628353,COCA COLA BEVERAGES KENYA LTD,2,2,5
TUZO 500G MAZIWA LALA SATCHET,95,8926.30482758621,BROOKSIDE DAIRY LIMITED,2,2,5
CADBURY 80G DAIRY MILK,69,14362.19352051836,HASBAH KENYA LTD CADBURY,2,2,5
FC 125G (30D) FRESH NYAMABITE,98,7222.374848851268,FARMERS CHOICE LTD,2,2,5
MAGIC 300ML SODA WATER,74,3936.082386408905,KHETIA DRAPERS LTD,2,2,5
STIMOROL 14G 10S WILD BERRY,60,3120.202898550725,HASBAH KENYA LTD CADBURY,2,2,5
CLUB SODA 350ML LEMONADE,52,2765.8957309900416,HIGHLANDS DRINKS LIMITED,2,2,5
DELAMERE 250ML SBERRY FRUIT YOG CUP,96,9020.265931034484,BROOKSIDE DAIRY LIMITED,2,2,5
KCC 1L PLAIN MALA  BOTTLE 69,96,9020.265931034484,NEW KENYA COOP CREAMERIES  LTD,2,2,5
URBAN STIX 35G KUKU CHOMA SNACK,57,1596.0543180464563,NORDA INDUSTRIES LTD.,2,2,5
BIO ACTIVE 350ML BLKBRRY N RSPBRRY YOG DRINK,94,11617.27087087087,BIO FOOD PRODUCTS LTD,2,2,5
MANJI 75GM FAMILY CLASSIC BISCUITS,52,2858.503623968425,MANJI FOOD INDUSTRIES LTD,2,2,5
PRAZIER 6S YELLOW YORK EGGS,71,23369.272785022218,PRAZIER POULTRIES,2,2,5
QUENCHER LIFE 5LT PREMIUM DRINKING WATER,67,11970.468794788276,EXCEL CHEMICALS LTD,2,2,5
FC 200G (14D) FRESH PORK CHIPOLATA,91,16261.481400137267,FARMERS CHOICE LTD,2,2,5
BROOKSIDE 250ML CHOCOLATE,94,5160.176052233192,BROOKSIDE DAIRY LIMITED,2,2,5
SIRIMON 250G EVERYDAY CHEESE,70,27602.650746268657,MORANI LIMITED,2,2,5
EMBASSY BY DUNHILL RED 20S,47,17296.047578511447,NOBLE OUTLOOK LIMITED,2,2,5
MAYERS 18.9L STILL MINERAL WATER,63,3511.010548311386,MALACHITE LIMITED,2,2,5
FAY TOILET PAPER WHITE 10S,59,21719.703457814667,KIM FAY EAST AFRICA LTD,2,2,5
ALWAYS 14S MAXI THICK EX/LONG DAY/NIGHT,69,10859.428571428572,HASBAH KENYA LTD P AND G,2,2,5
LIBERTY CHOICE YELLOW YOLK EGG 6PACK,68,22381.838723683253,PAMULI POULTRY FARM,2,2,5
WEETABIX 425G FAMILY,55,16632.000000000004,WEETABIX EAST AFRICA LTD HQ,2,2,5
TROP HEAT 18G SAFARI CHEESE,47,752.0,TROPICAL HEAT LTD,2,2,5
LIBERTY CHOICE YELLOW YOLK EGG 15PACK,63,20736.115288118308,PAMULI POULTRY FARM,2,2,5
FELIX 85G CAT BEEF,67,10391.137463810075,MERIT AFRICA LTD,2,2,5
BIO ACTIVE 350ML CUCUMBER N MINT YOG DRINK,89,8362.538206896554,BIO FOOD PRODUCTS LTD,2,2,5
AQUAMIST 19L DISPOSABLE WATER,67,30341.86189111748,AQUAMIST LIMITED,2,2,5
MINUTE MAID 1L PULPY ORANGE,67,5979.247423726317,COCA COLA BEVERAGES KENYA LTD,2,2,5
PEP 700G PREMIUM TOMATO KETCHUP,57,12084.0,PREMIER FOODS  LIMITED,2,2,5
KRACKLES CURLS 15G CHEESY,62,992.0263970196913,PROPACK KENYA LTD,2,2,5
GOFRUT 1LT LEMON MINT MOJITO FRUIT DRINK,66,4636.0831132285275,EXCEL CHEMICALS LTD,2,2,5
URBAN STIX 35G THAI SWEET CHILLI SNACKS,45,1260.0,NORDA INDUSTRIES LTD.,2,2,5
SANTA MARIA 70G TOMATO PASTE SATCHET,65,1943.0747663551404,DEBENHAM AND FEAR LTD,2,2,5
BROOKSIDE 450G NATURAL PROBIOTIC YOGHURT,87,11028.475541795664,BROOKSIDE DAIRY LIMITED,2,2,5
BIO 450ML NATURAL YOGHURT,87,8174.616000000002,BIO FOOD PRODUCTS LTD,2,2,5
TROP HEAT 100G TEA MASALA,57,13224.0,TROPICAL HEAT LTD,2,2,5
BROWNS 250G GREEK YOGHURT,86,19467.357489300997,SUNPOWER PRODUCTS LTD,2,2,5
BLUE BAND 250G MED FAT SPREAD,54,6836.06094267516,SUPER SAVERS DISTRIBUTION LTD,2,2,5
KNORR 51G 6S BEEF CHILLI CUBES,61,4598.953978494624,UNILEVER KENYA LIMITED,2,2,5
IGLOO 60ML RASPBERRY,63,3479.1296703296707,CRYSTAL FROZEN AND CHILLED FOODS LTD,2,2,5
ALPRO 1LT ALMOND UNSWTENED DRINK,80,38336.0,HEALTHY U TWO THOUSAND LTD,2,2,5
BROOKSIDE 1L SWEETEND LALA BOTTLE,84,12028.800000000001,BROOKSIDE DAIRY LIMITED,2,2,5
LYONS 55ML RED DEVIL LOLLY,61,3368.681109366824,RAZCO LTD,2,2,5
SUNLIGHT 1KG 2IN1 SPRING SENSATIONS,48,13708.800000000001,UNILEVER KENYA LIMITED,2,2,5
MILL BAKERS 260G QUEEN CAKE,62,4910.400000000001,MILL BAKERS LIMITED,2,2,5
FELIX 85G CAT TUNA,63,9598.926081582204,MERIT AFRICA LTD,2,2,5
MILL BAKERS 200G DAZ LEMON FLAVOUR,62,6547.200000000001,MILL BAKERS LIMITED,2,2,5
FELIX 85G CAT TROUT,62,9086.938823529414,MERIT AFRICA LTD,2,2,5
LIBERTY CHOICE YELLOW YOLK EGG 30PACK,59,19419.53653966635,PAMULI POULTRY FARM,2,2,5
ZESTA 100G BI-CARBONATE OF SODA,54,950.4280701754387,TRUFOODS LIMITED T F,2,2,5
PICK N PEEL 1LT PINEAPPLE JUICE,41,2879.991024884388,KEVIAN KENYA LTD,2,2,5
HC 220G CHEESE PORTION MOZZARELLA,57,22755.46022184796,HAPPY COW LIMITED,2,2,5
SUNLIGHT 700G LONG BAR YELLOW,55,5172.328192439752,UNILEVER KENYA LIMITED,2,2,5
ILARA 1LT MAZIWA LALA  PLASTIC BOTTLE,80,10688.0,BROOKSIDE DAIRY LIMITED,2,2,5
BIO 90ML VANILLA YOGHURT 4S,78,7328.966068965518,BIO FOOD PRODUCTS LTD,2,2,5
HANAN FLUSHABLE WATER WIPES 72PCS,53,7598.593065941536,ZENKO KENYA LIMITED,2,2,5
DL 100ML FIESTA SALTED CARAMEL,47,2595.541182626897,GLACIER PRODUCTS LTD G P,2,2,5
FESTIVE 200G HALF POUNDCAKE SLICED VANILLA,59,6230.400000000001,DPL FESTIVE  LIMITED,2,2,5
MANJI 45G MILKSTAR BISCUITS,49,2693.5899533548622,MANJI FOOD INDUSTRIES LTD,2,2,5
PRAZIER 30S YELLOW YORK EGGS,55,18102.957791214394,PRAZIER POULTRIES,2,2,5
CADBURY 80G FRUIT N NUT,50,6683.043184885291,HASBAH KENYA LTD CADBURY,2,2,5
MOUNTAIN DEW 500ML,46,2446.753915875806,SBC KENYA LIMITED,2,2,5
MF 750ML ZESTY LEMON D/WASHING LIQUID,47,11242.400000000001,P Z CUSSONS EAST AFRICA  LTD HQ,2,2,5
IGLOO 80ML MARKUP,58,3203.008267922554,CRYSTAL FROZEN AND CHILLED FOODS LTD,2,2,5
ISINYA 20S EGGS,58,19090.391852553363,ISINYA FEEDS LIMITED,2,2,5
BILA SHAKA 500ML CAPTAIN BEER,50,9147.652332393145,MALACHITE LIMITED BEER,2,2,5
DELAMERE 100ML VANILLA FRUIT YOG CUP,76,7141.0438620689665,BROOKSIDE DAIRY LIMITED,2,2,5
LYONS 60ML CHOC STICK STICKLINE,53,2926.886865515437,RAZCO LTD,2,2,5
TROP HEAT 100G PAPRIKA JAR,47,7332.0,TROPICAL HEAT LTD,2,2,5
BIO 1L MAZIWA LALA NATURE PLAIN,75,7047.082758620691,BIO FOOD PRODUCTS LTD,2,2,5
GILANI GOURMET 2KG ICE CUBE,47,7520.0,GILANI GOURMET LTD,2,2,5
GREEN FARM 15PK Y/YORK EGGS,56,15000.83891891892,GREEN FARM POULTRY,2,2,5
MAGIC 300ML ENERGY DRINK GINGER ALE,39,5040.122785409759,KHETIA DRAPERS LTD,2,2,5
AQUAMIST 3LT MINERAL WATER,55,3065.167939002004,AQUAMIST LIMITED,2,2,5
BROOKSIDE 230ML COOKING CREAM CUP,71,20033.30221424297,BROOKSIDE DAIRY LIMITED,2,2,5
FESTIVE 90G RING CAKE 10S STRAWBERRY,55,5808.000000000001,DPL FESTIVE  LIMITED,2,2,5
USHINDI 175G YELLOW SOAP,40,3761.6932308652736,PWANI OIL PRODUCTS LTD.,2,2,5
AQUAMIST 10LT MINERAL WATER,54,3009.437612838331,AQUAMIST LIMITED,2,2,5
FRESHA 500ML LALA POUCH,67,6295.393931034484,GITHUNGURI DAIRY FARMERS,2,2,5
MINUTE MAID 400ML MANGO JUICE,50,4462.124943079341,COCA COLA BEVERAGES KENYA LTD,2,2,5
KERICHO GOLD 100S ROUND TB,54,5398.205497861943,GOLD CROWN BEVERAGES K LTD,2,2,5
ILARA 250ML TNC PLAIN CUP,68,6389.35503448276,BROOKSIDE DAIRY LIMITED,2,2,5
TENA 15S TOILET ROLL WHITE WRAPPED,41,21238.024550898208,AFRICAN COTTON INDUSTRIES LTD,2,2,5
BROOKSIDE 250ML ASSORTED 6PK,71,3897.5797841335816,BROOKSIDE DAIRY LIMITED,2,2,5
RINZ 500ML RICH PEARL HAND WASH,39,5896.800000000001,RINZ PRODUCTS LTD,2,2,5
FELIX 85G CAT SALMON,54,8215.136628300612,MERIT AFRICA LTD,2,2,5
AQUAMIST 500ML STRAWBERRY FLAVOURED WATER,54,3009.437612838331,AQUAMIST LIMITED,2,2,5
SOFTLEAF SINGLE SERVIETTES,33,3067.5584619408846,KAPA OIL REFINERIES LTD,2,2,5
CARTOONS 30G BARBEQUE CRISPS,44,1939.4933333333336,PROPACK KENYA LTD,2,2,5
TENA 2S PREMIUM KITCHEN TOWEL WHITE,40,12320.0,AFRICAN COTTON INDUSTRIES LTD,2,2,5
ARIMIS 200ML MILKING JELLY,37,3714.8,TRI CLOVER INDUSTRIES LTD,2,2,5
SANTA MARIA 400G GRANDI,50,6635.454545454546,DEBENHAM AND FEAR LTD,2,2,5
VELVEX ECO-FRIENDLY KITCHEN TOWEL TWIN PACK,52,9568.0,CHANDARIA INDUSTRIES  LTD,2,2,5
RINZ 500ML THE MAUVE HANDWASH,40,6048.000000000001,RINZ PRODUCTS LTD,2,2,5
RINZ 500ML SILKY GRAY HANDWASH,36,5443.200000000001,RINZ PRODUCTS LTD,2,2,5
TENA WHITE 4PACK,36,12712.93680781759,AFRICAN COTTON INDUSTRIES LTD,2,2,5
KOTEX 16S ULTRA THIN SUPER DUO,44,6924.853002070395,KIM FAY EAST AFRICA LTD,2,2,5
KABARNET 1LT MINERAL WATER,45,2507.864677365276,KHETIA DRAPERS LTD,2,2,5
MILL BAKERS 150G MARBLE SLICE,48,5068.8,MILL BAKERS LIMITED,2,2,5
GREEN FARM 12PK Y/YORK EGGS,50,16457.23435564945,GREEN FARM POULTRY,2,2,5
MILL BAKERS 200G QUEEN CAKE,50,5280.0,MILL BAKERS LIMITED,2,2,5
CHROME 250ML GIN,44,8921.402269861286,UDV KENYA LIMITED,2,2,5
SUNLIGHT 1KG+400G POWDER YELLOW,41,14727.200000000003,UNILEVER KENYA LIMITED,2,2,5
ROYAL CLUB 500ML TONIC WATER,39,2074.421798242531,HIGHLANDS DRINKS LIMITED,2,2,5
DL 70ML MINI FIESTA WHITE,39,2153.7469387755104,GLACIER PRODUCTS LTD G P,2,2,5
DAIMA 480ML MILK DRINK VANILLA FLV,65,3568.2068446293356,DEVYANI FOOD INDUSTRIES K LIMITED MILK AND YOGHURT,2,2,5
DELAMERE 100ML LEMON BISCUIT FRUIT YOG CUP,65,6107.471724137932,BROOKSIDE DAIRY LIMITED,2,2,5
MANJI 65G BOURBON CHOC CREAM BISCUITS,44,2418.7338356655905,MANJI FOOD INDUSTRIES LTD,2,2,5
FIESTA SERVIETTES WHITE 100S,50,4647.815851425583,AFRICAN COTTON INDUSTRIES LTD,2,2,5
BROOKSIDE 400ML COOKING CREAM CUP,65,18340.347097546382,BROOKSIDE DAIRY LIMITED,2,2,5
KRACKLES 125G BANG BANG CHILLI,50,2203.9696969696975,PROPACK KENYA LTD,2,2,5
GREEN FARM 6S Y/YORK EGGS,50,16457.23435564945,GREEN FARM POULTRY,2,2,5
KENYLON 275G TOMATO PASTE EOT,41,1225.6317757009347,TRUFOODS LIMITED T F,2,2,5
KLEENEX SERVIETES 1 PLYX100S WHITE,49,4554.859534397071,KIM FAY EAST AFRICA LTD,2,2,5
WANPY 100G CHICKEN RAWHIDE CD10H,44,13798.400000000001,BRAND ROYALTY LTD,2,2,5
KREST BITTER LEMON 300ML,43,2287.183008318688,COCA COLA BEVERAGES KENYA LTD,2,2,5
KREST BITTER LEMON 300ML EMPTY BOTTLE,45,540.0,COCA COLA BEVERAGES KENYA LTD,2,2,5
ARIEL 1KG DETERGENT FRESH LAVENDER CLEAN,45,12924.0,HASBAH KENYA LTD P AND G,2,2,5
MF 750ML ORIGINAL D/WASHING LIQUID,41,9807.2,P Z CUSSONS EAST AFRICA  LTD HQ,2,2,5
PICK N PEEL 1L RED GRAPE JUICE,40,2809.7473413506223,KEVIAN KENYA LTD,2,2,5
TAMU TAMU 25G TOMATO KETCHUP,40,1763.1757575757579,NORDA INDUSTRIES LTD.,2,2,5
FLORA 100S SERVIETTES WHITE,38,2724.233003802281,AFRICAN COTTON INDUSTRIES LTD,2,2,5
BIO 200ML GREEK STYLE HONEY YOGHURT,64,6013.510620689656,BIO FOOD PRODUCTS LTD,2,2,5
URBAN BITES 30G NYAM CHOM LTD EDITION,37,1630.937575757576,NORDA INDUSTRIES LTD.,2,2,5
BIO 90ML BERRY COCKTAIL YOGHURT,60,5637.6662068965525,BIO FOOD PRODUCTS LTD,2,2,5
BROOKSIDE 250ML NATURAL YOGHURT CUP,59,5543.7051034482765,BROOKSIDE DAIRY LIMITED,2,2,5
MINUTE MAID 400ML PULPY ORANGE,45,4015.912448771407,COCA COLA BEVERAGES KENYA LTD,2,2,5
DELAMERE 450ML PREM WILD BERRIES YOG CUP,59,5543.7051034482765,BROOKSIDE DAIRY LIMITED,2,2,5
HIGHLANDS 1.5LT MINERAL WATER,41,2284.9433727105848,HIGHLANDS DRINKS LIMITED,2,2,5
BROOKSIDE 150ML DOUBLE CREAM,63,17776.028725314183,BROOKSIDE DAIRY LIMITED,2,2,5
MILL BAKERS 300G CHOCOLATE CUP CAKES,47,4963.200000000001,MILL BAKERS LIMITED,2,2,5
LAKI LAKI 700ML GREEK YOGHURT NATURAL GLS,63,5919.54951724138,LAKI LAKI LIMITED,2,2,5
LAKI LAKI 150ML GREEK YOGHURT BLUEBERRY,63,5919.54951724138,LAKI LAKI LIMITED,2,2,5
HEINZ 570G TOMATO KETCHUP,47,22484.800000000003,HASBAH KENYA LTD,2,2,5
TROP HEAT 50G KENYAN CHEVDA SWEET(TAMU),40,1986.4875471698113,TROPICAL HEAT LTD,2,2,5
ROSY TOILET TISSUE WHITE 10PACK,47,11205.453913043479,CHANDARIA INDUSTRIES  LTD,2,2,5
MINUTE MAID 1L MANGO JUICE,43,3837.4274510482333,COCA COLA BEVERAGES KENYA LTD,2,2,5
BROOKSIDE 1KG GHEE,41,32242.400000000005,BROOKSIDE DAIRY LIMITED,2,2,5
SAFISHA ALL PURPOSE CLEANER 4S,37,6482.400000000001,SUNDRIES BARGAIN NAIROBI LTD,2,2,5
ENIGMA 80ML MINI ALMOND,42,2319.4197802197805,RAZCO LTD,2,2,5
KRACKLES 125GMS PERFECTLY SALTED,46,2027.6521212121215,PROPACK KENYA LTD,2,2,5
TENA WHITE TOILET ROLL,39,13772.348208469057,AFRICAN COTTON INDUSTRIES LTD,2,2,5
FAY KITCHEN TOWEL ECO TWIN PACK,42,7728.0,KIM FAY EAST AFRICA LTD,2,2,5
PAMPERS BABY WIPES SENSITIVE 56S,41,5878.156900067981,HASBAH KENYA LTD P AND G,2,2,5
GEISHA 200G SOAP WHITE N HONEY,37,3196.8,UNILEVER KENYA LIMITED,2,2,5
NUZIWA 1L OAT ORIGINAL MILK,55,21120.0,JETLAK FOODS LTD,2,2,5
DELAMERE 100ML STRAWBERRY FRUIT YOG CUP,60,5637.6662068965525,BROOKSIDE DAIRY LIMITED,2,2,5
FC 400G (14D) FRESH PREMIUM PORK SAUSAGES,60,17662.85782272457,FARMERS CHOICE LTD,2,2,5
SUNLIGHT 900G LONG BAR YELLOW,45,4231.904884723433,UNILEVER KENYA LIMITED,2,2,5
DELAMERE 250ML PEAR CARAMEL FRUIT YOG CUP,54,5073.899586206898,BROOKSIDE DAIRY LIMITED,2,2,5
KCC 500ML PLAIN MALA TR 88,60,5637.6662068965525,NEW KENYA COOP CREAMERIES  LTD,2,2,5
ZENTA 1KG CREAM SOAP,35,3291.4815770071145,GOLDEN AFRICA K LTD,2,2,5
JAVA 250G ARABICA BLEND GRND COFFEE,42,307.04243239607155,NAIROBI JAVA HOUSE LTD,2,2,5
COKE ZERO 500ML PET,42,2189.8937439846004,COCA COLA BEVERAGES KENYA LTD,2,2,5
MILL BAKERS 200G DAZ COCONUT FLAVOUR,41,4329.6,MILL BAKERS LIMITED,2,2,5
FC 500G (7D) FRESH CUTS BEEF MINCE,55,16190.953004164188,FARMERS CHOICE LTD,2,2,5
LAKI LAKI 150ML GREEK YOGHURT MANGO PASSION,57,5355.782896551725,LAKI LAKI LIMITED,2,2,5
LAKI LAKI 100ML GREEK YOGHURT VANILLA,55,5167.860689655174,LAKI LAKI LIMITED,2,2,5
HANAN TOILET ROLL 15PK,43,15184.89674267101,ZENKO KENYA LIMITED,2,2,5
CADBURY 450G DRINKING CHOCOLATE JAR,42,3558.862522631261,HASBAH KENYA LTD CADBURY,2,2,5
TROP HEAT 20G OREGANO RUBBED,36,2304.0,TROPICAL HEAT LTD,2,2,5
SUNLIGHT 500G 2IN1 SPRING SENSATION SATCHET,32,4992.0,UNILEVER KENYA LIMITED,2,2,5
BIO 1L YOGHURT NATURE PLAIN,50,4698.055172413794,BIO FOOD PRODUCTS LTD,2,2,5
KERICHO GOLD 500G PREMIUM TEA BLEND,39,3898.7039706780697,GOLD CROWN BEVERAGES K LTD,2,2,5
SIRIMON 250G MOZZARELLA CHEESE,40,15968.744015331902,MORANI LIMITED,2,2,5
BROOKSIDE 250ML VANILLA 6PK,53,2909.4609656208427,BROOKSIDE DAIRY LIMITED,2,2,5
GOFRUT 1LT APPLE FRUIT DRINK,38,2669.259974283091,EXCEL CHEMICALS LTD,2,2,5
TROP HEAT 50G CHILLI CHEVDA KENYAN,31,1539.5278490566038,TROPICAL HEAT LTD,2,2,5
BROOKSIDE 500G SUPERFINE GHEE,41,18335.2,BROOKSIDE DAIRY LIMITED,2,2,5
CADBURY 80G RUM N RAISIN,37,4945.451956815115,HASBAH KENYA LTD CADBURY,2,2,5
URBAN STIX 35G HOT & SWEET TOMATO SNACKS,27,756.0,NORDA INDUSTRIES LTD.,2,2,5
SCHWEPPES 330ML GINGER ALE CAN,38,6143.477421926911,COCA COLA BEVERAGES KENYA LTD,2,2,5
SNAPPY TOM 85G POUCH CAT FOOD CHICKEN,41,6246.920148331275,MERIT AFRICA LTD,2,2,5
EVA SHOWER CAP,26,2912.0,JEVANS ENTERPRISES,2,2,5
DAIMA 240ML MILK DRINK STRAWBERRY,48,2634.983516033971,DEVYANI FOOD INDUSTRIES K LIMITED MILK AND YOGHURT,2,2,5
LAKI LAKI 150ML GREEK YOGHURT STRAWBERRY,46,4322.21075862069,LAKI LAKI LIMITED,2,2,5
FESTIVE 90G RING CAKE 10S ORANGE,37,3907.2000000000003,DPL FESTIVE  LIMITED,2,2,5
BUTTERFLY 1KG YELLOW KIDNEY  BEANS,33,8395.2,SPICE WORLD LTD,2,2,5
BROWNS 200G FETA CHEESE,37,14771.08821418201,SUNPOWER PRODUCTS LTD,2,2,5
QMP 500G BEEF MINCE ECONOMY,40,7840.0,QUALITY MEAT PACKERS LTD,2,2,5
DL 100ML FIESTA CLASSIC,31,1711.9526949241235,GLACIER PRODUCTS LTD G P,2,2,5
ZESTA 700G TOMATO KETCHUP,35,7420.0,TRUFOODS LIMITED T F,2,2,5
LYONS 60ML CHOCO & BANANA STICKLINE,39,2153.7469387755104,RAZCO LTD,2,2,5
KENYLON 420G BUTTER BEANS,35,4660.020657720659,TRUFOODS LIMITED T F,2,2,5
KERINGET 10LT MINERAL WATER,40,2229.2130465469118,COCA COLA BEVERAGES KENYA LTD,2,2,5
FC 200G (30D) FRESH BEEF BRAWN,52,15307.81011302796,FARMERS CHOICE LTD,2,2,5
MILL BAKERS 200G DAZ MILK FLAVOUR,40,4224.0,MILL BAKERS LIMITED,2,2,5
BROOKSIDE 500ML PLAIN YOGHURT,52,4885.977379310346,BROOKSIDE DAIRY LIMITED,2,2,5
BROOKSIDE 500G UNSALTED BUTTER,39,18311.719753497346,BROOKSIDE DAIRY LIMITED,2,2,5
WEETABIX 850G GIANT,30,16512.0,WEETABIX EAST AFRICA LTD HQ,2,2,5
KERICHO GOLD PURE CAMOMILE 20S,36,7632.0,GOLD CROWN BEVERAGES K LTD,2,2,5
TUSKER 330ML MALT LAGER BEER,36,6586.309679323064,KENYA BREWERIES LTD,2,2,5
CLOVERS 425G GOLDEN SWEET CORN,27,3594.8730788130797,TRI CLOVER INDUSTRIES LTD,2,2,5
HEINZ 245GM MUSTARD,37,8850.400000000001,HASBAH KENYA LTD,2,2,5
BILA SHAKA 330ML IPA BEER,37,6769.262725970927,MALACHITE LIMITED BEER,2,2,5
TENA MULTI FOLD HAND TOWELS WHITE,35,3253.4710959979075,AFRICAN COTTON INDUSTRIES LTD,2,2,5
RINZ 500ML LUSH GREEN HANDWASH,28,4233.6,RINZ PRODUCTS LTD,2,2,5
BROOKSIDE 100ML FRUITNESS SBERRY CUP,52,4885.977379310346,BROOKSIDE DAIRY LIMITED,2,2,5
VELVEX 140S PREM BLACK FACIAL TISSUES,39,6708.0,CHANDARIA INDUSTRIES  LTD,2,2,5
RINGOZ 25G BARBEQUE CORN,23,1013.8260606060608,NORDA INDUSTRIES LTD.,2,2,5
WEETABIX 210G STANDARD,38,6232.0,WEETABIX EAST AFRICA LTD HQ,2,2,5
NESTLE 50G CERELAC WHEAT SACHET,33,1848.0,NESTLE KENYA LTD,2,2,5
MILL BAKERS 200G DAZ GINGER FLAVOUR,36,3801.6000000000004,MILL BAKERS LIMITED,2,2,5
AQUAMIST 500ML LEMON FLAVOURED WATER,35,1950.561415728548,AQUAMIST LIMITED,2,2,5
DOWNY 900ML POUCH SWEET ELEGANCE,35,19544.0,HASBAH KENYA LTD P AND G,2,2,5
CLOVERS 100G DRINKING CHOC SATCHETS,25,2118.3705491852743,TRI CLOVER INDUSTRIES LTD,2,2,5
CADBURY 26.25G OREO CHOCOLATE,31,1704.1079296734843,HASBAH KENYA LTD CADBURY,2,2,5
KERICHO GOLD GINGER N LEMON 20S,31,6572.0,GOLD CROWN BEVERAGES K LTD,2,2,5
OREO 26.25G ORIGINAL,37,1310.5655172413794,HASBAH KENYA LTD CADBURY,2,2,5
MANJI 200G DIGESTIVE,30,1649.1367061356298,MANJI FOOD INDUSTRIES LTD,2,2,5
MANJI 450G THE REAL DIGESTIVE,35,1923.9928238249015,MANJI FOOD INDUSTRIES LTD,2,2,5
CIRIO 400GM CHOPPED TOMATOES,33,4393.733762993764,DEBENHAM AND FEAR LTD,2,2,5
FESTIVE 90G RING CAKE 10S CHOCOLATE,34,3590.4,DPL FESTIVE  LIMITED,2,2,5
BROOKSIDE 100ML NATURAL YOGHURT CUP,43,4040.327448275863,BROOKSIDE DAIRY LIMITED,2,2,5
TROP HEAT 100G CRISPS SALTED,34,1498.6993939393942,TROPICAL HEAT LTD,2,2,5
MOLPED PURE&SOFT LONG 16S,25,3934.5755693581787,HAYAT KIMYA  K  H PRODUCTS LTD,2,2,5
SIRIMON 250G FETA CHEESE,35,13972.651013415414,MORANI LIMITED,2,2,5
BROOKSIDE 150ML NATURAL YOGHURT CUP,43,4040.327448275863,BROOKSIDE DAIRY LIMITED,2,2,5
BROOKSIDE 250G UNSALTED BUTTER,34,15964.06337484384,BROOKSIDE DAIRY LIMITED,2,2,5
FC 400G (14D) FRESH CHICKEN BURGER,46,13541.524330755503,FARMERS CHOICE LTD,2,2,5
LAKI LAKI 150ML GREEK YOGHURT RASPBERRY,44,4134.288551724138,LAKI LAKI LIMITED,2,2,5
MF 800G D/PASTE ZESTY LEMON HH852,25,7980.000000000001,P Z CUSSONS EAST AFRICA  LTD HQ,2,2,5
DAIMA 240ML MILK DRINK VANILLA,43,2360.506066447099,DEVYANI FOOD INDUSTRIES K LIMITED MILK AND YOGHURT,2,2,5
FC 1KG (14D) CHICKEN SAUSAGES VALUE PACK,48,14130.286258179654,FARMERS CHOICE LTD,2,2,5
TROPNUTS 50G CHILLI LEMON PEANUTS,28,1433.6000000000001,TROPICAL HEAT LTD,2,2,5
VELVEX 30CMX5M ALLUMINIUM FOIL,35,3640.0,CHANDARIA INDUSTRIES  LTD,2,2,5
MAYERS 10L STILL WATER,31,1727.6401110738568,MALACHITE LIMITED,2,2,5
KRACKLES CURLS 75G CHEESY,30,840.0,PROPACK KENYA LTD,2,2,5
VELVEX ANTIBACTERIAL WET WIPES 10S,32,4587.829775662814,CHANDARIA INDUSTRIES LTD HYGIENE,2,2,5
KENTASTE 400ML COCONUT MILK,41,2382.513600342686,CHANDARIA INDUSTRIES  LTD KENTASTE,2,2,5
FC 200G (30D) PORK BRAWN,44,12952.762403331351,FARMERS CHOICE LTD,2,2,5
FESTIVE 400G POUNDCAKE SLICED BLUEBERRY,32,3379.2000000000003,DPL FESTIVE  LIMITED,2,2,5
ACACIA 200ML KIDS MANGO,29,2588.032466986018,KEVIAN KENYA LTD,2,2,5
PROLITE 8S TROPICAL STD CANDLE POLYBAG WHITE,27,3456.0,SUPERSLEEK LIMITED,2,2,5
TAMU TAMU 25G TUTTI FRUTY,26,1146.0642424242426,NORDA INDUSTRIES LTD.,2,2,5
SAFISHA GENTLE SCRUBBING SPONGE 4S,29,5104.0,SUNDRIES BARGAIN NAIROBI LTD,2,2,5
BROWNS 200G MOZZARELLA,29,11577.339411115629,SUNPOWER PRODUCTS LTD,2,2,5
AQUAMIST 500ML PEACH FLAVOURED WATER,30,1671.909784910184,AQUAMIST LIMITED,2,2,5
TROP HEAT 50G POTATO CRISPS SALTED,31,1366.4612121212124,TROPICAL HEAT LTD,2,2,5
FAY 100S COCKTAIL SERVIETTES,32,2974.6021449123728,KIM FAY EAST AFRICA LTD,2,2,5
WANPY 85G CAT CHICKN&CRAB POUCH,33,4224.0,BRAND ROYALTY LTD,2,2,5
FLORA JUMBO BATHROOM TISSUE SC WHITE 100M,31,10947.251140065147,AFRICAN COTTON INDUSTRIES LTD,2,2,5
BROOKSIDE 250ML BANANA,45,2470.2970462818475,BROOKSIDE DAIRY LIMITED,2,2,5
NUTRAMEAL 1KG YELLOW BEANS,29,7168.8,KAMILI PACKERS LIMITED NORMAL,2,2,5
GOFRUT 250ML APPLE FRUIT DRINK,32,2247.797873080498,EXCEL CHEMICALS LTD,2,2,5
FC 500G (30D) BEEF VIENNA EX - LONG,43,12658.381439619274,FARMERS CHOICE LTD,2,2,5
ARIEL 1KG DETERGENT FRESH FLORAL CLEAN,32,12006.400000000001,HASBAH KENYA LTD P AND G,2,2,5
BIO 90ML STRAWBERRY YOGHURT,41,3852.405241379311,BIO FOOD PRODUCTS LTD,2,2,5
TROP HEAT 100G RICE CAKE BROWN,32,4608.0,TROPICAL HEAT LTD,2,2,5
MAYERS 330ML SPARKLING WATER GLASS BOTT,34,1894.8310895648751,MALACHITE LIMITED,2,2,5
MAYERS 330ML SPARKLING EMPTY BOTTLE,32,384.0,MALACHITE LIMITED,2,2,5
SUNLIGHT 1KG 2IN1 LAVENDER WASHING POWDER,33,9424.800000000001,UNILEVER KENYA LIMITED,2,2,5
FC 400G (14D) FRESH CHICKEN SAUSAGES,44,12952.762403331351,FARMERS CHOICE LTD,2,2,5
PRAZIER 15S YELLOW YORK EGGS,31,10203.48530050266,PRAZIER POULTRIES,2,2,5
LYONS 55ML PASSION FRUIT LOLLY,31,1711.9526949241235,RAZCO LTD,2,2,5
PEARL 2KG PISHORI RICE FORTIFIED,34,27116.077304472565,CAPWELL INDUSTRIES LTD,2,2,5
KOTEX 16S SUPER TAMPONS,34,5351.0227743271225,KIM FAY EAST AFRICA LTD,2,2,5
CARTOONS 30G TUTTI FRUTTI CRISPS,31,1366.4612121212124,PROPACK KENYA LTD,2,2,5
SANTA MARIA 400ML COCONUT MILK ORIGINAL,40,2324.4035125294495,DEBENHAM AND FEAR LTD,2,2,5
LYONS 100ML CHOC ICE BARS,32,1767.176975405547,RAZCO LTD,2,2,5
PURE HEALTH 500G HONEY NAT BTL,26,10192.0,WINNIES PURE HEALTH PRODUCTS LIMITED,2,2,5
FRUITVILLE 1L CRANBERRY JUICE,28,1966.8231389454359,JETLAK FOODS LTD,2,2,5
KRACKLES 125G TANGY TOMATO,32,1410.5406060606063,PROPACK KENYA LTD,2,2,5
FLORA 4S TOILET ROLLS WHITE,28,9887.839739413681,AFRICAN COTTON INDUSTRIES LTD,2,2,5
OLA 200G MEXICAN CRUNCH TORTILA CHIPS,33,1713.4555712270806,PROPACK KENYA LTD,2,2,5
BROOKSIDE 100ML FRUITNESS MIXED BERRIES CUP,42,3946.366344827587,BROOKSIDE DAIRY LIMITED,2,2,5
VIM 500G LAVENDER FRESH POWDER,27,2160.0,UNILEVER KENYA LIMITED,2,2,5
TROP HEAT 100G PILAU MASALA GRND,24,5472.0,TROPICAL HEAT LTD,2,2,5
BIO 150ML ASSORTED 6S,41,3852.405241379311,BIO FOOD PRODUCTS LTD,2,2,5
SANTA MARIA 400G PENNE RIGATE,27,3583.145454545455,DEBENHAM AND FEAR LTD,2,2,5
TROP HEAT 45G TEA MASALA,28,3248.0,TROPICAL HEAT LTD,2,2,5
BROOKSIDE 400ML WHIPPING CREAM CUP,41,11568.526630760025,BROOKSIDE DAIRY LIMITED,2,2,5
DAIMA 480ML MILK DRINK STRAWBERRY FLV,38,2086.028616860227,DEVYANI FOOD INDUSTRIES K LIMITED MILK AND YOGHURT,2,2,5
EVERFRESH 1KG GHEE,31,24378.4,BROOKSIDE DAIRY LIMITED,2,2,5
TIC TAC 10.2G STRAWBERRY MIX T1,30,377.4040846612312,HASBAH KENYA LTD,2,2,5
NUVITA 100G 2+1 COOKIES PROMO PACK,27,1484.2230355220668,MJENGO LIMITED,2,2,5
KRACKLES 125G ZINGY SALT & VINEGAR,27,1190.1436363636365,PROPACK KENYA LTD,2,2,5
DELAMERE 450ML LEMON BISCUIT FRUIT YOG CUP,39,3664.483034482759,BROOKSIDE DAIRY LIMITED,2,2,5
TROP HEAT 20G THYME RUBBED,24,1440.0,TROPICAL HEAT LTD,2,2,5
YELLOW DUSTERS 13X15,20,1200.0,SHAMULA LIMITED,2,2,5
OREO 31.3G ENROBED,32,1638.2510390689943,HASBAH KENYA LTD CADBURY,2,2,5
DELAMERE 450ML VANILLA FRUIT YOG CUP,42,3946.366344827587,BROOKSIDE DAIRY LIMITED,2,2,5
BIO 200ML COCONUT YOGHURT NATURAL,40,3758.444137931035,BIO FOOD PRODUCTS LTD,2,2,5
CADBURY 225G DRINKING CHOCOLATE JAR,30,2542.0446590223296,HASBAH KENYA LTD CADBURY,2,2,5
ROYCO 4G 40S CHICKEN CUBES,32,2412.6473947600825,UNILEVER KENYA LIMITED,2,2,5
SUNLIGHT 700G AUTO POWDER LAVENDER,28,6697.6,UNILEVER KENYA LIMITED,2,2,5
KRACKLES 125G TINGLY CHEESE & ONION,32,1410.5406060606063,PROPACK KENYA LTD,2,2,5
PRESTIGE 1KG MARGARINE,23,5051.214288749397,KAPA OIL REFINERIES LTD,2,2,5
TROP HEAT 100G CINNAMON GRND,25,3800.0,TROPICAL HEAT LTD,2,2,5
JAVA 375G KENYA AA MED ROAST GROUND,27,197.384420826046,NAIROBI JAVA HOUSE LTD,2,2,5
LAKI LAKI 100ML GREEK YOGHURT MANGO PASSION,42,3946.366344827587,LAKI LAKI LIMITED,2,2,5
LYONS 300G FROZEN PUFF PASTRY,42,10752.0,RAZCO LTD,2,2,5
GEISHA 200G SOAP YELLOW LEMON N HONEY,28,2441.6,UNILEVER KENYA LIMITED,2,2,5
MILL BAKERS 150G  LEMON SLICES,29,3062.4,MILL BAKERS LIMITED,2,2,5
FC 500G (30D) FRESH FRANKFURTERS EX-LONG,37,10892.095657346817,FARMERS CHOICE LTD,2,2,5
ACACIA 200ML KIDS BLUE RASPBERRY,22,1963.3349749549102,KEVIAN KENYA LTD,2,2,5
TIC TAC 10.2G MINT T2,30,377.4040846612312,HASBAH KENYA LTD,2,2,5
TIC TAC 10.2G ORANGE T1,29,364.8239485058568,HASBAH KENYA LTD,2,2,5
VIM 1KG LAVENDER FRESH POWDER,28,4144.0,UNILEVER KENYA LIMITED,2,2,5
OLA 200G TORTILLA LIME CRUNCH,27,1401.9181946403387,PROPACK KENYA LTD,2,2,5
ILARA 500ML VANILLA YOGHURT CUP,37,3476.5608275862073,BROOKSIDE DAIRY LIMITED,2,2,5
LAKI LAKI 150ML GREEK YOGHURT VANILLA,42,3946.366344827587,LAKI LAKI LIMITED,2,2,5
KENTASTE 400ML COCONUT CREAM,36,2091.9631612765047,CHANDARIA INDUSTRIES  LTD KENTASTE,2,2,5
KETEPA 100S TEA BAGS UNTAGGED CATERING,19,1899.3686010995723,KENYA TEA PACKERS KETEPA,2,2,5
PEP 700G TOMATO SAUCE L/S,31,4464.0,PREMIER FOODS  LIMITED,2,2,5
FC 200G (14D) BEEF CHIPOLATAS,37,10892.095657346817,FARMERS CHOICE LTD,2,2,5
BROOKSIDE 250ML COFFEE,40,2195.8195966949756,BROOKSIDE DAIRY LIMITED,2,2,5
NATURALLI 100G CHIA SEEDS,28,4457.6,HEALTHY U TWO THOUSAND LTD,2,2,5
PROLITE 8S TROPICAL STD CANDLES WHT BOX,21,2856.0,SUPERSLEEK LIMITED,2,2,5
BIO 150ML TROPICAL MX YOGHURT,38,3570.5219310344833,BIO FOOD PRODUCTS LTD,2,2,5
DELAMERE 150ML VANILLA FRUIT YOG CUP,38,3570.5219310344833,BROOKSIDE DAIRY LIMITED,2,2,5
BROOKSIDE 1LT VANILLA YOG TR,39,3664.483034482759,BROOKSIDE DAIRY LIMITED,2,2,5
PRESTIGE 500G ORIGINAL MARGARINE,28,6149.304351521005,KAPA OIL REFINERIES LTD,2,2,5
BIO 90ML MANGO YOGHURT,35,3288.638620689656,BIO FOOD PRODUCTS LTD,2,2,5
OMO 1KG FAST ACTION HANDWASHING POWDER,30,9504.0,UNILEVER KENYA LIMITED,2,2,5
ZESTA 720G HOT & SWEET SAUCE,24,3628.8,TRUFOODS LIMITED T F,2,2,5
SANTA MARIA 400G SPAGHETTI,31,4113.981818181818,DEBENHAM AND FEAR LTD,2,2,5
DELAMERE 150ML LEMON BISCUIT FRUIT YOG CUP,38,3570.5219310344833,BROOKSIDE DAIRY LIMITED,2,2,5
EVEREADY 4S AA RED 1015BP4,31,5456.0,HASBAH KENYA LTD,2,2,5
KOTEX DUO NORMAL ULTRA THIN PADS 16S,27,4249.341614906833,KIM FAY EAST AFRICA LTD,2,2,5
KNORR 4G 40S RICH MEATY SEASONING CUBES,25,1884.8807771563145,UNILEVER KENYA LIMITED,2,2,5
LYONS 55ML REAL ORANGE LOLLY,25,1380.6070120355835,RAZCO LTD,2,2,5
SNAPP 330ML CAN,27,4955.957420602205,UDV KENYA LIMITED,2,2,5
NESCAFE 50G CLASSIC JAR,22,160.83175030270417,NESTLE KENYA LTD,2,2,5
ALWAYS 14S MAXI THICK ROX LITE DUO,30,4721.490683229815,HASBAH KENYA LTD P AND G,2,2,5
ZESTA 700ML WHITE VINEGAR,23,1564.0,TRUFOODS LIMITED T F,2,2,5
JIK BLEACH 250ML REGULAR,30,4056.0000000000005,TOWFIQ  K  LIMITED HQ,2,2,5
BROOKSIDE 100ML FRUITNESS VANILLA CUP,36,3382.599724137932,BROOKSIDE DAIRY LIMITED,2,2,5
VELVEX KITCHEN TOWEL PRINTED TWIN PACK,30,9120.0,CHANDARIA INDUSTRIES  LTD,2,2,5
BIO 1LT GREEK YOGHURT NATURE PLAIN,38,3570.5219310344833,BIO FOOD PRODUCTS LTD,2,2,5
LAKI LAKI 150ML GREEK YOGHURT P/APPLE COCONUT,40,3758.444137931035,LAKI LAKI LIMITED,2,2,5
BIO ACTIVE 350ML YUZU APPLE N LEMON YOG DRINK,35,3288.638620689656,BIO FOOD PRODUCTS LTD,2,2,5
CLOVERS 100G BICARBONATE OF SODA JAR,21,413.5888579387188,TRI CLOVER INDUSTRIES LTD,2,2,5
TROP HEAT 20G MIXED HERBS JAR,24,1728.0,TROPICAL HEAT LTD,2,2,5
FIESTA TOILET ROLLS WHITE 10S,29,10240.97687296417,AFRICAN COTTON INDUSTRIES LTD,2,2,5
ILARA 250ML VANILLA YOGHURT CUP,35,3288.638620689656,BROOKSIDE DAIRY LIMITED,2,2,5
FC 250G (30D) FRESH PORK FRANKFURTERS,34,10008.952766210588,FARMERS CHOICE LTD,2,2,5
TROPNUTS 50G FRIED PEAS,23,1177.6000000000001,TROPICAL HEAT LTD,2,2,5
AQUAMIST 500ML MANGO FLAVOURED WATER,24,1337.5278279281472,AQUAMIST LIMITED,2,2,5
CADBURY 150G MILK CHOCOLATE,26,3475.1824561403514,HASBAH KENYA LTD CADBURY,2,2,5
MILL BAKERS 290G RICH CAKE,24,2534.4,MILL BAKERS LIMITED,2,2,5
MANJI 1KG JAR DIGESTIVE BISCUIT,26,1429.2518119842125,MANJI FOOD INDUSTRIES LTD,2,2,5
ENIGMA 80ML MINI WHITE,23,1270.1584510727369,RAZCO LTD,2,2,5
KETTLE 40G SOUR CREAM & CHIVE CHIPS,22,616.0,PROPACK KENYA LTD,2,2,5
FESTIVE 200G HALF POUNDCAKE SLICED BLUEBERRY,24,2534.4,DPL FESTIVE  LIMITED,2,2,5
JAVA 300G MACADAMIA NUT COOKIES,27,1484.2230355220668,NAIROBI JAVA HOUSE LTD,2,2,5
KERICHO GOLD PURE HIBISCUS TEA 20S,24,5088.0,GOLD CROWN BEVERAGES K LTD,2,2,5
FESTIVE 400G POUNDCAKE SLICED CHOCOLATE,26,2745.6000000000004,DPL FESTIVE  LIMITED,2,2,5
PEPSI REGULAR 2LT PET,23,1223.376957937903,SBC KENYA LIMITED,2,2,5
BLUE BAND 100G ORIGINAL,21,4611.9782636407535,SUPER SAVERS DISTRIBUTION LTD,2,2,5
CHOICE 1KG BEEF SAUSAGES VALUE PK,35,10303.333729922666,CHOICE MEATS BEEF PLANT,2,2,5
MILL BAKERS 200G DAZ BANANA FLAVOUR,26,2745.6000000000004,MILL BAKERS LIMITED,2,2,5
FC 500G (30D) DANISH PORK HOTDOGS,35,10303.333729922666,FARMERS CHOICE LTD,2,2,5
GOFRUT 1LT MULTI FRUIT DRINK,28,1966.8231389454359,EXCEL CHEMICALS LTD,2,2,5
DAAWAT 1KG LONG GRAIN RICE,24,19140.76045021593,MJENGO LIMITED,2,2,5
MAYERS 18.9L EMPTY BOTTLE,22,264.0,MALACHITE LIMITED,2,2,5
CHOICE 500G MEATY BEEF SAUSAGES,38,11186.476621058893,CHOICE MEATS BEEF PLANT,2,2,5
VIM 1KG LEMON FRESH POWDER,25,3700.0,UNILEVER KENYA LIMITED,2,2,5
BIO 500ML MAZIWA LALA NATURE PLAIN,33,3100.716413793104,BIO FOOD PRODUCTS LTD,2,2,5
LAKI LAKI 100ML GREEK YOGHURT RASPBERRY,35,3288.638620689656,LAKI LAKI LIMITED,2,2,5
VEGANY 500G TOFU EXTRA FIRM PLAIN,26,7259.2,VEGAN WORLD LIMITED,2,2,5
JAVA 400G CRISPY CRUNCHY GRANOLA,26,14518.4,NAIROBI JAVA HOUSE LTD,2,2,5
MOLPED PURE&SOFT EX LONG 14S,21,3305.04347826087,HAYAT KIMYA  K  H PRODUCTS LTD,2,2,5
GOFRUT 1LT ORANGE FRUIT DRINK,23,1615.604721276608,EXCEL CHEMICALS LTD,2,2,5
PRIDE 5LT LEMON LIQ DETERGENT,25,16760.000000000004,CANON CHEMICALS LTD,2,2,5
REAL KIENYEJI EGGS 6PK,25,8228.617177824724,NDUMUNYA INVESTMENT SOLUTION,2,2,5
MARIE 75GM CLASSIC BISCUITS,22,1209.3669178327953,MANJI FOOD INDUSTRIES LTD,2,2,5
FITCH&LEEDED 200ML CAN INDIAN TONIC,23,3718.4205448504986,SLATER AND WHITTAKER LTD,2,2,5
MANYATTA 300ML P/APPLE&MINT CIDER,23,4221.741506438915,KENYA BREWERIES LTD,2,2,5
BUTTERFLY 1KG GREEN GRAM MUNG,27,5594.400000000001,SPICE WORLD LTD,2,2,5
CLUB SODA 500ML PINEAPPLE,20,1063.806050380785,HIGHLANDS DRINKS LIMITED,2,2,5
TROP HEAT 100G TURMERIC GRND JAR,24,3648.0,TROPICAL HEAT LTD,2,2,5
SIRIMON 250G PANEER CHEESE,23,9182.027808815843,MORANI LIMITED,2,2,5
CIL 5KG RICE PISHORI,25,19938.292135641594,CAPWELL INDUSTRIES LTD,2,2,5
SUNLIGHT 750ML LEMON D/WASHING LIQUID,25,5780.0,UNILEVER KENYA LIMITED,2,2,5
FC 200G (30D) FRESH COUNTRY HAM,34,10008.952766210588,FARMERS CHOICE LTD,2,2,5
RINGOZ 75G BARBEQUE CORN,21,925.6672727272728,NORDA INDUSTRIES LTD.,2,2,5
WEETABIX 6PACK 112GM,24,1920.0,WEETABIX EAST AFRICA LTD HQ,2,2,5
ROSY TOILET ROLL 4PACK,27,9534.702605863193,CHANDARIA INDUSTRIES  LTD,2,2,5
KERICHO GOLD SPICED TEA 20S,22,2199.268906536347,GOLD CROWN BEVERAGES K LTD,2,2,5
BROOKSIDE 150ML FRUITNESS SBERRY CUP,30,2818.8331034482762,BROOKSIDE DAIRY LIMITED,2,2,5
BROOKSIDE 250ML CHOC 6PK,32,1756.6556773559805,BROOKSIDE DAIRY LIMITED,2,2,5
FC 400G (14D) FRESH BEEF BURGER,34,10008.952766210588,FARMERS CHOICE LTD,2,2,5
BROOKSIDE 250ML BUBBLE GUM,31,1701.7601874386062,BROOKSIDE DAIRY LIMITED,2,2,5
QIKDRI EMBOSSED HAND PAPER TOWEL,27,2509.8205597698143,CHANDARIA INDUSTRIES  LTD,2,2,5
KERICHO GOLD 25S ENVELOPED TEA BAGS,24,2399.202443494197,GOLD CROWN BEVERAGES K LTD,2,2,5
TIC TAC 10.2G CITRUS MIX,21,264.1828592628618,HASBAH KENYA LTD,2,2,5
BROOKSIDE 200ML WHIPPING CREAM,35,9875.571514063437,BROOKSIDE DAIRY LIMITED,2,2,5
KANE EXTRA GOLDEN SPIRIT 250ML GLASS PK,27,5474.496847414881,UDV KENYA LIMITED,2,2,5
BIO 90ML TROPICAL MIX YOGHURT,32,3006.755310344828,BIO FOOD PRODUCTS LTD,2,2,5
KAWAN 400G FLAKEY PARATHA,30,9000.0,CRYSTAL FROZEN AND CHILLED FOODS LTD,2,2,5
TROP HEAT 100G GINGER GRND JAR,20,3680.0,TROPICAL HEAT LTD,2,2,5
DAIMA 250ML NATURAL PROBIOTIC CUP,31,2912.794206896552,DEVYANI FOOD INDUSTRIES K LIMITED MILK AND YOGHURT,2,2,5
MAYERS 750ML GLASS STILL WATER,23,1281.7975017644744,MALACHITE LIMITED,2,2,5
MAYERS 750ML GLASS STILL EMPTY BOTTLE,26,312.0,MALACHITE LIMITED,2,2,5
TIC TAC 10.2G SPEARMINT T1,22,276.7629954182362,HASBAH KENYA LTD,2,2,5
BUTTERFLY 1KG CHICK PEAS KABULI CHANA,20,7040.0,SPICE WORLD LTD,2,2,5
FC 2KG (7M) PET FOOD BEEFO,26,8216.0,FARMERS CHOICE LTD,2,2,5
MONSTER 500ML THE DOCTOR,20,2584.678351492184,COCA COLA BEVERAGES KENYA LTD,2,2,5
MANJI 100G THE REAL DIGESTIVE,22,1209.3669178327953,MANJI FOOD INDUSTRIES LTD,2,2,5
LAKI LAKI 100ML GREEK YOGHURT BLUEBERRY,32,3006.755310344828,LAKI LAKI LIMITED,2,2,5
VIM 1KG SCOURER LEMON+1KG LVR,23,6421.599999999999,UNILEVER KENYA LIMITED,2,2,5
KOTEX 16S REGULAR TAMPONS,23,3619.8095238095243,KIM FAY EAST AFRICA LTD,2,2,5
TROPNUTS 50G MASALA BHAJIA PEANUTS,20,1024.0,TROPICAL HEAT LTD,2,2,5
FRUSION 150ML MANGO & PEACH YOGURHT,28,2630.9108965517244,RAZCO LTD,2,2,5
BROOKSIDE 150ML FRUITNESS VANILLA CUP,28,2630.9108965517244,BROOKSIDE DAIRY LIMITED,2,2,5
LAKI LAKI 100ML GREEK YOGHURT STRAWBERRY,31,2912.794206896552,LAKI LAKI LIMITED,2,2,5
SIRIMON 500G EVERYDAY CHEESE,21,8383.590608049248,MORANI LIMITED,2,2,5
REAL KIENYEJI EGGS 15PK,23,7570.327803598747,NDUMUNYA INVESTMENT SOLUTION,2,2,5
GORDONS PINK & TONIC 330ML,24,3880.0910033222594,UDV KENYA LIMITED,2,2,5
OLA 200G CHEESE CRUNCH TORTILA CHIPS,22,1142.303714151387,PROPACK KENYA LTD,2,2,5
BIO 90ML YOGHURT ORANGE BISCUITS,31,2912.794206896552,BIO FOOD PRODUCTS LTD,2,2,5
KERICHO GOLD SWEET CAMOMILE 20S,20,4240.0,GOLD CROWN BEVERAGES K LTD,2,2,5
ARIEL 1KG DETERGENT FRESH SPRING CLEAN,22,8412.800000000001,HASBAH KENYA LTD P AND G,2,2,5
GOFRUT 250ML LEMON MINT MOJITO FRUIT DRINK,23,1615.604721276608,EXCEL CHEMICALS LTD,2,2,5
BUTTERFLY 1KG BLACK BEANS,21,4804.8,SPICE WORLD LTD,2,2,5
TENA 2S PREMIUM KITCHEN TOWEL PINK,18,5544.0,AFRICAN COTTON INDUSTRIES LTD,2,2,5
MAGNUM 110ML ALMOND STICK,19,1049.2613291470434,CRYSTAL FROZEN AND CHILLED FOODS LTD,2,2,5
VIM 500G LEMON FRESH POWDER,21,1680.0,UNILEVER KENYA LIMITED,2,2,5
SAFISHA 3PK SPONGE CLOTH,23,3201.6000000000004,SUNDRIES BARGAIN NAIROBI LTD,2,2,5
WANPY 375G CANNED DOG FOOD CHICKEN,21,3477.6000000000004,BRAND ROYALTY LTD,2,2,5
WANPY 85G CAT CHICKN&SHRIMP POUCH,21,2688.0,BRAND ROYALTY LTD,2,2,5
KABARNET 10LT MINERAL WATER,20,1114.6065232734559,KHETIA DRAPERS LTD,2,2,5
DOVE 135G BS BAR ORIGINAL,20,5264.0,KIM FAY EAST AFRICA LTD DOVE,2,2,5
TROP HEAT 340G CHEVDA ORIGINAL,21,1042.905962264151,TROPICAL HEAT LTD,2,2,5
LAKI LAKI 450ML GREEK YOGHURT NATURAL,31,2912.794206896552,LAKI LAKI LIMITED,2,2,5
OREO 55.2G CHOCOLATE CREME FLAVOURED,24,1319.309364908504,HASBAH KENYA LTD CADBURY,2,2,5
DROSTDY-HOF 750ML PREM. GRAND CRU,19,17616.8,KENYA WINE AGENCIES KWAL,2,2,5
FC 1KG (14D) SPICY PORK VALUE PACK  SAUSAGES,32,9420.190838786437,FARMERS CHOICE LTD,2,2,5
WRIGLEYS ORBIT 20S MIX FRUIT BOTTLE,22,469.8835482610395,RADBONE CLARK LIMITED MARS,2,2,5
EVEREST CLUB SODA 350ML,19,1010.6157478617458,SBC KENYA LIMITED,2,2,5
EVEREST CLUB SODA 350ML EMPTY BOTTLE,21,252.0,SBC KENYA LIMITED,2,2,5
KERICHO GOLD GREEN TEA 20S,18,4968.0,GOLD CROWN BEVERAGES K LTD,2,2,5
ILARA 150ML VANILLA YOGHURT CUP,30,2818.8331034482762,BROOKSIDE DAIRY LIMITED,2,2,5
GEISHA 200G SOAP TRADITIONAL BLACK,20,2160.0,UNILEVER KENYA LIMITED,2,2,5
ILARA 250ML STRAWBERRY YOGHURT CUP,28,2630.9108965517244,BROOKSIDE DAIRY LIMITED,2,2,5
VELVEX 30CMX30M CLING FILM,21,2688.0,CHANDARIA INDUSTRIES  LTD,2,2,5
KERICHO GOLD 50S TEA BAGS TAGGED,19,1899.3686010995723,GOLD CROWN BEVERAGES K LTD,2,2,5
GOFRUT 250ML MULTI FRUIT DRINK,20,1404.8736706753111,EXCEL CHEMICALS LTD,2,2,5
BIO 150ML YOGHURT ORANGE BISCUITS,32,3006.755310344828,BIO FOOD PRODUCTS LTD,2,2,5
KAWAN 400G PUFF PASTRY,27,8532.0,CRYSTAL FROZEN AND CHILLED FOODS LTD,2,2,5
SUNLIGHT 1KG+400G POWDER PINK,18,6465.6,UNILEVER KENYA LIMITED,2,2,5
ENIGMA 80ML MINI DARK,18,994.0370486656202,RAZCO LTD,2,2,5
GOFRUT 250ML MANGO FRUIT DRINK,23,1615.604721276608,EXCEL CHEMICALS LTD,2,2,5
TENA 2S KITCHEN ROLLS,24,6912.0,AFRICAN COTTON INDUSTRIES LTD,2,2,5
AQUAMIST 500ML PEACH ICE TEA,17,1517.122480646976,AQUAMIST LIMITED,2,2,5
CLUB SODA 500ML COLA,21,1116.9963528998244,HIGHLANDS DRINKS LIMITED,2,2,5
TROP HEAT 100G B/PEPPER GRND,20,6240.0,TROPICAL HEAT LTD,2,2,5
HANAN TWIN KITCHEN TOWELS,19,5852.0,ZENKO KENYA LIMITED,2,2,5
PRAZIER 6S KIENYEJI EGGS,18,5924.6043680338025,PRAZIER POULTRIES,2,2,5
OMO 1KG FAST ACTION BANDED 400G,19,7432.800000000001,UNILEVER KENYA LIMITED,2,2,5
THE WAR HORSE 750ML SHIRAZ,18,15768.0,CRYSTAL FR  AND CHILLED FOODS LTD WINE SR,2,2,5
DL 150G YOGHURT PINEAPPLE COCONUT,28,2630.9108965517244,GLACIER PRODUCTS LTD 2ND,2,2,5
FC 250G (30D) FRESH BEEF VIENNAS,29,8537.047947650208,FARMERS CHOICE LTD,2,2,5
TROP HEAT 100G CHICKEN MASALA,19,2128.0,TROPICAL HEAT LTD,2,2,5
VEGANY 400G TOFU EXTRA FIRM SALT&PEPPER,20,5584.0,VEGAN WORLD LIMITED,2,2,5
KCC 500ML VANILLA YOG CUP (202),32,3006.755310344828,NEW KENYA COOP CREAMERIES  LTD,2,2,5
MAGNUM 110ML CLASSIC STICK,18,994.0370486656202,CRYSTAL FROZEN AND CHILLED FOODS LTD,2,2,5
CHROME 750ML VODKA,20,4055.1828499369485,UDV KENYA LIMITED,2,2,5
KAPUTEI 180G BASIL PESTO,17,5426.400000000001,KAPUTEI FARM P LIMITED,2,2,5
JAMAA 800G BAR SOAP WHITE,20,1880.8466154326368,KAPA OIL REFINERIES LTD,2,2,5
BIO 450ML VANILLA YOGHURT,26,2442.988689655173,BIO FOOD PRODUCTS LTD,2,2,5
AQUAMIST 500ML APPLE FLAVOURED WATER,23,1281.7975017644744,AQUAMIST LIMITED,2,2,5
EVERFRESH 500G GHEE,18,7963.200000000001,BROOKSIDE DAIRY LIMITED,2,2,5
HARPIC 500ML POWER PLUS ORIGINAL,18,8625.6,TOWFIQ  K  LIMITED HQ,2,2,5
VEGANY 400G TOFU EXTRA FIRM GARLIC&HERB,16,4467.2,VEGAN WORLD LIMITED,2,2,5
SUNLIGHT 1KG+400G POWDER LAVENDER,20,7200.0,UNILEVER KENYA LIMITED,2,2,5
CADBURY 80G DAIRY MILK CRUNCHIE,19,2539.556410256411,HASBAH KENYA LTD CADBURY,2,2,5
SIRIMON 500G CHEDDAR CHEESE,20,7984.372007665951,MORANI LIMITED,2,2,5
KCC 500ML NATURAL YOG CUP (220),27,2536.949793103449,NEW KENYA COOP CREAMERIES  LTD,2,2,5
BUTTERFLY 1KG MASOOR WHOLE(KAMANDE),21,7728.0,SPICE WORLD LTD,2,2,5
VELVEX SNOW WHITE 4 PACK,19,6709.605537459283,CHANDARIA INDUSTRIES  LTD,2,2,5
CLUB SODA 500ML LEMON N LIME,17,904.2351428236674,HIGHLANDS DRINKS LIMITED,2,2,5
BIO 200ML COCONUT YOGHURT MANGO,26,2442.988689655173,BIO FOOD PRODUCTS LTD,2,2,5
CIL 1KG RICE PISHORI,21,16748.165393938936,CAPWELL INDUSTRIES LTD,2,2,5
TENA 3PLY QUILTED 9PK TOILET PAPER,23,8122.154071661238,AFRICAN COTTON INDUSTRIES LTD,2,2,5
KAWAN 400G PLAIN PARANTHA,26,7488.0,CRYSTAL FROZEN AND CHILLED FOODS LTD,2,2,5
BOOCH 300ML BLUEBERRY GINGER DRINK,20,1784.8499772317364,HOUSE OF BOOCH LIMITED,2,2,5
CELINE TOILET ROLLS 10PACK,22,7769.01693811075,JUBILEE TISSUE INDUSTRIES LTD,2,2,5
AQUAMIST 500ML 6PK MINERAL WATER,21,1170.3368494371289,AQUAMIST LIMITED,2,2,5
SIMPLIFINE 1KG FROZEN FRENCH FRIES,16,7616.0,BIGCOLD KENYA SIMPLIFINE FROZEN AND CHILLED,2,2,5
BROOKSIDE 200ML DISNEY STRAWBRRY FLV MILK,29,1591.9692076038573,BROOKSIDE DAIRY LIMITED,2,2,5
IL 150G 3PK CLASSIC BATH SOAP,19,5289.6,P Z CUSSONS EAST AFRICA  LTD HQ,2,2,5
ORCHID VALLEY 1L TROPICAL DELIGHT,23,1615.604721276608,PREMIER FOODS  LIMITED,2,2,5
CHOICE 500G HALAL MINCED BEEF,25,7359.524092801904,CHOICE MEATS BEEF PLANT,2,2,5
KERICHO GOLD 500G PREMIUM TEA JAR,22,2199.268906536347,GOLD CROWN BEVERAGES K LTD,2,2,5
STIMOROL 27G 14S INFINITY TROPICAL,19,405.80851895271593,HASBAH KENYA LTD CADBURY,2,2,5
KERINGET 1LT 6PK MINERAL WATER,22,1226.0671756008016,COCA COLA BEVERAGES KENYA LTD,2,2,5
BROOKSIDE 150ML DISNEY DF STRWBRRY YOG,24,2255.066482758621,BROOKSIDE DAIRY LIMITED,2,2,5
SIRIMON 250G HALLOUMI CHEESE,17,6786.716206516058,MORANI LIMITED,2,2,5
MC 330G REAL  MAYONNAISE,19,6520.800000000001,BIO FOOD PRODUCTS LTD,2,2,5
LIVELLE KITCHEN TOWEL PINK TWINPACK,16,4851.2,JUBILEE TISSUE INDUSTRIES LTD,2,2,5
WANPY 375G DOG FOOD CHICN&LIVER,18,2980.8,BRAND ROYALTY LTD,2,2,5
BROOKSIDE 200ML DISNEY CHOCOLATE FLV MILK,24,1317.4917580169854,BROOKSIDE DAIRY LIMITED,2,2,5
MILL BAKERS 200G DAZ HONEY FLAVOUR,22,2323.2000000000003,MILL BAKERS LIMITED,2,2,5
LIVELLE KITCHEN TOWEL 2PACK,19,5836.800000000001,JUBILEE TISSUE INDUSTRIES LTD,2,2,5
CHAIN KWO 150G SOY SAUCE DARK SUPERIOR,14,1848.0,ROSHNI DIST LTD  R D,2,2,5
SANTA MARIA 400G FUSILLI,16,2123.3454545454547,DEBENHAM AND FEAR LTD,2,2,5
ILARA 500ML FOREST BERRY CUP YOG,26,2442.988689655173,BROOKSIDE DAIRY LIMITED,2,2,5
GOFRUT 1LT MANGO FRUIT DRINK,18,1264.38630360778,EXCEL CHEMICALS LTD,2,2,5
PRIDE 1LT LEMON LIQ DETERGENT,18,3448.8,CANON CHEMICALS LTD,2,2,5
CLOVERS 700ML WHITE VINEGAR,18,1252.8000000000002,TRI CLOVER INDUSTRIES LTD,2,2,5
FC 400G (14D) FRESH SPICY PORK SAUSAGES,26,7653.90505651398,FARMERS CHOICE LTD,2,2,5
TROP HEAT 150G CHEVDA ORIGINAL,20,993.2437735849056,TROPICAL HEAT LTD,2,2,5
TROP HEAT 100G GARLIC POWDER,18,3600.0,TROPICAL HEAT LTD,2,2,5
KOTEX 40S PANTYLINERS VP,18,2832.8944099378887,KIM FAY EAST AFRICA LTD,2,2,5
BLOOM 9S 3PLY LUXURY TOILET ROLLS,18,6356.468403908795,PROPACK KENYA LTD,2,2,5
LYONS 1LT VANILLA TUB,16,883.5884877027735,RAZCO LTD,2,2,5
MILL BAKERS 500G QUEEN CAKES 12S,16,1689.6000000000001,MILL BAKERS LIMITED,2,2,5
TOP CHEF 1KG SALT,20,660.9020289855073,KAMILI PACKERS LIMITED NORMAL,2,2,5
ENIGMA 80ML MINI CLASSIC,18,994.0370486656202,RAZCO LTD,2,2,5
ENIGMA 110ML STD CLASSIC,14,773.1399267399268,RAZCO LTD,2,2,5
BIO 350ML ACTIVE POWER YOGHURT DRINK NATURE,25,2349.027586206897,BIO FOOD PRODUCTS LTD,2,2,5
TROP HEAT 45G GINGER GRND,16,1472.0,TROPICAL HEAT LTD,2,2,5
SUNLIGHT 3.5KG LAVENDER WASHING POWDER,18,17193.600000000002,UNILEVER KENYA LIMITED,2,2,5
BIO 90ML STRAWBERRY YOGHURT 4S,23,2161.105379310345,BIO FOOD PRODUCTS LTD,2,2,5
WANPY 375G DOG FOOD CHICKN&VEG,17,2815.2000000000003,BRAND ROYALTY LTD,2,2,5
ASTONISH 1LT JASMIN WBERRY FLOOR CLEANER,17,10812.0,SPARKLE BRANDS LIMITED,2,2,5
DELAMERE 450ML STRAWBERRY FRUIT YOG CUP,24,2255.066482758621,BROOKSIDE DAIRY LIMITED,2,2,5
BUTTERFLY 1KG MASOOR DAL,19,7128.800000000001,SPICE WORLD LTD,2,2,5
FC 200G (30D) POLONY,20,5887.619274241523,FARMERS CHOICE LTD,2,2,5
CADBURY 80G BOURNVILLE CHOCOLATE,15,2004.9129554655874,HASBAH KENYA LTD CADBURY,2,2,5
KRACKLES 125G BARBQUE,14,617.1115151515153,PROPACK KENYA LTD,2,2,5
DAIMA 150ML NATURAL PROBIOTIC CUP,23,2161.105379310345,DEVYANI FOOD INDUSTRIES K LIMITED MILK AND YOGHURT,2,2,5
CHOICE 400G HALAL BEEF BURGER,21,6182.000237953599,CHOICE MEATS BEEF PLANT,2,2,5
DAIMA 500ML VANILLA YOG CUP,22,2067.144275862069,DEVYANI FOOD INDUSTRIES K LIMITED MILK AND YOGHURT,2,2,5
DELAMERE 150ML SBERRY FRUIT YOG CUP,24,2255.066482758621,BROOKSIDE DAIRY LIMITED,2,2,5
OLA 200G COOL CRUNCH TORTILA CHIPS,15,778.8434414668549,PROPACK KENYA LTD,2,2,5
KERICHO GOLD 50S TEA BAGS ENVELOPE,17,1699.4350641417227,GOLD CROWN BEVERAGES K LTD,2,2,5
SLIM CLOTH PEGS 12PK,14,436.80000000000007,JEVANS ENTERPRISES,2,2,5
DAIMA 150G VANILLA YOGHURT CUP,22,2067.144275862069,DEVYANI FOOD INDUSTRIES K LIMITED MILK AND YOGHURT,2,2,5
KERICHO GOLD PURE PEPPERMINT 20S,17,3604.0,GOLD CROWN BEVERAGES K LTD,2,2,5
TROP HEAT 100G CUMINSEEDS GRND,20,4160.0,TROPICAL HEAT LTD,2,2,5
FC 200G (30D) BACK BACON,24,7065.143129089827,FARMERS CHOICE LTD,2,2,5
DL 56G DIP A SNACK,16,2138.573819163293,GLACIER PRODUCTS LTD 2ND,2,2,5
SANTA MARIA 400G BLACK BEANS IN BRINE,16,2130.2951578151583,DEBENHAM AND FEAR LTD,2,2,5
ZINGER STAINLESS NAIL CLIPPER,15,1980.0,JEVANS ENTERPRISES,2,2,5
WANPY 100G CHICKEN SKEWERS #CD-02H,17,5331.200000000001,BRAND ROYALTY LTD,2,2,5
GEISHA 200G SOAP GREEN ALOE N HONEY,15,1308.0,UNILEVER KENYA LIMITED,2,2,5
HARIBO 150G PINK & WHITE CHAMALLOWS HALAL,15,188.7020423306156,ROSHNI DIST LTD  R D,2,2,5
ZESTA 100G  BI-CARBONATE OF SODA (TIN),19,374.19944289693603,TRUFOODS LIMITED T F,2,2,5
USHINDI 175G WHITE SOAP,18,1692.7619538893732,PWANI OIL PRODUCTS LTD.,2,2,5
TROP HEAT 70G POTATO MASALA STICKS,16,705.2703030303031,TROPICAL HEAT LTD,2,2,5
DAIMA 150ML SBERRY  YOGHURT CUP,22,2067.144275862069,DEVYANI FOOD INDUSTRIES K LIMITED MILK AND YOGHURT,2,2,5
KITCHEN TOWEL DRAWBOX 12X12,12,1046.4,SHAMULA LIMITED,2,2,5
DOWNY 900ML POUCH LAVENDER CALM,15,8376.0,HASBAH KENYA LTD P AND G,2,2,5
LAKI LAKI 250ML APPLE GINGER SMOOTHIE,21,1973.1831724137935,LAKI LAKI LIMITED,2,2,5
CIL 1KG RICE BROWN,16,12760.506966810619,CAPWELL INDUSTRIES LTD,2,2,5
FRESHA 500ML VANILLA CUP YOG,21,1973.1831724137935,GITHUNGURI DAIRY FARMERS,2,2,5
JIK 750ML REGULAR 2+1,17,11682.400000000001,TOWFIQ  K  LIMITED HQ,2,2,5
MHARVEST 500G BAG SUPERFAST OATS,14,2788.8,HEALTHY U TWO THOUSAND LTD,2,2,5
USHINDI 800G CREAM MULTI-PURPOSE SOAP,17,1598.7196231177413,PWANI OIL PRODUCTS LTD.,2,2,5
LAKI LAKI 250ML BANANA STRAWBERRY SMOOTHIE,21,1973.1831724137935,LAKI LAKI LIMITED,2,2,5
TROP HEAT 75G CHILLI FLAKES,17,1972.0,TROPICAL HEAT LTD,2,2,5
MAGIC 300ML ENERGY DRINK LEMON,15,1938.5087636191379,KHETIA DRAPERS LTD,2,2,5
BLUE BUBBLE 4X50G OCEAN FRESH BLUE BLOCK,13,3588.0,BLUEMART PRODUCTS E A LTD,2,2,5
TROP HEAT 100G CRISPS TOMATO,18,793.429090909091,TROPICAL HEAT LTD,2,2,5
BROWNS 250G HALLOUMI CHEESE,14,5589.0604053661655,SUNPOWER PRODUCTS LTD,2,2,5
WHITEWASH 800G WHITE BAR SOAP,15,1410.6349615744775,PWANI OIL PRODUCTS LTD.,2,2,5
DL 1L VANILLA ICECREAM,15,828.3642072213502,GLACIER PRODUCTS LTD G P,2,2,5
OLA 200G LIGHTLY SALTED TORTILA CHIPS,15,778.8434414668549,PROPACK KENYA LTD,2,2,5
FESTIVE 200G HALF POUNDCAKE SLICED CHOCOLATE,13,1372.8000000000002,DPL FESTIVE  LIMITED,2,2,5
DELAMERE 100ML PEAR CARAMEL FRUIT YOG CUP,22,2067.144275862069,BROOKSIDE DAIRY LIMITED,2,2,5
SIRIMON 200G MATURE CHEDDAR,15,5988.279005749463,MORANI LIMITED,2,2,5
ENERGIZER AA BATTERY 2PK E91,14,4872.0,HASBAH KENYA LTD,2,2,5
ILARA 250ML FOREST BERRY CUP YOG,22,2067.144275862069,BROOKSIDE DAIRY LIMITED,2,2,5
CHAINKWO 623ML DARK SOY SAUCE,14,4340.0,ROSHNI DIST LTD  R D,2,2,5
IL 125G CLASSIC BATH SOAP SP331,16,1139.2,P Z CUSSONS EAST AFRICA  LTD HQ,2,2,5
LAKI LAKI 250ML PINEAPPLE PASSION SMOOTHIE,23,2161.105379310345,LAKI LAKI LIMITED,2,2,5
BIO 90ML YOGHURT GUAVA/MORINGA,22,2067.144275862069,BIO FOOD PRODUCTS LTD,2,2,5
BOOCH 300ML RASPBERRY DRINK,16,1427.8799817853892,HOUSE OF BOOCH LIMITED,2,2,5
M&M 45G PEANUT CHOCOLATE,19,2539.556410256411,RADBONE CLARK LIMITED MARS,2,2,5
MF 400G ORIGINAL FRESH DISHWASHING PASTE,16,3328.0,P Z CUSSONS EAST AFRICA  LTD HQ,2,2,5
FC 200G (30D) FRESH SANDWICH BEEF,20,5887.619274241523,FARMERS CHOICE LTD,2,2,5
DELAMERE 3LTR VANILLA YOGHURT,19,1785.2609655172416,BROOKSIDE DAIRY LIMITED,2,2,5
NIVEA 50ML IBNW MEN ROLL ON,14,5824.0,BEIERSDORF EAST AFRICA LTD HQ,2,2,5
CLUB SODA 500ML TANGAWIZI,20,1063.806050380785,HIGHLANDS DRINKS LIMITED,2,2,5
GREEN FARM 20PK Y/YORK EGGS,18,5924.6043680338025,GREEN FARM POULTRY,2,2,5
SNAPPY TOM 85G POUCH CAT FOOD BEEF & VEG,20,3047.2781211372076,MERIT AFRICA LTD,2,2,5
KENYA CANE 350ML,13,2635.8688524590166,UDV KENYA LIMITED,2,2,5
KELLOGGS 450G CORNFLAKES,16,10931.2,HASBAH KENYA LTD,2,2,5
AQUAMIST 500ML PINEAPPLE FLAVOURED WATER,17,947.4155447824376,AQUAMIST LIMITED,2,2,5
LU 129.6G BISCUITS WHEATABLE  HIGH FIBRE FP,16,879.5395766056693,HASBAH KENYA LTD CADBURY,2,2,5
KCC 500ML SBERRY YOG CUP (205),22,2067.144275862069,NEW KENYA COOP CREAMERIES  LTD,2,2,5
NATURALLI 300G HIMALAYAN IODISED SEA SALT,15,495.67652173913046,HEALTHY U TWO THOUSAND LTD,2,2,5
FC 1KG (14D) SPICY BEEF VALUE PACK  SAUSAGES,21,6182.000237953599,FARMERS CHOICE LTD,2,2,5
SESIA 350G HONEY SQUEEZY,11,2464.0,SESIA LIMITED,2,2,5
CLUB SODA 500ML BLACKCURRANT,12,638.2836302284711,HIGHLANDS DRINKS LIMITED,2,2,5
HC 500G CHEESE PORTION MOZZARELLA,13,5189.841804982868,HAPPY COW LIMITED,2,2,5
ILARA 150ML STRAWBERRY YOGHURT CUP,23,2161.105379310345,BROOKSIDE DAIRY LIMITED,2,2,5
AQUAMIST 500ML FRUTZ FRUIT DRINK APPLE,15,1338.6374829238023,AQUAMIST LIMITED,2,2,5
FC 200G (30D) FRESH CHICKEN BRAWN,21,6182.000237953599,FARMERS CHOICE LTD,2,2,5
DAIMA 250ML CHOCOLATE FLAVOURED MILK PET,20,1097.9097983474878,DEVYANI FOOD INDUSTRIES K LIMITED MILK AND YOGHURT,2,2,5
FC 200G (30D) FRESH BEEF BACON,20,5887.619274241523,FARMERS CHOICE LTD,2,2,5
ROYCO 200G BEEF ORG MCHUZI MIX TUB,17,2312.0,UNILEVER KENYA LIMITED,2,2,5
MOHAWK KOMBUCHA 500ML LIMADE DRINK,15,1338.6374829238023,ROYAL BREKKERS LIMITED,2,2,5
BOOCH 300ML HIBISCUS LEMON DRINK,15,1338.6374829238023,HOUSE OF BOOCH LIMITED,2,2,5
FAY 30CMX5M FOIL,17,1768.0,KIM FAY EAST AFRICA LTD,2,2,5
TROP HEAT 100G CURRY POWDER JAR,14,1792.0,TROPICAL HEAT LTD,2,2,5
BARAKA CATERING 200G TEA BAGS 100S,19,1899.3686010995723,GOLD CROWN BEVERAGES K LTD,2,2,5
FESTIVE 400G POUNDCAKE SLICED COFFEE,13,1372.8000000000002,DPL FESTIVE  LIMITED,2,2,5
DELAMERE 150ML PEAR CARAMEL FRUIT YOG CUP,19,1785.2609655172416,BROOKSIDE DAIRY LIMITED,2,2,5
FRUSION 6*150ML ASSORTED YOGHURT,19,1785.2609655172416,RAZCO LTD,2,2,5
JAVA 90G LOVE COOKIES,13,714.6259059921063,NAIROBI JAVA HOUSE LTD,2,2,5
TOSS 500G LAVENDER DETERGENT SATCHET,13,2080.0,KAPA OIL REFINERIES LTD,2,2,5
KELLOGGS 500G CRUNCHYNUT CORNFLAKES,17,12906.400000000001,HASBAH KENYA LTD,2,2,5
ILARA 150ML FOREST BERRY CUP YOG,19,1785.2609655172416,BROOKSIDE DAIRY LIMITED,2,2,5
FRESH KENCHIC 250G SMOKED SAUSAGE,21,6182.000237953599,KENCHIC FROZEN,2,2,5
PEARL 1KG PISHORI RICE FORTIFIED,15,11962.975281384955,CAPWELL INDUSTRIES LTD,2,2,5
BOOCH 300ML PASSION BAOBAB DRINK,17,1517.122480646976,HOUSE OF BOOCH LIMITED,2,2,5
FACE TOWEL HEAVY WHITE 12X12,13,1248.0,SHAMULA LIMITED,2,2,5
BOOCH 300ML STRAWBERRY DRINK,14,1249.3949840622156,HOUSE OF BOOCH LIMITED,2,2,5
BROOKSIDE 250ML STRAWBERRY 6PK,19,1043.0143084301135,BROOKSIDE DAIRY LIMITED,2,2,5
RELOAD 500ML ISOTONIC DRINK LEMON,13,1680.0409284699194,EXCEL CHEMICALS LTD,2,2,5
MANJI 200G MARIE BISCUIT,14,769.5971295299606,MANJI FOOD INDUSTRIES LTD,2,2,5
KETEPA 100S TAGGED TEA BAGS CATERING,12,1199.6012217470984,KENYA TEA PACKERS KETEPA,2,2,5
ORCHID VALLEY 1L GUAVA DELIGHT TP,12,842.9242024051867,PREMIER FOODS  LIMITED,2,2,5
ROYCO 500G BEEF ORG MCHUZI MIX,13,3536.0,UNILEVER KENYA LIMITED,2,2,5
MILL BAKERS 750G  FAMILY MADEIRA,15,1584.0000000000002,MILL BAKERS LIMITED,2,2,5
FESTIVE 250G CUPCAKE 6PC VANILLA,14,1478.4,DPL FESTIVE  LIMITED,2,2,5
MF 750ML ANT-B D/WASHING LIQUID ORANGE,18,4305.6,P Z CUSSONS EAST AFRICA  LTD HQ,2,2,5
FC 400G (14D) FRESH SPICY BEEF SAUSAGES,18,5298.857346817371,FARMERS CHOICE LTD,2,2,5
SIRIMON 500G MOZARELLA CHEESE,17,6786.716206516058,MORANI LIMITED,2,2,5
AQUAMIST 500ML LEMON ICE TEA,12,1070.909986339042,AQUAMIST LIMITED,2,2,5
JIK BLEACH 1.5LT REGULAR PERFUMED,15,9576.000000000002,TOWFIQ  K  LIMITED HQ,2,2,5
BROWNS 200G CHICK PEAS HUMMUS,12,358.72149532710284,SUNPOWER PRODUCTS LTD,2,2,5
CHEESE LOVE 250G FETA PLAIN,12,4790.62320459957,SUNPOWER PRODUCTS LTD,2,2,5
BROWNS 250ML GREEK YOGHURT BERRY,17,1597.33875862069,SUNPOWER PRODUCTS LTD,2,2,5
KO 330ML PASSION ICE TEA CAN,16,2586.727335548173,SAVANNAH BRANDS COMPANY LIMITED,2,2,5
ENIGMA 80ML MINI SALTED CARAMEL,12,662.6913657770801,RAZCO LTD,2,2,5
CIL 1KG BLENDED RICE,13,10367.911910533629,CAPWELL INDUSTRIES LTD,2,2,5
KOTEX 20S SINGLE WRAPPED PANTYLINERS,12,1888.5962732919256,KIM FAY EAST AFRICA LTD,2,2,5
DL 250G CHOCOLATE SPREAD,12,1603.9303643724697,GLACIER PRODUCTS LTD 2ND,2,2,5
MF 200G D/WASHING PASTE ZESTY LEMON,15,1056.0,P Z CUSSONS EAST AFRICA  LTD HQ,2,2,5
QUEEN DELI 200G HUMMUS,17,5004.476383105294,LEMOC LIMITED,2,2,5
MHARVEST 500G JUMBO OATS BAG,17,3386.4,HEALTHY U TWO THOUSAND LTD,2,2,5
BROWNS 200G SOUR CREAM,19,5361.024536205865,SUNPOWER PRODUCTS LTD,2,2,5
BROWNS 250ML GOAT YOGHURT NATURAL,18,1691.299862068966,SUNPOWER PRODUCTS LTD,2,2,5
JEVANS ASSORTED COMBS,13,676.0,JEVANS ENTERPRISES,2,2,5
FRUSION 6*100ML ASSORTED YOGHURT,18,1691.299862068966,RAZCO LTD,2,2,5
AQUAMIST 500ML FRUTZ FRUIT DRINK MANGO,17,1517.122480646976,AQUAMIST LIMITED,2,2,5
KENTASTE 250ML COCONUT MILK,18,1045.9815806382524,CHANDARIA INDUSTRIES  LTD KENTASTE,2,2,5
SANTA MARIA 500ML EXTRA VIRGIN OLIVE OIL,14,18760.0,DEBENHAM AND FEAR LTD,2,2,5
FESTIVE 200G CUPCAKE 8PC VANILLA,11,1161.6000000000001,DPL FESTIVE  LIMITED,2,2,5
FITCH&LEEDES 200ML CAN TONIC LITE,15,2425.056877076412,SLATER AND WHITTAKER LTD,2,2,5
BOOCH 300ML ELDERFLOWER DRINK,13,1160.1524852006287,HOUSE OF BOOCH LIMITED,2,2,5
FC 200G (30D) FRESH RINDLESS BACON,16,4710.095419393218,FARMERS CHOICE LTD,2,2,5
IGLOO 120ML COTTON CANDY CONE,10,552.2428048142334,CRYSTAL FROZEN AND CHILLED FOODS LTD,2,2,5
BOKOMO 1KG SQ MORNING OATS,10,3752.0000000000005,WEETABIX EAST AFRICA LTD HQ,2,2,5
TROPNUTS 50G EXOTIC NUT MIX,15,768.0,TROPICAL HEAT LTD,2,2,5
DOWNY 900ML POUCH SUNRISE FRESH,13,7259.2,HASBAH KENYA LTD P AND G,2,2,5
BROOKSIDE 250ML FRUITNESS VANILLA CUP,19,1785.2609655172416,BROOKSIDE DAIRY LIMITED,2,2,5
KABARNET 5LT MINERAL WATER,10,557.3032616367279,KHETIA DRAPERS LTD,2,2,5
FAY MULTI PURPOSE JUMBO ROLL,11,3300.0,KIM FAY EAST AFRICA LTD,2,2,5
KITCHEN TOWEL HEAVY SQUARE 11X11,11,959.2,SHAMULA LIMITED,2,2,5
MILL BAKERS 150G MINI HEARTS,11,1161.6000000000001,MILL BAKERS LIMITED,2,2,5
NIVEA DEO AQUA COOL ROLL ON 50ML(82886),11,4576.0,BEIERSDORF EAST AFRICA LTD HQ,2,2,5
NUVITA 200G CRUNCHY GINGER BISCUITS,12,659.654682454252,MJENGO LIMITED,2,2,5
KASUKU 500G COOKING FAT,12,2064.0,KAPA OIL REFINERIES LTD,2,2,5
KABARNET 20LT MINERAL WATER,12,668.7639139640736,KHETIA DRAPERS LTD,2,2,5
MANJI 1KG JAR GINGERSNAPS,11,604.6834589163976,MANJI FOOD INDUSTRIES LTD,2,2,5
NUTEEZ 400G PEANUT BUTTER CRUNCHY,11,2587.2000000000003,JETLAK FOODS LTD,2,2,5
AQUAMIST 500ML FRUTZ FRUIT DRINK TROPICAL,13,1160.1524852006287,AQUAMIST LIMITED,2,2,5
KIENYEJI POULTRY EGGS 15PK,15,4937.170306694835,KIENYEJI POULTRY PRODUCTS,2,2,5
CAPT MORGAN 750ML GOLD,13,2635.8688524590166,UDV KENYA LIMITED,2,2,5
DL 150G YOGHURT KIWI APPLE,17,1597.33875862069,GLACIER PRODUCTS LTD 2ND,2,2,5
KETEPA 250G SAFARI PURE TEA,11,1099.6344532681735,KENYA TEA PACKERS KETEPA,2,2,5
FC 400G (30D) FRESH COLLAR BACON,17,5004.476383105294,FARMERS CHOICE LTD,2,2,5
TUZO 200G YOGHURT VANILLA,17,1597.33875862069,BROOKSIDE DAIRY LIMITED,2,2,5
FACE TOWEL PLAIN HEAVY  12X12,14,1220.8,SHAMULA LIMITED,2,2,5
NUTEEZ 400G PEANUT BUTTER SMOOTH,15,3540.0,JETLAK FOODS LTD,2,2,5
BUTTERFLY 1KG CHANNA DAL,11,3247.2,SPICE WORLD LTD,2,2,5
BROOKSIDE 500ML VANILLA YOG TR,17,1597.33875862069,BROOKSIDE DAIRY LIMITED,2,2,5
BIO 500ML DAIRY WHIPPING CREAM,16,4514.546977857571,BIO FOOD PRODUCTS LTD,2,2,5
SUNLIGHT 500G 2IN1 LAVENDER WASHING POWDER,11,1716.0,UNILEVER KENYA LIMITED,2,2,5
ZESTA 300ML WHITE VINEGAR,11,431.20000000000005,TRUFOODS LIMITED T F,2,2,5
VELVEX ANTIBACTERIAL WET WIPES 60S,10,1433.6968048946296,CHANDARIA INDUSTRIES LTD HYGIENE,2,2,5
TROP HEAT 100G ONION POWDER JAR,10,1520.0,TROPICAL HEAT LTD,2,2,5
RAHA 200G DRINKING CHOCOLATE,10,847.3482196741098,EXCEL CHEMICALS LTD,2,2,5
TROP HEAT 100G GARAM MASALA,12,2592.0,TROPICAL HEAT LTD,2,2,5
HAPPY COW 150G CHEDDAR CHEESE SLICES,12,4790.62320459957,CRYSTAL FROZEN AND CHILLED FOODS LTD,2,2,5
ALWAYS PANTYLINERS N ECONOMY *40,10,1573.8302277432715,HASBAH KENYA LTD P AND G,2,2,5
PRIDE 800G LIME DISH WASHING PASTE,11,3493.6000000000004,CANON CHEMICALS LTD,2,2,5
CAREX 200ML H/W ALOE VERA DOY,12,1536.0,P Z CUSSONS EAST AFRICA  LTD HQ,2,2,5
MOHAWK KOMBUCHA 500ML PEACH PUNCH DRINK,11,981.6674874774551,ROYAL BREKKERS LIMITED,2,2,5
MILL BAKERS 450G ENGLISH MUFFINS 8PCS,12,1267.2,MILL BAKERS LIMITED,2,2,5
SANTA MARIA 400G BAKED BEANS IN TOMATO SAUCE,14,1864.0082630882634,DEBENHAM AND FEAR LTD,2,2,5
VASELINE 240ML PURE PJELLY ORIGINAL,11,2983.2,UNILEVER KENYA LIMITED,2,2,5
MOHAWK KOMBUCHA 500ML MANGO MAGIC DRINK,12,1070.909986339042,ROYAL BREKKERS LIMITED,2,2,5
SANTA MARIA 1LT EXTRA VIRGIN OLIVE OIL,14,31225.600000000002,DEBENHAM AND FEAR LTD,2,2,5
ENERGIZER 3V LITHIUM ECR 2032,11,1452.0,HASBAH KENYA LTD,2,2,5
GILANI 250G M&E PET BILTONG DRY,10,10552.0,GILANI GOURMET LTD,2,2,5
TROP HEAT 150G KENYAN CHEVDA SWEET(TAMU),12,595.9462641509434,TROPICAL HEAT LTD,2,2,5
PURE HEALTH 500G PURE SEA SALT,11,363.496115942029,WINNIES PURE HEALTH PRODUCTS LIMITED,2,2,5
QUEEN DELI 200G PIZZA MOZARELLA ITALIAN,13,5189.841804982868,LEMOC LIMITED,2,2,5
AXE 150ML APOLLO AEROSOL PROMO,13,9360.0,UNILEVER KENYA LIMITED,2,2,5
MF 800G ANTI-B D/WASHING PASTE ORANGE,14,4704.0,P Z CUSSONS EAST AFRICA  LTD HQ,2,2,5
BOOCH 300ML GINGER LEMON DRINK,12,1070.909986339042,HOUSE OF BOOCH LIMITED,2,2,5
OOHI LALA 250ML MANGO YOG DRINK,13,1221.4943448275865,RAZCO LTD,2,2,5
SPRITE 1.25L PET,10,1040.0,COCA COLA BEVERAGES KENYA LTD,2,2,5
DELAMERE 3L PREM VANILLA FRUIT YOGHURT,16,1503.377655172414,BROOKSIDE DAIRY LIMITED,2,2,5
FROZEN KENCHIC 750G CHICKEN THIGH B/LESS,13,9100.0,KENCHIC FROZEN,2,2,5
NATURALLI 250G PUMPKIN SEEDS,11,5271.200000000001,HEALTHY U TWO THOUSAND LTD,2,2,5
254 SAND TRAP 330ML BEER,13,2378.3896064222176,254 BREWING COMPANY LIMITED,2,2,5
TROPNUTS 150G CHILLI LEMON PEANUTS,10,512.0,TROPICAL HEAT LTD,2,2,5
ASTONISH 1LT LAVE FLOOR CLEANER,11,5720.0,SPARKLE BRANDS LIMITED,2,2,5
NUZIWA 1LT ALMOND MILK ORIGNAL,17,6528.0,JETLAK FOODS LTD,2,2,5
FC 100G (3M) CAMPOFRIO SALAMI PALACIEGO,14,4121.333491969066,FARMERS CHOICE LTD,2,2,5
FESTIVE 200G HALF POUNDCAKE SLICED COFFEE,10,1056.0,DPL FESTIVE  LIMITED,2,2,5
SNICKERS 40G SINGLE CHOCO BAR,10,1311.5889884763124,RADBONE CLARK LIMITED MARS,2,2,5
MOHAWK KOMBUCHA 500ML BERRICIOUS DRINK,13,1160.1524852006287,ROYAL BREKKERS LIMITED,2,2,5
SAFISHA WASH UPS 4S,10,1080.0,SUNDRIES BARGAIN NAIROBI LTD,2,2,5
BROOKSIDE 150ML FRUITNESS MIXED BERRIES CUP,15,1409.4165517241381,BROOKSIDE DAIRY LIMITED,2,2,5
58 GIN&TONIC 330ML THE CLASSIC,11,2019.0937639490467,SAVANNAH BRANDS COMPANY LIMITED,2,2,5
HC 100G CHEESE PORTION PARMESAN GRATED,11,4391.404604216273,HAPPY COW LIMITED,2,2,5
BROWNS 250ML GOAT YOGHURT HONEY,15,1409.4165517241381,SUNPOWER PRODUCTS LTD,2,2,5
ILARA 150ML TNC MANGO CUP,16,1503.377655172414,BROOKSIDE DAIRY LIMITED,2,2,5
FC 200G (30D) GARLIC SALAMI,16,4710.095419393218,FARMERS CHOICE LTD,2,2,5
SESIA 500ML HONEY  SQUEEZE,12,4128.0,SESIA LIMITED,2,2,5
ILARA 250ML TNC MANGO CUP,14,1315.4554482758622,BROOKSIDE DAIRY LIMITED,2,2,5
KETEPA 1KG SAFARI PURE TEA,10,999.6676847892486,KENYA TEA PACKERS KETEPA,2,2,5
CHROME 750ML GIN,11,2230.3505674653215,UDV KENYA LIMITED,2,2,5
CADBURY 125G DRINKING CHOCOLATE JAR,11,932.0830416415208,HASBAH KENYA LTD CADBURY,2,2,5
BIO 150ML YOGHURT GUAVA/MORINGA,18,1691.299862068966,BIO FOOD PRODUCTS LTD,2,2,5
HARIBO 80G PEACHES HALAL,13,163.54177001986685,ROSHNI DIST LTD  R D,2,2,5
GEISHA 200G SOAP PINK N HONEY,10,864.0,UNILEVER KENYA LIMITED,2,2,5
VELVEX 300ML FURNITURE POLISH LEMON,9,2152.8,CHANDARIA INDUSTRIES  LTD,2,2,5
NALA 5X70G INSTANT NOODLES VALUE PACK,10,718.3016074044992,KAPA OIL REFINERIES LTD,2,2,5
ARLA 150G GOUDA CHEESE SLICES,9,3592.967403449678,CRYSTAL FROZEN AND CHILLED FOODS LTD,2,2,5
BIO FOB 200ML BLUEBERRY YOGHURT,15,1409.4165517241381,BIO FOOD PRODUCTS LTD,2,2,5
QUEEN DELI 250G BURRATA CHEESE,9,6552.0,LEMOC LIMITED,2,2,5
FRUSION 150ML CUP VANILLA YOGHURT,13,1221.4943448275865,RAZCO LTD,2,2,5
SAFISHA 400G LEMON DISHWASHING PASTE,10,1680.0,SUNDRIES BARGAIN NAIROBI LTD,2,2,5
FC 400G (14D) FRESH MEATY BEEF SAUSAGES,13,3826.95252825699,FARMERS CHOICE LTD,2,2,5
FRESH KENCHIC 500G CHICKEN SMOKED SAUSAGE,14,4121.333491969066,KENCHIC FROZEN,2,2,5
DELAMERE 450ML PEAR CARAMEL FRUIT YOG CUP,14,1315.4554482758622,BROOKSIDE DAIRY LIMITED,2,2,5
KERICHO GOLD GREEN TEA MINT 25 TB,9,1440.0,GOLD CROWN BEVERAGES K LTD,2,2,5
ORCHID VALLEY 1LT APPLE JUICE,10,702.4368353376556,PREMIER FOODS  LIMITED,2,2,5
LAKI LAKI 450ML GREEK YOGHURT VANILLA,15,1409.4165517241381,LAKI LAKI LIMITED,2,2,5
TOSS 1KG LAVENDER DETERGENT SATCHET,9,2484.0,KAPA OIL REFINERIES LTD,2,2,5
BROOKSIDE 250ML FRUITNESS MIXED BERRIES CUP,14,1315.4554482758622,BROOKSIDE DAIRY LIMITED,2,2,5
254 NIAJE 330ML LAGER BEER,10,1829.530466478629,254 BREWING COMPANY LIMITED,2,2,5
NI HOW 330ML EMPTY BOTTLE,9,108.0,254 BREWING COMPANY LIMITED,2,2,5
DL 150G YOGHURT STRAWBERRY,14,1315.4554482758622,GLACIER PRODUCTS LTD 2ND,2,2,5
BORGES 500ML EXTRA VIRGIN OLIVE OIL,9,13492.800000000001,DEBENHAM AND FEAR LTD,2,2,5
ENERGIZER AA BATTERY 4+2 E91 BP6,11,6864.0,HASBAH KENYA LTD,2,2,5
SUNLIGHT 3.5KG SPRING WASHING POWDER,10,9552.0,UNILEVER KENYA LIMITED,2,2,5
EVEREADY 4S BLACK 1215BP4,11,2464.0,HASBAH KENYA LTD,2,2,5
TROP HEAT 150G KENYAN CHEVDA CHILLI LEMON,9,446.95969811320754,TROPICAL HEAT LTD,2,2,5
BLOOM LUXURY 3PLY TOILET 4PK,9,3178.2342019543976,PROPACK KENYA LTD,2,2,5
VELVEX TOILET TISSUE 18 PACK,10,3531.3713355048862,CHANDARIA INDUSTRIES  LTD,2,2,5
TENDER CARE 100S EARBUDS POLY,9,684.0,AFRICAN COTTON INDUSTRIES LTD,2,2,5
BUTTERFLY 1KG MUNG DAL SPLIT,9,1706.4,SPICE WORLD LTD,2,2,5
DABUR 50G+25G CLOVE TOOTHPASTE,11,924.0,KIM FAY EAST AFRICA LTD DABUR,2,2,5
IL 175G CLASSIC BATH SOAP.,13,1560.0,P Z CUSSONS EAST AFRICA  LTD HQ,2,2,5
FC 200G (30D) CHICKEN SANDWICH SLICES,14,4121.333491969066,FARMERS CHOICE LTD,2,2,5
BORGES 750ML EXTRA VIRGIN OIL,9,18540.0,DEBENHAM AND FEAR LTD,2,2,5
LAKI LAKI 450ML GREEK YOGHURT MANGO PASSION,15,1409.4165517241381,LAKI LAKI LIMITED,2,2,5
NATURALLI 100G RAISINS,10,1592.0000000000002,HEALTHY U TWO THOUSAND LTD,2,2,5
JAVA 375G EAST AFRICA BLEND GROUND,13,95.03694336068881,NAIROBI JAVA HOUSE LTD,2,2,5
MAGIC 300ML LYCHEE DRINK,8,425.52242015231406,KHETIA DRAPERS LTD,2,2,5
BROWNS 200G MASCARPONE,8,3193.7488030663803,SUNPOWER PRODUCTS LTD,2,2,5
FRUSION 150ML CUP WILDBERRY YOGHURT,12,1127.5332413793105,RAZCO LTD,2,2,5
BROWNS 250ML GOAT YOGHURT BERRY,13,1221.4943448275865,SUNPOWER PRODUCTS LTD,2,2,5
BROOKSIDE 250ML COFFEE 6PK,13,713.641368925867,BROOKSIDE DAIRY LIMITED,2,2,5
PRINGLES 165G CRISPS ORIGINAL,10,440.79393939393947,HASBAH KENYA LTD,2,2,5
OMO 1KG EXTRA FRESH HANDWASH,13,4076.8,UNILEVER KENYA LIMITED,2,2,5
SAFISHA 3PK JUMBO SPONGE CLOTH,11,2552.0,SUNDRIES BARGAIN NAIROBI LTD,2,2,5
KETEPA 500G SAFARI PURE TEA,10,999.6676847892486,KENYA TEA PACKERS KETEPA,2,2,5
MC 330G GARLIC MAYONNAISE,10,3432.0000000000005,BIO FOOD PRODUCTS LTD,2,2,5
DAIMA 250ML VANILLA YOGHURT CUP,14,1315.4554482758622,DEVYANI FOOD INDUSTRIES K LIMITED MILK AND YOGHURT,2,2,5
KOTEX 8S ULTRA THIN SUPER,13,2045.9792960662528,KIM FAY EAST AFRICA LTD,2,2,5
FC 300G (14D) SAVOURY MEATBALLS,17,5004.476383105294,FARMERS CHOICE LTD,2,2,5
FC 500G (30D) FRESH BEEF VIENNAS,14,4121.333491969066,FARMERS CHOICE LTD,2,2,5
OOH 1LT VANILLA TUB,8,441.79424385138674,RAZCO LTD,2,2,5
BIO 350ML ACTIVE POWER YOGHURT DRINK VANILLA,12,1127.5332413793105,BIO FOOD PRODUCTS LTD,2,2,5
VASELINE 400ML COCOA GLOW LOTION,8,3648.0,UNILEVER KENYA LIMITED,2,2,5
OUT OF AFRICA 250G CASHEWNUTS AA,8,409.6,KENYA NUT COMPANY,2,2,5
USHINDI 175G BLUE SOAP,9,846.3809769446866,PWANI OIL PRODUCTS LTD.,2,2,5
FC 500G (30D) FRESH POULTRY VIENNAS,13,3826.95252825699,FARMERS CHOICE LTD,2,2,5
PEARL 2KG SUPER BASMATI RICE FORTIFIED,10,7975.316854256636,CAPWELL INDUSTRIES LTD,2,2,5
ILARA 500ML STRAWBERRY YOGHURT CUP,14,1315.4554482758622,BROOKSIDE DAIRY LIMITED,2,2,5
FC 1KG (14D) BEEF CATERING SAUSAGES,11,3238.190600832838,FARMERS CHOICE LTD,2,2,5
TWIX 150G MANIATURE BAG,9,1202.9477732793523,RADBONE CLARK LIMITED MARS,2,2,5
BROOKSIDE 250ML DISNEY DF STRWBRRY YOG,11,1033.5721379310346,BROOKSIDE DAIRY LIMITED,2,2,5
AQUACLEAR 1LT MINERAL WATER,9,501.57293547305517,DEVYANI FOOD INDUSTRIES K LIMITED MILK AND YOGHURT,2,2,5
MANJI 100G TEA BISCUITS,9,494.74101184068894,MANJI FOOD INDUSTRIES LTD,2,2,5
FRONTERA CHARDONNAY 750ML,9,9352.800000000001,VIVA GLOBAL LIMITED,2,2,5
JAVA 300G LOVE COOKIES,9,494.74101184068894,NAIROBI JAVA HOUSE LTD,2,2,5
FC 500G (30D) FRESH BEEF BRAWN,14,4121.333491969066,FARMERS CHOICE LTD,2,2,5
SAFISHA 1L LEMON WASHING UP LIQUID,9,1476.0,SUNDRIES BARGAIN NAIROBI LTD,2,2,5
BOOCH 300ML MANGO CHILI DRINK,8,713.9399908926946,HOUSE OF BOOCH LIMITED,2,2,5
ENERGIZER AAA E92 BP6 4+2,11,6864.0,HASBAH KENYA LTD,2,2,5
KENMEAT 500G FROZEN BEEF CUBES,8,2672.0,KENMEAT LIMITED,2,2,5
KOTEX 7S ULTRA THIN NIGHTS,8,1259.0641821946172,KIM FAY EAST AFRICA LTD,2,2,5
BIO 450ML BERRY COCKTAIL YOGHURT,12,1127.5332413793105,BIO FOOD PRODUCTS LTD,2,2,5
NUTRAMEAL 1KG POLISHED GREEN GRAM,10,1592.0000000000002,KAMILI PACKERS LIMITED NORMAL,2,2,5
KENCHIC 500G HUNGARIAN CHOMA SAUSAGES,11,3238.190600832838,KENCHIC FROZEN,2,2,5
BIO 450ML STRAWBERRY YOGHURT,11,1033.5721379310346,BIO FOOD PRODUCTS LTD,2,2,5
FRESH KENCHIC 500G CHICKEN MINI BITES,12,3532.5715645449136,KENCHIC FROZEN,2,2,5
BROOKSIDE 250ML DISNEY DF VANILLA YOG,11,1033.5721379310346,BROOKSIDE DAIRY LIMITED,2,2,5
MOHAWK KOMBUCHA 500ML SPICED DRINK,9,803.1824897542814,ROYAL BREKKERS LIMITED,2,2,5
DL 150G YOGHURT VANILLA W PODS,12,1127.5332413793105,GLACIER PRODUCTS LTD 2ND,2,2,5
FRUSION 150ML CUP STRAWBERRY YOGHURT,10,939.6110344827588,RAZCO LTD,2,2,5
ENIGMA 110ML STD SALTED CARAMEL,7,386.5699633699634,RAZCO LTD,2,2,5
KAWAN 400G CHAPATI,12,2736.0,CRYSTAL FROZEN AND CHILLED FOODS LTD,2,2,5
OOH 500ML FRESH DOUBLE CREAM,12,3385.910233393178,RAZCO LTD,2,2,5
FAY 38CM X 10M BAKING PAPER,7,1288.0,KIM FAY EAST AFRICA LTD,2,2,5
DL 150G 6PK MULTI PACK YOGHURT ASSORTED,11,1033.5721379310346,GLACIER PRODUCTS LTD 2ND,2,2,5
LAKI LAKI 420ML BANANA STRWBRRY SMOOTHIE GLS,10,939.6110344827588,LAKI LAKI LIMITED,2,2,5
SANTA MARIA 400ML COCONUT CREAM,11,639.2109659455987,DEBENHAM AND FEAR LTD,2,2,5
LAKI LAKI 700ML GREEK YOGHURT VANILLA GLS,11,1033.5721379310346,LAKI LAKI LIMITED,2,2,5
TUZO 200G YOGHURT STRAWBERRY,10,939.6110344827588,BROOKSIDE DAIRY LIMITED,2,2,5
KENBEEF 400G BURGER 4PCS,9,2649.4286734086854,KENCHIC FROZEN,2,2,5
GEISHA 200G WHITE FAMILY PACK 3S,7,1873.2000000000003,UNILEVER KENYA LIMITED,2,2,5
FC 400G (30D) KRAINER WITH CHEESE,9,2649.4286734086854,FARMERS CHOICE LTD,2,2,5
TBC 1L POMEGRANTE AMBIENT JUICE DRINK,7,491.70578473635896,HEALTHY U TWO THOUSAND LTD,2,2,5
TROP HEAT 15G PARSLEY JAR,7,448.0,TROPICAL HEAT LTD,2,2,5
LAKI LAKI 250ML LABNEH AUTHENTIC CREAM CHEESE,7,2794.5302026830827,LAKI LAKI LIMITED,2,2,5
MF 500G ANTIBACTERIAL SCOURING PWD,7,560.0,P Z CUSSONS EAST AFRICA  LTD HQ,2,2,5
FRUSION 100ML CUP VANILLA YOGHURT,9,845.649931034483,RAZCO LTD,2,2,5
RAHA 400G DRINKING CHOCOLATE,9,762.6133977066988,EXCEL CHEMICALS LTD,2,2,5
FC 400G (30D) FRESH BEEF SMOKIES,12,3532.5715645449136,FARMERS CHOICE LTD,2,2,5
CHOICE 300G SAVOURY MEATBALLS,10,2943.8096371207616,CHOICE MEATS BEEF PLANT,2,2,5
DAIMA 250ML SBERRY YOGHURT CUP,13,1221.4943448275865,DEVYANI FOOD INDUSTRIES K LIMITED MILK AND YOGHURT,2,2,5
SANTA MARIA 400G WHOLE CHOPPED TOMATOES,8,1065.1475789075791,DEBENHAM AND FEAR LTD,2,2,5
FRESHA 500ML SBERRY CUP YOG,9,845.649931034483,GITHUNGURI DAIRY FARMERS,2,2,5
DAIMA 500ML CUP BLACKCURRANT YOGHURT,10,939.6110344827588,DEVYANI FOOD INDUSTRIES K LIMITED MILK AND YOGHURT,2,2,5
TUZO 400G YOGHURT VANILLA,10,939.6110344827588,BROOKSIDE DAIRY LIMITED,2,2,5
QUEEN DELI 100G MOZARELLA BALLS,7,2794.5302026830827,LEMOC LIMITED,2,2,5
MC 500G WILD BUSH HONEY,7,3242.4000000000005,BIO FOOD PRODUCTS LTD,2,2,5
BLOOM LUXURY 3PLY VIRGIN WHITE 4PK,9,3178.2342019543976,PROPACK KENYA LTD,2,2,5
PAMPERS PANTS JUMBO JUNIOR S6 48S,7,12180.0,HASBAH KENYA LTD P AND G,2,2,5
NIVEA 400ML NOURISHING BODY LOTION,7,3584.0,BEIERSDORF EAST AFRICA LTD HQ,2,2,5
BROOKSIDE 250ML BUBBLEBUM 6PK,8,439.16391933899513,BROOKSIDE DAIRY LIMITED,2,2,5
FRUSION 6*150ML CUP VANILLA YOGHURT,9,845.649931034483,RAZCO LTD,2,2,5
NUTRAMEAL 1KG MOONG DAL SPLIT,7,1288.0,KAMILI PACKERS LIMITED NORMAL,2,2,5
DAIMA 150ML BCURRANT YOGHURT CUP,11,1033.5721379310346,DEVYANI FOOD INDUSTRIES K LIMITED MILK AND YOGHURT,2,2,5
DELAMERE 250ML PREM CHOC CHIPS FRUIT YOG CUP,11,1033.5721379310346,BROOKSIDE DAIRY LIMITED,2,2,5
BROOKSIDE 1LT STRAWBERRY YOUGHURT,9,845.649931034483,BROOKSIDE DAIRY LIMITED,2,2,5
DAIMA 500ML MANGO CUP YOG,9,845.649931034483,DEVYANI FOOD INDUSTRIES K LIMITED MILK AND YOGHURT,2,2,5
DELAMERE 3LTR PREMIUM YOGHURT,9,845.649931034483,BROOKSIDE DAIRY LIMITED,2,2,5
FRESH KENCHIC 125G SNACKY CHICKEN BITE,8,2355.047709696609,KENCHIC FROZEN,2,2,5
MANJI 200G DINNER CRACKERS,8,439.7697883028346,MANJI FOOD INDUSTRIES LTD,2,2,5
MC 300G JUST STRAWBERRY JAM,8,2355.047709696609,BIO FOOD PRODUCTS LTD,2,2,5
VELVEX KITCHEN TOWEL JUMBO PREM WHT LAMINATED,6,2712.0,CHANDARIA INDUSTRIES  LTD,2,2,5
FROZEN KENCHIC SPRING CHICKEN PER PC,7,3130.4000000000005,KENCHIC FROZEN,2,2,5
KELLOGGS 750G CORNFLAKES,6,5736.0,HASBAH KENYA LTD,2,2,5
HEINZ 370G TOMATO PASTE,6,179.36074766355142,HASBAH KENYA LTD,2,2,5
WEETABIX 1KG OATIBIX QUICK OATS,6,2496.0,WEETABIX EAST AFRICA LTD HQ,2,2,5
FC 500G (30D) POULTRY VIENNA X-LONG,8,2355.047709696609,FARMERS CHOICE LTD,2,2,5
HC 150ML JOLLY SOUR CREAM CUP,8,2257.2734889287854,HAPPY COW LIMITED,2,2,5
OOHI LALA 1LT WILD FRUITS YOGHURT,8,751.688827586207,RAZCO LTD,2,2,5
FC 900G (30D) RETAIL BEEF SMOKIES,11,3238.190600832838,FARMERS CHOICE LTD,2,2,5
AQUAMIST 750ML GLASS SPARKLING WATER,6,334.3819569820368,AQUAMIST LIMITED,2,2,5
HANAN WATER WIPES NEW BORN 72S,7,1003.5877634262406,ZENKO KENYA LIMITED,2,2,5
HEINZ 200G BAKED BEANS UK,9,1198.2910262710266,HASBAH KENYA LTD,2,2,5
NUTRAMEAL 5KG BIRD MILLET,7,4200.0,KAMILI PACKERS LIMITED NORMAL,2,2,5
DAIMA 250ML MANGO YOGHURT CUP,8,751.688827586207,DEVYANI FOOD INDUSTRIES K LIMITED MILK AND YOGHURT,2,2,5
BROOKSIDE 450G FULL CREAM SATCHET MILK POWDER,7,3080.0,BROOKSIDE DAIRY LIMITED,2,2,5
BROOKSIDE 450ML FRUITNESS MIXED BERRY CUP,7,657.7277241379311,BROOKSIDE DAIRY LIMITED,2,2,5
254 GOLDEN RUMP 330ML BEER,7,1280.6713265350402,254 BREWING COMPANY LIMITED,2,2,5
BIO 450ML MANGO YOGHURT,7,657.7277241379311,BIO FOOD PRODUCTS LTD,2,2,5
NUZIWA 1LT SOYA MILK ORIGINAL,7,1960.0,JETLAK FOODS LTD,2,2,5
LAKI LAKI 250ML MANGO MINT CUCUMBER SMOOTHIE,7,657.7277241379311,LAKI LAKI LIMITED,2,2,5
KAWAN 400G ONION PARANTHA,7,2016.0,CRYSTAL FROZEN AND CHILLED FOODS LTD,2,2,5
BROWNS 250ML GREEK YOGHURT HONEY,8,751.688827586207,SUNPOWER PRODUCTS LTD,2,2,5
DABUR 140G HERBAL T/PASTE ACTIVATED CHARCOAL,6,1440.0,KIM FAY EAST AFRICA LTD DABUR,2,2,5
BROOKSIDE 500ML DAIRY BEST (POUCH),14247,623328.4078645443,BROOKSIDE DAIRY LIMITED,2,3,6
ILARA FRESH MILK 500ML SATCHET,3734,167947.48176419566,BROOKSIDE DAIRY LIMITED,2,3,6
TUZO 500ML FRESH MILK (POUCH),2351,110967.32168343416,BROOKSIDE DAIRY LIMITED,2,3,6
BROOKSIDE 500ML TR FRESH MILK,2155,112011.96980717767,BROOKSIDE DAIRY LIMITED,2,3,6
TUZO 450ML ESL WHOLE MILK 30DAYS,1380,61271.79876048123,BROOKSIDE DAIRY LIMITED,2,3,6
FRESHA 500ML WHOLE MILK POUCH,1156,52551.086184690976,GITHUNGURI DAIRY FARMERS,2,3,6
FESTIVE 400G MILKY WHITE SLICED,1160,60320.26872068108,DPL FESTIVE  LIMITED,2,3,6
BROOKSIDE 1LT UHT WHOLE MILK,1018,126558.36550185873,BROOKSIDE DAIRY LIMITED,2,3,6
NATURES 400G GOLD WHITE,1035,53820.29026151582,DPL FESTIVE  LIMITED,2,3,6
BIO 2L WHOLE FRESH MILK,1045,266158.74018558173,BIO FOOD PRODUCTS LTD,2,3,6
FESTIVE 600G FAMILY WHITE BREAD,1031,82480.60586310519,DPL FESTIVE  LIMITED,2,3,6
FESTIVE 800G WHITE MILKY BREAD,1010,105040.0,DPL FESTIVE  LIMITED,2,3,6
DAIMA 500ML FINO MAZIWA BORA,925,35266.030133146465,DEVYANI FOOD INDUSTRIES K LIMITED MILK AND YOGHURT,2,3,6
BROOKSIDE 500ML LACTOSE FREE UHT MILK FINO,947,57293.046311082726,BROOKSIDE DAIRY LIMITED,2,3,6
JOGOO 2KG MAIZE MEAL,469,54406.44395355424,UNGA LTD,2,3,6
TUZO 500ML WHOLE MILK (FINO PACK) 180DAYS,911,37259.474765170286,BROOKSIDE DAIRY LIMITED,2,3,6
BROOKSIDE 250ML UHT WHOLE MILK,844,28358.72533487521,BROOKSIDE DAIRY LIMITED,2,3,6
FRESHA MAISHA 250ML LONG LIFE MILK,806,19344.2957459007,GITHUNGURI DAIRY FARMERS,2,3,6
KCC 500ML FRESH WHOLE MILK TFA 21,740,31321.20116618076,NEW KENYA COOP CREAMERIES  LTD,2,3,6
NATURES 600G WHITE BREAD,795,63600.62930646758,DPL FESTIVE  LIMITED,2,3,6
EXE 2KG ALL PURPOSE FLOUR,382,48931.076777063776,UNGA LTD,2,3,6
DAIMA 450ML ESL MAZIWA BORA,573,20514.146019028547,DEVYANI FOOD INDUSTRIES K LIMITED MILK AND YOGHURT,2,3,6
DAIMA 500ML WHOLE ESL POUCH,595,23298.875037015103,DEVYANI FOOD INDUSTRIES K LIMITED MILK AND YOGHURT,2,3,6
MUMIAS 2KG SUGAR,369,94696.79356855739,Unknown,2,3,6
KCC 500ML FRESH W/MILK (POUCH)-84,484,21834.92549520767,NEW KENYA COOP CREAMERIES  LTD,2,3,6
MUMIAS 1KG SUGAR,239,30952.364406115255,Unknown,2,3,6
BIO 1L FRESH WHOLE MILK,481,65755.39095195617,BIO FOOD PRODUCTS LTD,2,3,6
PEMBE 2KG MAIZE MEAL,256,30106.609620555726,PEMBE FLOUR MILLS,2,3,6
SOKO 2KG MAIZE MEAL,333,38933.49472805675,CAPWELL INDUSTRIES LTD,2,3,6
ILARA  POUCH FRESH MILK 1LTR,428,40075.21202605646,BROOKSIDE DAIRY LIMITED,2,3,6
KCC 500ML GOLD CROWN  (POUCH)-55,400,18386.605394605398,NEW KENYA COOP CREAMERIES  LTD,2,3,6
BROOKSIDE 2LTR FRESH MILK STANDARD BOTTLE,381,78316.85330661322,BROOKSIDE DAIRY LIMITED,2,3,6
NATURES 800G WHITE BREAD,348,36192.56662143827,DPL FESTIVE  LIMITED,2,3,6
FESTIVE 600G FAMILY BRWN BREAD,322,25760.063762376238,DPL FESTIVE  LIMITED,2,3,6
FESTIVE 400G WHOLE MEAL,307,15964.107061900611,DPL FESTIVE  LIMITED,2,3,6
BROOKSIDE 2LTR FRESH MILK WHOLE BOTTLE,264,54268.78003327787,BROOKSIDE DAIRY LIMITED,2,3,6
FRESHA MAISHA 500ML LONG LIFE MILK,277,12288.56459072556,GITHUNGURI DAIRY FARMERS,2,3,6
FESTIVE 800G SUPREME WHOLE MEAL,269,27976.0,DPL FESTIVE  LIMITED,2,3,6
BROOKSIDE 1LT UHT LOWFAT MILK,256,31316.768211920527,BROOKSIDE DAIRY LIMITED,2,3,6
BIO 2L SEMI SKIMMED FRESH MILK,258,63078.27526994997,BIO FOOD PRODUCTS LTD,2,3,6
BROOKSIDE 1L FARM FRESH MILK,246,25584.0,BROOKSIDE DAIRY LIMITED,2,3,6
FESTIVE 400G FINEST SUPER SEEDED BREAD,254,26416.054623655913,DPL FESTIVE  LIMITED,2,3,6
FRESHA 500ML ASEPTIC WHOLE MILK,223,9633.659845689368,GITHUNGURI DAIRY FARMERS,2,3,6
BROADWAY 400G WHITE SLICED BREAD,226,11752.0,BROADWAYS BAKERY LTD,2,3,6
BROOKSIDE 1LTR FRESH MILK STANDARD,223,23189.179128077707,BROOKSIDE DAIRY LIMITED,2,3,6
FRESHA 5L WHOLE MILK,208,83112.5993485342,GITHUNGURI DAIRY FARMERS,2,3,6
FESTIVE 400G WHITE SLICED,227,11441.158185404342,DPL FESTIVE  LIMITED,2,3,6
BROOKSIDE 1L LACTOSE FREE UHT MILK,221,30801.93733928103,BROOKSIDE DAIRY LIMITED,2,3,6
SUPA 400G BUTTER TOAST BREAD,217,11284.390441383188,MINI BAKERIES NBI  LTD,2,3,6
BROOKSIDE 200ML  WHOLE MILK TCA,216,5529.703628185907,BROOKSIDE DAIRY LIMITED,2,3,6
SUPA 400G WHITE SLICED BREAD CT,172,8944.0,MINI BAKERIES NBI  LTD,2,3,6
FESTIVE 300G 6S PREM SESSAME SLICED BURGER BUNS,207,21528.0,DPL FESTIVE  LIMITED,2,3,6
BIO 1L FRESH SEMI SKIMMED MILK,193,24253.380740740744,BIO FOOD PRODUCTS LTD,2,3,6
FESTIVE 300G 6S PREM PLAIN BURGER BUNS,192,18432.0,DPL FESTIVE  LIMITED,2,3,6
FESTIVE 300G 6S DELUXE ROLLS,180,17280.0,DPL FESTIVE  LIMITED,2,3,6
BROADWAY 400G NATURAL BROWN BREAD,174,9048.33688286544,BROADWAYS BAKERY LTD,2,3,6
TUZO 250ML UHT WHOLE MILK,158,5056.0,BROOKSIDE DAIRY LIMITED,2,3,6
AMAIZE 2KG SIFTED MAIZE FLOUR,93,11271.521870591085,CAPWELL INDUSTRIES LTD,2,3,6
SUPA LOAF WHITE BREAD 600G,150,12000.0,MINI BAKERIES NBI  LTD,2,3,6
SUPA 600G WHITE BUTTER TOAST,140,11200.0,MINI BAKERIES NBI  LTD,2,3,6
RINSUN 5LT SUNFLOWER OIL,74,94125.93667037449,KAPA OIL REFINERIES LTD,2,3,6
NATURES 400G GOLD  BROWN,138,7176.267441860465,DPL FESTIVE  LIMITED,2,3,6
BROADWAYS 600G WHITE BREAD,126,9979.77673235855,BROADWAYS BAKERY LTD,2,3,6
RINSUN 2LT SUNFLOWER OIL,62,37578.364601769914,KAPA OIL REFINERIES LTD,2,3,6
KINGSMIL 400G KUBWA WAO WHITE BREAD,128,6656.0,KENAFRIC BAKERY LTD,2,3,6
KINGSMIL 200G SLICED WHITE BREAD,120,3360.2736602052446,KENAFRIC BAKERY LTD,2,3,6
BIO 1L FRESH SKIMMED MILK,112,13788.0501650165,BIO FOOD PRODUCTS LTD,2,3,6
BROOKSIDE 250ML UHT LOW FAT MILK,106,3561.6000000000004,BROOKSIDE DAIRY LIMITED,2,3,6
FRESHA 2LT WHOLE MILK,111,18648.0,GITHUNGURI DAIRY FARMERS,2,3,6
FESTIVE 350G SLICED SUB ROLLS 4S,108,12096.0,DPL FESTIVE  LIMITED,2,3,6
EXE 1KG ALL PURPOSE,63,4314.940782122905,UNGA LTD,2,3,6
TUZO 450ML ESL WHOLE MILK 90DAYS,107,3932.4606482488575,BROOKSIDE DAIRY LIMITED,2,3,6
RINSUN 3LT SUNFLOWER OIL,46,40255.23246517262,KAPA OIL REFINERIES LTD,2,3,6
AJAB 2KG MAIZE MEAL FLOUR,57,7079.920256204964,GRAIN INDUSTRIES LIMITED,2,3,6
FESTIVE 350G LONG SLICED ROLLS 4S,101,8080.0,DPL FESTIVE  LIMITED,2,3,6
HOSTESS 2KG FLOUR,65,7877.945393423876,UNGA LTD,2,3,6
BROADWAY 800G WHITE SANDWICH SLICED BREAD,100,10400.12383900929,BROADWAYS BAKERY LTD,2,3,6
BROOKSIDE 3L FARM FRESH MILK,92,4084.786584032082,BROOKSIDE DAIRY LIMITED,2,3,6
SUPA 400G BARREL WHITE BREAD,91,4732.113307392997,MINI BAKERIES NBI  LTD,2,3,6
BUTTERFLY 1KG SOOJI (SEMOLINA),45,7477.032842582107,SPICE WORLD LTD,2,3,6
SUPA 800G SWICH WHITE BREAD,97,10088.0,MINI BAKERIES NBI  LTD,2,3,6
EXE 2KG CHAPATI FLOUR,69,9345.172881355931,UNGA LTD,2,3,6
TUZO 1L UHT WHOLE MILK,80,3551.9883339409407,BROOKSIDE DAIRY LIMITED,2,3,6
NATURES 600G BROWN BREAD,84,6720.0,DPL FESTIVE  LIMITED,2,3,6
KINGSMIL 400G KUBWA WAO BROWN BREAD,89,4628.0,KENAFRIC BAKERY LTD,2,3,6
RINSUN 1LT SUNFLOWER OIL,49,45300.099313198036,KAPA OIL REFINERIES LTD,2,3,6
SOKO 1KG MAIZE MEAL FLOUR,61,3867.476286676287,CAPWELL INDUSTRIES LTD,2,3,6
BIO 1L BARISTA FRESH MILK,81,11598.1875,BIO FOOD PRODUCTS LTD,2,3,6
AJAB 1KG HOME BAKING FLOUR,37,4484.368916256668,GRAIN INDUSTRIES LIMITED,2,3,6
BROADWAYS 600G BROWN BREAD,66,5280.0,BROADWAYS BAKERY LTD,2,3,6
BROADWAY 200G WHITE KADOGO  BREAD,70,5600.0,BROADWAYS BAKERY LTD,2,3,6
EXE 2KG SELF RAISING,43,6022.255040197897,UNGA LTD,2,3,6
SUPA 800G WHITE BUTTER TOAST,67,5360.0,MINI BAKERIES NBI  LTD,2,3,6
RINSUN 500ML SUNFLOWER OIL,29,26810.26285883149,KAPA OIL REFINERIES LTD,2,3,6
EXE 1KG SELF RAISING,32,3878.3731167625238,UNGA LTD,2,3,6
RINA 2L VEGETABLE OIL JERRICAN,29,26810.26285883149,KAPA OIL REFINERIES LTD,2,3,6
KINGSMIL 200G SLICED BROWN BREAD,53,4240.0,KENAFRIC BAKERY LTD,2,3,6
RINA 1LT VEGETABLE OIL JERRICAN,29,26810.26285883149,KAPA OIL REFINERIES LTD,2,3,6
BROADWAY 800G BROWN SANDWICH SLICED BREAD,51,4080.0,BROADWAYS BAKERY LTD,2,3,6
RINA 3LT VEGETABLE  OIL,23,21263.311922521527,KAPA OIL REFINERIES LTD,2,3,6
FAMILA 1KG PURE WIMBI FLOUR,29,3514.7756370660372,UNGA LTD,2,3,6
SUPA 600G BARREL WHITE BREAD,40,3200.0,MINI BAKERIES NBI  LTD,2,3,6
FESTIVE 400G ZERO WHITE BREAD SF,39,3120.0,DPL FESTIVE  LIMITED,2,3,6
BUTTERFLY 1KG ATTA MARK 1 FLOUR,25,3029.978997470722,SPICE WORLD LTD,2,3,6
DAIMA 200ML MILK FINO BORA,36,719.3658209669697,DEVYANI FOOD INDUSTRIES K LIMITED MILK AND YOGHURT,2,3,6
RINSUN 750ML SUNFLOWER OIL,15,13867.377340774909,KAPA OIL REFINERIES LTD,2,3,6
FESTIVE 400G SILINDA WHITE BREAD,33,2640.0,DPL FESTIVE  LIMITED,2,3,6
SIMPLIFINE 800G WHOLEMEAL LOAF,31,2480.0,BIGCOLD KENYA SIMPLIFINE SHELF BREAD,2,3,6
BROADWAY 400G PREMIUM SANDWICH BREAD,32,2560.0,BROADWAYS BAKERY LTD,2,3,6
FESTIVE 400GM BROWN SLICED,30,2400.0,DPL FESTIVE  LIMITED,2,3,6
BUTTERFLY 2KG ATTA MARK 1 FLOUR,21,2545.182357875406,SPICE WORLD LTD,2,3,6
CAPTAIN COOK 5L PURE CORN OIL,22,20338.8200998032,KAPA OIL REFINERIES LTD,2,3,6
SIMPLIFINE 800G WHITE FAMILY LOAF,24,1920.0,BIGCOLD KENYA SIMPLIFINE SHELF BREAD,2,3,6
AMAIZE 2KG PREMIUM MAIZE FLOUR,21,3077.1216972034713,CAPWELL INDUSTRIES LTD,2,3,6
SIMPLIFINE 600G WHOLEMEAL LOAF,23,1840.0,BIGCOLD KENYA SIMPLIFINE SHELF BREAD,2,3,6
BUTTERFLY 1KG GRAM FLOUR,12,1454.3899187859465,SPICE WORLD LTD,2,3,6
JOGOO 2KG WIMBI MEAL,18,2181.5848781789196,UNGA LTD,2,3,6
SUPA 600G BARREL BROWN BREAD,20,1600.0,MINI BAKERIES NBI  LTD,2,3,6
AJAB 2KG SELF RAISING FLOUR,14,1696.7882385836042,GRAIN INDUSTRIES LIMITED,2,3,6
MOLO UHT MILK 500ML ESL 90DAYS,18,675.2433858556249,BROOKSIDE DAIRY LIMITED,2,3,6
KINGSMIL 250G SCONES,18,1440.0,KENAFRIC BAKERY LTD,2,3,6
FESTIVE 400G SILINDA  BROWN BREAD,19,1520.0,DPL FESTIVE  LIMITED,2,3,6
FESTIVE 300G 6S PREM BROWN BURGER BUNS,17,1360.0,DPL FESTIVE  LIMITED,2,3,6
BROADWAY 400G 50/50 BREAD,14,1120.0,BROADWAYS BAKERY LTD,2,3,6
SIMPLIFINE 600G BROWN LOAF,15,1200.0,BIGCOLD KENYA SIMPLIFINE SHELF BREAD,2,3,6
BROADWAYS 200G MANDO BITES 4S,17,1360.0,BROADWAYS BAKERY LTD,2,3,6
SUPA 1.5KG BUTTER TOAST BREAD,18,1440.0,MINI BAKERIES NBI  LTD,2,3,6
EXE 2KG ATTA MARK 1,9,1090.7924390894598,UNGA LTD,2,3,6
FESTIVE 1.5KG BROWN BREAD,14,1120.0,DPL FESTIVE  LIMITED,2,3,6
AVENA 5L VEGETABLE OIL,9,8320.426404464946,GOLDEN AFRICA K LTD,2,3,6
NATURES 800G BROWN BREAD,9,720.0,DPL FESTIVE  LIMITED,2,3,6
SOKO 5KG MAIZE MEAL BAG,8,969.5932791906309,CAPWELL INDUSTRIES LTD,2,3,6
SUPA 1.5KG WHITE SLICED BREAD,12,960.0,MINI BAKERIES NBI  LTD,2,3,6
SOKO 2KG NUTRIGO WHOLE GRAIN MAIZE MEAL,7,848.3941192918021,CAPWELL INDUSTRIES LTD,2,3,6
CLOVERS 1KG BROWN SUGAR,7,1378.193917641518,TRI CLOVER INDUSTRIES LTD,2,3,6
BROADWAY 200G MAICHO DONUTS 4PC,9,720.0,BROADWAYS BAKERY LTD,2,3,6
QUENCHER 500ML DRINKING WATER,1075,22745.8061680463,EXCEL CHEMICALS LTD,2,3,6
WHITE CAP 500ML LAGER CANS,764,139589.0307817,KENYA BREWERIES LTD,2,3,6
QUENCHER 300ML DRINKING WATER,734,11319.86107369123,EXCEL CHEMICALS LTD,2,3,6
KERINGET 500ML MINERAL WATER,645,28971.28052019416,COCA COLA BEVERAGES KENYA LTD,2,3,6
AQUAMIST 300ML MINERAL WATER,570,13988.242759859315,AQUAMIST LIMITED,2,3,6
BIO 200ML GREEK STYLE NATURE PLAIN YOGHURT,727,100539.83344220839,BIO FOOD PRODUCTS LTD,2,3,6
DUNHILL 20S SWITCH,532,200032.0,NOBLE OUTLOOK LIMITED,2,3,6
COKE PET 350ML,517,20102.72471370521,COCA COLA BEVERAGES KENYA LTD,2,3,6
NUTFIELD 20G MAC NUTS LOCAL,500,25600.0,KENYA NUT COMPANY,2,3,6
KERINGET 18.9LT MINERAL WATER REFIL,497,238017.815983457,COCA COLA BEVERAGES KENYA LTD,2,3,6
NUTFIELDS 20G MIXED NUTS,489,21516.0,KENYA NUT COMPANY,2,3,6
NUTFIELDS 20G CASHEW NUTS ROASTED AND SALTED,479,26824.0,KENYA NUT COMPANY,2,3,6
QUENCHER 1LT DRINKING WATER,471,18155.567681391625,EXCEL CHEMICALS LTD,2,3,6
COKE PET 500ML,466,24786.680973872295,COCA COLA BEVERAGES KENYA LTD,2,3,6
EMBASSY BY DUNHILL BLUE 20S,447,164496.45250201313,NOBLE OUTLOOK LIMITED,2,3,6
TUSKER 500ML LAGER BEER,431,72063.20000000001,KENYA BREWERIES LTD,2,3,6
TUSKER CAN 500ML BEER,413,70275.3123967805,KENYA BREWERIES LTD,2,3,6
COKE ZERO 330ML CAN,401,30980.283733888824,COCA COLA BEVERAGES KENYA LTD,2,3,6
AQUAMIST 20LT MINERAL WATER,382,161195.45629232947,AQUAMIST LIMITED,2,3,6
NESTLE 41.5G KITKAT 4 FINGER MILK,367,49053.53697705804,GLACIER PRODUCTS LTD 2ND,2,3,6
AQUAMIST 500ML MINERAL WATER,349,13777.743630640087,AQUAMIST LIMITED,2,3,6
WHITE CAP 500ML LAGER BEER,346,66155.20000000001,KENYA BREWERIES LTD,2,3,6
COKE 330ML CAN,329,25676.414446418003,COCA COLA BEVERAGES KENYA LTD,2,3,6
KRACKLES PERFECTLY SALTED 30G,314,10376.161855072465,PROPACK KENYA LTD,2,3,6
SCHWEPPES SODA WATER 500ML PET,307,18584.65480126627,COCA COLA BEVERAGES KENYA LTD,2,3,6
AQUAMIST 500ML SPARKLING WATER,302,16645.561919613596,AQUAMIST LIMITED,2,3,6
BIO 150ML VANILLA YOGHURT,401,37298.086585594014,BIO FOOD PRODUCTS LTD,2,3,6
BROOKSIDE 500ML NATURAL LALA BOTTLE,401,28872.857467423994,BROOKSIDE DAIRY LIMITED,2,3,6
DASANI 500ML MINERAL WATER,284,7631.263823381836,COCA COLA BEVERAGES KENYA LTD,2,3,6
SPRITE 330ML CAN REGULAR,293,22626.355708406816,COCA COLA BEVERAGES KENYA LTD,2,3,6
OLA 40G CHEESE CRUNCH TORTILA CHIPS,286,14739.475728155341,PROPACK KENYA LTD,2,3,6
WRIGLEYS ORBIT 10S PEPPERMINT SF,284,15584.163298969073,RADBONE CLARK LIMITED MARS,2,3,6
PICK N PEEL 250ML MANGO,281,15907.450804148873,KEVIAN KENYA LTD,2,3,6
COCA COLA 300ML,276,8832.0,COCA COLA BEVERAGES KENYA LTD,2,3,6
COCA COLA 300ML EMPTY BOTTLE,276,3312.0,COCA COLA BEVERAGES KENYA LTD,2,3,6
OLA 40G MEXICAN CRUNCH TORTILA CHIPS,267,13769.807851239671,PROPACK KENYA LTD,2,3,6
AQUAMIST 1LTR SPARKLING WATER,265,20146.874007411334,AQUAMIST LIMITED,2,3,6
PICK N PEEL 250ML APPLE,264,15030.253941908715,KEVIAN KENYA LTD,2,3,6
KRACKLES POTATO CRISP BBQ30G,263,11481.822755417958,PROPACK KENYA LTD,2,3,6
SPRITE PET 500ML,255,13482.992932000976,COCA COLA BEVERAGES KENYA LTD,2,3,6
KERINGET 18.9LT MINERAL WATER REFIL EMPTY BOTTLE,254,203027.9660212972,COCA COLA BEVERAGES KENYA LTD,2,3,6
WRIGLEYS JUICY FRUIT 10S CLASSIC,251,5354.61465941466,RADBONE CLARK LIMITED MARS,2,3,6
ILARA 500ML MAZIWA LALA,338,24336.0,BROOKSIDE DAIRY LIMITED,2,3,6
PICK N PEEL 250ML TROPICAL MIX,246,13933.544680851064,KEVIAN KENYA LTD,2,3,6
KRACKLES CHEESE & ONION 30G,244,10815.828192826137,PROPACK KENYA LTD,2,3,6
KERINGET 1LT SPARKLING MINERAL WATER,241,20306.93013746916,COCA COLA BEVERAGES KENYA LTD,2,3,6
SPRITE PET 350ML,238,9259.218930619798,COCA COLA BEVERAGES KENYA LTD,2,3,6
MAYERS 1L SPARKLING WATER PLASTIC,221,17014.07376083189,MALACHITE LIMITED,2,3,6
TUSKER LITE 500ML CAN,228,47163.407418416806,KENYA BREWERIES LTD,2,3,6
BALOZI 500ML CAN,227,37325.368440500206,KENYA BREWERIES LTD,2,3,6
FANTA ORANGE PET 350ML,221,8607.13279369251,COCA COLA BEVERAGES KENYA LTD,2,3,6
ISINYA 6S EGGS,221,22135.02416130174,ISINYA FEEDS LIMITED,2,3,6
GUINNESS 500ML CAN,219,40066.717215881974,KENYA BREWERIES LTD,2,3,6
KRACKLES BANG BANG CHILLI 30G,212,9344.831515151516,PROPACK KENYA LTD,2,3,6
VELVEX 100S WHITE SERVIETTES,209,19427.870258958934,CHANDARIA INDUSTRIES  LTD,2,3,6
WRIGLEYS P.K 10S CHEWING GUM PEPPERMINT,209,4459.79015054861,RADBONE CLARK LIMITED MARS,2,3,6
PICK N PEEL 250ML ORANGE JUICE,209,15825.433719174638,KEVIAN KENYA LTD,2,3,6
SCHWEPPES TONIC WATER 500ML PET,208,12627.264700926708,COCA COLA BEVERAGES KENYA LTD,2,3,6
ISINYA 30S EGGS,206,89203.4354767184,ISINYA FEEDS LIMITED,2,3,6
WRIGLEYS ORBIT 10S BUBBLEMINT SF,205,11271.38269503546,RADBONE CLARK LIMITED MARS,2,3,6
COKE ZERO SUGAR 300ML,204,6528.0,COCA COLA BEVERAGES KENYA LTD,2,3,6
COKE ZERO SUGAR 300ML EMPTY BOTTLE,204,2448.0,COCA COLA BEVERAGES KENYA LTD,2,3,6
MAYERS 1LT SPRING MINERAL WATER,185,10423.436060928092,MALACHITE LIMITED,2,3,6
WRIGLEYS P.K 10S CHEWING GUM MENTHOL,200,4261.593830334191,RADBONE CLARK LIMITED MARS,2,3,6
KRACKLES SALT&VINEGAR 30GM,198,8582.595571302038,PROPACK KENYA LTD,2,3,6
COKE PET 2LTS,194,25549.028461907048,COCA COLA BEVERAGES KENYA LTD,2,3,6
PICK N PEEL 1L ORANGE JUICE,180,47047.69987063389,KEVIAN KENYA LTD,2,3,6
COKE 1.25L PET,192,19632.14740280954,COCA COLA BEVERAGES KENYA LTD,2,3,6
KERINGET 1LT MINERAL WATER,191,13273.249923896501,COCA COLA BEVERAGES KENYA LTD,2,3,6
PREDATOR 400ML ENERGY DRINK PET,190,9570.751939605112,COCA COLA BEVERAGES KENYA LTD,2,3,6
PILSNER 500ML LAGER BEER,187,31266.4,KENYA BREWERIES LTD,2,3,6
BIO 150ML NATURAL YOGHURT,250,23077.857142857145,BIO FOOD PRODUCTS LTD,2,3,6
MAGGI 4G 28S CUBE FORTIFIED,184,15617.123638869743,NESTLE KENYA LTD,2,3,6
DASANI 1L MINERAL WATER,184,8500.221747328726,COCA COLA BEVERAGES KENYA LTD,2,3,6
FANTA ORANGE PET 500ML,182,9618.650698602796,COCA COLA BEVERAGES KENYA LTD,2,3,6
PICK N PEEL 250ML PINEAPPLE JUICE,175,9885.149070501579,KEVIAN KENYA LTD,2,3,6
BALOZI 500ML BEER,170,28266.50547945205,KENYA BREWERIES LTD,2,3,6
AQUAMIST 20LT MINERAL WATER EMPTY BOTTLE,170,129886.81698938165,AQUAMIST LIMITED,2,3,6
BIO 150ML STRAWBERRY YOGHURT,234,22131.085216381063,BIO FOOD PRODUCTS LTD,2,3,6
MENENGAI CREAM 1KG SOAP,172,28207.82046348589,MENENGAI O REFINERIES LTD,2,3,6
SUNLIGHT 175G PURE SOAP YELLOW,169,9631.770704037372,UNILEVER KENYA LIMITED,2,3,6
KIRICHWA 2KG ICE CUBES,156,24960.0,KIRICHWA WATER LIMITED,2,3,6
DUNHILL 20S DOUBLE CAP,167,62792.0,NOBLE OUTLOOK LIMITED,2,3,6
URBAN STIX 35G BARBEQUE SNACKS,166,4648.0,NORDA INDUSTRIES LTD.,2,3,6
MAYERS 500ML SPARKLING WATER PLASTIC,166,9871.498016997168,MALACHITE LIMITED,2,3,6
FANTA BLACKCURRANT PET 500ML,166,8787.82278312853,COCA COLA BEVERAGES KENYA LTD,2,3,6
AQUAMIST 1LT MINERAL WATER,163,9977.861057418988,AQUAMIST LIMITED,2,3,6
KCC 500ML FILPACK MALA,221,11470.50731252911,NEW KENYA COOP CREAMERIES  LTD,2,3,6
TENA 10S WHITE TOILET ROLLS,161,58047.44318056323,AFRICAN COTTON INDUSTRIES LTD,2,3,6
HANAN 10PK TISSUE PAPER,160,56501.94136807818,ZENKO KENYA LIMITED,2,3,6
DL 37G FILLED CHOCOLATES MINT CHOC,156,8696.233627183845,GLACIER PRODUCTS LTD 2ND,2,3,6
VELVEX SNOW WHITE 10 PACK,156,57061.83529411765,CHANDARIA INDUSTRIES  LTD,2,3,6
ISINYA 15S EGGS,155,38466.22617122772,ISINYA FEEDS LIMITED,2,3,6
BROOKSIDE 500ML SWEET LALA BOTTLE,205,15580.057564057564,BROOKSIDE DAIRY LIMITED,2,3,6
BIO 200ML GREEK STYLE YOGHURT VANILLA,200,27560.370370370372,BIO FOOD PRODUCTS LTD,2,3,6
LEADAV YELLOW YOLK EGGS 30PACK TRAY,146,57000.918598382756,LEADAV POULTRY FARM LTD,2,3,6
KNORR 51G 6S CHICKEN CUBES,143,10781.518045334118,UNILEVER KENYA LIMITED,2,3,6
ILARA 500ML TNC PLAIN CUP,192,18040.53186206897,BROOKSIDE DAIRY LIMITED,2,3,6
GOLD CROWN 500ML ASEPTIC LONG LIFE 24,190,7415.267486222977,NEW KENYA COOP CREAMERIES  LTD,2,3,6
LYONS 60ML TOFF N CHOCO W NUTS STICKLINE,140,7697.347368421054,RAZCO LTD,2,3,6
AQUAMIST 1.5LT MINERAL WATER,137,10110.84833836858,AQUAMIST LIMITED,2,3,6
BROOKSIDE 1L NATURAL LALA BOTTLE,186,24552.15679662803,BROOKSIDE DAIRY LIMITED,2,3,6
KRAC KURLS 25G TANGY CHEESE,136,4252.939737991266,PROPACK KENYA LTD,2,3,6
AQUAMIST 5LT MINERAL WATER,134,22943.67710003485,AQUAMIST LIMITED,2,3,6
FANTA BLACK CURRANT 350ML PET,133,5169.510433918517,COCA COLA BEVERAGES KENYA LTD,2,3,6
SOFTLEAF 10S VIRGIN TOILET PAPER,119,41113.28332422089,KAPA OIL REFINERIES LTD,2,3,6
BIO 150ML BERRY COCKTAIL YOGHURT,178,15876.779093005383,BIO FOOD PRODUCTS LTD,2,3,6
7 UP 300ML,111,5904.123579613358,SBC KENYA LIMITED,2,3,6
BIO 150ML MANGO YOGHURT,177,16762.23908045977,BIO FOOD PRODUCTS LTD,2,3,6
KABARNET 300ML MINERAL WATER,131,1994.9990678404972,KHETIA DRAPERS LTD,2,3,6
BROOKSIDE 500G SALTED BUTTER,130,78118.75118858954,BROOKSIDE DAIRY LIMITED,2,3,6
KENSALT 1KG IODIZED SALT,125,4130.637681159421,KENSALT LIMITED,2,3,6
FANTA ORANGE PET 2LTS,129,15839.402659911339,COCA COLA BEVERAGES KENYA LTD,2,3,6
OXYRICH 1L SPRING WATER,128,4773.466236281472,AQUAMIST LIMITED,2,3,6
CARTOONS 30G TANGY TOMATO CRISPS,127,5719.428530259366,PROPACK KENYA LTD,2,3,6
BLUE BAND 500G MED FAT SPREAD,110,24157.981380975376,SUPER SAVERS DISTRIBUTION LTD,2,3,6
ROTHMANS SWITCH BLUE 20S,126,36792.07990487514,NOBLE OUTLOOK LIMITED,2,3,6
COKE ZERO 2L PET,125,16557.908847184986,COCA COLA BEVERAGES KENYA LTD,2,3,6
AQUACLEAR 500ML MINERAL WATER,123,3077.8507715582455,DEVYANI FOOD INDUSTRIES K LIMITED MILK AND YOGHURT,2,3,6
LEADAV YELLOW YOLK EGGS 6PACK,123,40484.79651489765,LEADAV POULTRY FARM LTD,2,3,6
KRAC KURLS 25G CHILLI LEMON,122,3814.7973406335564,PROPACK KENYA LTD,2,3,6
LAKI LAKI 150ML GREEK YOGHURT NATURAL,164,15088.0,LAKI LAKI LIMITED,2,3,6
OREO 55.2G ORIGINAL COOKIES,121,6651.518048080374,HASBAH KENYA LTD CADBURY,2,3,6
SPRITE SODA PET 2LTS,121,14911.16312237509,COCA COLA BEVERAGES KENYA LTD,2,3,6
DAIMA 500ML NATURAL PROBIOTIC CUP,158,14970.293193717278,DEVYANI FOOD INDUSTRIES K LIMITED MILK AND YOGHURT,2,3,6
FANTA PASSION 500ML PET,116,6172.689809213588,COCA COLA BEVERAGES KENYA LTD,2,3,6
KENSALT 2KG IODIZED SALT,108,6766.8368976594775,KENSALT LIMITED,2,3,6
HIGHLANDS 500ML MINERAL WATER,114,2280.038734338501,HIGHLANDS DRINKS LIMITED,2,3,6
VELVEX SERVIETTES 200S VALUE PACK,113,10504.063824221816,CHANDARIA INDUSTRIES  LTD,2,3,6
SMIRNOFF 330ML PINEAPPLE PUNCH ICE CAN,112,18107.09134883721,UDV KENYA LIMITED,2,3,6
BROOKSIDE 250G PROBIOTIC FRUIT CUP YOGHURT VANILLA,149,11070.621228141521,BROOKSIDE DAIRY LIMITED,2,3,6
ISINYA 12S EGGS,110,22190.837589971692,ISINYA FEEDS LIMITED,2,3,6
QUENCHER 18L MIN WATER PET,107,43529.9115406481,EXCEL CHEMICALS LTD,2,3,6
STONEY ZERO 500ML  PET,106,5638.172067018161,COCA COLA BEVERAGES KENYA LTD,2,3,6
BROOKSIDE 250ML STRAWBERRY,142,7793.1579340385815,BROOKSIDE DAIRY LIMITED,2,3,6
FC 500G (14D) FRESH SAFARI BEEF SAUSAGE,139,40719.73355817875,FARMERS CHOICE LTD,2,3,6
BIO 90ML VANILLA,141,8911.2,BIO FOOD PRODUCTS LTD,2,3,6
HEINEKEN 500ML CAN BEER,93,21175.885481682497,KENYA WINE AGENCIES KWAL,2,3,6
OREO 128G ORIGINAL,104,12893.013333333332,HASBAH KENYA LTD CADBURY,2,3,6
MAYERS 500ML STILL MINERAL WATER,103,3944.391041592606,MALACHITE LIMITED,2,3,6
BROOKSIDE 250G NATURAL PROBIOTIC YOGHURT,139,10330.210917276308,BROOKSIDE DAIRY LIMITED,2,3,6
SUNRICE 2KG RICE BASMATI,85,41663.15961244263,KRISH COMMODITIES LTD,2,3,6
DL 70ML MINI FIESTA CARAMEL N NUTS,101,5577.652328623758,GLACIER PRODUCTS LTD G P,2,3,6
FC 100G (30D) COLLAR BACON,129,18511.061925689173,FARMERS CHOICE LTD,2,3,6
KENSALT 500G IODIZED SALT,98,1645.626315789474,KENSALT LIMITED,2,3,6
FC 500G (14D) FRESH CLASSIC PORK SAUSAGE,135,39741.43010113028,FARMERS CHOICE LTD,2,3,6
FC 200G (30D) FRESH SANDWICH HAM,135,31713.468750000004,FARMERS CHOICE LTD,2,3,6
CADBURY 90G DRINKING CHOCOLATE SACHET,100,8473.482196741097,HASBAH KENYA LTD CADBURY,2,3,6
CADBURY 28G BUBBLY CHOCOLATE,99,7746.340762041699,HASBAH KENYA LTD CADBURY,2,3,6
KABARNET 500ML MINERAL WATER,76,1644.3165957446809,KHETIA DRAPERS LTD,2,3,6
SUNRICE 5KG RICE BASMATI,93,102756.4953249715,KRISH COMMODITIES LTD,2,3,6
KENYLON 420G CHICK PEAS,85,12101.518918918919,TRUFOODS LIMITED T F,2,3,6
FC 1KG (14D) FRESH PORK VALUE PACK,130,72916.47175911251,FARMERS CHOICE LTD,2,3,6
FESTIVE TORTILLA WRAP 8 INCH,96,21078.901204819278,DPL FESTIVE  LIMITED,2,3,6
BIO 90ML NATURAL Y0GHURT,130,8216.0,BIO FOOD PRODUCTS LTD,2,3,6
FELIX 85G CAT CHICKEN,96,14626.934981458595,MERIT AFRICA LTD,2,3,6
ROYCO 4G 40S BEEF CUBES,93,10209.681244281794,UNILEVER KENYA LIMITED,2,3,6
KNORR 51G 6S BEEF CUBES,96,7204.467924528302,UNILEVER KENYA LIMITED,2,3,6
DELAMERE 250ML PREM WILD BERRIES YOG CUP,128,8868.99076923077,BROOKSIDE DAIRY LIMITED,2,3,6
MILL BAKERS 300G  ENGLISH MUFFINS,95,10032.0,MILL BAKERS LIMITED,2,3,6
FELIX 85G CHICKEN JUNIOR,94,14387.443582089552,MERIT AFRICA LTD,2,3,6
JAMAA 1KG BAR SOAP CREAM,86,8087.6404463603385,KAPA OIL REFINERIES LTD,2,3,6
BLUE BAND 1KG MED FAT SPREAD,94,35992.5206804421,SUPER SAVERS DISTRIBUTION LTD,2,3,6
TOILEX WHITE 10S,94,27750.181929555896,CHANDARIA INDUSTRIES  LTD,2,3,6
FC 1KG (14D) BEEF VALUE SAUSAGES,126,71692.99140636042,FARMERS CHOICE LTD,2,3,6
CLOVERS 100G BI-CARBONATE OF SODA BOX PACK,78,1536.1871866295269,TRI CLOVER INDUSTRIES LTD,2,3,6
KABARNET 500ML SPARKLING WATER,93,3645.6000000000004,KHETIA DRAPERS LTD,2,3,6
MENENGAI CREAM 800G SOAP,92,12060.45806451613,MENENGAI O REFINERIES LTD,2,3,6
SOFTLEAF TWIN SERVIETTES,65,9804.990825688075,KAPA OIL REFINERIES LTD,2,3,6
FANTA BLACKCURRANT PET 2LTS,91,11125.320508416353,COCA COLA BEVERAGES KENYA LTD,2,3,6
PICK N PEEL 1LT APPLE,73,15099.467179684496,KEVIAN KENYA LTD,2,3,6
SIRIMON 250G CHEDDAR CHEESE,90,36370.22568093386,MORANI LIMITED,2,3,6
LAKI LAKI 100ML GREEK YOGHURT NATURAL,121,11369.293517241382,LAKI LAKI LIMITED,2,3,6
MINUTE MAID 1L APPLE JUICE,90,10379.676724137931,COCA COLA BEVERAGES KENYA LTD,2,3,6
BROOKSIDE 1LT NATURAL YOGHURT,121,21780.0,BROOKSIDE DAIRY LIMITED,2,3,6
NEPTUNE 10S BLENDED TOILET PAPER,89,26199.70638297873,KAPA OIL REFINERIES LTD,2,3,6
FC 200G (30D) FRESH STREAKY BACON,120,42629.252279635264,FARMERS CHOICE LTD,2,3,6
KETEPA 500G FAHARI YA KENYA,75,14515.970386039135,KENYA TEA PACKERS KETEPA,2,3,6
MAYERS 750ML GLASS SPARKLING WATER,88,6969.6,MALACHITE LIMITED,2,3,6
MAYERS 750ML GLASS SPARKLING EMPTY BOTTLE,88,6688.0,MALACHITE LIMITED,2,3,6
LEADAV YELLOW YOLK EGGS 15PACK,88,28964.73246594303,LEADAV POULTRY FARM LTD,2,3,6
BROOKSIDE 250ML VANILLA,116,6369.511968235963,BROOKSIDE DAIRY LIMITED,2,3,6
DELAMERE 250ML VANILLA FRUIT YOG CUP,116,10899.488000000001,BROOKSIDE DAIRY LIMITED,2,3,6
MINUTE MAID 400ML APPLE JUICE,85,5368.19678922838,COCA COLA BEVERAGES KENYA LTD,2,3,6
BIO 500ML COOKING CREAM LONG LIFE,115,32448.30640335129,BIO FOOD PRODUCTS LTD,2,3,6
SAVANA DRY PREMIUM CIDER 340ML,85,19267.298245614038,KENYA WINE AGENCIES KWAL,2,3,6
KERICHO GOLD 200G TEA BAGS 100S,85,8497.175320708613,GOLD CROWN BEVERAGES K LTD,2,3,6
SCHWEPPES 330ML TONIC WATER CAN,85,13741.988970099668,COCA COLA BEVERAGES KENYA LTD,2,3,6
LYONS 55ML LEMON N LIME LOLLY,85,4694.063840920984,RAZCO LTD,2,3,6
QUENCHER 10LT MINERAL WATER PET,84,20092.800000000003,EXCEL CHEMICALS LTD,2,3,6
LEADAV YELLOW YOLK EGGS 12PACK,84,27648.153717491077,LEADAV POULTRY FARM LTD,2,3,6
MINUTE MAID 1L TROPICAL JUICE,84,9821.48810020877,COCA COLA BEVERAGES KENYA LTD,2,3,6
VELVEX 140S PREM SILVER FACIAL TISSUES,84,14448.0,CHANDARIA INDUSTRIES  LTD,2,3,6
FANTA PASSION PET 2LTS,83,10140.576634331506,COCA COLA BEVERAGES KENYA LTD,2,3,6
CADBURY 80G DAIRY MILK WHOLE NUT,83,17155.616317016316,HASBAH KENYA LTD CADBURY,2,3,6
GREEN FARM 30S Y/YORK EGGS,83,37192.06490638502,GREEN FARM POULTRY,2,3,6
BROOKSIDE 450ML NATURAL YOGHURT CUP,111,14998.413473684212,BROOKSIDE DAIRY LIMITED,2,3,6
FC 400G (30D) FRESH STREAKY BACON,111,70984.10931677019,FARMERS CHOICE LTD,2,3,6
BROOKSIDE 250G PROBIOTIC FRUIT CUP YOGHURT STRAWBERRY,110,8153.268041237114,BROOKSIDE DAIRY LIMITED,2,3,6
FESTIVE 400G POUNDCAKE SLICED VANILLA,81,11404.800000000001,DPL FESTIVE  LIMITED,2,3,6
SKITTLES 38G FRUITY CANDY,73,9757.243049932526,RADBONE CLARK LIMITED MARS,2,3,6
TENA 100S SERVIETTES WHITE,81,6455.481081081083,AFRICAN COTTON INDUSTRIES LTD,2,3,6
KERICHO GOLD 100S TEA BAGS ENVELOPE,76,7597.474404398289,GOLD CROWN BEVERAGES K LTD,2,3,6
KENYLON 400G CRUSHED TOMATO,72,9586.328210168213,TRUFOODS LIMITED T F,2,3,6
SPRITE 300ML,79,2528.0,COCA COLA BEVERAGES KENYA LTD,2,3,6
SPRITE 300ML EMPTY BOTTLE,79,948.0,COCA COLA BEVERAGES KENYA LTD,2,3,6
BROOKSIDE 250G SALTED BUTTER,78,26375.628300835662,BROOKSIDE DAIRY LIMITED,2,3,6
PICK N PEEL 1LT TROPICAL MIX,68,14155.863966085728,KEVIAN KENYA LTD,2,3,6
DELAMERE 250ML LEMON BISCUIT FRUIT YOG CUP,102,9584.03255172414,BROOKSIDE DAIRY LIMITED,2,3,6
CADBURY 80G DREAMS WHITE CHOC,70,9356.260458839408,HASBAH KENYA LTD CADBURY,2,3,6
TROP HEAT 50G CHEVDA ORIGINAL,75,3724.664150943396,TROPICAL HEAT LTD,2,3,6
FESTIVE TORTILLA WRAP 10 INCH,75,21563.568215892054,DPL FESTIVE  LIMITED,2,3,6
CHROME 250ML VODKA,68,13787.621689785625,UDV KENYA LIMITED,2,3,6
DL 70ML MINI FIESTA CLASSIC,74,4087.277597242738,GLACIER PRODUCTS LTD G P,2,3,6
VIM 500G POUCH LFRESH SCOURER,65,3640.0,UNILEVER KENYA LIMITED,2,3,6
FESTIVE 90G RING CAKE 10S VANILLA,73,7708.8,DPL FESTIVE  LIMITED,2,3,6
KRAC KURLS 25G TOMATO,72,2251.0767761194033,PROPACK KENYA LTD,2,3,6
MINUTE MAID 400ML TROPICAL JUICE,72,4475.3231448275865,COCA COLA BEVERAGES KENYA LTD,2,3,6
TUZO 500G MAZIWA LALA SATCHET,98,9208.188137931036,BROOKSIDE DAIRY LIMITED,2,3,6
CADBURY 80G DAIRY MILK,72,14986.636717062636,HASBAH KENYA LTD CADBURY,2,3,6
FC 125G (30D) FRESH NYAMABITE,98,7222.374848851268,FARMERS CHOICE LTD,2,3,6
MAGIC 300ML SODA WATER,72,3829.7017813708267,KHETIA DRAPERS LTD,2,3,6
STIMOROL 14G 10S WILD BERRY,69,3588.2333333333336,HASBAH KENYA LTD CADBURY,2,3,6
CLUB SODA 350ML LEMONADE,51,2712.705428471002,HIGHLANDS DRINKS LIMITED,2,3,6
DELAMERE 250ML SBERRY FRUIT YOG CUP,95,8926.30482758621,BROOKSIDE DAIRY LIMITED,2,3,6
KCC 1L PLAIN MALA  BOTTLE 69,95,8926.30482758621,NEW KENYA COOP CREAMERIES  LTD,2,3,6
URBAN STIX 35G KUKU CHOMA SNACK,61,1708.05812983919,NORDA INDUSTRIES LTD.,2,3,6
BIO ACTIVE 350ML BLKBRRY N RSPBRRY YOG DRINK,94,11617.27087087087,BIO FOOD PRODUCTS LTD,2,3,6
MANJI 75GM FAMILY CLASSIC BISCUITS,58,3188.330965195551,MANJI FOOD INDUSTRIES LTD,2,3,6
PRAZIER 6S YELLOW YORK EGGS,69,22710.98341079624,PRAZIER POULTRIES,2,3,6
QUENCHER LIFE 5LT PREMIUM DRINKING WATER,69,12327.796221498373,EXCEL CHEMICALS LTD,2,3,6
FC 200G (14D) FRESH PORK CHIPOLATA,93,16618.87659574468,FARMERS CHOICE LTD,2,3,6
BROOKSIDE 250ML CHOCOLATE,93,5105.280562315818,BROOKSIDE DAIRY LIMITED,2,3,6
SIRIMON 250G EVERYDAY CHEESE,69,27208.327164179103,MORANI LIMITED,2,3,6
EMBASSY BY DUNHILL RED 20S,52,19136.05264005522,NOBLE OUTLOOK LIMITED,2,3,6
MAYERS 18.9L STILL MINERAL WATER,63,3511.010548311386,MALACHITE LIMITED,2,3,6
FAY TOILET PAPER WHITE 10S,64,23560.35629322269,KIM FAY EAST AFRICA LTD,2,3,6
ALWAYS 14S MAXI THICK EX/LONG DAY/NIGHT,68,10702.045548654245,HASBAH KENYA LTD P AND G,2,3,6
LIBERTY CHOICE YELLOW YOLK EGG 6PACK,67,22052.694036570265,PAMULI POULTRY FARM,2,3,6
WEETABIX 425G FAMILY,60,18144.000000000004,WEETABIX EAST AFRICA LTD HQ,2,3,6
TROP HEAT 18G SAFARI CHEESE,52,832.0,TROPICAL HEAT LTD,2,3,6
LIBERTY CHOICE YELLOW YOLK EGG 15PACK,64,21065.259975231296,PAMULI POULTRY FARM,2,3,6
FELIX 85G CAT BEEF,66,10236.045859872613,MERIT AFRICA LTD,2,3,6
BIO ACTIVE 350ML CUCUMBER N MINT YOG DRINK,89,8362.538206896554,BIO FOOD PRODUCTS LTD,2,3,6
AQUAMIST 19L DISPOSABLE WATER,66,29888.998280802294,AQUAMIST LIMITED,2,3,6
MINUTE MAID 1L PULPY ORANGE,65,5800.762426003143,COCA COLA BEVERAGES KENYA LTD,2,3,6
PEP 700G PREMIUM TOMATO KETCHUP,61,12932.0,PREMIER FOODS  LIMITED,2,3,6
KRACKLES CURLS 15G CHEESY,65,1040.0276742948377,PROPACK KENYA LTD,2,3,6
GOFRUT 1LT LEMON MINT MOJITO FRUIT DRINK,65,4565.839429694762,EXCEL CHEMICALS LTD,2,3,6
URBAN STIX 35G THAI SWEET CHILLI SNACKS,48,1344.0,NORDA INDUSTRIES LTD.,2,3,6
SANTA MARIA 70G TOMATO PASTE SATCHET,64,1913.181308411215,DEBENHAM AND FEAR LTD,2,3,6
BROOKSIDE 450G NATURAL PROBIOTIC YOGHURT,86,10901.711455108358,BROOKSIDE DAIRY LIMITED,2,3,6
BIO 450ML NATURAL YOGHURT,86,8080.654896551726,BIO FOOD PRODUCTS LTD,2,3,6
TROP HEAT 100G TEA MASALA,61,14152.0,TROPICAL HEAT LTD,2,3,6
BROWNS 250G GREEK YOGHURT,85,19240.99286733238,SUNPOWER PRODUCTS LTD,2,3,6
BLUE BAND 250G MED FAT SPREAD,55,6962.654663835811,SUPER SAVERS DISTRIBUTION LTD,2,3,6
KNORR 51G 6S BEEF CHILLI CUBES,63,4749.73935483871,UNILEVER KENYA LIMITED,2,3,6
IGLOO 60ML RASPBERRY,63,3479.1296703296707,CRYSTAL FROZEN AND CHILLED FOODS LTD,2,3,6
ALPRO 1LT ALMOND UNSWTENED DRINK,82,39294.4,HEALTHY U TWO THOUSAND LTD,2,3,6
BROOKSIDE 1L SWEETEND LALA BOTTLE,84,12028.800000000001,BROOKSIDE DAIRY LIMITED,2,3,6
LYONS 55ML RED DEVIL LOLLY,62,3423.905389848247,RAZCO LTD,2,3,6
SUNLIGHT 1KG 2IN1 SPRING SENSATIONS,51,14565.6,UNILEVER KENYA LIMITED,2,3,6
MILL BAKERS 260G QUEEN CAKE,62,4910.400000000001,MILL BAKERS LIMITED,2,3,6
FELIX 85G CAT TUNA,62,9446.562175525343,MERIT AFRICA LTD,2,3,6
MILL BAKERS 200G DAZ LEMON FLAVOUR,61,6441.6,MILL BAKERS LIMITED,2,3,6
FELIX 85G CAT TROUT,61,8940.375294117648,MERIT AFRICA LTD,2,3,6
LIBERTY CHOICE YELLOW YOLK EGG 30PACK,60,19748.68122677934,PAMULI POULTRY FARM,2,3,6
ZESTA 100G BI-CARBONATE OF SODA,60,1056.031189083821,TRUFOODS LIMITED T F,2,3,6
PICK N PEEL 1LT PINEAPPLE JUICE,45,3160.96575901945,KEVIAN KENYA LTD,2,3,6
HC 220G CHEESE PORTION MOZZARELLA,59,23553.897422614555,HAPPY COW LIMITED,2,3,6
SUNLIGHT 700G LONG BAR YELLOW,59,5548.497515526278,UNILEVER KENYA LIMITED,2,3,6
ILARA 1LT MAZIWA LALA  PLASTIC BOTTLE,79,10554.4,BROOKSIDE DAIRY LIMITED,2,3,6
BIO 90ML VANILLA YOGHURT 4S,79,7422.927172413794,BIO FOOD PRODUCTS LTD,2,3,6
HANAN FLUSHABLE WATER WIPES 72PCS,59,8458.811148878314,ZENKO KENYA LIMITED,2,3,6
DL 100ML FIESTA SALTED CARAMEL,47,2595.541182626897,GLACIER PRODUCTS LTD G P,2,3,6
FESTIVE 200G HALF POUNDCAKE SLICED VANILLA,58,6124.8,DPL FESTIVE  LIMITED,2,3,6
MANJI 45G MILKSTAR BISCUITS,51,2803.5324004305708,MANJI FOOD INDUSTRIES LTD,2,3,6
PRAZIER 30S YELLOW YORK EGGS,57,18761.247165440374,PRAZIER POULTRIES,2,3,6
CADBURY 80G FRUIT N NUT,56,7485.008367071526,HASBAH KENYA LTD CADBURY,2,3,6
MOUNTAIN DEW 500ML,48,2553.1345209138844,SBC KENYA LIMITED,2,3,6
MF 750ML ZESTY LEMON D/WASHING LIQUID,52,12438.400000000001,P Z CUSSONS EAST AFRICA  LTD HQ,2,3,6
IGLOO 80ML MARKUP,57,3147.7839874411306,CRYSTAL FROZEN AND CHILLED FOODS LTD,2,3,6
ISINYA 20S EGGS,57,18761.247165440374,ISINYA FEEDS LIMITED,2,3,6
BILA SHAKA 500ML CAPTAIN BEER,51,9330.605379041008,MALACHITE LIMITED BEER,2,3,6
DELAMERE 100ML VANILLA FRUIT YOG CUP,75,7047.082758620691,BROOKSIDE DAIRY LIMITED,2,3,6
LYONS 60ML CHOC STICK STICKLINE,54,2982.1111459968606,RAZCO LTD,2,3,6
TROP HEAT 100G PAPRIKA JAR,55,8580.0,TROPICAL HEAT LTD,2,3,6
BIO 1L MAZIWA LALA NATURE PLAIN,75,7047.082758620691,BIO FOOD PRODUCTS LTD,2,3,6
GILANI GOURMET 2KG ICE CUBE,48,7680.0,GILANI GOURMET LTD,2,3,6
GREEN FARM 15PK Y/YORK EGGS,55,14732.966795366798,GREEN FARM POULTRY,2,3,6
MAGIC 300ML ENERGY DRINK GINGER ALE,41,5298.590620558977,KHETIA DRAPERS LTD,2,3,6
AQUAMIST 3LT MINERAL WATER,54,3009.437612838331,AQUAMIST LIMITED,2,3,6
BROOKSIDE 230ML COOKING CREAM CUP,73,20597.620586475165,BROOKSIDE DAIRY LIMITED,2,3,6
FESTIVE 90G RING CAKE 10S STRAWBERRY,54,5702.400000000001,DPL FESTIVE  LIMITED,2,3,6
USHINDI 175G YELLOW SOAP,43,4043.8202231801693,PWANI OIL PRODUCTS LTD.,2,3,6
AQUAMIST 10LT MINERAL WATER,53,2953.7072866746585,AQUAMIST LIMITED,2,3,6
FRESHA 500ML LALA POUCH,70,6577.277241379312,GITHUNGURI DAIRY FARMERS,2,3,6
MINUTE MAID 400ML MANGO JUICE,53,4729.852439664101,COCA COLA BEVERAGES KENYA LTD,2,3,6
KERICHO GOLD 100S ROUND TB,53,5298.238729383018,GOLD CROWN BEVERAGES K LTD,2,3,6
ILARA 250ML TNC PLAIN CUP,72,6765.199448275864,BROOKSIDE DAIRY LIMITED,2,3,6
TENA 15S TOILET ROLL WHITE WRAPPED,43,22274.025748502998,AFRICAN COTTON INDUSTRIES LTD,2,3,6
BROOKSIDE 250ML ASSORTED 6PK,71,3897.5797841335816,BROOKSIDE DAIRY LIMITED,2,3,6
RINZ 500ML RICH PEARL HAND WASH,44,6652.800000000001,RINZ PRODUCTS LTD,2,3,6
FELIX 85G CAT SALMON,53,8063.004468517267,MERIT AFRICA LTD,2,3,6
AQUAMIST 500ML STRAWBERRY FLAVOURED WATER,53,2953.7072866746585,AQUAMIST LIMITED,2,3,6
SOFTLEAF SINGLE SERVIETTES,38,3532.3400470834426,KAPA OIL REFINERIES LTD,2,3,6
CARTOONS 30G BARBEQUE CRISPS,46,2027.6521212121215,PROPACK KENYA LTD,2,3,6
TENA 2S PREMIUM KITCHEN TOWEL WHITE,41,12628.0,AFRICAN COTTON INDUSTRIES LTD,2,3,6
ARIMIS 200ML MILKING JELLY,39,3915.6000000000004,TRI CLOVER INDUSTRIES LTD,2,3,6
SANTA MARIA 400G GRANDI,51,6768.163636363637,DEBENHAM AND FEAR LTD,2,3,6
VELVEX ECO-FRIENDLY KITCHEN TOWEL TWIN PACK,51,9384.0,CHANDARIA INDUSTRIES  LTD,2,3,6
RINZ 500ML THE MAUVE HANDWASH,40,6048.000000000001,RINZ PRODUCTS LTD,2,3,6
RINZ 500ML SILKY GRAY HANDWASH,40,6048.000000000001,RINZ PRODUCTS LTD,2,3,6
TENA WHITE 4PACK,41,14478.622475570033,AFRICAN COTTON INDUSTRIES LTD,2,3,6
KOTEX 16S ULTRA THIN SUPER DUO,48,7554.3850931677025,KIM FAY EAST AFRICA LTD,2,3,6
KABARNET 1LT MINERAL WATER,50,2786.51630818364,KHETIA DRAPERS LTD,2,3,6
MILL BAKERS 150G MARBLE SLICE,49,5174.400000000001,MILL BAKERS LIMITED,2,3,6
GREEN FARM 12PK Y/YORK EGGS,49,16128.08966853646,GREEN FARM POULTRY,2,3,6
MILL BAKERS 200G QUEEN CAKE,49,5174.400000000001,MILL BAKERS LIMITED,2,3,6
CHROME 250ML GIN,48,9732.438839848677,UDV KENYA LIMITED,2,3,6
SUNLIGHT 1KG+400G POWDER YELLOW,44,15804.800000000003,UNILEVER KENYA LIMITED,2,3,6
ROYAL CLUB 500ML TONIC WATER,39,2074.421798242531,HIGHLANDS DRINKS LIMITED,2,3,6
DL 70ML MINI FIESTA WHITE,40,2208.9712192569336,GLACIER PRODUCTS LTD G P,2,3,6
DAIMA 480ML MILK DRINK VANILLA FLV,66,3623.1023345467097,DEVYANI FOOD INDUSTRIES K LIMITED MILK AND YOGHURT,2,3,6
DELAMERE 100ML LEMON BISCUIT FRUIT YOG CUP,66,6201.432827586208,BROOKSIDE DAIRY LIMITED,2,3,6
MANJI 65G BOURBON CHOC CREAM BISCUITS,47,2583.6475062791533,MANJI FOOD INDUSTRIES LTD,2,3,6
FIESTA SERVIETTES WHITE 100S,49,4554.859534397071,AFRICAN COTTON INDUSTRIES LTD,2,3,6
BROOKSIDE 400ML COOKING CREAM CUP,66,18622.50628366248,BROOKSIDE DAIRY LIMITED,2,3,6
KRACKLES 125G BANG BANG CHILLI,49,2159.890303030303,PROPACK KENYA LTD,2,3,6
GREEN FARM 6S Y/YORK EGGS,49,16128.08966853646,GREEN FARM POULTRY,2,3,6
KENYLON 275G TOMATO PASTE EOT,46,1375.0990654205607,TRUFOODS LIMITED T F,2,3,6
KLEENEX SERVIETES 1 PLYX100S WHITE,48,4461.903217368559,KIM FAY EAST AFRICA LTD,2,3,6
WANPY 100G CHICKEN RAWHIDE CD10H,48,15052.800000000001,BRAND ROYALTY LTD,2,3,6
KREST BITTER LEMON 300ML,45,2393.5636133567664,COCA COLA BEVERAGES KENYA LTD,2,3,6
KREST BITTER LEMON 300ML EMPTY BOTTLE,46,552.0,COCA COLA BEVERAGES KENYA LTD,2,3,6
ARIEL 1KG DETERGENT FRESH LAVENDER CLEAN,48,13785.599999999999,HASBAH KENYA LTD P AND G,2,3,6
MF 750ML ORIGINAL D/WASHING LIQUID,42,10046.400000000001,P Z CUSSONS EAST AFRICA  LTD HQ,2,3,6
PICK N PEEL 1L RED GRAPE JUICE,40,2809.7473413506223,KEVIAN KENYA LTD,2,3,6
TAMU TAMU 25G TOMATO KETCHUP,45,1983.5727272727274,NORDA INDUSTRIES LTD.,2,3,6
FLORA 100S SERVIETTES WHITE,41,2939.304030418251,AFRICAN COTTON INDUSTRIES LTD,2,3,6
BIO 200ML GREEK STYLE HONEY YOGHURT,64,6013.510620689656,BIO FOOD PRODUCTS LTD,2,3,6
URBAN BITES 30G NYAM CHOM LTD EDITION,41,1807.2551515151517,NORDA INDUSTRIES LTD.,2,3,6
BIO 90ML BERRY COCKTAIL YOGHURT,62,5825.588413793104,BIO FOOD PRODUCTS LTD,2,3,6
BROOKSIDE 250ML NATURAL YOGHURT CUP,63,5919.54951724138,BROOKSIDE DAIRY LIMITED,2,3,6
MINUTE MAID 400ML PULPY ORANGE,47,4194.39744649458,COCA COLA BEVERAGES KENYA LTD,2,3,6
DELAMERE 450ML PREM WILD BERRIES YOG CUP,62,5825.588413793104,BROOKSIDE DAIRY LIMITED,2,3,6
HIGHLANDS 1.5LT MINERAL WATER,45,2507.864677365276,HIGHLANDS DRINKS LIMITED,2,3,6
BROOKSIDE 150ML DOUBLE CREAM,63,17776.028725314183,BROOKSIDE DAIRY LIMITED,2,3,6
MILL BAKERS 300G CHOCOLATE CUP CAKES,46,4857.6,MILL BAKERS LIMITED,2,3,6
LAKI LAKI 700ML GREEK YOGHURT NATURAL GLS,62,5825.588413793104,LAKI LAKI LIMITED,2,3,6
LAKI LAKI 150ML GREEK YOGHURT BLUEBERRY,62,5825.588413793104,LAKI LAKI LIMITED,2,3,6
HEINZ 570G TOMATO KETCHUP,46,22006.4,HASBAH KENYA LTD,2,3,6
TROP HEAT 50G KENYAN CHEVDA SWEET(TAMU),42,2085.811924528302,TROPICAL HEAT LTD,2,3,6
ROSY TOILET TISSUE WHITE 10PACK,46,10967.04,CHANDARIA INDUSTRIES  LTD,2,3,6
MINUTE MAID 1L MANGO JUICE,43,3837.4274510482333,COCA COLA BEVERAGES KENYA LTD,2,3,6
BROOKSIDE 1KG GHEE,44,34601.600000000006,BROOKSIDE DAIRY LIMITED,2,3,6
SAFISHA ALL PURPOSE CLEANER 4S,42,7358.400000000001,SUNDRIES BARGAIN NAIROBI LTD,2,3,6
ENIGMA 80ML MINI ALMOND,45,2485.0926216640505,RAZCO LTD,2,3,6
KRACKLES 125GMS PERFECTLY SALTED,45,1983.5727272727274,PROPACK KENYA LTD,2,3,6
TENA WHITE TOILET ROLL,44,15538.0338762215,AFRICAN COTTON INDUSTRIES LTD,2,3,6
FAY KITCHEN TOWEL ECO TWIN PACK,44,8096.0,KIM FAY EAST AFRICA LTD,2,3,6
PAMPERS BABY WIPES SENSITIVE 56S,43,6164.896261046907,HASBAH KENYA LTD P AND G,2,3,6
GEISHA 200G SOAP WHITE N HONEY,41,3542.4,UNILEVER KENYA LIMITED,2,3,6
NUZIWA 1L OAT ORIGINAL MILK,56,21504.0,JETLAK FOODS LTD,2,3,6
DELAMERE 100ML STRAWBERRY FRUIT YOG CUP,60,5637.6662068965525,BROOKSIDE DAIRY LIMITED,2,3,6
FC 400G (14D) FRESH PREMIUM PORK SAUSAGES,60,17662.85782272457,FARMERS CHOICE LTD,2,3,6
SUNLIGHT 900G LONG BAR YELLOW,44,4137.862553951801,UNILEVER KENYA LIMITED,2,3,6
DELAMERE 250ML PEAR CARAMEL FRUIT YOG CUP,56,5261.821793103449,BROOKSIDE DAIRY LIMITED,2,3,6
KCC 500ML PLAIN MALA TR 88,60,5637.6662068965525,NEW KENYA COOP CREAMERIES  LTD,2,3,6
ZENTA 1KG CREAM SOAP,35,3291.4815770071145,GOLDEN AFRICA K LTD,2,3,6
JAVA 250G ARABICA BLEND GRND COFFEE,43,314.3529665007399,NAIROBI JAVA HOUSE LTD,2,3,6
COKE ZERO 500ML PET,43,2242.034071222329,COCA COLA BEVERAGES KENYA LTD,2,3,6
MILL BAKERS 200G DAZ COCONUT FLAVOUR,42,4435.200000000001,MILL BAKERS LIMITED,2,3,6
FC 500G (7D) FRESH CUTS BEEF MINCE,58,17074.095895300416,FARMERS CHOICE LTD,2,3,6
LAKI LAKI 150ML GREEK YOGHURT MANGO PASSION,58,5449.744000000001,LAKI LAKI LIMITED,2,3,6
LAKI LAKI 100ML GREEK YOGHURT VANILLA,57,5355.782896551725,LAKI LAKI LIMITED,2,3,6
HANAN TOILET ROLL 15PK,42,14831.759609120521,ZENKO KENYA LIMITED,2,3,6
CADBURY 450G DRINKING CHOCOLATE JAR,42,3558.862522631261,HASBAH KENYA LTD CADBURY,2,3,6
TROP HEAT 20G OREGANO RUBBED,37,2368.0,TROPICAL HEAT LTD,2,3,6
SUNLIGHT 500G 2IN1 SPRING SENSATION SATCHET,33,5148.0,UNILEVER KENYA LIMITED,2,3,6
BIO 1L YOGHURT NATURE PLAIN,51,4792.01627586207,BIO FOOD PRODUCTS LTD,2,3,6
KERICHO GOLD 500G PREMIUM TEA BLEND,41,4098.637507635919,GOLD CROWN BEVERAGES K LTD,2,3,6
SIRIMON 250G MOZZARELLA CHEESE,39,15569.525414948605,MORANI LIMITED,2,3,6
BROOKSIDE 250ML VANILLA 6PK,55,3019.2519454555913,BROOKSIDE DAIRY LIMITED,2,3,6
GOFRUT 1LT APPLE FRUIT DRINK,40,2809.7473413506223,EXCEL CHEMICALS LTD,2,3,6
TROP HEAT 50G CHILLI CHEVDA KENYAN,33,1638.8522264150943,TROPICAL HEAT LTD,2,3,6
BROOKSIDE 500G SUPERFINE GHEE,40,17888.0,BROOKSIDE DAIRY LIMITED,2,3,6
CADBURY 80G RUM N RAISIN,39,5212.773684210527,HASBAH KENYA LTD CADBURY,2,3,6
URBAN STIX 35G HOT & SWEET TOMATO SNACKS,35,980.0,NORDA INDUSTRIES LTD.,2,3,6
SCHWEPPES 330ML GINGER ALE CAN,40,6466.818338870433,COCA COLA BEVERAGES KENYA LTD,2,3,6
SNAPPY TOM 85G POUCH CAT FOOD CHICKEN,40,6094.556242274415,MERIT AFRICA LTD,2,3,6
EVA SHOWER CAP,28,3136.0,JEVANS ENTERPRISES,2,3,6
DAIMA 240ML MILK DRINK STRAWBERRY,51,2799.669985786094,DEVYANI FOOD INDUSTRIES K LIMITED MILK AND YOGHURT,2,3,6
LAKI LAKI 150ML GREEK YOGHURT STRAWBERRY,51,4792.01627586207,LAKI LAKI LIMITED,2,3,6
FESTIVE 90G RING CAKE 10S ORANGE,38,4012.8,DPL FESTIVE  LIMITED,2,3,6
BUTTERFLY 1KG YELLOW KIDNEY  BEANS,34,8649.6,SPICE WORLD LTD,2,3,6
BROWNS 200G FETA CHEESE,37,14771.08821418201,SUNPOWER PRODUCTS LTD,2,3,6
QMP 500G BEEF MINCE ECONOMY,39,7644.0,QUALITY MEAT PACKERS LTD,2,3,6
DL 100ML FIESTA CLASSIC,31,1711.9526949241235,GLACIER PRODUCTS LTD G P,2,3,6
ZESTA 700G TOMATO KETCHUP,34,7208.0,TRUFOODS LIMITED T F,2,3,6
LYONS 60ML CHOCO & BANANA STICKLINE,39,2153.7469387755104,RAZCO LTD,2,3,6
KENYLON 420G BUTTER BEANS,37,4926.3075524475535,TRUFOODS LIMITED T F,2,3,6
KERINGET 10LT MINERAL WATER,39,2173.482720383239,COCA COLA BEVERAGES KENYA LTD,2,3,6
FC 200G (30D) FRESH BEEF BRAWN,53,15602.191076740037,FARMERS CHOICE LTD,2,3,6
MILL BAKERS 200G DAZ MILK FLAVOUR,39,4118.400000000001,MILL BAKERS LIMITED,2,3,6
BROOKSIDE 500ML PLAIN YOGHURT,52,4885.977379310346,BROOKSIDE DAIRY LIMITED,2,3,6
BROOKSIDE 500G UNSALTED BUTTER,39,18311.719753497346,BROOKSIDE DAIRY LIMITED,2,3,6
WEETABIX 850G GIANT,34,18713.6,WEETABIX EAST AFRICA LTD HQ,2,3,6
KERICHO GOLD PURE CAMOMILE 20S,39,8268.0,GOLD CROWN BEVERAGES K LTD,2,3,6
TUSKER 330ML MALT LAGER BEER,38,6952.21577261879,KENYA BREWERIES LTD,2,3,6
CLOVERS 425G GOLDEN SWEET CORN,29,3861.1599735399745,TRI CLOVER INDUSTRIES LTD,2,3,6
HEINZ 245GM MUSTARD,39,9328.800000000001,HASBAH KENYA LTD,2,3,6
BILA SHAKA 330ML IPA BEER,38,6952.21577261879,MALACHITE LIMITED BEER,2,3,6
TENA MULTI FOLD HAND TOWELS WHITE,38,3532.3400470834426,AFRICAN COTTON INDUSTRIES LTD,2,3,6
RINZ 500ML LUSH GREEN HANDWASH,31,4687.200000000001,RINZ PRODUCTS LTD,2,3,6
BROOKSIDE 100ML FRUITNESS SBERRY CUP,51,4792.01627586207,BROOKSIDE DAIRY LIMITED,2,3,6
VELVEX 140S PREM BLACK FACIAL TISSUES,38,6536.0,CHANDARIA INDUSTRIES  LTD,2,3,6
RINGOZ 25G BARBEQUE CORN,25,1101.9848484848487,NORDA INDUSTRIES LTD.,2,3,6
WEETABIX 210G STANDARD,37,6068.0,WEETABIX EAST AFRICA LTD HQ,2,3,6
NESTLE 50G CERELAC WHEAT SACHET,36,2016.0,NESTLE KENYA LTD,2,3,6
MILL BAKERS 200G DAZ GINGER FLAVOUR,37,3907.2000000000003,MILL BAKERS LIMITED,2,3,6
AQUAMIST 500ML LEMON FLAVOURED WATER,37,2062.0220680558937,AQUAMIST LIMITED,2,3,6
DOWNY 900ML POUCH SWEET ELEGANCE,37,20660.8,HASBAH KENYA LTD P AND G,2,3,6
CLOVERS 100G DRINKING CHOC SATCHETS,26,2203.1053711526856,TRI CLOVER INDUSTRIES LTD,2,3,6
CADBURY 26.25G OREO CHOCOLATE,32,1759.0791532113385,HASBAH KENYA LTD CADBURY,2,3,6
KERICHO GOLD GINGER N LEMON 20S,33,6996.0,GOLD CROWN BEVERAGES K LTD,2,3,6
OREO 26.25G ORIGINAL,37,1310.5655172413794,HASBAH KENYA LTD CADBURY,2,3,6
MANJI 200G DIGESTIVE,32,1759.0791532113385,MANJI FOOD INDUSTRIES LTD,2,3,6
MANJI 450G THE REAL DIGESTIVE,35,1923.9928238249015,MANJI FOOD INDUSTRIES LTD,2,3,6
CIRIO 400GM CHOPPED TOMATOES,34,4526.877210357211,DEBENHAM AND FEAR LTD,2,3,6
FESTIVE 90G RING CAKE 10S CHOCOLATE,35,3696.0000000000005,DPL FESTIVE  LIMITED,2,3,6
BROOKSIDE 100ML NATURAL YOGHURT CUP,45,4228.249655172414,BROOKSIDE DAIRY LIMITED,2,3,6
TROP HEAT 100G CRISPS SALTED,33,1454.6200000000001,TROPICAL HEAT LTD,2,3,6
MOLPED PURE&SOFT LONG 16S,31,4878.873706004141,HAYAT KIMYA  K  H PRODUCTS LTD,2,3,6
SIRIMON 250G FETA CHEESE,36,14371.869613798712,MORANI LIMITED,2,3,6
BROOKSIDE 150ML NATURAL YOGHURT CUP,44,4134.288551724138,BROOKSIDE DAIRY LIMITED,2,3,6
BROOKSIDE 250G UNSALTED BUTTER,36,16903.12592630524,BROOKSIDE DAIRY LIMITED,2,3,6
FC 400G (14D) FRESH CHICKEN BURGER,46,13541.524330755503,FARMERS CHOICE LTD,2,3,6
LAKI LAKI 150ML GREEK YOGHURT RASPBERRY,44,4134.288551724138,LAKI LAKI LIMITED,2,3,6
MF 800G D/PASTE ZESTY LEMON HH852,25,7980.000000000001,P Z CUSSONS EAST AFRICA  LTD HQ,2,3,6
DAIMA 240ML MILK DRINK VANILLA,44,2415.4015563644734,DEVYANI FOOD INDUSTRIES K LIMITED MILK AND YOGHURT,2,3,6
FC 1KG (14D) CHICKEN SAUSAGES VALUE PACK,48,14130.286258179654,FARMERS CHOICE LTD,2,3,6
TROPNUTS 50G CHILLI LEMON PEANUTS,30,1536.0,TROPICAL HEAT LTD,2,3,6
VELVEX 30CMX5M ALLUMINIUM FOIL,35,3640.0,CHANDARIA INDUSTRIES  LTD,2,3,6
MAYERS 10L STILL WATER,34,1894.8310895648751,MALACHITE LIMITED,2,3,6
KRACKLES CURLS 75G CHEESY,31,868.0,PROPACK KENYA LTD,2,3,6
VELVEX ANTIBACTERIAL WET WIPES 10S,32,4587.829775662814,CHANDARIA INDUSTRIES LTD HYGIENE,2,3,6
KENTASTE 400ML COCONUT MILK,44,2556.8438637823947,CHANDARIA INDUSTRIES  LTD KENTASTE,2,3,6
FC 200G (30D) PORK BRAWN,48,14130.286258179654,FARMERS CHOICE LTD,2,3,6
FESTIVE 400G POUNDCAKE SLICED BLUEBERRY,33,3484.8,DPL FESTIVE  LIMITED,2,3,6
ACACIA 200ML KIDS MANGO,29,2588.032466986018,KEVIAN KENYA LTD,2,3,6
PROLITE 8S TROPICAL STD CANDLE POLYBAG WHITE,27,3456.0,SUPERSLEEK LIMITED,2,3,6
TAMU TAMU 25G TUTTI FRUTY,32,1410.5406060606063,NORDA INDUSTRIES LTD.,2,3,6
SAFISHA GENTLE SCRUBBING SPONGE 4S,32,5632.0,SUNDRIES BARGAIN NAIROBI LTD,2,3,6
BROWNS 200G MOZZARELLA,29,11577.339411115629,SUNPOWER PRODUCTS LTD,2,3,6
AQUAMIST 500ML PEACH FLAVOURED WATER,31,1727.6401110738568,AQUAMIST LIMITED,2,3,6
TROP HEAT 50G POTATO CRISPS SALTED,32,1410.5406060606063,TROPICAL HEAT LTD,2,3,6
FAY 100S COCKTAIL SERVIETTES,34,3160.514778969396,KIM FAY EAST AFRICA LTD,2,3,6
WANPY 85G CAT CHICKN&CRAB POUCH,34,4352.0,BRAND ROYALTY LTD,2,3,6
FLORA JUMBO BATHROOM TISSUE SC WHITE 100M,33,11653.525407166124,AFRICAN COTTON INDUSTRIES LTD,2,3,6
BROOKSIDE 250ML BANANA,46,2525.192536199222,BROOKSIDE DAIRY LIMITED,2,3,6
NUTRAMEAL 1KG YELLOW BEANS,30,7416.000000000001,KAMILI PACKERS LIMITED NORMAL,2,3,6
GOFRUT 250ML APPLE FRUIT DRINK,34,2388.285240148029,EXCEL CHEMICALS LTD,2,3,6
FC 500G (30D) BEEF VIENNA EX - LONG,46,13541.524330755503,FARMERS CHOICE LTD,2,3,6
ARIEL 1KG DETERGENT FRESH FLORAL CLEAN,33,12381.600000000002,HASBAH KENYA LTD P AND G,2,3,6
BIO 90ML STRAWBERRY YOGHURT,45,4228.249655172414,BIO FOOD PRODUCTS LTD,2,3,6
TROP HEAT 100G RICE CAKE BROWN,32,4608.0,TROPICAL HEAT LTD,2,3,6
MAYERS 330ML SPARKLING WATER GLASS BOTT,34,1894.8310895648751,MALACHITE LIMITED,2,3,6
MAYERS 330ML SPARKLING EMPTY BOTTLE,34,408.0,MALACHITE LIMITED,2,3,6
SUNLIGHT 1KG 2IN1 LAVENDER WASHING POWDER,34,9710.400000000001,UNILEVER KENYA LIMITED,2,3,6
FC 400G (14D) FRESH CHICKEN SAUSAGES,45,13247.143367043427,FARMERS CHOICE LTD,2,3,6
PRAZIER 15S YELLOW YORK EGGS,30,9874.34061338967,PRAZIER POULTRIES,2,3,6
LYONS 55ML PASSION FRUIT LOLLY,31,1711.9526949241235,RAZCO LTD,2,3,6
PEARL 2KG PISHORI RICE FORTIFIED,33,26318.5456190469,CAPWELL INDUSTRIES LTD,2,3,6
KOTEX 16S SUPER TAMPONS,33,5193.639751552796,KIM FAY EAST AFRICA LTD,2,3,6
CARTOONS 30G TUTTI FRUTTI CRISPS,33,1454.6200000000001,PROPACK KENYA LTD,2,3,6
SANTA MARIA 400ML COCONUT MILK ORIGINAL,41,2382.513600342686,DEBENHAM AND FEAR LTD,2,3,6
LYONS 100ML CHOC ICE BARS,33,1822.4012558869704,RAZCO LTD,2,3,6
PURE HEALTH 500G HONEY NAT BTL,27,10584.0,WINNIES PURE HEALTH PRODUCTS LIMITED,2,3,6
FRUITVILLE 1L CRANBERRY JUICE,30,2107.310506012967,JETLAK FOODS LTD,2,3,6
KRACKLES 125G TANGY TOMATO,33,1454.6200000000001,PROPACK KENYA LTD,2,3,6
FLORA 4S TOILET ROLLS WHITE,30,10594.11400651466,AFRICAN COTTON INDUSTRIES LTD,2,3,6
OLA 200G MEXICAN CRUNCH TORTILA CHIPS,33,1713.4555712270806,PROPACK KENYA LTD,2,3,6
BROOKSIDE 100ML FRUITNESS MIXED BERRIES CUP,43,4040.327448275863,BROOKSIDE DAIRY LIMITED,2,3,6
VIM 500G LAVENDER FRESH POWDER,29,2320.0,UNILEVER KENYA LIMITED,2,3,6
TROP HEAT 100G PILAU MASALA GRND,26,5928.0,TROPICAL HEAT LTD,2,3,6
BIO 150ML ASSORTED 6S,44,4134.288551724138,BIO FOOD PRODUCTS LTD,2,3,6
SANTA MARIA 400G PENNE RIGATE,30,3981.2727272727275,DEBENHAM AND FEAR LTD,2,3,6
TROP HEAT 45G TEA MASALA,28,3248.0,TROPICAL HEAT LTD,2,3,6
BROOKSIDE 400ML WHIPPING CREAM CUP,43,12132.84500299222,BROOKSIDE DAIRY LIMITED,2,3,6
DAIMA 480ML MILK DRINK STRAWBERRY FLV,39,2140.924106777601,DEVYANI FOOD INDUSTRIES K LIMITED MILK AND YOGHURT,2,3,6
EVERFRESH 1KG GHEE,32,25164.800000000003,BROOKSIDE DAIRY LIMITED,2,3,6
TIC TAC 10.2G STRAWBERRY MIX T1,32,402.5643569719799,HASBAH KENYA LTD,2,3,6
NUVITA 100G 2+1 COOKIES PROMO PACK,26,1429.2518119842125,MJENGO LIMITED,2,3,6
KRACKLES 125G ZINGY SALT & VINEGAR,28,1234.2230303030306,PROPACK KENYA LTD,2,3,6
DELAMERE 450ML LEMON BISCUIT FRUIT YOG CUP,43,4040.327448275863,BROOKSIDE DAIRY LIMITED,2,3,6
TROP HEAT 20G THYME RUBBED,25,1500.0,TROPICAL HEAT LTD,2,3,6
YELLOW DUSTERS 13X15,21,1260.0,SHAMULA LIMITED,2,3,6
OREO 31.3G ENROBED,32,1638.2510390689943,HASBAH KENYA LTD CADBURY,2,3,6
DELAMERE 450ML VANILLA FRUIT YOG CUP,43,4040.327448275863,BROOKSIDE DAIRY LIMITED,2,3,6
BIO 200ML COCONUT YOGHURT NATURAL,43,4040.327448275863,BIO FOOD PRODUCTS LTD,2,3,6
CADBURY 225G DRINKING CHOCOLATE JAR,32,2711.5143029571514,HASBAH KENYA LTD CADBURY,2,3,6
ROYCO 4G 40S CHICKEN CUBES,32,2412.6473947600825,UNILEVER KENYA LIMITED,2,3,6
SUNLIGHT 700G AUTO POWDER LAVENDER,30,7176.000000000001,UNILEVER KENYA LIMITED,2,3,6
KRACKLES 125G TINGLY CHEESE & ONION,32,1410.5406060606063,PROPACK KENYA LTD,2,3,6
PRESTIGE 1KG MARGARINE,29,6368.922364075327,KAPA OIL REFINERIES LTD,2,3,6
TROP HEAT 100G CINNAMON GRND,28,4256.0,TROPICAL HEAT LTD,2,3,6
JAVA 375G KENYA AA MED ROAST GROUND,27,197.384420826046,NAIROBI JAVA HOUSE LTD,2,3,6
LAKI LAKI 100ML GREEK YOGHURT MANGO PASSION,43,4040.327448275863,LAKI LAKI LIMITED,2,3,6
LYONS 300G FROZEN PUFF PASTRY,42,10752.0,RAZCO LTD,2,3,6
GEISHA 200G SOAP YELLOW LEMON N HONEY,31,2703.2000000000003,UNILEVER KENYA LIMITED,2,3,6
MILL BAKERS 150G  LEMON SLICES,31,3273.6000000000004,MILL BAKERS LIMITED,2,3,6
FC 500G (30D) FRESH FRANKFURTERS EX-LONG,42,12364.000475907198,FARMERS CHOICE LTD,2,3,6
ACACIA 200ML KIDS BLUE RASPBERRY,29,2588.032466986018,KEVIAN KENYA LTD,2,3,6
TIC TAC 10.2G MINT T2,31,389.98422081660556,HASBAH KENYA LTD,2,3,6
TIC TAC 10.2G ORANGE T1,28,352.2438123504824,HASBAH KENYA LTD,2,3,6
VIM 1KG LAVENDER FRESH POWDER,30,4440.0,UNILEVER KENYA LIMITED,2,3,6
OLA 200G TORTILLA LIME CRUNCH,27,1401.9181946403387,PROPACK KENYA LTD,2,3,6
ILARA 500ML VANILLA YOGHURT CUP,40,3758.444137931035,BROOKSIDE DAIRY LIMITED,2,3,6
LAKI LAKI 150ML GREEK YOGHURT VANILLA,42,3946.366344827587,LAKI LAKI LIMITED,2,3,6
KENTASTE 400ML COCONUT CREAM,38,2208.1833369029773,CHANDARIA INDUSTRIES  LTD KENTASTE,2,3,6
KETEPA 100S TEA BAGS UNTAGGED CATERING,20,1999.3353695784972,KENYA TEA PACKERS KETEPA,2,3,6
PEP 700G TOMATO SAUCE L/S,31,4464.0,PREMIER FOODS  LIMITED,2,3,6
FC 200G (14D) BEEF CHIPOLATAS,36,10597.714693634742,FARMERS CHOICE LTD,2,3,6
BROOKSIDE 250ML COFFEE,39,2140.924106777601,BROOKSIDE DAIRY LIMITED,2,3,6
NATURALLI 100G CHIA SEEDS,30,4776.000000000001,HEALTHY U TWO THOUSAND LTD,2,3,6
PROLITE 8S TROPICAL STD CANDLES WHT BOX,23,3128.0,SUPERSLEEK LIMITED,2,3,6
BIO 150ML TROPICAL MX YOGHURT,41,3852.405241379311,BIO FOOD PRODUCTS LTD,2,3,6
DELAMERE 150ML VANILLA FRUIT YOG CUP,40,3758.444137931035,BROOKSIDE DAIRY LIMITED,2,3,6
BROOKSIDE 1LT VANILLA YOG TR,41,3852.405241379311,BROOKSIDE DAIRY LIMITED,2,3,6
PRESTIGE 500G ORIGINAL MARGARINE,30,6588.540376629649,KAPA OIL REFINERIES LTD,2,3,6
BIO 90ML MANGO YOGHURT,41,3852.405241379311,BIO FOOD PRODUCTS LTD,2,3,6
OMO 1KG FAST ACTION HANDWASHING POWDER,30,9504.0,UNILEVER KENYA LIMITED,2,3,6
ZESTA 720G HOT & SWEET SAUCE,23,3477.6000000000004,TRUFOODS LIMITED T F,2,3,6
SANTA MARIA 400G SPAGHETTI,30,3981.2727272727275,DEBENHAM AND FEAR LTD,2,3,6
DELAMERE 150ML LEMON BISCUIT FRUIT YOG CUP,38,3570.5219310344833,BROOKSIDE DAIRY LIMITED,2,3,6
EVEREADY 4S AA RED 1015BP4,30,5280.0,HASBAH KENYA LTD,2,3,6
KOTEX DUO NORMAL ULTRA THIN PADS 16S,27,4249.341614906833,KIM FAY EAST AFRICA LTD,2,3,6
KNORR 4G 40S RICH MEATY SEASONING CUBES,27,2035.6712393288196,UNILEVER KENYA LIMITED,2,3,6
LYONS 55ML REAL ORANGE LOLLY,25,1380.6070120355835,RAZCO LTD,2,3,6
SNAPP 330ML CAN,28,5139.511399143028,UDV KENYA LIMITED,2,3,6
NESCAFE 50G CLASSIC JAR,23,168.14228440737253,NESTLE KENYA LTD,2,3,6
ALWAYS 14S MAXI THICK ROX LITE DUO,30,4721.490683229815,HASBAH KENYA LTD P AND G,2,3,6
ZESTA 700ML WHITE VINEGAR,26,1768.0,TRUFOODS LIMITED T F,2,3,6
JIK BLEACH 250ML REGULAR,30,4056.0000000000005,TOWFIQ  K  LIMITED HQ,2,3,6
BROOKSIDE 100ML FRUITNESS VANILLA CUP,40,3758.444137931035,BROOKSIDE DAIRY LIMITED,2,3,6
VELVEX KITCHEN TOWEL PRINTED TWIN PACK,29,8816.0,CHANDARIA INDUSTRIES  LTD,2,3,6
BIO 1LT GREEK YOGHURT NATURE PLAIN,40,3758.444137931035,BIO FOOD PRODUCTS LTD,2,3,6
LAKI LAKI 150ML GREEK YOGHURT P/APPLE COCONUT,40,3758.444137931035,LAKI LAKI LIMITED,2,3,6
BIO ACTIVE 350ML YUZU APPLE N LEMON YOG DRINK,37,3476.5608275862073,BIO FOOD PRODUCTS LTD,2,3,6
CLOVERS 100G BICARBONATE OF SODA JAR,21,413.5888579387188,TRI CLOVER INDUSTRIES LTD,2,3,6
TROP HEAT 20G MIXED HERBS JAR,26,1872.0,TROPICAL HEAT LTD,2,3,6
FIESTA TOILET ROLLS WHITE 10S,29,10240.97687296417,AFRICAN COTTON INDUSTRIES LTD,2,3,6
ILARA 250ML VANILLA YOGHURT CUP,38,3570.5219310344833,BROOKSIDE DAIRY LIMITED,2,3,6
FC 250G (30D) FRESH PORK FRANKFURTERS,36,10597.714693634742,FARMERS CHOICE LTD,2,3,6
TROPNUTS 50G FRIED PEAS,28,1433.6000000000001,TROPICAL HEAT LTD,2,3,6
AQUAMIST 500ML MANGO FLAVOURED WATER,27,1504.7188064191655,AQUAMIST LIMITED,2,3,6
CADBURY 150G MILK CHOCOLATE,27,3608.843319838057,HASBAH KENYA LTD CADBURY,2,3,6
MILL BAKERS 290G RICH CAKE,26,2745.6000000000004,MILL BAKERS LIMITED,2,3,6
MANJI 1KG JAR DIGESTIVE BISCUIT,28,1539.1942590599213,MANJI FOOD INDUSTRIES LTD,2,3,6
ENIGMA 80ML MINI WHITE,27,1491.0555729984303,RAZCO LTD,2,3,6
KETTLE 40G SOUR CREAM & CHIVE CHIPS,23,644.0,PROPACK KENYA LTD,2,3,6
FESTIVE 200G HALF POUNDCAKE SLICED BLUEBERRY,24,2534.4,DPL FESTIVE  LIMITED,2,3,6
JAVA 300G MACADAMIA NUT COOKIES,27,1484.2230355220668,NAIROBI JAVA HOUSE LTD,2,3,6
KERICHO GOLD PURE HIBISCUS TEA 20S,24,5088.0,GOLD CROWN BEVERAGES K LTD,2,3,6
FESTIVE 400G POUNDCAKE SLICED CHOCOLATE,27,2851.2000000000003,DPL FESTIVE  LIMITED,2,3,6
PEPSI REGULAR 2LT PET,23,1223.376957937903,SBC KENYA LIMITED,2,3,6
BLUE BAND 100G ORIGINAL,24,5270.832301303719,SUPER SAVERS DISTRIBUTION LTD,2,3,6
CHOICE 1KG BEEF SAUSAGES VALUE PK,38,11186.476621058893,CHOICE MEATS BEEF PLANT,2,3,6
MILL BAKERS 200G DAZ BANANA FLAVOUR,28,2956.8,MILL BAKERS LIMITED,2,3,6
FC 500G (30D) DANISH PORK HOTDOGS,38,11186.476621058893,FARMERS CHOICE LTD,2,3,6
GOFRUT 1LT MULTI FRUIT DRINK,28,1966.8231389454359,EXCEL CHEMICALS LTD,2,3,6
DAAWAT 1KG LONG GRAIN RICE,25,19938.292135641594,MJENGO LIMITED,2,3,6
MAYERS 18.9L EMPTY BOTTLE,23,276.0,MALACHITE LIMITED,2,3,6
CHOICE 500G MEATY BEEF SAUSAGES,38,11186.476621058893,CHOICE MEATS BEEF PLANT,2,3,6
VIM 1KG LEMON FRESH POWDER,28,4144.0,UNILEVER KENYA LIMITED,2,3,6
BIO 500ML MAZIWA LALA NATURE PLAIN,35,3288.638620689656,BIO FOOD PRODUCTS LTD,2,3,6
LAKI LAKI 100ML GREEK YOGHURT RASPBERRY,37,3476.5608275862073,LAKI LAKI LIMITED,2,3,6
VEGANY 500G TOFU EXTRA FIRM PLAIN,28,7817.599999999999,VEGAN WORLD LIMITED,2,3,6
JAVA 400G CRISPY CRUNCHY GRANOLA,27,15076.8,NAIROBI JAVA HOUSE LTD,2,3,6
MOLPED PURE&SOFT EX LONG 14S,23,3619.8095238095243,HAYAT KIMYA  K  H PRODUCTS LTD,2,3,6
GOFRUT 1LT ORANGE FRUIT DRINK,27,1896.57945541167,EXCEL CHEMICALS LTD,2,3,6
PRIDE 5LT LEMON LIQ DETERGENT,24,16089.600000000002,CANON CHEMICALS LTD,2,3,6
REAL KIENYEJI EGGS 6PK,26,8557.761864937715,NDUMUNYA INVESTMENT SOLUTION,2,3,6
MARIE 75GM CLASSIC BISCUITS,26,1429.2518119842125,MANJI FOOD INDUSTRIES LTD,2,3,6
FITCH&LEEDED 200ML CAN INDIAN TONIC,22,3556.7500863787377,SLATER AND WHITTAKER LTD,2,3,6
MANYATTA 300ML P/APPLE&MINT CIDER,25,4588.849463520561,KENYA BREWERIES LTD,2,3,6
BUTTERFLY 1KG GREEN GRAM MUNG,27,5594.400000000001,SPICE WORLD LTD,2,3,6
CLUB SODA 500ML PINEAPPLE,20,1063.806050380785,HIGHLANDS DRINKS LIMITED,2,3,6
TROP HEAT 100G TURMERIC GRND JAR,27,4104.0,TROPICAL HEAT LTD,2,3,6
SIRIMON 250G PANEER CHEESE,24,9581.24640919914,MORANI LIMITED,2,3,6
CIL 5KG RICE PISHORI,27,21533.35550649292,CAPWELL INDUSTRIES LTD,2,3,6
SUNLIGHT 750ML LEMON D/WASHING LIQUID,27,6242.400000000001,UNILEVER KENYA LIMITED,2,3,6
FC 200G (30D) FRESH COUNTRY HAM,35,10303.333729922666,FARMERS CHOICE LTD,2,3,6
RINGOZ 75G BARBEQUE CORN,22,969.7466666666668,NORDA INDUSTRIES LTD.,2,3,6
WEETABIX 6PACK 112GM,27,2160.0,WEETABIX EAST AFRICA LTD HQ,2,3,6
ROSY TOILET ROLL 4PACK,27,9534.702605863193,CHANDARIA INDUSTRIES  LTD,2,3,6
KERICHO GOLD SPICED TEA 20S,24,2399.202443494197,GOLD CROWN BEVERAGES K LTD,2,3,6
BROOKSIDE 150ML FRUITNESS SBERRY CUP,31,2912.794206896552,BROOKSIDE DAIRY LIMITED,2,3,6
BROOKSIDE 250ML CHOC 6PK,34,1866.4466571907292,BROOKSIDE DAIRY LIMITED,2,3,6
FC 400G (14D) FRESH BEEF BURGER,36,10597.714693634742,FARMERS CHOICE LTD,2,3,6
BROOKSIDE 250ML BUBBLE GUM,32,1756.6556773559805,BROOKSIDE DAIRY LIMITED,2,3,6
QIKDRI EMBOSSED HAND PAPER TOWEL,26,2416.864242741303,CHANDARIA INDUSTRIES  LTD,2,3,6
KERICHO GOLD 25S ENVELOPED TEA BAGS,26,2599.1359804520466,GOLD CROWN BEVERAGES K LTD,2,3,6
TIC TAC 10.2G CITRUS MIX,22,276.7629954182362,HASBAH KENYA LTD,2,3,6
BROOKSIDE 200ML WHIPPING CREAM,35,9875.571514063437,BROOKSIDE DAIRY LIMITED,2,3,6
KANE EXTRA GOLDEN SPIRIT 250ML GLASS PK,26,5271.737704918033,UDV KENYA LIMITED,2,3,6
BIO 90ML TROPICAL MIX YOGHURT,32,3006.755310344828,BIO FOOD PRODUCTS LTD,2,3,6
KAWAN 400G FLAKEY PARATHA,30,9000.0,CRYSTAL FROZEN AND CHILLED FOODS LTD,2,3,6
TROP HEAT 100G GINGER GRND JAR,22,4048.0,TROPICAL HEAT LTD,2,3,6
DAIMA 250ML NATURAL PROBIOTIC CUP,35,3288.638620689656,DEVYANI FOOD INDUSTRIES K LIMITED MILK AND YOGHURT,2,3,6
MAYERS 750ML GLASS STILL WATER,26,1448.9884802554927,MALACHITE LIMITED,2,3,6
MAYERS 750ML GLASS STILL EMPTY BOTTLE,26,312.0,MALACHITE LIMITED,2,3,6
TIC TAC 10.2G SPEARMINT T1,24,301.9232677289849,HASBAH KENYA LTD,2,3,6
BUTTERFLY 1KG CHICK PEAS KABULI CHANA,24,8448.0,SPICE WORLD LTD,2,3,6
FC 2KG (7M) PET FOOD BEEFO,26,8216.0,FARMERS CHOICE LTD,2,3,6
MONSTER 500ML THE DOCTOR,22,2843.1461866414024,COCA COLA BEVERAGES KENYA LTD,2,3,6
MANJI 100G THE REAL DIGESTIVE,22,1209.3669178327953,MANJI FOOD INDUSTRIES LTD,2,3,6
LAKI LAKI 100ML GREEK YOGHURT BLUEBERRY,34,3194.67751724138,LAKI LAKI LIMITED,2,3,6
VIM 1KG SCOURER LEMON+1KG LVR,25,6980.0,UNILEVER KENYA LIMITED,2,3,6
KOTEX 16S REGULAR TAMPONS,23,3619.8095238095243,KIM FAY EAST AFRICA LTD,2,3,6
TROPNUTS 50G MASALA BHAJIA PEANUTS,20,1024.0,TROPICAL HEAT LTD,2,3,6
FRUSION 150ML MANGO & PEACH YOGURHT,29,2724.8720000000003,RAZCO LTD,2,3,6
BROOKSIDE 150ML FRUITNESS VANILLA CUP,28,2630.9108965517244,BROOKSIDE DAIRY LIMITED,2,3,6
LAKI LAKI 100ML GREEK YOGHURT STRAWBERRY,31,2912.794206896552,LAKI LAKI LIMITED,2,3,6
SIRIMON 500G EVERYDAY CHEESE,20,7984.372007665951,MORANI LIMITED,2,3,6
REAL KIENYEJI EGGS 15PK,25,8228.617177824724,NDUMUNYA INVESTMENT SOLUTION,2,3,6
GORDONS PINK & TONIC 330ML,25,4041.7614617940203,UDV KENYA LIMITED,2,3,6
OLA 200G CHEESE CRUNCH TORTILA CHIPS,22,1142.303714151387,PROPACK KENYA LTD,2,3,6
BIO 90ML YOGHURT ORANGE BISCUITS,34,3194.67751724138,BIO FOOD PRODUCTS LTD,2,3,6
KERICHO GOLD SWEET CAMOMILE 20S,22,4664.0,GOLD CROWN BEVERAGES K LTD,2,3,6
ARIEL 1KG DETERGENT FRESH SPRING CLEAN,24,9177.6,HASBAH KENYA LTD P AND G,2,3,6
GOFRUT 250ML LEMON MINT MOJITO FRUIT DRINK,25,1756.092088344139,EXCEL CHEMICALS LTD,2,3,6
BUTTERFLY 1KG BLACK BEANS,22,5033.6,SPICE WORLD LTD,2,3,6
TENA 2S PREMIUM KITCHEN TOWEL PINK,19,5852.0,AFRICAN COTTON INDUSTRIES LTD,2,3,6
MAGNUM 110ML ALMOND STICK,20,1104.4856096284668,CRYSTAL FROZEN AND CHILLED FOODS LTD,2,3,6
VIM 500G LEMON FRESH POWDER,24,1920.0,UNILEVER KENYA LIMITED,2,3,6
SAFISHA 3PK SPONGE CLOTH,25,3480.0000000000005,SUNDRIES BARGAIN NAIROBI LTD,2,3,6
WANPY 375G CANNED DOG FOOD CHICKEN,22,3643.2000000000007,BRAND ROYALTY LTD,2,3,6
WANPY 85G CAT CHICKN&SHRIMP POUCH,23,2944.0,BRAND ROYALTY LTD,2,3,6
KABARNET 10LT MINERAL WATER,23,1281.7975017644744,KHETIA DRAPERS LTD,2,3,6
DOVE 135G BS BAR ORIGINAL,23,6053.599999999999,KIM FAY EAST AFRICA LTD DOVE,2,3,6
TROP HEAT 340G CHEVDA ORIGINAL,21,1042.905962264151,TROPICAL HEAT LTD,2,3,6
LAKI LAKI 450ML GREEK YOGHURT NATURAL,33,3100.716413793104,LAKI LAKI LIMITED,2,3,6
OREO 55.2G CHOCOLATE CREME FLAVOURED,24,1319.309364908504,HASBAH KENYA LTD CADBURY,2,3,6
DROSTDY-HOF 750ML PREM. GRAND CRU,19,17616.8,KENYA WINE AGENCIES KWAL,2,3,6
FC 1KG (14D) SPICY PORK VALUE PACK  SAUSAGES,33,9714.571802498513,FARMERS CHOICE LTD,2,3,6
WRIGLEYS ORBIT 20S MIX FRUIT BOTTLE,23,491.24189136381403,RADBONE CLARK LIMITED MARS,2,3,6
EVEREST CLUB SODA 350ML,24,1276.5672604569422,SBC KENYA LIMITED,2,3,6
EVEREST CLUB SODA 350ML EMPTY BOTTLE,24,288.0,SBC KENYA LIMITED,2,3,6
KERICHO GOLD GREEN TEA 20S,19,5244.0,GOLD CROWN BEVERAGES K LTD,2,3,6
ILARA 150ML VANILLA YOGHURT CUP,33,3100.716413793104,BROOKSIDE DAIRY LIMITED,2,3,6
GEISHA 200G SOAP TRADITIONAL BLACK,22,2376.0,UNILEVER KENYA LIMITED,2,3,6
ILARA 250ML STRAWBERRY YOGHURT CUP,29,2724.8720000000003,BROOKSIDE DAIRY LIMITED,2,3,6
VELVEX 30CMX30M CLING FILM,22,2816.0,CHANDARIA INDUSTRIES  LTD,2,3,6
KERICHO GOLD 50S TEA BAGS TAGGED,19,1899.3686010995723,GOLD CROWN BEVERAGES K LTD,2,3,6
GOFRUT 250ML MULTI FRUIT DRINK,20,1404.8736706753111,EXCEL CHEMICALS LTD,2,3,6
BIO 150ML YOGHURT ORANGE BISCUITS,33,3100.716413793104,BIO FOOD PRODUCTS LTD,2,3,6
KAWAN 400G PUFF PASTRY,27,8532.0,CRYSTAL FROZEN AND CHILLED FOODS LTD,2,3,6
SUNLIGHT 1KG+400G POWDER PINK,20,7184.000000000001,UNILEVER KENYA LIMITED,2,3,6
ENIGMA 80ML MINI DARK,21,1159.7098901098902,RAZCO LTD,2,3,6
GOFRUT 250ML MANGO FRUIT DRINK,24,1685.8484048103735,EXCEL CHEMICALS LTD,2,3,6
TENA 2S KITCHEN ROLLS,24,6912.0,AFRICAN COTTON INDUSTRIES LTD,2,3,6
AQUAMIST 500ML PEACH ICE TEA,18,1606.3649795085628,AQUAMIST LIMITED,2,3,6
CLUB SODA 500ML COLA,24,1276.5672604569422,HIGHLANDS DRINKS LIMITED,2,3,6
TROP HEAT 100G B/PEPPER GRND,22,6864.0,TROPICAL HEAT LTD,2,3,6
HANAN TWIN KITCHEN TOWELS,20,6160.0,ZENKO KENYA LIMITED,2,3,6
PRAZIER 6S KIENYEJI EGGS,18,5924.6043680338025,PRAZIER POULTRIES,2,3,6
OMO 1KG FAST ACTION BANDED 400G,22,8606.400000000001,UNILEVER KENYA LIMITED,2,3,6
THE WAR HORSE 750ML SHIRAZ,18,15768.0,CRYSTAL FR  AND CHILLED FOODS LTD WINE SR,2,3,6
DL 150G YOGHURT PINEAPPLE COCONUT,28,2630.9108965517244,GLACIER PRODUCTS LTD 2ND,2,3,6
FC 250G (30D) FRESH BEEF VIENNAS,32,9420.190838786437,FARMERS CHOICE LTD,2,3,6
TROP HEAT 100G CHICKEN MASALA,19,2128.0,TROPICAL HEAT LTD,2,3,6
VEGANY 400G TOFU EXTRA FIRM SALT&PEPPER,21,5863.2,VEGAN WORLD LIMITED,2,3,6
KCC 500ML VANILLA YOG CUP (202),32,3006.755310344828,NEW KENYA COOP CREAMERIES  LTD,2,3,6
MAGNUM 110ML CLASSIC STICK,18,994.0370486656202,CRYSTAL FROZEN AND CHILLED FOODS LTD,2,3,6
CHROME 750ML VODKA,20,4055.1828499369485,UDV KENYA LIMITED,2,3,6
KAPUTEI 180G BASIL PESTO,17,5426.400000000001,KAPUTEI FARM P LIMITED,2,3,6
JAMAA 800G BAR SOAP WHITE,23,2162.9736077475322,KAPA OIL REFINERIES LTD,2,3,6
BIO 450ML VANILLA YOGHURT,26,2442.988689655173,BIO FOOD PRODUCTS LTD,2,3,6
AQUAMIST 500ML APPLE FLAVOURED WATER,23,1281.7975017644744,AQUAMIST LIMITED,2,3,6
EVERFRESH 500G GHEE,17,7520.8,BROOKSIDE DAIRY LIMITED,2,3,6
HARPIC 500ML POWER PLUS ORIGINAL,18,8625.6,TOWFIQ  K  LIMITED HQ,2,3,6
VEGANY 400G TOFU EXTRA FIRM GARLIC&HERB,18,5025.599999999999,VEGAN WORLD LIMITED,2,3,6
SUNLIGHT 1KG+400G POWDER LAVENDER,21,7560.0,UNILEVER KENYA LIMITED,2,3,6
CADBURY 80G DAIRY MILK CRUNCHIE,20,2673.2172739541165,HASBAH KENYA LTD CADBURY,2,3,6
SESIA 1KG HONEY JAR,16,10176.0,SESIA LIMITED,2,3,6
SIRIMON 500G CHEDDAR CHEESE,23,9182.027808815843,MORANI LIMITED,2,3,6
KCC 500ML NATURAL YOG CUP (220),29,2724.8720000000003,NEW KENYA COOP CREAMERIES  LTD,2,3,6
BUTTERFLY 1KG MASOOR WHOLE(KAMANDE),23,8464.0,SPICE WORLD LTD,2,3,6
VELVEX SNOW WHITE 4 PACK,23,8122.154071661238,CHANDARIA INDUSTRIES  LTD,2,3,6
CLUB SODA 500ML LEMON N LIME,22,1170.1866554188637,HIGHLANDS DRINKS LIMITED,2,3,6
BIO 200ML COCONUT YOGHURT MANGO,28,2630.9108965517244,BIO FOOD PRODUCTS LTD,2,3,6
CIL 1KG RICE PISHORI,21,16748.165393938936,CAPWELL INDUSTRIES LTD,2,3,6
TENA 3PLY QUILTED 9PK TOILET PAPER,23,8122.154071661238,AFRICAN COTTON INDUSTRIES LTD,2,3,6
KAWAN 400G PLAIN PARANTHA,26,7488.0,CRYSTAL FROZEN AND CHILLED FOODS LTD,2,3,6
BOOCH 300ML BLUEBERRY GINGER DRINK,20,1784.8499772317364,HOUSE OF BOOCH LIMITED,2,3,6
CELINE TOILET ROLLS 10PACK,22,7769.01693811075,JUBILEE TISSUE INDUSTRIES LTD,2,3,6
AQUAMIST 500ML 6PK MINERAL WATER,22,1226.0671756008016,AQUAMIST LIMITED,2,3,6
SIMPLIFINE 1KG FROZEN FRENCH FRIES,16,7616.0,BIGCOLD KENYA SIMPLIFINE FROZEN AND CHILLED,2,3,6
BROOKSIDE 200ML DISNEY STRAWBRRY FLV MILK,30,1646.8646975212318,BROOKSIDE DAIRY LIMITED,2,3,6
IL 150G 3PK CLASSIC BATH SOAP,21,5846.400000000001,P Z CUSSONS EAST AFRICA  LTD HQ,2,3,6
ORCHID VALLEY 1L TROPICAL DELIGHT,22,1545.3610377428424,PREMIER FOODS  LIMITED,2,3,6
CHOICE 500G HALAL MINCED BEEF,27,7948.286020226056,CHOICE MEATS BEEF PLANT,2,3,6
KERICHO GOLD 500G PREMIUM TEA JAR,22,2199.268906536347,GOLD CROWN BEVERAGES K LTD,2,3,6
STIMOROL 27G 14S INFINITY TROPICAL,22,469.8835482610395,HASBAH KENYA LTD CADBURY,2,3,6
KERINGET 1LT 6PK MINERAL WATER,22,1226.0671756008016,COCA COLA BEVERAGES KENYA LTD,2,3,6
BROOKSIDE 150ML DISNEY DF STRWBRRY YOG,25,2349.027586206897,BROOKSIDE DAIRY LIMITED,2,3,6
SIRIMON 250G HALLOUMI CHEESE,21,8383.590608049248,MORANI LIMITED,2,3,6
MC 330G REAL  MAYONNAISE,21,7207.200000000001,BIO FOOD PRODUCTS LTD,2,3,6
LIVELLE KITCHEN TOWEL PINK TWINPACK,17,5154.4,JUBILEE TISSUE INDUSTRIES LTD,2,3,6
WANPY 375G DOG FOOD CHICN&LIVER,21,3477.6000000000004,BRAND ROYALTY LTD,2,3,6
BROOKSIDE 200ML DISNEY CHOCOLATE FLV MILK,25,1372.3872479343597,BROOKSIDE DAIRY LIMITED,2,3,6
MILL BAKERS 200G DAZ HONEY FLAVOUR,22,2323.2000000000003,MILL BAKERS LIMITED,2,3,6
LIVELLE KITCHEN TOWEL 2PACK,21,6451.200000000001,JUBILEE TISSUE INDUSTRIES LTD,2,3,6
CHAIN KWO 150G SOY SAUCE DARK SUPERIOR,16,2112.0,ROSHNI DIST LTD  R D,2,3,6
SANTA MARIA 400G FUSILLI,18,2388.7636363636366,DEBENHAM AND FEAR LTD,2,3,6
ILARA 500ML FOREST BERRY CUP YOG,29,2724.8720000000003,BROOKSIDE DAIRY LIMITED,2,3,6
GOFRUT 1LT MANGO FRUIT DRINK,21,1475.117354209077,EXCEL CHEMICALS LTD,2,3,6
PRIDE 1LT LEMON LIQ DETERGENT,20,3832.0000000000005,CANON CHEMICALS LTD,2,3,6
CLOVERS 700ML WHITE VINEGAR,20,1392.0000000000002,TRI CLOVER INDUSTRIES LTD,2,3,6
FC 400G (14D) FRESH SPICY PORK SAUSAGES,29,8537.047947650208,FARMERS CHOICE LTD,2,3,6
TROP HEAT 150G CHEVDA ORIGINAL,20,993.2437735849056,TROPICAL HEAT LTD,2,3,6
TROP HEAT 100G GARLIC POWDER,21,4200.0,TROPICAL HEAT LTD,2,3,6
KOTEX 40S PANTYLINERS VP,22,3462.4265010351974,KIM FAY EAST AFRICA LTD,2,3,6
BLOOM 9S 3PLY LUXURY TOILET ROLLS,20,7062.7426710097725,PROPACK KENYA LTD,2,3,6
LYONS 1LT VANILLA TUB,17,938.8127681841968,RAZCO LTD,2,3,6
MILL BAKERS 500G QUEEN CAKES 12S,16,1689.6000000000001,MILL BAKERS LIMITED,2,3,6
TOP CHEF 1KG SALT,21,693.9471304347826,KAMILI PACKERS LIMITED NORMAL,2,3,6
ENIGMA 80ML MINI CLASSIC,20,1104.4856096284668,RAZCO LTD,2,3,6
ENIGMA 110ML STD CLASSIC,14,773.1399267399268,RAZCO LTD,2,3,6
BIO 350ML ACTIVE POWER YOGHURT DRINK NATURE,27,2536.949793103449,BIO FOOD PRODUCTS LTD,2,3,6
TROP HEAT 45G GINGER GRND,16,1472.0,TROPICAL HEAT LTD,2,3,6
SUNLIGHT 3.5KG LAVENDER WASHING POWDER,19,18148.8,UNILEVER KENYA LIMITED,2,3,6
BIO 90ML STRAWBERRY YOGHURT 4S,24,2255.066482758621,BIO FOOD PRODUCTS LTD,2,3,6
WANPY 375G DOG FOOD CHICKN&VEG,19,3146.4000000000005,BRAND ROYALTY LTD,2,3,6
ASTONISH 1LT JASMIN WBERRY FLOOR CLEANER,18,11448.0,SPARKLE BRANDS LIMITED,2,3,6
DELAMERE 450ML STRAWBERRY FRUIT YOG CUP,25,2349.027586206897,BROOKSIDE DAIRY LIMITED,2,3,6
BUTTERFLY 1KG MASOOR DAL,21,7879.200000000001,SPICE WORLD LTD,2,3,6
FC 200G (30D) POLONY,21,6182.000237953599,FARMERS CHOICE LTD,2,3,6
CADBURY 80G BOURNVILLE CHOCOLATE,17,2272.234682860999,HASBAH KENYA LTD CADBURY,2,3,6
KRACKLES 125G BARBQUE,16,705.2703030303031,PROPACK KENYA LTD,2,3,6
DAIMA 150ML NATURAL PROBIOTIC CUP,26,2442.988689655173,DEVYANI FOOD INDUSTRIES K LIMITED MILK AND YOGHURT,2,3,6
CHOICE 400G HALAL BEEF BURGER,22,6476.381201665676,CHOICE MEATS BEEF PLANT,2,3,6
DAIMA 500ML VANILLA YOG CUP,23,2161.105379310345,DEVYANI FOOD INDUSTRIES K LIMITED MILK AND YOGHURT,2,3,6
DELAMERE 150ML SBERRY FRUIT YOG CUP,26,2442.988689655173,BROOKSIDE DAIRY LIMITED,2,3,6
OLA 200G COOL CRUNCH TORTILA CHIPS,15,778.8434414668549,PROPACK KENYA LTD,2,3,6
KERICHO GOLD 50S TEA BAGS ENVELOPE,18,1799.4018326206476,GOLD CROWN BEVERAGES K LTD,2,3,6
SLIM CLOTH PEGS 12PK,15,468.00000000000006,JEVANS ENTERPRISES,2,3,6
DAIMA 150G VANILLA YOGHURT CUP,23,2161.105379310345,DEVYANI FOOD INDUSTRIES K LIMITED MILK AND YOGHURT,2,3,6
KERICHO GOLD PURE PEPPERMINT 20S,19,4028.0,GOLD CROWN BEVERAGES K LTD,2,3,6
TROP HEAT 100G CUMINSEEDS GRND,20,4160.0,TROPICAL HEAT LTD,2,3,6
FC 200G (30D) BACK BACON,26,7653.90505651398,FARMERS CHOICE LTD,2,3,6
DL 56G DIP A SNACK,16,2138.573819163293,GLACIER PRODUCTS LTD 2ND,2,3,6
SANTA MARIA 400G BLACK BEANS IN BRINE,17,2263.4386051786055,DEBENHAM AND FEAR LTD,2,3,6
ZINGER STAINLESS NAIL CLIPPER,16,2112.0,JEVANS ENTERPRISES,2,3,6
WANPY 100G CHICKEN SKEWERS #CD-02H,18,5644.8,BRAND ROYALTY LTD,2,3,6
GEISHA 200G SOAP GREEN ALOE N HONEY,15,1308.0,UNILEVER KENYA LIMITED,2,3,6
HARIBO 150G PINK & WHITE CHAMALLOWS HALAL,15,188.7020423306156,ROSHNI DIST LTD  R D,2,3,6
ZESTA 100G  BI-CARBONATE OF SODA (TIN),20,393.8941504178274,TRUFOODS LIMITED T F,2,3,6
USHINDI 175G WHITE SOAP,18,1692.7619538893732,PWANI OIL PRODUCTS LTD.,2,3,6
TROP HEAT 70G POTATO MASALA STICKS,18,793.429090909091,TROPICAL HEAT LTD,2,3,6
DAIMA 150ML SBERRY  YOGHURT CUP,22,2067.144275862069,DEVYANI FOOD INDUSTRIES K LIMITED MILK AND YOGHURT,2,3,6
KITCHEN TOWEL DRAWBOX 12X12,12,1046.4,SHAMULA LIMITED,2,3,6
DOWNY 900ML POUCH LAVENDER CALM,18,10051.199999999999,HASBAH KENYA LTD P AND G,2,3,6
LAKI LAKI 250ML APPLE GINGER SMOOTHIE,21,1973.1831724137935,LAKI LAKI LIMITED,2,3,6
CIL 1KG RICE BROWN,19,15153.10202308761,CAPWELL INDUSTRIES LTD,2,3,6
FRESHA 500ML VANILLA CUP YOG,22,2067.144275862069,GITHUNGURI DAIRY FARMERS,2,3,6
JIK 750ML REGULAR 2+1,18,12369.6,TOWFIQ  K  LIMITED HQ,2,3,6
MHARVEST 500G BAG SUPERFAST OATS,16,3187.2000000000003,HEALTHY U TWO THOUSAND LTD,2,3,6
USHINDI 800G CREAM MULTI-PURPOSE SOAP,20,1880.8466154326368,PWANI OIL PRODUCTS LTD.,2,3,6
LAKI LAKI 250ML BANANA STRAWBERRY SMOOTHIE,22,2067.144275862069,LAKI LAKI LIMITED,2,3,6
TROP HEAT 75G CHILLI FLAKES,20,2320.0,TROPICAL HEAT LTD,2,3,6
MAGIC 300ML ENERGY DRINK LEMON,16,2067.742681193747,KHETIA DRAPERS LTD,2,3,6
BLUE BUBBLE 4X50G OCEAN FRESH BLUE BLOCK,14,3864.0,BLUEMART PRODUCTS E A LTD,2,3,6
TROP HEAT 100G CRISPS TOMATO,20,881.5878787878789,TROPICAL HEAT LTD,2,3,6
BROWNS 250G HALLOUMI CHEESE,15,5988.279005749463,SUNPOWER PRODUCTS LTD,2,3,6
WHITEWASH 800G WHITE BAR SOAP,19,1786.8042846610049,PWANI OIL PRODUCTS LTD.,2,3,6
DL 1L VANILLA ICECREAM,18,994.0370486656202,GLACIER PRODUCTS LTD G P,2,3,6
OLA 200G LIGHTLY SALTED TORTILA CHIPS,17,882.6892336624354,PROPACK KENYA LTD,2,3,6
FESTIVE 200G HALF POUNDCAKE SLICED CHOCOLATE,14,1478.4,DPL FESTIVE  LIMITED,2,3,6
DELAMERE 100ML PEAR CARAMEL FRUIT YOG CUP,24,2255.066482758621,BROOKSIDE DAIRY LIMITED,2,3,6
SIRIMON 200G MATURE CHEDDAR,16,6387.497606132761,MORANI LIMITED,2,3,6
ENERGIZER AA BATTERY 2PK E91,14,4872.0,HASBAH KENYA LTD,2,3,6
ILARA 250ML FOREST BERRY CUP YOG,22,2067.144275862069,BROOKSIDE DAIRY LIMITED,2,3,6
CHAINKWO 623ML DARK SOY SAUCE,15,4650.0,ROSHNI DIST LTD  R D,2,3,6
IL 125G CLASSIC BATH SOAP SP331,19,1352.8,P Z CUSSONS EAST AFRICA  LTD HQ,2,3,6
LAKI LAKI 250ML PINEAPPLE PASSION SMOOTHIE,25,2349.027586206897,LAKI LAKI LIMITED,2,3,6
BIO 90ML YOGHURT GUAVA/MORINGA,24,2255.066482758621,BIO FOOD PRODUCTS LTD,2,3,6
BOOCH 300ML RASPBERRY DRINK,19,1695.6074783701497,HOUSE OF BOOCH LIMITED,2,3,6
M&M 45G PEANUT CHOCOLATE,18,2405.8955465587046,RADBONE CLARK LIMITED MARS,2,3,6
MF 400G ORIGINAL FRESH DISHWASHING PASTE,17,3536.0,P Z CUSSONS EAST AFRICA  LTD HQ,2,3,6
FC 200G (30D) FRESH SANDWICH BEEF,21,6182.000237953599,FARMERS CHOICE LTD,2,3,6
DELAMERE 3LTR VANILLA YOGHURT,20,1879.2220689655176,BROOKSIDE DAIRY LIMITED,2,3,6
NIVEA 50ML IBNW MEN ROLL ON,14,5824.0,BEIERSDORF EAST AFRICA LTD HQ,2,3,6
CLUB SODA 500ML TANGAWIZI,19,1010.6157478617458,HIGHLANDS DRINKS LIMITED,2,3,6
GREEN FARM 20PK Y/YORK EGGS,18,5924.6043680338025,GREEN FARM POULTRY,2,3,6
SNAPPY TOM 85G POUCH CAT FOOD BEEF & VEG,19,2894.9142150803473,MERIT AFRICA LTD,2,3,6
KENYA CANE 350ML,14,2838.627994955864,UDV KENYA LIMITED,2,3,6
KELLOGGS 450G CORNFLAKES,16,10931.2,HASBAH KENYA LTD,2,3,6
AQUAMIST 500ML PINEAPPLE FLAVOURED WATER,18,1003.1458709461103,AQUAMIST LIMITED,2,3,6
LU 129.6G BISCUITS WHEATABLE  HIGH FIBRE FP,18,989.4820236813779,HASBAH KENYA LTD CADBURY,2,3,6
KCC 500ML SBERRY YOG CUP (205),26,2442.988689655173,NEW KENYA COOP CREAMERIES  LTD,2,3,6
NATURALLI 300G HIMALAYAN IODISED SEA SALT,16,528.7216231884058,HEALTHY U TWO THOUSAND LTD,2,3,6
FC 1KG (14D) SPICY BEEF VALUE PACK  SAUSAGES,22,6476.381201665676,FARMERS CHOICE LTD,2,3,6
SESIA 350G HONEY SQUEEZY,14,3136.0,SESIA LIMITED,2,3,6
CLUB SODA 500ML BLACKCURRANT,12,638.2836302284711,HIGHLANDS DRINKS LIMITED,2,3,6
HC 500G CHEESE PORTION MOZZARELLA,15,5988.279005749463,HAPPY COW LIMITED,2,3,6
ILARA 150ML STRAWBERRY YOGHURT CUP,24,2255.066482758621,BROOKSIDE DAIRY LIMITED,2,3,6
AQUAMIST 500ML FRUTZ FRUIT DRINK APPLE,17,1517.122480646976,AQUAMIST LIMITED,2,3,6
FC 200G (30D) FRESH CHICKEN BRAWN,23,6770.762165377751,FARMERS CHOICE LTD,2,3,6
DAIMA 250ML CHOCOLATE FLAVOURED MILK PET,21,1152.8052882648622,DEVYANI FOOD INDUSTRIES K LIMITED MILK AND YOGHURT,2,3,6
FC 200G (30D) FRESH BEEF BACON,23,6770.762165377751,FARMERS CHOICE LTD,2,3,6
ROYCO 200G BEEF ORG MCHUZI MIX TUB,19,2584.0,UNILEVER KENYA LIMITED,2,3,6
MOHAWK KOMBUCHA 500ML LIMADE DRINK,17,1517.122480646976,ROYAL BREKKERS LIMITED,2,3,6
BOOCH 300ML HIBISCUS LEMON DRINK,17,1517.122480646976,HOUSE OF BOOCH LIMITED,2,3,6
FAY 30CMX5M FOIL,18,1872.0,KIM FAY EAST AFRICA LTD,2,3,6
TROP HEAT 100G CURRY POWDER JAR,17,2176.0,TROPICAL HEAT LTD,2,3,6
BARAKA CATERING 200G TEA BAGS 100S,19,1899.3686010995723,GOLD CROWN BEVERAGES K LTD,2,3,6
FESTIVE 400G POUNDCAKE SLICED COFFEE,14,1478.4,DPL FESTIVE  LIMITED,2,3,6
DELAMERE 150ML PEAR CARAMEL FRUIT YOG CUP,20,1879.2220689655176,BROOKSIDE DAIRY LIMITED,2,3,6
FRUSION 6*150ML ASSORTED YOGHURT,19,1785.2609655172416,RAZCO LTD,2,3,6
JAVA 90G LOVE COOKIES,13,714.6259059921063,NAIROBI JAVA HOUSE LTD,2,3,6
TOSS 500G LAVENDER DETERGENT SATCHET,13,2080.0,KAPA OIL REFINERIES LTD,2,3,6
KELLOGGS 500G CRUNCHYNUT CORNFLAKES,18,13665.6,HASBAH KENYA LTD,2,3,6
ILARA 150ML FOREST BERRY CUP YOG,20,1879.2220689655176,BROOKSIDE DAIRY LIMITED,2,3,6
FRESH KENCHIC 250G SMOKED SAUSAGE,23,6770.762165377751,KENCHIC FROZEN,2,3,6
PEARL 1KG PISHORI RICE FORTIFIED,16,12760.506966810619,CAPWELL INDUSTRIES LTD,2,3,6
BOOCH 300ML PASSION BAOBAB DRINK,18,1606.3649795085628,HOUSE OF BOOCH LIMITED,2,3,6
FACE TOWEL HEAVY WHITE 12X12,14,1344.0,SHAMULA LIMITED,2,3,6
BOOCH 300ML STRAWBERRY DRINK,17,1517.122480646976,HOUSE OF BOOCH LIMITED,2,3,6
BROOKSIDE 250ML STRAWBERRY 6PK,21,1152.8052882648622,BROOKSIDE DAIRY LIMITED,2,3,6
RELOAD 500ML ISOTONIC DRINK LEMON,16,2067.742681193747,EXCEL CHEMICALS LTD,2,3,6
MANJI 200G MARIE BISCUIT,16,879.5395766056693,MANJI FOOD INDUSTRIES LTD,2,3,6
KETEPA 100S TAGGED TEA BAGS CATERING,14,1399.534758704948,KENYA TEA PACKERS KETEPA,2,3,6
ORCHID VALLEY 1L GUAVA DELIGHT TP,13,913.1678859389523,PREMIER FOODS  LIMITED,2,3,6
ROYCO 500G BEEF ORG MCHUZI MIX,15,4080.0,UNILEVER KENYA LIMITED,2,3,6
MILL BAKERS 750G  FAMILY MADEIRA,18,1900.8000000000002,MILL BAKERS LIMITED,2,3,6
FESTIVE 250G CUPCAKE 6PC VANILLA,15,1584.0000000000002,DPL FESTIVE  LIMITED,2,3,6
MF 750ML ANT-B D/WASHING LIQUID ORANGE,18,4305.6,P Z CUSSONS EAST AFRICA  LTD HQ,2,3,6
FC 400G (14D) FRESH SPICY BEEF SAUSAGES,21,6182.000237953599,FARMERS CHOICE LTD,2,3,6
SIRIMON 500G MOZARELLA CHEESE,18,7185.934806899356,MORANI LIMITED,2,3,6
AQUAMIST 500ML LEMON ICE TEA,13,1160.1524852006287,AQUAMIST LIMITED,2,3,6
JIK BLEACH 1.5LT REGULAR PERFUMED,17,10852.800000000001,TOWFIQ  K  LIMITED HQ,2,3,6
BROWNS 200G CHICK PEAS HUMMUS,13,388.61495327102807,SUNPOWER PRODUCTS LTD,2,3,6
CHEESE LOVE 250G FETA PLAIN,13,5189.841804982868,SUNPOWER PRODUCTS LTD,2,3,6
BROWNS 250ML GREEK YOGHURT BERRY,19,1785.2609655172416,SUNPOWER PRODUCTS LTD,2,3,6
KO 330ML PASSION ICE TEA CAN,18,2910.0682524916947,SAVANNAH BRANDS COMPANY LIMITED,2,3,6
ENIGMA 80ML MINI SALTED CARAMEL,14,773.1399267399268,RAZCO LTD,2,3,6
CIL 1KG BLENDED RICE,17,13558.038652236282,CAPWELL INDUSTRIES LTD,2,3,6
KOTEX 20S SINGLE WRAPPED PANTYLINERS,11,1731.2132505175987,KIM FAY EAST AFRICA LTD,2,3,6
DL 250G CHOCOLATE SPREAD,12,1603.9303643724697,GLACIER PRODUCTS LTD 2ND,2,3,6
MF 200G D/WASHING PASTE ZESTY LEMON,16,1126.4,P Z CUSSONS EAST AFRICA  LTD HQ,2,3,6
QUEEN DELI 200G HUMMUS,18,5298.857346817371,LEMOC LIMITED,2,3,6
MHARVEST 500G JUMBO OATS BAG,17,3386.4,HEALTHY U TWO THOUSAND LTD,2,3,6
BROWNS 200G SOUR CREAM,19,5361.024536205865,SUNPOWER PRODUCTS LTD,2,3,6
BROWNS 250ML GOAT YOGHURT NATURAL,18,1691.299862068966,SUNPOWER PRODUCTS LTD,2,3,6
JEVANS ASSORTED COMBS,13,676.0,JEVANS ENTERPRISES,2,3,6
FRUSION 6*100ML ASSORTED YOGHURT,18,1691.299862068966,RAZCO LTD,2,3,6
AQUAMIST 500ML FRUTZ FRUIT DRINK MANGO,17,1517.122480646976,AQUAMIST LIMITED,2,3,6
KENTASTE 250ML COCONUT MILK,19,1104.0916684514887,CHANDARIA INDUSTRIES  LTD KENTASTE,2,3,6
SANTA MARIA 500ML EXTRA VIRGIN OLIVE OIL,16,21440.0,DEBENHAM AND FEAR LTD,2,3,6
FESTIVE 200G CUPCAKE 8PC VANILLA,13,1372.8000000000002,DPL FESTIVE  LIMITED,2,3,6
FITCH&LEEDES 200ML CAN TONIC LITE,17,2748.397794019934,SLATER AND WHITTAKER LTD,2,3,6
BOOCH 300ML ELDERFLOWER DRINK,15,1338.6374829238023,HOUSE OF BOOCH LIMITED,2,3,6
FC 200G (30D) FRESH RINDLESS BACON,16,4710.095419393218,FARMERS CHOICE LTD,2,3,6
IGLOO 120ML COTTON CANDY CONE,11,607.4670852956567,CRYSTAL FROZEN AND CHILLED FOODS LTD,2,3,6
BOKOMO 1KG SQ MORNING OATS,11,4127.200000000001,WEETABIX EAST AFRICA LTD HQ,2,3,6
TROPNUTS 50G EXOTIC NUT MIX,17,870.4000000000001,TROPICAL HEAT LTD,2,3,6
DOWNY 900ML POUCH SUNRISE FRESH,15,8376.0,HASBAH KENYA LTD P AND G,2,3,6
BROOKSIDE 250ML FRUITNESS VANILLA CUP,21,1973.1831724137935,BROOKSIDE DAIRY LIMITED,2,3,6
KABARNET 5LT MINERAL WATER,11,613.0335878004008,KHETIA DRAPERS LTD,2,3,6
FAY MULTI PURPOSE JUMBO ROLL,13,3900.0,KIM FAY EAST AFRICA LTD,2,3,6
KITCHEN TOWEL HEAVY SQUARE 11X11,11,959.2,SHAMULA LIMITED,2,3,6
MILL BAKERS 150G MINI HEARTS,13,1372.8000000000002,MILL BAKERS LIMITED,2,3,6
NIVEA DEO AQUA COOL ROLL ON 50ML(82886),13,5408.0,BEIERSDORF EAST AFRICA LTD HQ,2,3,6
NUVITA 200G CRUNCHY GINGER BISCUITS,14,769.5971295299606,MJENGO LIMITED,2,3,6
KASUKU 500G COOKING FAT,15,2580.0,KAPA OIL REFINERIES LTD,2,3,6
KABARNET 20LT MINERAL WATER,14,780.2245662914193,KHETIA DRAPERS LTD,2,3,6
MANJI 1KG JAR GINGERSNAPS,11,604.6834589163976,MANJI FOOD INDUSTRIES LTD,2,3,6
NUTEEZ 400G PEANUT BUTTER CRUNCHY,13,3057.6000000000004,JETLAK FOODS LTD,2,3,6
AQUAMIST 500ML FRUTZ FRUIT DRINK TROPICAL,14,1249.3949840622156,AQUAMIST LIMITED,2,3,6
KIENYEJI POULTRY EGGS 15PK,16,5266.314993807824,KIENYEJI POULTRY PRODUCTS,2,3,6
CAPT MORGAN 750ML GOLD,14,2838.627994955864,UDV KENYA LIMITED,2,3,6
DL 150G YOGHURT KIWI APPLE,17,1597.33875862069,GLACIER PRODUCTS LTD 2ND,2,3,6
KETEPA 250G SAFARI PURE TEA,12,1199.6012217470984,KENYA TEA PACKERS KETEPA,2,3,6
FC 400G (30D) FRESH COLLAR BACON,20,5887.619274241523,FARMERS CHOICE LTD,2,3,6
TUZO 200G YOGHURT VANILLA,20,1879.2220689655176,BROOKSIDE DAIRY LIMITED,2,3,6
FACE TOWEL PLAIN HEAVY  12X12,16,1395.2,SHAMULA LIMITED,2,3,6
NUTEEZ 400G PEANUT BUTTER SMOOTH,15,3540.0,JETLAK FOODS LTD,2,3,6
BUTTERFLY 1KG CHANNA DAL,10,2952.0,SPICE WORLD LTD,2,3,6
BROOKSIDE 500ML VANILLA YOG TR,18,1691.299862068966,BROOKSIDE DAIRY LIMITED,2,3,6
BIO 500ML DAIRY WHIPPING CREAM,18,5078.865350089767,BIO FOOD PRODUCTS LTD,2,3,6
SUNLIGHT 500G 2IN1 LAVENDER WASHING POWDER,10,1560.0,UNILEVER KENYA LIMITED,2,3,6
ZESTA 300ML WHITE VINEGAR,12,470.40000000000003,TRUFOODS LIMITED T F,2,3,6
VELVEX ANTIBACTERIAL WET WIPES 60S,11,1577.0664853840924,CHANDARIA INDUSTRIES LTD HYGIENE,2,3,6
TROP HEAT 100G ONION POWDER JAR,11,1672.0,TROPICAL HEAT LTD,2,3,6
RAHA 200G DRINKING CHOCOLATE,12,1016.8178636089317,EXCEL CHEMICALS LTD,2,3,6
TROP HEAT 100G GARAM MASALA,15,3240.0,TROPICAL HEAT LTD,2,3,6
HAPPY COW 150G CHEDDAR CHEESE SLICES,14,5589.0604053661655,CRYSTAL FROZEN AND CHILLED FOODS LTD,2,3,6
ALWAYS PANTYLINERS N ECONOMY *40,11,1731.2132505175987,HASBAH KENYA LTD P AND G,2,3,6
VELVEX 530ML WINDOW CLEANER LEMON FRESH,10,1520.0,CHANDARIA INDUSTRIES  LTD,2,3,6
PRIDE 800G LIME DISH WASHING PASTE,13,4128.8,CANON CHEMICALS LTD,2,3,6
CAREX 200ML H/W ALOE VERA DOY,15,1920.0,P Z CUSSONS EAST AFRICA  LTD HQ,2,3,6
MOHAWK KOMBUCHA 500ML PEACH PUNCH DRINK,13,1160.1524852006287,ROYAL BREKKERS LIMITED,2,3,6
MILL BAKERS 450G ENGLISH MUFFINS 8PCS,13,1372.8000000000002,MILL BAKERS LIMITED,2,3,6
SANTA MARIA 400G BAKED BEANS IN TOMATO SAUCE,16,2130.2951578151583,DEBENHAM AND FEAR LTD,2,3,6
VASELINE 240ML PURE PJELLY ORIGINAL,13,3525.6,UNILEVER KENYA LIMITED,2,3,6
MOHAWK KOMBUCHA 500ML MANGO MAGIC DRINK,13,1160.1524852006287,ROYAL BREKKERS LIMITED,2,3,6
SANTA MARIA 1LT EXTRA VIRGIN OLIVE OIL,15,33456.0,DEBENHAM AND FEAR LTD,2,3,6
ENERGIZER 3V LITHIUM ECR 2032,12,1584.0,HASBAH KENYA LTD,2,3,6
GILANI 250G M&E PET BILTONG DRY,12,12662.400000000001,GILANI GOURMET LTD,2,3,6
TROP HEAT 150G KENYAN CHEVDA SWEET(TAMU),15,744.9328301886792,TROPICAL HEAT LTD,2,3,6
PURE HEALTH 500G PURE SEA SALT,14,462.6314202898551,WINNIES PURE HEALTH PRODUCTS LIMITED,2,3,6
QUEEN DELI 200G PIZZA MOZARELLA ITALIAN,14,5589.0604053661655,LEMOC LIMITED,2,3,6
AXE 150ML APOLLO AEROSOL PROMO,16,11520.0,UNILEVER KENYA LIMITED,2,3,6
MF 800G ANTI-B D/WASHING PASTE ORANGE,16,5376.0,P Z CUSSONS EAST AFRICA  LTD HQ,2,3,6
BOOCH 300ML GINGER LEMON DRINK,15,1338.6374829238023,HOUSE OF BOOCH LIMITED,2,3,6
OOHI LALA 250ML MANGO YOG DRINK,14,1315.4554482758622,RAZCO LTD,2,3,6
SPRITE 1.25L PET,13,1352.0,COCA COLA BEVERAGES KENYA LTD,2,3,6
DELAMERE 3L PREM VANILLA FRUIT YOGHURT,17,1597.33875862069,BROOKSIDE DAIRY LIMITED,2,3,6
FROZEN KENCHIC 750G CHICKEN THIGH B/LESS,14,9800.0,KENCHIC FROZEN,2,3,6
NATURALLI 250G PUMPKIN SEEDS,13,6229.6,HEALTHY U TWO THOUSAND LTD,2,3,6
254 SAND TRAP 330ML BEER,14,2561.3426530700804,254 BREWING COMPANY LIMITED,2,3,6
TROPNUTS 150G CHILLI LEMON PEANUTS,11,563.2,TROPICAL HEAT LTD,2,3,6
MHARVEST 1KG BAG SUPERFAST OATS,11,3687.2000000000007,HEALTHY U TWO THOUSAND LTD,2,3,6
ASTONISH 1LT LAVE FLOOR CLEANER,11,5720.0,SPARKLE BRANDS LIMITED,2,3,6
NUZIWA 1LT ALMOND MILK ORIGNAL,21,8064.0,JETLAK FOODS LTD,2,3,6
FC 100G (3M) CAMPOFRIO SALAMI PALACIEGO,14,4121.333491969066,FARMERS CHOICE LTD,2,3,6
FESTIVE 200G HALF POUNDCAKE SLICED COFFEE,11,1161.6000000000001,DPL FESTIVE  LIMITED,2,3,6
SNICKERS 40G SINGLE CHOCO BAR,10,1311.5889884763124,RADBONE CLARK LIMITED MARS,2,3,6
MOHAWK KOMBUCHA 500ML BERRICIOUS DRINK,12,1070.909986339042,ROYAL BREKKERS LIMITED,2,3,6
SAFISHA WASH UPS 4S,10,1080.0,SUNDRIES BARGAIN NAIROBI LTD,2,3,6
BROOKSIDE 150ML FRUITNESS MIXED BERRIES CUP,15,1409.4165517241381,BROOKSIDE DAIRY LIMITED,2,3,6
58 GIN&TONIC 330ML THE CLASSIC,10,1835.5397854082241,SAVANNAH BRANDS COMPANY LIMITED,2,3,6
HC 100G CHEESE PORTION PARMESAN GRATED,12,4790.62320459957,HAPPY COW LIMITED,2,3,6
BROWNS 250ML GOAT YOGHURT HONEY,17,1597.33875862069,SUNPOWER PRODUCTS LTD,2,3,6
ILARA 150ML TNC MANGO CUP,18,1691.299862068966,BROOKSIDE DAIRY LIMITED,2,3,6
FC 200G (30D) GARLIC SALAMI,18,5298.857346817371,FARMERS CHOICE LTD,2,3,6
SESIA 500ML HONEY  SQUEEZE,11,3784.0,SESIA LIMITED,2,3,6
EVERFRESH 4KG GHEE,9,27424.800000000003,BROOKSIDE DAIRY LIMITED,2,3,6
ILARA 250ML TNC MANGO CUP,15,1409.4165517241381,BROOKSIDE DAIRY LIMITED,2,3,6
KETEPA 1KG SAFARI PURE TEA,11,1099.6344532681735,KENYA TEA PACKERS KETEPA,2,3,6
CHROME 750ML GIN,13,2635.8688524590166,UDV KENYA LIMITED,2,3,6
CADBURY 125G DRINKING CHOCOLATE JAR,13,1101.5526855763428,HASBAH KENYA LTD CADBURY,2,3,6
BIO 150ML YOGHURT GUAVA/MORINGA,20,1879.2220689655176,BIO FOOD PRODUCTS LTD,2,3,6
MHARVEST 450G CHOCO SHELLS VALUE PACK,10,4232.0,HEALTHY U TWO THOUSAND LTD,2,3,6
HARIBO 80G PEACHES HALAL,15,188.7020423306156,ROSHNI DIST LTD  R D,2,3,6
GEISHA 200G SOAP PINK N HONEY,11,950.4000000000001,UNILEVER KENYA LIMITED,2,3,6
VELVEX 300ML FURNITURE POLISH LEMON,10,2392.0,CHANDARIA INDUSTRIES  LTD,2,3,6
NALA 5X70G INSTANT NOODLES VALUE PACK,12,861.9619288853992,KAPA OIL REFINERIES LTD,2,3,6
ARLA 150G GOUDA CHEESE SLICES,10,3992.1860038329755,CRYSTAL FROZEN AND CHILLED FOODS LTD,2,3,6
BIO FOB 200ML BLUEBERRY YOGHURT,18,1691.299862068966,BIO FOOD PRODUCTS LTD,2,3,6
QUEEN DELI 250G BURRATA CHEESE,9,6552.0,LEMOC LIMITED,2,3,6
ARLA 175G MOZZARELLA SHREDDED CHEESE,10,3992.1860038329755,CRYSTAL FROZEN AND CHILLED FOODS LTD,2,3,6
FRUSION 150ML CUP VANILLA YOGHURT,14,1315.4554482758622,RAZCO LTD,2,3,6
SAFISHA 400G LEMON DISHWASHING PASTE,11,1848.0,SUNDRIES BARGAIN NAIROBI LTD,2,3,6
FC 400G (14D) FRESH MEATY BEEF SAUSAGES,14,4121.333491969066,FARMERS CHOICE LTD,2,3,6
FRESH KENCHIC 500G CHICKEN SMOKED SAUSAGE,14,4121.333491969066,KENCHIC FROZEN,2,3,6
DELAMERE 450ML PEAR CARAMEL FRUIT YOG CUP,16,1503.377655172414,BROOKSIDE DAIRY LIMITED,2,3,6
KERICHO GOLD GREEN TEA MINT 25 TB,10,1600.0,GOLD CROWN BEVERAGES K LTD,2,3,6
ORCHID VALLEY 1LT APPLE JUICE,12,842.9242024051867,PREMIER FOODS  LIMITED,2,3,6
LAKI LAKI 450ML GREEK YOGHURT VANILLA,16,1503.377655172414,LAKI LAKI LIMITED,2,3,6
TOSS 1KG LAVENDER DETERGENT SATCHET,11,3036.0,KAPA OIL REFINERIES LTD,2,3,6
BROOKSIDE 250ML FRUITNESS MIXED BERRIES CUP,15,1409.4165517241381,BROOKSIDE DAIRY LIMITED,2,3,6
254 NIAJE 330ML LAGER BEER,12,2195.4365597743545,254 BREWING COMPANY LIMITED,2,3,6
NI HOW 330ML EMPTY BOTTLE,10,120.0,254 BREWING COMPANY LIMITED,2,3,6
DL 150G YOGHURT STRAWBERRY,15,1409.4165517241381,GLACIER PRODUCTS LTD 2ND,2,3,6
BORGES 500ML EXTRA VIRGIN OLIVE OIL,10,14992.0,DEBENHAM AND FEAR LTD,2,3,6
ENERGIZER AA BATTERY 4+2 E91 BP6,12,7488.0,HASBAH KENYA LTD,2,3,6
SUNLIGHT 3.5KG SPRING WASHING POWDER,12,11462.400000000001,UNILEVER KENYA LIMITED,2,3,6
EVEREADY 4S BLACK 1215BP4,12,2688.0,HASBAH KENYA LTD,2,3,6
TROP HEAT 150G KENYAN CHEVDA CHILLI LEMON,11,546.2840754716981,TROPICAL HEAT LTD,2,3,6
MOLPED SUPER NIGHT SUPER LONG 5S,9,1416.4472049689443,HAYAT KIMYA  K  H PRODUCTS LTD,2,3,6
BLOOM LUXURY 3PLY TOILET 4PK,12,4237.645602605863,PROPACK KENYA LTD,2,3,6
VELVEX TOILET TISSUE 18 PACK,13,4590.782736156352,CHANDARIA INDUSTRIES  LTD,2,3,6
TENDER CARE 100S EARBUDS POLY,9,684.0,AFRICAN COTTON INDUSTRIES LTD,2,3,6
BUTTERFLY 1KG MUNG DAL SPLIT,9,1706.4,SPICE WORLD LTD,2,3,6
DABUR 50G+25G CLOVE TOOTHPASTE,11,924.0,KIM FAY EAST AFRICA LTD DABUR,2,3,6
IL 175G CLASSIC BATH SOAP.,14,1680.0,P Z CUSSONS EAST AFRICA  LTD HQ,2,3,6
FC 200G (30D) CHICKEN SANDWICH SLICES,14,4121.333491969066,FARMERS CHOICE LTD,2,3,6
BORGES 750ML EXTRA VIRGIN OIL,9,18540.0,DEBENHAM AND FEAR LTD,2,3,6
LAKI LAKI 450ML GREEK YOGHURT MANGO PASSION,16,1503.377655172414,LAKI LAKI LIMITED,2,3,6
NATURALLI 100G RAISINS,11,1751.2000000000003,HEALTHY U TWO THOUSAND LTD,2,3,6
JAVA 375G EAST AFRICA BLEND GROUND,14,102.34747746535719,NAIROBI JAVA HOUSE LTD,2,3,6
MAGIC 300ML LYCHEE DRINK,10,531.9030251903926,KHETIA DRAPERS LTD,2,3,6
BROWNS 200G MASCARPONE,9,3592.967403449678,SUNPOWER PRODUCTS LTD,2,3,6
FRUSION 150ML CUP WILDBERRY YOGHURT,13,1221.4943448275865,RAZCO LTD,2,3,6
BROWNS 250ML GOAT YOGHURT BERRY,14,1315.4554482758622,SUNPOWER PRODUCTS LTD,2,3,6
BROOKSIDE 250ML COFFEE 6PK,14,768.5368588432415,BROOKSIDE DAIRY LIMITED,2,3,6
PRINGLES 165G CRISPS ORIGINAL,12,528.9527272727273,HASBAH KENYA LTD,2,3,6
OMO 1KG EXTRA FRESH HANDWASH,14,4390.400000000001,UNILEVER KENYA LIMITED,2,3,6
SAFISHA 3PK JUMBO SPONGE CLOTH,12,2784.0,SUNDRIES BARGAIN NAIROBI LTD,2,3,6
KETEPA 500G SAFARI PURE TEA,12,1199.6012217470984,KENYA TEA PACKERS KETEPA,2,3,6
BABYBEL MINI 110G 5S NATURAL CHEESE,8,3193.7488030663803,CRYSTAL FROZEN AND CHILLED FOODS LTD,2,3,6
MC 330G GARLIC MAYONNAISE,13,4461.6,BIO FOOD PRODUCTS LTD,2,3,6
DAIMA 250ML VANILLA YOGHURT CUP,16,1503.377655172414,DEVYANI FOOD INDUSTRIES K LIMITED MILK AND YOGHURT,2,3,6
KOTEX 8S ULTRA THIN SUPER,14,2203.36231884058,KIM FAY EAST AFRICA LTD,2,3,6
PERSIL 3LT MACHINE WASH LIQUID GEL,9,19432.800000000003,CHANDARIA INDUSTRIES LTD HENKEL C BRANDS,2,3,6
FC 300G (14D) SAVOURY MEATBALLS,19,5593.238310529447,FARMERS CHOICE LTD,2,3,6
FC 500G (30D) FRESH BEEF VIENNAS,14,4121.333491969066,FARMERS CHOICE LTD,2,3,6
OOH 1LT VANILLA TUB,10,552.2428048142334,RAZCO LTD,2,3,6
BIO 350ML ACTIVE POWER YOGHURT DRINK VANILLA,12,1127.5332413793105,BIO FOOD PRODUCTS LTD,2,3,6
OUT OF AFRICA 250G CASHEWNUTS AA,9,460.8,KENYA NUT COMPANY,2,3,6
ZESTA 400G PEANUT SMOOTH BUTTER,9,1908.0,TRUFOODS LIMITED T F,2,3,6
USHINDI 175G BLUE SOAP,9,846.3809769446866,PWANI OIL PRODUCTS LTD.,2,3,6
FC 500G (30D) FRESH POULTRY VIENNAS,13,3826.95252825699,FARMERS CHOICE LTD,2,3,6
PEARL 2KG SUPER BASMATI RICE FORTIFIED,10,7975.316854256636,CAPWELL INDUSTRIES LTD,2,3,6
ILARA 500ML STRAWBERRY YOGHURT CUP,16,1503.377655172414,BROOKSIDE DAIRY LIMITED,2,3,6
FC 1KG (14D) BEEF CATERING SAUSAGES,13,3826.95252825699,FARMERS CHOICE LTD,2,3,6
TWIX 150G MANIATURE BAG,10,1336.6086369770583,RADBONE CLARK LIMITED MARS,2,3,6
BROOKSIDE 250ML DISNEY DF STRWBRRY YOG,12,1127.5332413793105,BROOKSIDE DAIRY LIMITED,2,3,6
ZESTA 700G TOMATO SAUCE,9,1260.0,TRUFOODS LIMITED T F,2,3,6
AQUACLEAR 1LT MINERAL WATER,10,557.3032616367279,DEVYANI FOOD INDUSTRIES K LIMITED MILK AND YOGHURT,2,3,6
MANJI 100G TEA BISCUITS,10,549.7122353785433,MANJI FOOD INDUSTRIES LTD,2,3,6
FRONTERA CHARDONNAY 750ML,11,11431.2,VIVA GLOBAL LIMITED,2,3,6
MHARVEST 450G CHOCO RICE VALUE PACK,8,3385.6000000000004,HEALTHY U TWO THOUSAND LTD,2,3,6
JAVA 300G LOVE COOKIES,13,714.6259059921063,NAIROBI JAVA HOUSE LTD,2,3,6
FRESCHELLO EXTRA DRY SPARKLING WINE 750ML,8,11513.6,NEW ITALYCOR LIMITED WINE,2,3,6
KABARNET 500ML 6PK MINERAL WATER,8,445.8426093093824,KHETIA DRAPERS LTD,2,3,6
FC 500G (30D) FRESH BEEF BRAWN,15,4415.714455681143,FARMERS CHOICE LTD,2,3,6
SAFISHA 1L LEMON WASHING UP LIQUID,10,1640.0,SUNDRIES BARGAIN NAIROBI LTD,2,3,6
BOOCH 300ML MANGO CHILI DRINK,8,713.9399908926946,HOUSE OF BOOCH LIMITED,2,3,6
ENERGIZER AAA E92 BP6 4+2,13,8112.0,HASBAH KENYA LTD,2,3,6
DOWNY 900ML BOTTLE SWEET ELEGANCE,9,5680.8,HASBAH KENYA LTD P AND G,2,3,6
KITCHEN TOWEL  HEAVY SQUARE 15X25,8,1504.0,SHAMULA LIMITED,2,3,6
KERICHO GOLD SWEET PEPPERMINT  20S,8,1696.0,GOLD CROWN BEVERAGES K LTD,2,3,6
JIK REGULAR BLEACH 750ML + 250ML FREE,9,3088.8,TOWFIQ  K  LIMITED HQ,2,3,6
ENIGMA 6X80ML MINI ALMOND VP,8,441.79424385138674,RAZCO LTD,2,3,6
KENMEAT 500G FROZEN BEEF CUBES,11,3674.0,KENMEAT LIMITED,2,3,6
KENTASTE 200ML COCONUT OIL,8,2681.6000000000004,CHANDARIA INDUSTRIES  LTD KENTASTE,2,3,6
KOTEX 7S ULTRA THIN NIGHTS,10,1573.8302277432715,KIM FAY EAST AFRICA LTD,2,3,6
KETTLE 40G MEDITERRANEAN TOMATO CHIPS,7,196.0,PROPACK KENYA LTD,2,3,6
BIO 450ML BERRY COCKTAIL YOGHURT,14,1315.4554482758622,BIO FOOD PRODUCTS LTD,2,3,6
TROP HEAT 100G CORIANDER GRND JAR,7,896.0,TROPICAL HEAT LTD,2,3,6
FAY 30CMX30M CLING FILM,8,1024.0,KIM FAY EAST AFRICA LTD,2,3,6
NUTRAMEAL 1KG POLISHED GREEN GRAM,11,1751.2000000000003,KAMILI PACKERS LIMITED NORMAL,2,3,6
TROP HEAT 20G ROSEMARY LEAVES JAR,7,392.0,TROPICAL HEAT LTD,2,3,6
NIVEA 400ML COCOA BUTTER LOTION 89156,8,4096.0,BEIERSDORF EAST AFRICA LTD HQ,2,3,6
KO 330ML PASSION&LIME CIDER,7,1284.877849785757,SAVANNAH BRANDS COMPANY LIMITED,2,3,6
KENCHIC 500G HUNGARIAN CHOMA SAUSAGES,11,3238.190600832838,KENCHIC FROZEN,2,3,6
BIO 450ML STRAWBERRY YOGHURT,12,1127.5332413793105,BIO FOOD PRODUCTS LTD,2,3,6
WEETABIX 500G CEREAL FRUIT & FIBRE,7,4760.0,WEETABIX EAST AFRICA LTD HQ,2,3,6
FRESH KENCHIC 500G CHICKEN MINI BITES,12,3532.5715645449136,KENCHIC FROZEN,2,3,6
BROOKSIDE 250ML DISNEY DF VANILLA YOG,12,1127.5332413793105,BROOKSIDE DAIRY LIMITED,2,3,6
MOHAWK KOMBUCHA 500ML SPICED DRINK,8,713.9399908926946,ROYAL BREKKERS LIMITED,2,3,6
DL 150G YOGHURT VANILLA W PODS,13,1221.4943448275865,GLACIER PRODUCTS LTD 2ND,2,3,6
FRUSION 150ML CUP STRAWBERRY YOGHURT,11,1033.5721379310346,RAZCO LTD,2,3,6
ENIGMA 110ML STD SALTED CARAMEL,7,386.5699633699634,RAZCO LTD,2,3,6
KAWAN 400G CHAPATI,14,3192.0,CRYSTAL FROZEN AND CHILLED FOODS LTD,2,3,6
OOH 500ML FRESH DOUBLE CREAM,13,3668.069419509276,RAZCO LTD,2,3,6
FAY 38CM X 10M BAKING PAPER,8,1472.0,KIM FAY EAST AFRICA LTD,2,3,6
DL 150G 6PK MULTI PACK YOGHURT ASSORTED,11,1033.5721379310346,GLACIER PRODUCTS LTD 2ND,2,3,6
DL 800ML VS/VANILLA VPACK,8,441.79424385138674,GLACIER PRODUCTS LTD G P,2,3,6
LAKI LAKI 420ML BANANA STRWBRRY SMOOTHIE GLS,10,939.6110344827588,LAKI LAKI LIMITED,2,3,6
SANTA MARIA 400ML COCONUT CREAM,11,639.2109659455987,DEBENHAM AND FEAR LTD,2,3,6
LAKI LAKI 700ML GREEK YOGHURT VANILLA GLS,12,1127.5332413793105,LAKI LAKI LIMITED,2,3,6
TROPNUTS 150G FRIED PEAS,7,358.40000000000003,TROPICAL HEAT LTD,2,3,6
TUZO 200G YOGHURT STRAWBERRY,11,1033.5721379310346,BROOKSIDE DAIRY LIMITED,2,3,6
NATURALLI 250G SUNFLOWER SEEDS,7,1786.4,HEALTHY U TWO THOUSAND LTD,2,3,6
KENBEEF 400G BURGER 4PCS,10,2943.8096371207616,KENCHIC FROZEN,2,3,6
NATURALLI 500G HIMALAYAN IODIZED PINK SALT,8,264.3608115942029,HEALTHY U TWO THOUSAND LTD,2,3,6
GEISHA 200G WHITE FAMILY PACK 3S,8,2140.8,UNILEVER KENYA LIMITED,2,3,6
FC 400G (30D) KRAINER WITH CHEESE,9,2649.4286734086854,FARMERS CHOICE LTD,2,3,6
NIVEA 400ML MEN DEEP BODY LOTION 83904,8,4288.0,BEIERSDORF EAST AFRICA LTD HQ,2,3,6
ENIGMA 6X80ML MINI SALTED CARAMEL VP,7,386.5699633699634,RAZCO LTD,2,3,6
TBC 1L POMEGRANTE AMBIENT JUICE DRINK,8,561.9494682701245,HEALTHY U TWO THOUSAND LTD,2,3,6
TROP HEAT 15G PARSLEY JAR,8,512.0,TROPICAL HEAT LTD,2,3,6
LAKI LAKI 250ML LABNEH AUTHENTIC CREAM CHEESE,8,3193.7488030663803,LAKI LAKI LIMITED,2,3,6
MF 500G ANTIBACTERIAL SCOURING PWD,8,640.0,P Z CUSSONS EAST AFRICA  LTD HQ,2,3,6
FRUSION 100ML CUP VANILLA YOGHURT,9,845.649931034483,RAZCO LTD,2,3,6
MHARVEST 250G BAG CHOCO SHELLS,7,1842.3999999999999,HEALTHY U TWO THOUSAND LTD,2,3,6
QMP 200G BREADED CHICKEN POPS,7,924.0,QUALITY MEAT PACKERS LTD,2,3,6
WEETABIX 420G WEETOS FAMILY PACK,7,3892.0,WEETABIX EAST AFRICA LTD HQ,2,3,6
RAHA 400G DRINKING CHOCOLATE,10,847.3482196741098,EXCEL CHEMICALS LTD,2,3,6
FC 400G (30D) FRESH BEEF SMOKIES,14,4121.333491969066,FARMERS CHOICE LTD,2,3,6
CHOICE 300G SAVOURY MEATBALLS,11,3238.190600832838,CHOICE MEATS BEEF PLANT,2,3,6
QMP 1.4KG HALAL CAPON,8,4256.0,QUALITY MEAT PACKERS LTD,2,3,6
ASTONISH 750ML GREASE LIFTER TRIGGER,7,3500.0,SPARKLE BRANDS LIMITED,2,3,6
DAIMA 250ML SBERRY YOGHURT CUP,15,1409.4165517241381,DEVYANI FOOD INDUSTRIES K LIMITED MILK AND YOGHURT,2,3,6
SANTA MARIA 400G WHOLE CHOPPED TOMATOES,11,1464.5779209979214,DEBENHAM AND FEAR LTD,2,3,6
FRESHA 500ML SBERRY CUP YOG,10,939.6110344827588,GITHUNGURI DAIRY FARMERS,2,3,6
DAIMA 500ML CUP BLACKCURRANT YOGHURT,11,1033.5721379310346,DEVYANI FOOD INDUSTRIES K LIMITED MILK AND YOGHURT,2,3,6
TUZO 400G YOGHURT VANILLA,11,1033.5721379310346,BROOKSIDE DAIRY LIMITED,2,3,6
SUNLIGHT 1.5KG AUTO POWDER LAVENDER,7,4088.0,UNILEVER KENYA LIMITED,2,3,6
QUEEN DELI 100G MOZARELLA BALLS,7,2794.5302026830827,LEMOC LIMITED,2,3,6
F/C FROZEN 750G (12M) PORK BELLY SPARE RIBS,7,4228.0,FARMERS CHOICE LTD,2,3,6
MC 500G WILD BUSH HONEY,9,4168.8,BIO FOOD PRODUCTS LTD,2,3,6
BLOOM LUXURY 3PLY VIRGIN WHITE 4PK,11,3884.508469055375,PROPACK KENYA LTD,2,3,6
PAMPERS PANTS JUMBO JUNIOR S6 48S,8,13920.0,HASBAH KENYA LTD P AND G,2,3,6
NIVEA 400ML NOURISHING BODY LOTION,7,3584.0,BEIERSDORF EAST AFRICA LTD HQ,2,3,6
BROOKSIDE 250ML BUBBLEBUM 6PK,8,439.16391933899513,BROOKSIDE DAIRY LIMITED,2,3,6
FRUSION 6*150ML CUP VANILLA YOGHURT,9,845.649931034483,RAZCO LTD,2,3,6
LYONS 360ML THOUSAND ISLAND SALAD DRESSING,7,1730.4,RAZCO LTD 2ND,2,3,6
NUTRAMEAL 1KG MOONG DAL SPLIT,9,1656.0,KAMILI PACKERS LIMITED NORMAL,2,3,6
KELLOGGS 470G FROSTIES,7,5180.0,HASBAH KENYA LTD,2,3,6
URBAN BITES 120G FUNKY FRUIT CHUTNY,7,308.55575757575764,NORDA INDUSTRIES LTD.,2,3,6
MARS SINGLE BARS 40G,8,1124.7850127732047,RADBONE CLARK LIMITED MARS,2,3,6
DAIMA 150ML BCURRANT YOGHURT CUP,11,1033.5721379310346,DEVYANI FOOD INDUSTRIES K LIMITED MILK AND YOGHURT,2,3,6
DELAMERE 250ML PREM CHOC CHIPS FRUIT YOG CUP,12,1127.5332413793105,BROOKSIDE DAIRY LIMITED,2,3,6
MF 400ML ORIGINAL D/WASHING LIQUID,7,1058.4,P Z CUSSONS EAST AFRICA  LTD HQ,2,3,6
BROOKSIDE 1LT STRAWBERRY YOUGHURT,10,939.6110344827588,BROOKSIDE DAIRY LIMITED,2,3,6
DAIMA 500ML MANGO CUP YOG,8,751.688827586207,DEVYANI FOOD INDUSTRIES K LIMITED MILK AND YOGHURT,2,3,6
DELAMERE 3LTR PREMIUM YOGHURT,9,845.649931034483,BROOKSIDE DAIRY LIMITED,2,3,6
KERICHO GOLD PURE ROOIBOS TEA 20S,7,2436.0,GOLD CROWN BEVERAGES K LTD,2,3,6
KERICHO GOLD APPLE N CINNAMON 20S,6,1272.0,GOLD CROWN BEVERAGES K LTD,2,3,6
NATURALLI 100GM WHOLE ALMONDS,6,1579.1999999999998,HEALTHY U TWO THOUSAND LTD,2,3,6
MF FLOWER FOR 1500/-,6,7200.0,ANDREW MUROKI GATHAGE,2,3,6
OA 250G HONEY COATED MACADAMIA NUTS CF,7,358.40000000000003,KENYA NUT COMPANY,2,3,6
PEARL 1KG GREEN GRAMS POLISHED,6,955.2,CAPWELL INDUSTRIES LTD,2,3,6
FRESH KENCHIC 125G SNACKY CHICKEN BITE,9,2649.4286734086854,KENCHIC FROZEN,2,3,6
MANJI 200G DINNER CRACKERS,7,384.7985647649803,MANJI FOOD INDUSTRIES LTD,2,3,6
MC 300G JUST STRAWBERRY JAM,10,2943.8096371207616,BIO FOOD PRODUCTS LTD,2,3,6
VELVEX KITCHEN TOWEL JUMBO PREM WHT LAMINATED,8,3616.0,CHANDARIA INDUSTRIES  LTD,2,3,6
FROZEN KENCHIC SPRING CHICKEN PER PC,9,4024.8,KENCHIC FROZEN,2,3,6
KELLOGGS 750G CORNFLAKES,8,7648.0,HASBAH KENYA LTD,2,3,6
SANTA MARIA 100ML EXTRA VIRGIN OLIVE OIL,7,2464.0,DEBENHAM AND FEAR LTD,2,3,6
FROZEN KENCHIC CHICKEN DRUMSTICK (6PCS),6,3964.8,KENCHIC FROZEN,2,3,6
HEINZ 370G TOMATO PASTE,7,209.25420560747665,HASBAH KENYA LTD,2,3,6
GEISHA 200G SOAP SHEA NATRI HERITAGE,6,648.0,UNILEVER KENYA LIMITED,2,3,6
WEETABIX 1KG OATIBIX QUICK OATS,8,3328.0,WEETABIX EAST AFRICA LTD HQ,2,3,6
QMP 200G BREADED CHICKEN  FINGERS,6,792.0,QUALITY MEAT PACKERS LTD,2,3,6
FC 500G (30D) POULTRY VIENNA X-LONG,9,2649.4286734086854,FARMERS CHOICE LTD,2,3,6
HC 150ML JOLLY SOUR CREAM CUP,9,2539.4326750448836,HAPPY COW LIMITED,2,3,6
OOHI LALA 1LT WILD FRUITS YOGHURT,7,657.7277241379311,RAZCO LTD,2,3,6
FC 900G (30D) RETAIL BEEF SMOKIES,10,2943.8096371207616,FARMERS CHOICE LTD,2,3,6
JIAN 30 PACK YELLOW YOLK EGGS,7,2751.696962182269,JIAN CEREALS DEPOT,2,3,6
AQUAMIST 750ML GLASS SPARKLING WATER,8,445.8426093093824,AQUAMIST LIMITED,2,3,6
HANAN WATER WIPES NEW BORN 72S,8,1146.9574439157036,ZENKO KENYA LIMITED,2,3,6
BIO 450ML YOGHURT GUAVA/MORINGA,7,657.7277241379311,BIO FOOD PRODUCTS LTD,2,3,6
HEINZ 200G BAKED BEANS UK,10,1331.434473634474,HASBAH KENYA LTD,2,3,6
TROP HEAT 150G RICE CAKE FRUIT CHUTNEY,6,1008.0,TROPICAL HEAT LTD,2,3,6
OMO 1KG EXTRA FRESH BANDED 400G,7,2738.4000000000005,UNILEVER KENYA LIMITED,2,3,6
NUTRAMEAL 5KG BIRD MILLET,9,5400.0,KAMILI PACKERS LIMITED NORMAL,2,3,6
LAKI LAKI 450ML GREEK YOGHURT BLUEBERRY,7,657.7277241379311,LAKI LAKI LIMITED,2,3,6
F/C FROZEN 500G (12M) BEEF MINCE,7,1764.0,FARMERS CHOICE LTD,2,3,6
DAIMA 250ML MANGO YOGHURT CUP,8,751.688827586207,DEVYANI FOOD INDUSTRIES K LIMITED MILK AND YOGHURT,2,3,6
BROOKSIDE 450G FULL CREAM SATCHET MILK POWDER,8,3520.0,BROOKSIDE DAIRY LIMITED,2,3,6
BROOKSIDE 450ML FRUITNESS MIXED BERRY CUP,8,751.688827586207,BROOKSIDE DAIRY LIMITED,2,3,6
254 GOLDEN RUMP 330ML BEER,7,1280.6713265350402,254 BREWING COMPANY LIMITED,2,3,6
FC 500G (14D) BABY BOERS,7,2060.666745984533,FARMERS CHOICE LTD,2,3,6
BIO 450ML MANGO YOGHURT,8,751.688827586207,BIO FOOD PRODUCTS LTD,2,3,6
NUZIWA 1LT SOYA MILK ORIGINAL,7,1960.0,JETLAK FOODS LTD,2,3,6
LAKI LAKI 250ML MANGO MINT CUCUMBER SMOOTHIE,7,657.7277241379311,LAKI LAKI LIMITED,2,3,6
KAWAN 400G ONION PARANTHA,9,2592.0,CRYSTAL FROZEN AND CHILLED FOODS LTD,2,3,6
BILA SHAKA 330ML HONEY BADGER BLONDIE,6,1097.7182798871772,MALACHITE LIMITED BEER,2,3,6
BROWNS 250ML GREEK YOGHURT HONEY,10,939.6110344827588,SUNPOWER PRODUCTS LTD,2,3,6
DABUR 140G HERBAL T/PASTE ACTIVATED CHARCOAL,9,2160.0,KIM FAY EAST AFRICA LTD DABUR,2,3,6
LAKI LAKI 450ML GREEK YOGHURT RASPBERRY,7,657.7277241379311,LAKI LAKI LIMITED,2,3,6
FC 500G (30D) FRESH PORK FRANKFURTERS,6,1766.2857822724568,FARMERS CHOICE LTD,2,3,6
FRESHA 250ML SBERRY CUP YOG,6,563.7666206896553,GITHUNGURI DAIRY FARMERS,2,3,6
JOGOO 2KG MAIZE MEAL,497,57654.58986122912,UNGA LTD,2,4,7
EXE 2KG ALL PURPOSE FLOUR,433,55463.75980227386,UNGA LTD,2,4,7
DAIMA 450ML ESL MAZIWA BORA,326,11671.224436654984,DEVYANI FOOD INDUSTRIES K LIMITED MILK AND YOGHURT,2,4,7
AJAB 2KG HOME BAKING FLOUR,243,31041.507141387116,GRAIN INDUSTRIES LIMITED,2,4,7
PEMBE 2KG MAIZE MEAL,266,31282.649058858686,PEMBE FLOUR MILLS,2,4,7
PEMBE 2KG HOMEBAKING,149,18192.96948700866,PEMBE FLOUR MILLS,2,4,7
RINSUN 5LT SUNFLOWER OIL,85,108117.62995921394,KAPA OIL REFINERIES LTD,2,4,7
RINSUN 2LT SUNFLOWER OIL,77,46669.90442477876,KAPA OIL REFINERIES LTD,2,4,7
EXE 1KG ALL PURPOSE,67,4588.905276225947,UNGA LTD,2,4,7
RINSUN 3LT SUNFLOWER OIL,52,45505.91496062992,KAPA OIL REFINERIES LTD,2,4,7
AJAB 2KG MAIZE MEAL FLOUR,65,8073.593274619696,GRAIN INDUSTRIES LIMITED,2,4,7
BUTTERFLY 1KG SOOJI (SEMOLINA),44,7310.876557191394,SPICE WORLD LTD,2,4,7
RINSUN 1LT SUNFLOWER OIL,58,53620.52571766298,KAPA OIL REFINERIES LTD,2,4,7
AJAB 1KG HOME BAKING FLOUR,40,4847.9663959531545,GRAIN INDUSTRIES LIMITED,2,4,7
RINSUN 500ML SUNFLOWER OIL,30,27734.754681549817,KAPA OIL REFINERIES LTD,2,4,7
RINA 2L VEGETABLE OIL JERRICAN,30,27734.754681549817,KAPA OIL REFINERIES LTD,2,4,7
RINA 1LT VEGETABLE OIL JERRICAN,31,28659.246504268147,KAPA OIL REFINERIES LTD,2,4,7
RINA 3LT VEGETABLE  OIL,22,20338.8200998032,KAPA OIL REFINERIES LTD,2,4,7
RINSUN 750ML SUNFLOWER OIL,15,13867.377340774909,KAPA OIL REFINERIES LTD,2,4,7
BUTTERFLY 2KG ATTA MARK 1 FLOUR,24,2908.779837571893,SPICE WORLD LTD,2,4,7
BUTTERFLY 1KG GRAM FLOUR,11,1333.1907588871175,SPICE WORLD LTD,2,4,7
CLOVERS 500G CASTER SUGAR,10,1968.8484537735974,TRI CLOVER INDUSTRIES LTD,2,4,7
SUPA 1.5KG BUTTER TOAST BREAD,11,880.0,MINI BAKERIES NBI  LTD,2,4,7
EXE 2KG ATTA MARK 1,9,1090.7924390894598,UNGA LTD,2,4,7
AVENA 5L VEGETABLE OIL,10,9244.918227183272,GOLDEN AFRICA K LTD,2,4,7
PEMBE 5KG MAIZE MEAL,8,969.5932791906309,PEMBE FLOUR MILLS,2,4,7
JOGOO 1KG MAIZE MEAL,7,848.3941192918021,UNGA LTD,2,4,7
NATURES 800G BROWN BREAD,10,800.0,DPL FESTIVE  LIMITED,2,4,7
SOKO 5KG MAIZE MEAL BAG,9,1090.7924390894598,CAPWELL INDUSTRIES LTD,2,4,7
SUPA 1.5KG WHITE SLICED BREAD,12,960.0,MINI BAKERIES NBI  LTD,2,4,7
CLOVERS 1KG BROWN SUGAR,9,1771.9636083962378,TRI CLOVER INDUSTRIES LTD,2,4,7
BROADWAY 200G MAICHO DONUTS 4PC,10,800.0,BROADWAYS BAKERY LTD,2,4,7
SOKO 1KG HOMEBAKING FLOUR,7,848.3941192918021,CAPWELL INDUSTRIES LTD,2,4,7
SIMPLIFINE 600G WHITE LOAF,7,560.0,BIGCOLD KENYA SIMPLIFINE SHELF BREAD,2,4,7
KINGSMIL 380G PLAIN SLICED BUN 6S WHITE,5,400.0,KENAFRIC BAKERY LTD,2,4,7
URBAN STIX 35G THAI SWEET CHILLI SNACKS,50,1400.0,NORDA INDUSTRIES LTD.,2,4,7
ZESTA 100G BI-CARBONATE OF SODA,38,668.8197530864198,TRUFOODS LIMITED T F,2,4,7
EVA SHOWER CAP,27,3024.0,JEVANS ENTERPRISES,2,4,7
ACACIA 200ML KIDS BLUE RASPBERRY,30,2677.2749658476046,KEVIAN KENYA LTD,2,4,7
CLOVERS 100G BICARBONATE OF SODA JAR,21,413.5888579387188,TRI CLOVER INDUSTRIES LTD,2,4,7
LAKI LAKI 450ML GREEK YOGHURT NATURAL,18,1691.299862068966,LAKI LAKI LIMITED,2,4,7
BIO 150ML YOGHURT ORANGE BISCUITS,18,1691.299862068966,BIO FOOD PRODUCTS LTD,2,4,7
SESIA 1KG HONEY JAR,18,11448.0,SESIA LIMITED,2,4,7
KITCHEN TOWEL DRAWBOX 12X12,12,1046.4,SHAMULA LIMITED,2,4,7
BLUE BUBBLE 4X50G OCEAN FRESH BLUE BLOCK,15,4140.0,BLUEMART PRODUCTS E A LTD,2,4,7
BIO 90ML YOGHURT GUAVA/MORINGA,16,1503.377655172414,BIO FOOD PRODUCTS LTD,2,4,7
SESIA 350G HONEY SQUEEZY,16,3584.0,SESIA LIMITED,2,4,7
KABARNET 5LT MINERAL WATER,11,613.0335878004008,KHETIA DRAPERS LTD,2,4,7
FC 400G (30D) FRESH COLLAR BACON,13,3826.95252825699,FARMERS CHOICE LTD,2,4,7
TUZO 200G YOGHURT VANILLA,12,1127.5332413793105,BROOKSIDE DAIRY LIMITED,2,4,7
VELVEX ANTIBACTERIAL WET WIPES 60S,12,1720.4361658735554,CHANDARIA INDUSTRIES LTD HYGIENE,2,4,7
RAHA 200G DRINKING CHOCOLATE,14,1186.2875075437537,EXCEL CHEMICALS LTD,2,4,7
BOOCH 300ML GINGER LEMON DRINK,15,1338.6374829238023,HOUSE OF BOOCH LIMITED,2,4,7
SPRITE 1.25L PET,14,1456.0,COCA COLA BEVERAGES KENYA LTD,2,4,7
NATURALLI 250G PUMPKIN SEEDS,14,6708.800000000001,HEALTHY U TWO THOUSAND LTD,2,4,7
TROPNUTS 150G CHILLI LEMON PEANUTS,10,512.0,TROPICAL HEAT LTD,2,4,7
MHARVEST 1KG BAG SUPERFAST OATS,11,3687.2000000000007,HEALTHY U TWO THOUSAND LTD,2,4,7
ASTONISH 1LT LAVE FLOOR CLEANER,12,6240.0,SPARKLE BRANDS LIMITED,2,4,7
NUZIWA 1LT ALMOND MILK ORIGNAL,16,6144.0,JETLAK FOODS LTD,2,4,7
FESTIVE 200G HALF POUNDCAKE SLICED COFFEE,12,1267.2,DPL FESTIVE  LIMITED,2,4,7
SNICKERS 40G SINGLE CHOCO BAR,11,1442.7478873239436,RADBONE CLARK LIMITED MARS,2,4,7
SAFISHA WASH UPS 4S,13,1404.0,SUNDRIES BARGAIN NAIROBI LTD,2,4,7
EVERFRESH 4KG GHEE,11,33519.200000000004,BROOKSIDE DAIRY LIMITED,2,4,7
KETEPA 1KG SAFARI PURE TEA,14,1399.534758704948,KENYA TEA PACKERS KETEPA,2,4,7
MHARVEST 450G CHOCO SHELLS VALUE PACK,12,5078.400000000001,HEALTHY U TWO THOUSAND LTD,2,4,7
VELVEX 300ML FURNITURE POLISH LEMON,10,2392.0,CHANDARIA INDUSTRIES  LTD,2,4,7
NALA 5X70G INSTANT NOODLES VALUE PACK,14,1005.622250366299,KAPA OIL REFINERIES LTD,2,4,7
ARLA 150G GOUDA CHEESE SLICES,10,3992.1860038329755,CRYSTAL FROZEN AND CHILLED FOODS LTD,2,4,7
QUEEN DELI 250G BURRATA CHEESE,8,5824.0,LEMOC LIMITED,2,4,7
ARLA 175G MOZZARELLA SHREDDED CHEESE,11,4391.404604216273,CRYSTAL FROZEN AND CHILLED FOODS LTD,2,4,7
KERICHO GOLD GREEN TEA MINT 25 TB,11,1760.0,GOLD CROWN BEVERAGES K LTD,2,4,7
ORCHID VALLEY 1LT APPLE JUICE,13,913.1678859389523,PREMIER FOODS  LIMITED,2,4,7
TOSS 1KG LAVENDER DETERGENT SATCHET,12,3312.0,KAPA OIL REFINERIES LTD,2,4,7
254 NIAJE 330ML LAGER BEER,14,2561.3426530700804,254 BREWING COMPANY LIMITED,2,4,7
NI HOW 330ML EMPTY BOTTLE,10,120.0,254 BREWING COMPANY LIMITED,2,4,7
BORGES 500ML EXTRA VIRGIN OLIVE OIL,9,13492.800000000001,DEBENHAM AND FEAR LTD,2,4,7
CLOVERS 5LT WHITE VINEGAR,8,1968.0,TRI CLOVER INDUSTRIES LTD,2,4,7
EVEREADY 4S BLACK 1215BP4,13,2912.0,HASBAH KENYA LTD,2,4,7
TROP HEAT 150G KENYAN CHEVDA CHILLI LEMON,11,546.2840754716981,TROPICAL HEAT LTD,2,4,7
MOLPED SUPER NIGHT SUPER LONG 5S,9,1416.4472049689443,HAYAT KIMYA  K  H PRODUCTS LTD,2,4,7
BLOOM LUXURY 3PLY TOILET 4PK,12,4237.645602605863,PROPACK KENYA LTD,2,4,7
VELVEX TOILET TISSUE 18 PACK,14,4943.9198697068405,CHANDARIA INDUSTRIES  LTD,2,4,7
TENDER CARE 100S EARBUDS POLY,9,684.0,AFRICAN COTTON INDUSTRIES LTD,2,4,7
BUTTERFLY 1KG MUNG DAL SPLIT,10,1896.0000000000002,SPICE WORLD LTD,2,4,7
DABUR 50G+25G CLOVE TOOTHPASTE,12,1008.0,KIM FAY EAST AFRICA LTD DABUR,2,4,7
IL 175G CLASSIC BATH SOAP.,9,1080.0,P Z CUSSONS EAST AFRICA  LTD HQ,2,4,7
BORGES 750ML EXTRA VIRGIN OIL,11,22660.0,DEBENHAM AND FEAR LTD,2,4,7
NATURALLI 100G RAISINS,11,1751.2000000000003,HEALTHY U TWO THOUSAND LTD,2,4,7
MAGIC 300ML LYCHEE DRINK,11,585.0933277094318,KHETIA DRAPERS LTD,2,4,7
BROWNS 200G MASCARPONE,10,3992.1860038329755,SUNPOWER PRODUCTS LTD,2,4,7
BABYBEL MINI 110G 5S NATURAL CHEESE,8,3193.7488030663803,CRYSTAL FROZEN AND CHILLED FOODS LTD,2,4,7
MC 330G GARLIC MAYONNAISE,8,2745.6000000000004,BIO FOOD PRODUCTS LTD,2,4,7
PERSIL 3LT MACHINE WASH LIQUID GEL,10,21592.000000000004,CHANDARIA INDUSTRIES LTD HENKEL C BRANDS,2,4,7
FC 300G (14D) SAVOURY MEATBALLS,10,2943.8096371207616,FARMERS CHOICE LTD,2,4,7
OOH 1LT VANILLA TUB,10,552.2428048142334,RAZCO LTD,2,4,7
OUT OF AFRICA 250G CASHEWNUTS AA,10,512.0,KENYA NUT COMPANY,2,4,7
ZESTA 400G PEANUT SMOOTH BUTTER,8,1696.0,TRUFOODS LIMITED T F,2,4,7
USHINDI 175G BLUE SOAP,10,940.4233077163184,PWANI OIL PRODUCTS LTD.,2,4,7
FC 1KG (14D) BEEF CATERING SAUSAGES,15,4415.714455681143,FARMERS CHOICE LTD,2,4,7
SAWING THREAD ASSORTED,8,249.60000000000002,JEVANS ENTERPRISES,2,4,7
TWIX 150G MANIATURE BAG,11,1470.269500674764,RADBONE CLARK LIMITED MARS,2,4,7
BROOKSIDE 250ML DISNEY DF STRWBRRY YOG,13,1221.4943448275865,BROOKSIDE DAIRY LIMITED,2,4,7
ZESTA 700G TOMATO SAUCE,11,1540.0,TRUFOODS LIMITED T F,2,4,7
AQUACLEAR 1LT MINERAL WATER,13,724.4942401277464,DEVYANI FOOD INDUSTRIES K LIMITED MILK AND YOGHURT,2,4,7
MANJI 100G TEA BISCUITS,12,659.654682454252,MANJI FOOD INDUSTRIES LTD,2,4,7
FRONTERA CHARDONNAY 750ML,12,12470.400000000001,VIVA GLOBAL LIMITED,2,4,7
MHARVEST 450G CHOCO RICE VALUE PACK,10,4232.0,HEALTHY U TWO THOUSAND LTD,2,4,7
JAVA 300G LOVE COOKIES,13,714.6259059921063,NAIROBI JAVA HOUSE LTD,2,4,7
FRESCHELLO EXTRA DRY SPARKLING WINE 750ML,9,12952.800000000001,NEW ITALYCOR LIMITED WINE,2,4,7
KABARNET 500ML 6PK MINERAL WATER,9,501.57293547305517,KHETIA DRAPERS LTD,2,4,7
SAFISHA 1L LEMON WASHING UP LIQUID,12,1968.0,SUNDRIES BARGAIN NAIROBI LTD,2,4,7
BOOCH 300ML MANGO CHILI DRINK,10,892.4249886158682,HOUSE OF BOOCH LIMITED,2,4,7
ENERGIZER AAA E92 BP6 4+2,13,8112.0,HASBAH KENYA LTD,2,4,7
DOWNY 900ML BOTTLE SWEET ELEGANCE,10,6312.0,HASBAH KENYA LTD P AND G,2,4,7
KITCHEN TOWEL  HEAVY SQUARE 15X25,9,1692.0,SHAMULA LIMITED,2,4,7
KABARNET 750ML SPARKLING WATER,7,390.1122831457096,KHETIA DRAPERS LTD,2,4,7
KERICHO GOLD SWEET PEPPERMINT  20S,8,1696.0,GOLD CROWN BEVERAGES K LTD,2,4,7
PERSIL 1.5KG MACHINE WASH LAVENDER,7,5034.400000000001,CHANDARIA INDUSTRIES LTD HENKEL C BRANDS,2,4,7
JIK REGULAR BLEACH 750ML + 250ML FREE,10,3432.0000000000005,TOWFIQ  K  LIMITED HQ,2,4,7
ENIGMA 6X80ML MINI ALMOND VP,7,386.5699633699634,RAZCO LTD,2,4,7
KENMEAT 500G FROZEN BEEF CUBES,10,3340.0,KENMEAT LIMITED,2,4,7
KENTASTE 200ML COCONUT OIL,8,2681.6000000000004,CHANDARIA INDUSTRIES  LTD KENTASTE,2,4,7
KOTEX 7S ULTRA THIN NIGHTS,11,1731.2132505175987,KIM FAY EAST AFRICA LTD,2,4,7
FROZEN KENCHIC 900G BREAST BONELESS 6PC,7,6300.0,KENCHIC FROZEN,2,4,7
KETTLE 40G MEDITERRANEAN TOMATO CHIPS,8,224.0,PROPACK KENYA LTD,2,4,7
BIO 450ML BERRY COCKTAIL YOGHURT,16,1503.377655172414,BIO FOOD PRODUCTS LTD,2,4,7
TROP HEAT 100G CORIANDER GRND JAR,8,1024.0,TROPICAL HEAT LTD,2,4,7
FAY 30CMX30M CLING FILM,9,1152.0,KIM FAY EAST AFRICA LTD,2,4,7
TROP HEAT 20G ROSEMARY LEAVES JAR,7,392.0,TROPICAL HEAT LTD,2,4,7
NIVEA 400ML COCOA BUTTER LOTION 89156,10,5120.0,BEIERSDORF EAST AFRICA LTD HQ,2,4,7
KO 330ML PASSION&LIME CIDER,9,1651.9858068674016,SAVANNAH BRANDS COMPANY LIMITED,2,4,7
KENCHIC 500G HUNGARIAN CHOMA SAUSAGES,11,3238.190600832838,KENCHIC FROZEN,2,4,7
BIO 450ML STRAWBERRY YOGHURT,12,1127.5332413793105,BIO FOOD PRODUCTS LTD,2,4,7
WEETABIX 500G CEREAL FRUIT & FIBRE,9,6120.0,WEETABIX EAST AFRICA LTD HQ,2,4,7
FRESH KENCHIC 500G CHICKEN MINI BITES,13,3826.95252825699,KENCHIC FROZEN,2,4,7
BROOKSIDE 250ML DISNEY DF VANILLA YOG,12,1127.5332413793105,BROOKSIDE DAIRY LIMITED,2,4,7
DL 150G YOGHURT VANILLA W PODS,13,1221.4943448275865,GLACIER PRODUCTS LTD 2ND,2,4,7
FRUSION 150ML CUP STRAWBERRY YOGHURT,11,1033.5721379310346,RAZCO LTD,2,4,7
ENIGMA 110ML STD SALTED CARAMEL,8,441.79424385138674,RAZCO LTD,2,4,7
FA KIDS 250ML SGEL N SHAMP WILD OCEAN,7,2962.4000000000005,CHANDARIA INDUSTRIES LTD HENKEL C BRANDS,2,4,7
FAY 38CM X 10M BAKING PAPER,11,2024.0,KIM FAY EAST AFRICA LTD,2,4,7
DL 150G 6PK MULTI PACK YOGHURT ASSORTED,12,1127.5332413793105,GLACIER PRODUCTS LTD 2ND,2,4,7
DL 800ML VS/VANILLA VPACK,10,552.2428048142334,GLACIER PRODUCTS LTD G P,2,4,7
LAKI LAKI 420ML BANANA STRWBRRY SMOOTHIE GLS,10,939.6110344827588,LAKI LAKI LIMITED,2,4,7
SANTA MARIA 400ML COCONUT CREAM,12,697.3210537588349,DEBENHAM AND FEAR LTD,2,4,7
JAVA 300G CHOCOLATE CHIP COOKIES,7,384.7985647649803,NAIROBI JAVA HOUSE LTD,2,4,7
LAKI LAKI 700ML GREEK YOGHURT VANILLA GLS,12,1127.5332413793105,LAKI LAKI LIMITED,2,4,7
TROPNUTS 150G FRIED PEAS,8,409.6,TROPICAL HEAT LTD,2,4,7
TUZO 200G YOGHURT STRAWBERRY,13,1221.4943448275865,BROOKSIDE DAIRY LIMITED,2,4,7
NATURALLI 250G SUNFLOWER SEEDS,9,2296.8,HEALTHY U TWO THOUSAND LTD,2,4,7
KENBEEF 400G BURGER 4PCS,11,3238.190600832838,KENCHIC FROZEN,2,4,7
NATURALLI 500G HIMALAYAN IODIZED PINK SALT,9,297.4059130434783,HEALTHY U TWO THOUSAND LTD,2,4,7
GEISHA 200G WHITE FAMILY PACK 3S,9,2408.4,UNILEVER KENYA LIMITED,2,4,7
FC 400G (30D) KRAINER WITH CHEESE,10,2943.8096371207616,FARMERS CHOICE LTD,2,4,7
NIVEA 400ML MEN DEEP BODY LOTION 83904,7,3752.0,BEIERSDORF EAST AFRICA LTD HQ,2,4,7
TBC 1L POMEGRANTE AMBIENT JUICE DRINK,9,632.19315180389,HEALTHY U TWO THOUSAND LTD,2,4,7
TROP HEAT 15G PARSLEY JAR,9,576.0,TROPICAL HEAT LTD,2,4,7
LAKI LAKI 250ML LABNEH AUTHENTIC CREAM CHEESE,9,3592.967403449678,LAKI LAKI LIMITED,2,4,7
MF 500G ANTIBACTERIAL SCOURING PWD,8,640.0,P Z CUSSONS EAST AFRICA  LTD HQ,2,4,7
FRUSION 100ML CUP VANILLA YOGHURT,10,939.6110344827588,RAZCO LTD,2,4,7
MHARVEST 250G BAG CHOCO SHELLS,8,2105.6,HEALTHY U TWO THOUSAND LTD,2,4,7
QMP 200G BREADED CHICKEN POPS,7,924.0,QUALITY MEAT PACKERS LTD,2,4,7
RAHA 400G DRINKING CHOCOLATE,11,932.0830416415208,EXCEL CHEMICALS LTD,2,4,7
CHOICE 300G SAVOURY MEATBALLS,11,3238.190600832838,CHOICE MEATS BEEF PLANT,2,4,7
QMP 1.4KG HALAL CAPON,8,4256.0,QUALITY MEAT PACKERS LTD,2,4,7
ASTONISH 750ML GREASE LIFTER TRIGGER,8,4000.0,SPARKLE BRANDS LIMITED,2,4,7
DAIMA 250ML SBERRY YOGHURT CUP,12,1127.5332413793105,DEVYANI FOOD INDUSTRIES K LIMITED MILK AND YOGHURT,2,4,7
SANTA MARIA 400G WHOLE CHOPPED TOMATOES,11,1464.5779209979214,DEBENHAM AND FEAR LTD,2,4,7
FRESHA 500ML SBERRY CUP YOG,10,939.6110344827588,GITHUNGURI DAIRY FARMERS,2,4,7
DAIMA 500ML CUP BLACKCURRANT YOGHURT,11,1033.5721379310346,DEVYANI FOOD INDUSTRIES K LIMITED MILK AND YOGHURT,2,4,7
TUZO 400G YOGHURT VANILLA,11,1033.5721379310346,BROOKSIDE DAIRY LIMITED,2,4,7
SUNLIGHT 1.5KG AUTO POWDER LAVENDER,10,5840.0,UNILEVER KENYA LIMITED,2,4,7
ODO SMILE 200G TOILET BALLS 5S,8,1056.0,SUPERSLEEK LIMITED,2,4,7
QUEEN DELI 100G MOZARELLA BALLS,8,3193.7488030663803,LEMOC LIMITED,2,4,7
F/C FROZEN 750G (12M) PORK BELLY SPARE RIBS,7,4228.0,FARMERS CHOICE LTD,2,4,7
MC 500G WILD BUSH HONEY,11,5095.200000000001,BIO FOOD PRODUCTS LTD,2,4,7
WABA 20LT MINERAL WATER,7,390.1122831457096,JETLAK FOODS LTD,2,4,7
BLOOM LUXURY 3PLY VIRGIN WHITE 4PK,11,3884.508469055375,PROPACK KENYA LTD,2,4,7
PAMPERS PANTS JUMBO JUNIOR S6 48S,9,15660.0,HASBAH KENYA LTD P AND G,2,4,7
NIVEA 400ML NOURISHING BODY LOTION,8,4096.0,BEIERSDORF EAST AFRICA LTD HQ,2,4,7
WEETABIX 500G JUMBO OATS,7,2016.0,WEETABIX EAST AFRICA LTD HQ,2,4,7
MILL BAKERS  500G HEART DELI,7,739.2,MILL BAKERS LIMITED,2,4,7
BROOKSIDE 250ML BUBBLEBUM 6PK,9,494.0594092563695,BROOKSIDE DAIRY LIMITED,2,4,7
PERSIL 1KG HAND WASH POWDER ROSE,7,2604.0,CHANDARIA INDUSTRIES LTD HENKEL C BRANDS,2,4,7
GRANDE FRANCE 750ML ROSE SPARKLING WINE,7,19012.0,ALIMP GROUP LIMITED SR,2,4,7
FRUSION 6*150ML CUP VANILLA YOGHURT,10,939.6110344827588,RAZCO LTD,2,4,7
LYONS 360ML THOUSAND ISLAND SALAD DRESSING,8,1977.6000000000001,RAZCO LTD 2ND,2,4,7
CRYSTAL 1KG ICE CUBES,8,1280.0,CRYSTAL FROZEN AND CHILLED FOODS LTD,2,4,7
MAYERS 20LT STILL MINERAL WATER ONE WAY,6,334.3819569820368,MALACHITE LIMITED,2,4,7
NUTRAMEAL 1KG MOONG DAL SPLIT,10,1840.0,KAMILI PACKERS LIMITED NORMAL,2,4,7
KELLOGGS 470G FROSTIES,7,5180.0,HASBAH KENYA LTD,2,4,7
OMO 700G AUTO EXTRA MACHINE WASH,6,2016.0,UNILEVER KENYA LIMITED,2,4,7
BUTTERFLY TOOR DAL 1KG WASHED,7,2324.0,SPICE WORLD LTD,2,4,7
URBAN BITES 120G FUNKY FRUIT CHUTNY,8,352.63515151515156,NORDA INDUSTRIES LTD.,2,4,7
MARS SINGLE BARS 40G,8,1124.7850127732047,RADBONE CLARK LIMITED MARS,2,4,7
DAIMA 150ML BCURRANT YOGHURT CUP,12,1127.5332413793105,DEVYANI FOOD INDUSTRIES K LIMITED MILK AND YOGHURT,2,4,7
DELAMERE 250ML PREM CHOC CHIPS FRUIT YOG CUP,13,1221.4943448275865,BROOKSIDE DAIRY LIMITED,2,4,7
MF 400ML ORIGINAL D/WASHING LIQUID,7,1058.4,P Z CUSSONS EAST AFRICA  LTD HQ,2,4,7
ATA 1KG SCOURING POWDER,7,1036.0,CHANDARIA INDUSTRIES LTD HENKEL C BRANDS,2,4,7
FESTIVE 250G CUPCAKE 6PC BLUEBERRY,6,633.6,DPL FESTIVE  LIMITED,2,4,7
FESTIVE 250G CUPCAKE 6PC CHOCOLATE,6,633.6,DPL FESTIVE  LIMITED,2,4,7
BROOKSIDE 1LT STRAWBERRY YOUGHURT,9,845.649931034483,BROOKSIDE DAIRY LIMITED,2,4,7
DAIMA 500ML MANGO CUP YOG,8,751.688827586207,DEVYANI FOOD INDUSTRIES K LIMITED MILK AND YOGHURT,2,4,7
DELAMERE 3LTR PREMIUM YOGHURT,10,939.6110344827588,BROOKSIDE DAIRY LIMITED,2,4,7
FRUSION 6*100ML VANILLA YOGHURT,9,845.649931034483,RAZCO LTD,2,4,7
KERICHO GOLD PURE ROOIBOS TEA 20S,7,2436.0,GOLD CROWN BEVERAGES K LTD,2,4,7
FC COOKED WHOLE HAM PLU 12150,6,8880.0,FARMERS CHOICE LTD DELI,2,4,7
KERICHO GOLD APPLE N CINNAMON 20S,7,1484.0,GOLD CROWN BEVERAGES K LTD,2,4,7
N/OWN 100G PILAU MASALA GROUND JAR,6,1435.2,CHIRAG AFRICA LIMITED,2,4,7
NATURALLI 100GM WHOLE ALMONDS,9,2368.7999999999997,HEALTHY U TWO THOUSAND LTD,2,4,7
KERICHO GOLD STRAWBERRY N VANILLA  20S,6,1272.0,GOLD CROWN BEVERAGES K LTD,2,4,7
MF FLOWER FOR 1500/-,9,10800.0,ANDREW MUROKI GATHAGE,2,4,7
N/OWN 20G BAY LEAVES JAR,7,644.0,CHIRAG AFRICA LIMITED,2,4,7
OA 250G HONEY COATED MACADAMIA NUTS CF,10,512.0,KENYA NUT COMPANY,2,4,7
PEARL 1KG GREEN GRAMS POLISHED,7,1114.4,CAPWELL INDUSTRIES LTD,2,4,7
FRESH KENCHIC 125G SNACKY CHICKEN BITE,11,3238.190600832838,KENCHIC FROZEN,2,4,7
MANJI 200G DINNER CRACKERS,8,439.7697883028346,MANJI FOOD INDUSTRIES LTD,2,4,7
MC 300G JUST STRAWBERRY JAM,12,3532.5715645449136,BIO FOOD PRODUCTS LTD,2,4,7
LD 120ML IMPULSE DOUBLE CHOC CONE,6,331.34568288854007,CRYSTAL FROZEN AND CHILLED FOODS LTD,2,4,7
VELVEX KITCHEN TOWEL JUMBO PREM WHT LAMINATED,10,4520.0,CHANDARIA INDUSTRIES  LTD,2,4,7
FROZEN KENCHIC SPRING CHICKEN PER PC,10,4472.0,KENCHIC FROZEN,2,4,7
KELLOGGS 750G CORNFLAKES,10,9560.0,HASBAH KENYA LTD,2,4,7
BLOOM KITCHEN TOWEL 2S WHITE,6,1680.0,PROPACK KENYA LTD,2,4,7
SUNLIGHT 400ML LEMON DISH WASHING LIQUID,7,1036.0,UNILEVER KENYA LIMITED,2,4,7
SANTA MARIA 100ML EXTRA VIRGIN OLIVE OIL,8,2816.0,DEBENHAM AND FEAR LTD,2,4,7
FROZEN KENCHIC CHICKEN DRUMSTICK (6PCS),8,5286.400000000001,KENCHIC FROZEN,2,4,7
HEINZ 370G TOMATO PASTE,8,239.14766355140188,HASBAH KENYA LTD,2,4,7
GEISHA 200G SOAP SHEA NATRI HERITAGE,9,972.0,UNILEVER KENYA LIMITED,2,4,7
WEETABIX 1KG OATIBIX QUICK OATS,10,4160.0,WEETABIX EAST AFRICA LTD HQ,2,4,7
QMP 200G BREADED CHICKEN  FINGERS,8,1056.0,QUALITY MEAT PACKERS LTD,2,4,7
TROP HEAT 20G BASIL RUBBED JAR,6,408.0,TROPICAL HEAT LTD,2,4,7
FC 400G (30D) BACK BACON,7,2060.666745984533,FARMERS CHOICE LTD,2,4,7
FC 500G (30D) POULTRY VIENNA X-LONG,9,2649.4286734086854,FARMERS CHOICE LTD,2,4,7
QMP 500G BREADED CHICKEN NUGGETS,6,2040.0,QUALITY MEAT PACKERS LTD,2,4,7
SO FRESH 100G SMOKED SALMON  PKT,7,7946.400000000001,EEEZY COOK LTD,2,4,7
HC 150ML JOLLY SOUR CREAM CUP,8,2257.2734889287854,HAPPY COW LIMITED,2,4,7
OOHI LALA 1LT WILD FRUITS YOGHURT,8,751.688827586207,RAZCO LTD,2,4,7
FC 900G (30D) RETAIL BEEF SMOKIES,13,3826.95252825699,FARMERS CHOICE LTD,2,4,7
JIAN 30 PACK YELLOW YOLK EGGS,8,3144.7965282083073,JIAN CEREALS DEPOT,2,4,7
AQUAMIST 750ML GLASS SPARKLING WATER,8,445.8426093093824,AQUAMIST LIMITED,2,4,7
HANAN WATER WIPES NEW BORN 72S,9,1290.3271244051666,ZENKO KENYA LIMITED,2,4,7
BIO 450ML YOGHURT GUAVA/MORINGA,8,751.688827586207,BIO FOOD PRODUCTS LTD,2,4,7
TROP HEAT 150G RICE CAKE FRUIT CHUTNEY,6,1008.0,TROPICAL HEAT LTD,2,4,7
OMO 1KG EXTRA FRESH BANDED 400G,7,2738.4000000000005,UNILEVER KENYA LIMITED,2,4,7
NUTRAMEAL 5KG BIRD MILLET,9,5400.0,KAMILI PACKERS LIMITED NORMAL,2,4,7
LAKI LAKI 450ML GREEK YOGHURT BLUEBERRY,8,751.688827586207,LAKI LAKI LIMITED,2,4,7
F/C FROZEN 500G (12M) BEEF MINCE,9,2268.0,FARMERS CHOICE LTD,2,4,7
DAIMA 250ML MANGO YOGHURT CUP,10,939.6110344827588,DEVYANI FOOD INDUSTRIES K LIMITED MILK AND YOGHURT,2,4,7
BROOKSIDE 450G FULL CREAM SATCHET MILK POWDER,10,4400.0,BROOKSIDE DAIRY LIMITED,2,4,7
BROOKSIDE 450ML FRUITNESS MIXED BERRY CUP,8,751.688827586207,BROOKSIDE DAIRY LIMITED,2,4,7
KENTASTE 1L COCONUT OIL,6,6907.200000000001,CHANDARIA INDUSTRIES  LTD KENTASTE,2,4,7
254 GOLDEN RUMP 330ML BEER,8,1463.6243731829031,254 BREWING COMPANY LIMITED,2,4,7
GOLDEN RUMP 330ML EMPTY BOTTLE,8,96.0,254 BREWING COMPANY LIMITED,2,4,7
FC 500G (14D) BABY BOERS,7,2060.666745984533,FARMERS CHOICE LTD,2,4,7
BIO 450ML MANGO YOGHURT,9,845.649931034483,BIO FOOD PRODUCTS LTD,2,4,7
NATURALLI 100G PRUNES,6,1675.1999999999998,HEALTHY U TWO THOUSAND LTD,2,4,7
NUZIWA 1LT SOYA MILK ORIGINAL,9,2520.0,JETLAK FOODS LTD,2,4,7
LAKI LAKI 250ML MANGO MINT CUCUMBER SMOOTHIE,8,751.688827586207,LAKI LAKI LIMITED,2,4,7
KETEPA 100S TEA BAG JUMBO UNTAGGED,6,599.8006108735492,KENYA TEA PACKERS KETEPA,2,4,7
KAWAN 400G ONION PARANTHA,10,2880.0,CRYSTAL FROZEN AND CHILLED FOODS LTD,2,4,7
BILA SHAKA 330ML HONEY BADGER BLONDIE,6,1097.7182798871772,MALACHITE LIMITED BEER,2,4,7
HARPIC 500ML PP ORIGINAL TWIN PK,6,4310.400000000001,TOWFIQ  K  LIMITED HQ,2,4,7
DELSER 250G CRACKERS SALTED,6,168.0,HEALTHY U TWO THOUSAND LTD,2,4,7
VERONI 700ML ACTIVE ISOTONIC LEMON DRINK,5,646.169587873046,HEALTHY U TWO THOUSAND LTD,2,4,7
JAVA 90G MACADAMIA NUT COOKIES,5,274.8561176892716,NAIROBI JAVA HOUSE LTD,2,4,7
AQUAMIST 1LT 6PACK MINERAL WATER,5,278.65163081836397,AQUAMIST LIMITED,2,4,7
ASTONISH 600G OXY ACTIVE TOUGH STAIN REMOVER,5,3580.0,SPARKLE BRANDS LIMITED,2,4,7
DL 150G YOGHURT PEACH MANGO,7,657.7277241379311,GLACIER PRODUCTS LTD 2ND,2,4,7
OOHI LALA 250ML STRAWBERRY YOG DRINK,7,657.7277241379311,RAZCO LTD,2,4,7
RINGOZ 75G SWEET PAPRIKA CORN,6,264.47636363636366,NORDA INDUSTRIES LTD.,2,4,7
BROWNS 250ML GREEK YOGHURT HONEY,11,1033.5721379310346,SUNPOWER PRODUCTS LTD,2,4,7
DABUR 140G HERBAL T/PASTE ACTIVATED CHARCOAL,8,1920.0,KIM FAY EAST AFRICA LTD DABUR,2,4,7
LAKI LAKI 450ML GREEK YOGHURT RASPBERRY,7,657.7277241379311,LAKI LAKI LIMITED,2,4,7
VERONI 700ML ACTIVE ISOTONIC MULTIFRUIT DRINK,5,646.169587873046,HEALTHY U TWO THOUSAND LTD,2,4,7
FC 500G (30D) SMOKED MINI BITES,7,2060.666745984533,FARMERS CHOICE LTD,2,4,7
NUTEEZ 250G PEANUT BUTTER SMOOTH,6,936.0,JETLAK FOODS LTD,2,4,7
FC 500G (30D) FRESH PORK FRANKFURTERS,7,2060.666745984533,FARMERS CHOICE LTD,2,4,7
HUNTERS CHOICE WHISKY 350ML,5,1013.7957124842371,KENYA WINE AGENCIES KWAL,2,4,7
DROSTDY-HOF CLARET SELECT 750ML,5,4636.0,KENYA WINE AGENCIES KWAL,2,4,7
OMO 3.5KG POWDER EXTRA FRESH CHEETAH,5,5156.0,UNILEVER KENYA LIMITED,2,4,7
FRESHA 250ML SBERRY CUP YOG,7,657.7277241379311,GITHUNGURI DAIRY FARMERS,2,4,7
KABRAS 1KG WHITE SUGAR,191,25571.274215912847,WEST KENYA SUGAR COMPANY LTD,2,5,8
PEMBE 2KG HOMEBAKING,148,18070.8690206529,PEMBE FLOUR MILLS,2,5,8
RINSUN 5LT SUNFLOWER OIL,96,122109.3232480534,KAPA OIL REFINERIES LTD,2,5,8
RINSUN 2LT SUNFLOWER OIL,92,55761.444247787615,KAPA OIL REFINERIES LTD,2,5,8
RINSUN 3LT SUNFLOWER OIL,70,61257.96244700181,KAPA OIL REFINERIES LTD,2,5,8
BUTTERFLY 1KG SOOJI (SEMOLINA),46,7643.189127972821,SPICE WORLD LTD,2,5,8
AJAB 1KG HOME BAKING FLOUR,41,4969.165555851983,GRAIN INDUSTRIES LIMITED,2,5,8
RINSUN 500ML SUNFLOWER OIL,29,26810.26285883149,KAPA OIL REFINERIES LTD,2,5,8
RINA 500ML VEGETABLE OIL,19,17565.34463164822,KAPA OIL REFINERIES LTD,2,5,8
RINSUN 750ML SUNFLOWER OIL,17,15716.360986211565,KAPA OIL REFINERIES LTD,2,5,8
CLOVERS 500G CASTER SUGAR,12,2362.618144528317,TRI CLOVER INDUSTRIES LTD,2,5,8
PEMBE 5KG MAIZE MEAL,8,969.5932791906309,PEMBE FLOUR MILLS,2,5,8
JOGOO 1KG MAIZE MEAL,9,1090.7924390894598,UNGA LTD,2,5,8
CLOVERS 1KG BROWN SUGAR,8,1575.078763018878,TRI CLOVER INDUSTRIES LTD,2,5,8
SOKO 1KG HOMEBAKING FLOUR,8,969.5932791906309,CAPWELL INDUSTRIES LTD,2,5,8
SIMPLIFINE 600G WHITE LOAF,5,400.0,BIGCOLD KENYA SIMPLIFINE SHELF BREAD,2,5,8
KINGSMIL 380G PLAIN SLICED BUN 6S WHITE,4,320.0,KENAFRIC BAKERY LTD,2,5,8
SOKO 10KG MAIZE MEAL BAG,3,363.59747969648663,CAPWELL INDUSTRIES LTD,2,5,8
SESIA 1KG HONEY JAR,19,12084.0,SESIA LIMITED,2,5,8
MHARVEST 1KG BAG SUPERFAST OATS,10,3352.0000000000005,HEALTHY U TWO THOUSAND LTD,2,5,8
EVERFRESH 4KG GHEE,13,39613.600000000006,BROOKSIDE DAIRY LIMITED,2,5,8
MHARVEST 450G CHOCO SHELLS VALUE PACK,14,5924.800000000001,HEALTHY U TWO THOUSAND LTD,2,5,8
ARLA 175G MOZZARELLA SHREDDED CHEESE,13,5189.841804982868,CRYSTAL FROZEN AND CHILLED FOODS LTD,2,5,8
MOLPED SUPER NIGHT SUPER LONG 5S,10,1573.8302277432715,HAYAT KIMYA  K  H PRODUCTS LTD,2,5,8
MILL BAKERS 200G COFFEE CAKE,8,844.8000000000001,MILL BAKERS LIMITED,2,5,8
BABYBEL MINI 110G 5S NATURAL CHEESE,8,3193.7488030663803,CRYSTAL FROZEN AND CHILLED FOODS LTD,2,5,8
PERSIL 3LT MACHINE WASH LIQUID GEL,12,25910.4,CHANDARIA INDUSTRIES LTD HENKEL C BRANDS,2,5,8
MURATATU TRIPEL EMPTY BOTTLE,7,84.0,254 BREWING COMPANY LIMITED,2,5,8
ZESTA 400G PEANUT SMOOTH BUTTER,10,2120.0,TRUFOODS LIMITED T F,2,5,8
KERICHO GOLD GREEN TEA LEMON 25 TB,7,1120.0,GOLD CROWN BEVERAGES K LTD,2,5,8
SAWING THREAD ASSORTED,7,218.40000000000003,JEVANS ENTERPRISES,2,5,8
ZESTA 700G TOMATO SAUCE,11,1540.0,TRUFOODS LIMITED T F,2,5,8
VELVEX 5L MULTIPURPOSE DETERGENT,7,2800.0,CHANDARIA INDUSTRIES  LTD,2,5,8
MHARVEST 450G CHOCO RICE VALUE PACK,11,4655.200000000001,HEALTHY U TWO THOUSAND LTD,2,5,8
FRESCHELLO EXTRA DRY SPARKLING WINE 750ML,9,12952.800000000001,NEW ITALYCOR LIMITED WINE,2,5,8
KABARNET 500ML 6PK MINERAL WATER,9,501.57293547305517,KHETIA DRAPERS LTD,2,5,8
DOWNY 900ML BOTTLE SWEET ELEGANCE,10,6312.0,HASBAH KENYA LTD P AND G,2,5,8
KITCHEN TOWEL  HEAVY SQUARE 15X25,10,1880.0,SHAMULA LIMITED,2,5,8
KABARNET 750ML SPARKLING WATER,9,501.57293547305517,KHETIA DRAPERS LTD,2,5,8
KERICHO GOLD SWEET PEPPERMINT  20S,10,2120.0,GOLD CROWN BEVERAGES K LTD,2,5,8
PERSIL 1.5KG MACHINE WASH LAVENDER,8,5753.6,CHANDARIA INDUSTRIES LTD HENKEL C BRANDS,2,5,8
JIK REGULAR BLEACH 750ML + 250ML FREE,11,3775.2000000000007,TOWFIQ  K  LIMITED HQ,2,5,8
KENTASTE 200ML COCONUT OIL,9,3016.8,CHANDARIA INDUSTRIES  LTD KENTASTE,2,5,8
FROZEN KENCHIC 900G BREAST BONELESS 6PC,7,6300.0,KENCHIC FROZEN,2,5,8
KETTLE 40G MEDITERRANEAN TOMATO CHIPS,7,196.0,PROPACK KENYA LTD,2,5,8
TROP HEAT 100G CORIANDER GRND JAR,9,1152.0,TROPICAL HEAT LTD,2,5,8
FAY 30CMX30M CLING FILM,9,1152.0,KIM FAY EAST AFRICA LTD,2,5,8
TROP HEAT 20G ROSEMARY LEAVES JAR,8,448.0,TROPICAL HEAT LTD,2,5,8
NIVEA 400ML COCOA BUTTER LOTION 89156,10,5120.0,BEIERSDORF EAST AFRICA LTD HQ,2,5,8
KO 330ML PASSION&LIME CIDER,11,2019.0937639490467,SAVANNAH BRANDS COMPANY LIMITED,2,5,8
WEETABIX 500G CEREAL FRUIT & FIBRE,9,6120.0,WEETABIX EAST AFRICA LTD HQ,2,5,8
FA KIDS 250ML SGEL N SHAMP WILD OCEAN,7,2962.4000000000005,CHANDARIA INDUSTRIES LTD HENKEL C BRANDS,2,5,8
DL 800ML VS/VANILLA VPACK,11,607.4670852956567,GLACIER PRODUCTS LTD G P,2,5,8
TROPNUTS 150G FRIED PEAS,9,460.8,TROPICAL HEAT LTD,2,5,8
NATURALLI 250G SUNFLOWER SEEDS,11,2807.2000000000003,HEALTHY U TWO THOUSAND LTD,2,5,8
NATURALLI 500G HIMALAYAN IODIZED PINK SALT,10,330.45101449275364,HEALTHY U TWO THOUSAND LTD,2,5,8
NIVEA 400ML MEN DEEP BODY LOTION 83904,9,4824.0,BEIERSDORF EAST AFRICA LTD HQ,2,5,8
ENIGMA 6X80ML MINI SALTED CARAMEL VP,7,386.5699633699634,RAZCO LTD,2,5,8
MHARVEST 250G BAG CHOCO SHELLS,9,2368.7999999999997,HEALTHY U TWO THOUSAND LTD,2,5,8
QMP 200G BREADED CHICKEN POPS,8,1056.0,QUALITY MEAT PACKERS LTD,2,5,8
WEETABIX 420G WEETOS FAMILY PACK,7,3892.0,WEETABIX EAST AFRICA LTD HQ,2,5,8
QMP 1.4KG HALAL CAPON,9,4788.0,QUALITY MEAT PACKERS LTD,2,5,8
LONDON DAIRY 110ML IMPULSE ALMOND CHOC STICK,8,441.79424385138674,CRYSTAL FROZEN AND CHILLED FOODS LTD,2,5,8
ASTONISH 750ML GREASE LIFTER TRIGGER,9,4500.0,SPARKLE BRANDS LIMITED,2,5,8
SUNLIGHT 1.5KG AUTO POWDER LAVENDER,10,5840.0,UNILEVER KENYA LIMITED,2,5,8
ODO SMILE 200G TOILET BALLS 5S,9,1188.0,SUPERSLEEK LIMITED,2,5,8
AFIA 1.5L APPLE FRUIT DRINK PET,6,535.454993169521,KEVIAN KENYA LTD,2,5,8
F/C FROZEN 750G (12M) PORK BELLY SPARE RIBS,8,4832.0,FARMERS CHOICE LTD,2,5,8
WABA 20LT MINERAL WATER,6,334.3819569820368,JETLAK FOODS LTD,2,5,8
WEETABIX 500G JUMBO OATS,7,2016.0,WEETABIX EAST AFRICA LTD HQ,2,5,8
MILL BAKERS  500G HEART DELI,7,739.2,MILL BAKERS LIMITED,2,5,8
PERSIL 1KG HAND WASH POWDER ROSE,7,2604.0,CHANDARIA INDUSTRIES LTD HENKEL C BRANDS,2,5,8
DETTOL 200ML HANDWASH TWIN PACK 50%,6,3240.0,TOWFIQ  K  LIMITED HQ,2,5,8
GRANDE FRANCE 750ML ROSE SPARKLING WINE,8,21728.0,ALIMP GROUP LIMITED SR,2,5,8
MONSTER 500ML ENERGY DRINK,7,904.6374230222643,COCA COLA BEVERAGES KENYA LTD,2,5,8
LYONS 360ML THOUSAND ISLAND SALAD DRESSING,8,1977.6000000000001,RAZCO LTD 2ND,2,5,8
REXONA 50ML POWDER CLEAN AND FRESH ROLL-ON,6,1896.0,UNILEVER KENYA LIMITED,2,5,8
ZESTA 300G STRAWBERRY JAM,6,859.2,TRUFOODS LIMITED T F,2,5,8
CRYSTAL 1KG ICE CUBES,8,1280.0,CRYSTAL FROZEN AND CHILLED FOODS LTD,2,5,8
MAYERS 20LT STILL MINERAL WATER ONE WAY,7,390.1122831457096,MALACHITE LIMITED,2,5,8
KELLOGGS 470G FROSTIES,9,6660.0,HASBAH KENYA LTD,2,5,8
OMO 700G AUTO EXTRA MACHINE WASH,9,3024.0,UNILEVER KENYA LIMITED,2,5,8
BUTTERFLY TOOR DAL 1KG WASHED,8,2656.0,SPICE WORLD LTD,2,5,8
URBAN BITES 120G FUNKY FRUIT CHUTNY,10,440.79393939393947,NORDA INDUSTRIES LTD.,2,5,8
MARS SINGLE BARS 40G,10,1405.9812659665058,RADBONE CLARK LIMITED MARS,2,5,8
GLASS CLOTH PRINTED 20X25,6,912.0,SHAMULA LIMITED,2,5,8
MF 400ML ORIGINAL D/WASHING LIQUID,10,1512.0000000000002,P Z CUSSONS EAST AFRICA  LTD HQ,2,5,8
ATA 1KG SCOURING POWDER,9,1332.0,CHANDARIA INDUSTRIES LTD HENKEL C BRANDS,2,5,8
FESTIVE 250G CUPCAKE 6PC BLUEBERRY,7,739.2,DPL FESTIVE  LIMITED,2,5,8
FESTIVE 250G CUPCAKE 6PC CHOCOLATE,7,739.2,DPL FESTIVE  LIMITED,2,5,8
NIVEA 50ML MEN DEEP ROLL ON 80031,6,2496.0,BEIERSDORF EAST AFRICA LTD HQ,2,5,8
ORCHID VALLEY 1L PASSION DELIGHT,6,421.4621012025934,PREMIER FOODS  LIMITED,2,5,8
MILL BAKERS 350G  MINI MANDEIRA LEMON,6,633.6,MILL BAKERS LIMITED,2,5,8
FRUSION 6*100ML VANILLA YOGHURT,6,563.7666206896553,RAZCO LTD,2,5,8
KERICHO GOLD PURE ROOIBOS TEA 20S,7,2436.0,GOLD CROWN BEVERAGES K LTD,2,5,8
FC COOKED WHOLE HAM PLU 12150,8,11840.0,FARMERS CHOICE LTD DELI,2,5,8
KERICHO GOLD APPLE N CINNAMON 20S,8,1696.0,GOLD CROWN BEVERAGES K LTD,2,5,8
N/OWN 100G PILAU MASALA GROUND JAR,8,1913.6000000000001,CHIRAG AFRICA LIMITED,2,5,8
NATURALLI 100GM WHOLE ALMONDS,10,2632.0,HEALTHY U TWO THOUSAND LTD,2,5,8
KERICHO GOLD STRAWBERRY N VANILLA  20S,7,1484.0,GOLD CROWN BEVERAGES K LTD,2,5,8
MF FLOWER FOR 1500/-,10,12000.0,ANDREW MUROKI GATHAGE,2,5,8
N/OWN 20G BAY LEAVES JAR,6,552.0,CHIRAG AFRICA LIMITED,2,5,8
OA 250G HONEY COATED MACADAMIA NUTS CF,9,460.8,KENYA NUT COMPANY,2,5,8
PEARL 1KG GREEN GRAMS POLISHED,8,1273.6000000000001,CAPWELL INDUSTRIES LTD,2,5,8
LD 120ML IMPULSE DOUBLE CHOC CONE,6,331.34568288854007,CRYSTAL FROZEN AND CHILLED FOODS LTD,2,5,8
VELVEX KITCHEN TOWEL JUMBO PREM WHT LAMINATED,5,2260.0,CHANDARIA INDUSTRIES  LTD,2,5,8
KELLOGGS 750G CORNFLAKES,8,7648.0,HASBAH KENYA LTD,2,5,8
BLOOM KITCHEN TOWEL 2S WHITE,7,1960.0,PROPACK KENYA LTD,2,5,8
SUNLIGHT 400ML LEMON DISH WASHING LIQUID,8,1184.0,UNILEVER KENYA LIMITED,2,5,8
SANTA MARIA 100ML EXTRA VIRGIN OLIVE OIL,8,2816.0,DEBENHAM AND FEAR LTD,2,5,8
FROZEN KENCHIC CHICKEN DRUMSTICK (6PCS),8,5286.400000000001,KENCHIC FROZEN,2,5,8
GEISHA 200G SOAP SHEA NATRI HERITAGE,9,972.0,UNILEVER KENYA LIMITED,2,5,8
QMP 200G BREADED CHICKEN  FINGERS,8,1056.0,QUALITY MEAT PACKERS LTD,2,5,8
TROP HEAT 20G BASIL RUBBED JAR,6,408.0,TROPICAL HEAT LTD,2,5,8
FC 400G (30D) BACK BACON,6,1766.2857822724568,FARMERS CHOICE LTD,2,5,8
QMP 500G BREADED CHICKEN NUGGETS,7,2380.0,QUALITY MEAT PACKERS LTD,2,5,8
SO FRESH 100G SMOKED SALMON  PKT,6,6811.200000000001,EEEZY COOK LTD,2,5,8
JIAN 30 PACK YELLOW YOLK EGGS,9,3537.8960942343456,JIAN CEREALS DEPOT,2,5,8
TROP HEAT 150G RICE CAKE FRUIT CHUTNEY,7,1176.0,TROPICAL HEAT LTD,2,5,8
OMO 1KG EXTRA FRESH BANDED 400G,9,3520.8,UNILEVER KENYA LIMITED,2,5,8
KENTASTE 100G LOW FAT DESICATED COCONUT,6,118.16824512534822,CHANDARIA INDUSTRIES  LTD KENTASTE,2,5,8
TENA 200S SERVIETTES WHITE,6,960.0369230769231,AFRICAN COTTON INDUSTRIES LTD,2,5,8
LAKI LAKI 450ML GREEK YOGHURT BLUEBERRY,7,657.7277241379311,LAKI LAKI LIMITED,2,5,8
F/C FROZEN 500G (12M) BEEF MINCE,9,2268.0,FARMERS CHOICE LTD,2,5,8
GROUNDED 800G DISHES PASTE,6,4555.200000000001,GLOBAL SLACKER ENTERPRISES LTD,2,5,8
KENTASTE 1L COCONUT OIL,6,6907.200000000001,CHANDARIA INDUSTRIES  LTD KENTASTE,2,5,8
GALITOS 250ML LEMON & HERB PIRIPIRI SAUCE,6,2304.0,RAZCO LTD 2ND,2,5,8
GOLDEN RUMP 330ML EMPTY BOTTLE,8,96.0,254 BREWING COMPANY LIMITED,2,5,8
DL 1L BISCOTTI ICECREAM,6,331.34568288854007,GLACIER PRODUCTS LTD G P,2,5,8
FC 500G (14D) BABY BOERS,6,1766.2857822724568,FARMERS CHOICE LTD,2,5,8
OOH 1LT VANILLA N CHOCO TUB,5,276.1214024071167,RAZCO LTD,2,5,8
CIRIO 400G RED KIDNEY BEANS,5,665.717236817237,DEBENHAM AND FEAR LTD,2,5,8
FARMER MAX 600G MINCE,5,3240.0,MAJIPONICS LIMITED,2,5,8
NATURALLI 100G PRUNES,6,1675.1999999999998,HEALTHY U TWO THOUSAND LTD,2,5,8
KETEPA 100S TEA BAG JUMBO UNTAGGED,8,799.7341478313989,KENYA TEA PACKERS KETEPA,2,5,8
FC 2KG (7M) PET FOOD TEAM,7,2212.0,FARMERS CHOICE LTD,2,5,8
USHINDI 400G DISH WASHING PASTE LEMON,5,800.0,PWANI OIL PRODUCTS LTD.,2,5,8
HC 250G CHEESE PORTION PANEER,5,1996.0930019164878,HAPPY COW LIMITED,2,5,8
BILA SHAKA 330ML HONEY BADGER BLONDIE,7,1280.6713265350402,MALACHITE LIMITED BEER,2,5,8
HARPIC 500ML PP ORIGINAL TWIN PK,6,4310.400000000001,TOWFIQ  K  LIMITED HQ,2,5,8
DELSER 250G CRACKERS SALTED,7,196.0,HEALTHY U TWO THOUSAND LTD,2,5,8
WRIGLEYS BIG G 50S ORIGINAL,5,106.79171551387262,RADBONE CLARK LIMITED MARS,2,5,8
VERONI 700ML ACTIVE ISOTONIC LEMON DRINK,6,775.4035054476551,HEALTHY U TWO THOUSAND LTD,2,5,8
JAVA 90G MACADAMIA NUT COOKIES,7,384.7985647649803,NAIROBI JAVA HOUSE LTD,2,5,8
AQUAMIST 1LT 6PACK MINERAL WATER,7,390.1122831457096,AQUAMIST LIMITED,2,5,8
ASTONISH 600G OXY ACTIVE TOUGH STAIN REMOVER,6,4296.0,SPARKLE BRANDS LIMITED,2,5,8
DL 150G YOGHURT PEACH MANGO,6,563.7666206896553,GLACIER PRODUCTS LTD 2ND,2,5,8
OOHI LALA 250ML STRAWBERRY YOG DRINK,6,563.7666206896553,RAZCO LTD,2,5,8
QUENCHER 1LT FIZTO DRINK,5,716.0000000000001,EXCEL CHEMICALS LTD,2,5,8
RINGOZ 75G SWEET PAPRIKA CORN,8,352.63515151515156,NORDA INDUSTRIES LTD.,2,5,8
SAFISHA 5LTR DISINFECTANT LAVENDER,5,2912.0,SUNDRIES BARGAIN NAIROBI LTD,2,5,8
TROP HEAT 400G CRISPS SALTED,5,220.39696969696973,TROPICAL HEAT LTD,2,5,8
ARLA 300G NATURAL CREAM CHEESE,5,1996.0930019164878,CRYSTAL FROZEN AND CHILLED FOODS LTD,2,5,8
LAKI LAKI 450ML GREEK YOGHURT RASPBERRY,6,563.7666206896553,LAKI LAKI LIMITED,2,5,8
VERONI 700ML ACTIVE ISOTONIC MULTIFRUIT DRINK,6,775.4035054476551,HEALTHY U TWO THOUSAND LTD,2,5,8
FC 500G (30D) SMOKED MINI BITES,6,1766.2857822724568,FARMERS CHOICE LTD,2,5,8
CELINE TOILET ROLLS 4PACK,6,2118.8228013029316,JUBILEE TISSUE INDUSTRIES LTD,2,5,8
NUTEEZ 250G PEANUT BUTTER SMOOTH,8,1248.0,JETLAK FOODS LTD,2,5,8
TROP HEAT 100G CAYENNE PEPPER,6,912.0,TROPICAL HEAT LTD,2,5,8
FC 500G (30D) FRESH PORK FRANKFURTERS,7,2060.666745984533,FARMERS CHOICE LTD,2,5,8
HUNTERS CHOICE WHISKY 350ML,6,1216.5548549810846,KENYA WINE AGENCIES KWAL,2,5,8
DROSTDY-HOF CLARET SELECT 750ML,5,4636.0,KENYA WINE AGENCIES KWAL,2,5,8
SAFISHA 1L LIME WASHING UP LIQUID,5,784.0,SUNDRIES BARGAIN NAIROBI LTD,2,5,8
LYONS 500G DARK COMPOUND,4,534.6434547908233,RAZCO LTD 2ND,2,5,8
OMO 3.5KG POWDER EXTRA FRESH CHEETAH,5,5156.0,UNILEVER KENYA LIMITED,2,5,8
FIX8 250ML KOMBUCHA STRAWBERRY BASIL,6,970.0227508305649,GOLD CROWN BEVERAGES K LTD,2,5,8
FRESHA 250ML SBERRY CUP YOG,5,469.8055172413794,GITHUNGURI DAIRY FARMERS,2,5,8
KABRAS 1KG WHITE SUGAR,220,29453.823704192804,WEST KENYA SUGAR COMPANY LTD,2,6,9
RINA 5LT VEGETABLE OIL,175,170427.23183391002,KAPA OIL REFINERIES LTD,2,6,9
PEMBE 2KG HOMEBAKING,178,21733.883011325783,PEMBE FLOUR MILLS,2,6,9
RINA 500ML VEGETABLE OIL,22,20338.8200998032,KAPA OIL REFINERIES LTD,2,6,9
CLOVERS 500G CASTER SUGAR,14,2756.387835283036,TRI CLOVER INDUSTRIES LTD,2,6,9
CAPTAIN COOK 1LT CORN OIL,9,8320.426404464946,KAPA OIL REFINERIES LTD,2,6,9
PEMBE 5KG MAIZE MEAL,9,1090.7924390894598,PEMBE FLOUR MILLS,2,6,9
JOGOO 1KG MAIZE MEAL,10,1211.9915989882886,UNGA LTD,2,6,9
SOKO 1KG HOMEBAKING FLOUR,10,1211.9915989882886,CAPWELL INDUSTRIES LTD,2,6,9
KINGSMIL 300G CLUSTER BUNS,6,480.0,KENAFRIC BAKERY LTD,2,6,9
SIMPLIFINE 600G WHITE LOAF,6,480.0,BIGCOLD KENYA SIMPLIFINE SHELF BREAD,2,6,9
KINGSMIL 380G PLAIN SLICED BUN 6S WHITE,5,400.0,KENAFRIC BAKERY LTD,2,6,9
SOKO 10KG MAIZE MEAL BAG,4,484.79663959531547,CAPWELL INDUSTRIES LTD,2,6,9
PAMPERS PANTS JUMBO JUNIOR S5 46S,9,15660.0,HASBAH KENYA LTD P AND G,2,6,9
CLOVERS 5LT WHITE VINEGAR,8,1968.0,TRI CLOVER INDUSTRIES LTD,2,6,9
MILL BAKERS 200G COFFEE CAKE,9,950.4000000000001,MILL BAKERS LIMITED,2,6,9
254 330ML MURATATU TRIPEL BEER,9,1646.577419830766,254 BREWING COMPANY LIMITED,2,6,9
MURATATU TRIPEL EMPTY BOTTLE,9,108.0,254 BREWING COMPANY LIMITED,2,6,9
KERICHO GOLD GREEN TEA LEMON 25 TB,8,1280.0,GOLD CROWN BEVERAGES K LTD,2,6,9
SAWING THREAD ASSORTED,9,280.8,JEVANS ENTERPRISES,2,6,9
VELVEX 5L MULTIPURPOSE DETERGENT,9,3600.0,CHANDARIA INDUSTRIES  LTD,2,6,9
KABARNET 750ML SPARKLING WATER,11,613.0335878004008,KHETIA DRAPERS LTD,2,6,9
PERSIL 1.5KG MACHINE WASH LAVENDER,9,6472.8,CHANDARIA INDUSTRIES LTD HENKEL C BRANDS,2,6,9
FROZEN KENCHIC 900G BREAST BONELESS 6PC,8,7200.0,KENCHIC FROZEN,2,6,9
FERRERO ROCHER 100G T8 OCCASION,7,935.6260458839407,HASBAH KENYA LTD,2,6,9
DL 500ML VANILLA ICECREAM,8,441.79424385138674,GLACIER PRODUCTS LTD G P,2,6,9
PERSIL 1KG HANDWASH POWDER LAVENDER FRESH,7,2604.0,CHANDARIA INDUSTRIES LTD HENKEL C BRANDS,2,6,9
KO 330ML PASSION&LIME CIDER,7,1284.877849785757,SAVANNAH BRANDS COMPANY LIMITED,2,6,9
FA KIDS 250ML SGEL N SHAMP WILD OCEAN,9,3808.8,CHANDARIA INDUSTRIES LTD HENKEL C BRANDS,2,6,9
JAVA 300G CHOCOLATE CHIP COOKIES,8,439.7697883028346,NAIROBI JAVA HOUSE LTD,2,6,9
COMFY DELUXE TISSUE 12S,8,2825.097068403909,PROPACK KENYA LTD,2,6,9
LONDON DAIRY 110ML IMPULSE ALMOND CHOC STICK,9,497.0185243328101,CRYSTAL FROZEN AND CHILLED FOODS LTD,2,6,9
ODO SMILE 200G TOILET BALLS 5S,10,1320.0,SUPERSLEEK LIMITED,2,6,9
AFIA 1.5L APPLE FRUIT DRINK PET,8,713.9399908926946,KEVIAN KENYA LTD,2,6,9
WABA 20LT MINERAL WATER,8,445.8426093093824,JETLAK FOODS LTD,2,6,9
WEETABIX 500G JUMBO OATS,9,2592.0,WEETABIX EAST AFRICA LTD HQ,2,6,9
MILL BAKERS  500G HEART DELI,9,950.4000000000001,MILL BAKERS LIMITED,2,6,9
PERSIL 1KG HAND WASH POWDER ROSE,9,3348.0,CHANDARIA INDUSTRIES LTD HENKEL C BRANDS,2,6,9
SAND TRAP 330ML EMPTY BOTTLE,7,84.0,254 BREWING COMPANY LIMITED,2,6,9
DETTOL 200ML HANDWASH TWIN PACK 50%,7,3780.0,TOWFIQ  K  LIMITED HQ,2,6,9
GRANDE FRANCE 750ML ROSE SPARKLING WINE,10,27160.0,ALIMP GROUP LIMITED SR,2,6,9
MONSTER 500ML ENERGY DRINK,9,1163.1052581714828,COCA COLA BEVERAGES KENYA LTD,2,6,9
REXONA 50ML POWDER CLEAN AND FRESH ROLL-ON,8,2528.0,UNILEVER KENYA LIMITED,2,6,9
ARLA 200G NATURAL CREAM CHEESE,7,2794.5302026830827,CRYSTAL FROZEN AND CHILLED FOODS LTD,2,6,9
ZESTA 300G STRAWBERRY JAM,8,1145.6000000000001,TRUFOODS LIMITED T F,2,6,9
CRYSTAL 1KG ICE CUBES,10,1600.0,CRYSTAL FROZEN AND CHILLED FOODS LTD,2,6,9
MAYERS 20LT STILL MINERAL WATER ONE WAY,8,445.8426093093824,MALACHITE LIMITED,2,6,9
OMO 700G AUTO EXTRA MACHINE WASH,11,3696.0,UNILEVER KENYA LIMITED,2,6,9
BUTTERFLY TOOR DAL 1KG WASHED,10,3320.0,SPICE WORLD LTD,2,6,9
GLASS CLOTH PRINTED 20X25,7,1064.0,SHAMULA LIMITED,2,6,9
ATA 1KG SCOURING POWDER,11,1628.0,CHANDARIA INDUSTRIES LTD HENKEL C BRANDS,2,6,9
FESTIVE 250G CUPCAKE 6PC BLUEBERRY,9,950.4000000000001,DPL FESTIVE  LIMITED,2,6,9
FESTIVE 250G CUPCAKE 6PC CHOCOLATE,9,950.4000000000001,DPL FESTIVE  LIMITED,2,6,9
NIVEA 50ML MEN DEEP ROLL ON 80031,7,2912.0,BEIERSDORF EAST AFRICA LTD HQ,2,6,9
ORCHID VALLEY 1L PASSION DELIGHT,6,421.4621012025934,PREMIER FOODS  LIMITED,2,6,9
MILL BAKERS 350G  MINI MANDEIRA LEMON,7,739.2,MILL BAKERS LIMITED,2,6,9
FRUSION 6*100ML VANILLA YOGHURT,8,751.688827586207,RAZCO LTD,2,6,9
QMP 200G BREADED CHICKEN NUGGETS,6,792.0,QUALITY MEAT PACKERS LTD,2,6,9
FC COOKED WHOLE HAM PLU 12150,8,11840.0,FARMERS CHOICE LTD DELI,2,6,9
N/OWN 100G PILAU MASALA GROUND JAR,10,2392.0,CHIRAG AFRICA LIMITED,2,6,9
KERICHO GOLD STRAWBERRY N VANILLA  20S,8,1696.0,GOLD CROWN BEVERAGES K LTD,2,6,9
VELVEX BAMBOO WET WIPES 80S,6,860.2180829367777,CHANDARIA INDUSTRIES LTD HYGIENE,2,6,9
N/OWN 20G BAY LEAVES JAR,7,644.0,CHIRAG AFRICA LIMITED,2,6,9
LD 120ML IMPULSE DOUBLE CHOC CONE,8,441.79424385138674,CRYSTAL FROZEN AND CHILLED FOODS LTD,2,6,9
BLOOM KITCHEN TOWEL 2S WHITE,9,2520.0,PROPACK KENYA LTD,2,6,9
SUNLIGHT 400ML LEMON DISH WASHING LIQUID,10,1480.0,UNILEVER KENYA LIMITED,2,6,9
TROP HEAT 20G BASIL RUBBED JAR,7,476.0,TROPICAL HEAT LTD,2,6,9
FC 400G (30D) BACK BACON,7,2060.666745984533,FARMERS CHOICE LTD,2,6,9
VELVEX 30CMX300M CLING FILM,6,5520.0,CHANDARIA INDUSTRIES  LTD,2,6,9
PAMPERS PANTS PC S5 JUNIOR 40S,6,10440.0,HASBAH KENYA LTD P AND G,2,6,9
QMP 500G BREADED CHICKEN NUGGETS,9,3060.0,QUALITY MEAT PACKERS LTD,2,6,9
SO FRESH 100G SMOKED SALMON  PKT,8,9081.6,EEEZY COOK LTD,2,6,9
KERICHO GOLD PEACH  20S,6,1272.0,GOLD CROWN BEVERAGES K LTD,2,6,9
KENTASTE 100G LOW FAT DESICATED COCONUT,8,157.55766016713096,CHANDARIA INDUSTRIES  LTD KENTASTE,2,6,9
TENA 200S SERVIETTES WHITE,8,1280.049230769231,AFRICAN COTTON INDUSTRIES LTD,2,6,9
PURE HEALTH 1KG HONEY NAT JAR,6,4488.0,WINNIES PURE HEALTH PRODUCTS LIMITED,2,6,9
QMP 1KG BREADED CHICKEN NUGGETS,6,4056.0,QUALITY MEAT PACKERS LTD,2,6,9
GROUNDED 800G DISHES PASTE,7,5314.400000000001,GLOBAL SLACKER ENTERPRISES LTD,2,6,9
N/OWN 100G TURMERIC GROUND JAR,6,816.0,CHIRAG AFRICA LIMITED,2,6,9
KENTASTE 1L COCONUT OIL,7,8058.400000000001,CHANDARIA INDUSTRIES  LTD KENTASTE,2,6,9
GALITOS 250ML LEMON & HERB PIRIPIRI SAUCE,8,3072.0,RAZCO LTD 2ND,2,6,9
GOLDEN RUMP 330ML EMPTY BOTTLE,9,108.0,254 BREWING COMPANY LIMITED,2,6,9
DL 1L BISCOTTI ICECREAM,8,441.79424385138674,GLACIER PRODUCTS LTD G P,2,6,9
CIRIO 410 CANNELLINI BEANS,6,798.8606841806843,DEBENHAM AND FEAR LTD,2,6,9
SUNLIGHT 1KG 2IN1 TROPICAL SENSATION,6,1713.6000000000001,UNILEVER KENYA LIMITED,2,6,9
OOH 1LT VANILLA N CHOCO TUB,6,331.34568288854007,RAZCO LTD,2,6,9
CIRIO 400G RED KIDNEY BEANS,7,932.0041315441317,DEBENHAM AND FEAR LTD,2,6,9
FARMER MAX 600G MINCE,7,4536.0,MAJIPONICS LIMITED,2,6,9
NATURALLI 100G PRUNES,8,2233.6,HEALTHY U TWO THOUSAND LTD,2,6,9
KETEPA 100S TEA BAG JUMBO UNTAGGED,9,899.7009163103238,KENYA TEA PACKERS KETEPA,2,6,9
FC 2KG (7M) PET FOOD TEAM,9,2844.0,FARMERS CHOICE LTD,2,6,9
USHINDI 400G DISH WASHING PASTE LEMON,7,1120.0,PWANI OIL PRODUCTS LTD.,2,6,9
HC 250G CHEESE PORTION PANEER,6,2395.311602299785,HAPPY COW LIMITED,2,6,9
HARPIC 500ML PP ORIGINAL TWIN PK,9,6465.6,TOWFIQ  K  LIMITED HQ,2,6,9
CHOCO PRIMO 200G D/CHOCOLATE,6,508.40893180446585,TRUFOODS LIMITED T F,2,6,9
DELSER 250G CRACKERS SALTED,9,252.0,HEALTHY U TWO THOUSAND LTD,2,6,9
NUTEEZ 250G PEANUT BUTTER CRUNCHY,6,936.0,JETLAK FOODS LTD,2,6,9
WRIGLEYS BIG G 50S ORIGINAL,7,149.50840171942167,RADBONE CLARK LIMITED MARS,2,6,9
VERONI 700ML ACTIVE ISOTONIC LEMON DRINK,8,1033.8713405968736,HEALTHY U TWO THOUSAND LTD,2,6,9
JAVA 90G MACADAMIA NUT COOKIES,9,494.74101184068894,NAIROBI JAVA HOUSE LTD,2,6,9
AQUAMIST 1LT 6PACK MINERAL WATER,9,501.57293547305517,AQUAMIST LIMITED,2,6,9
ASTONISH 600G OXY ACTIVE TOUGH STAIN REMOVER,8,5728.0,SPARKLE BRANDS LIMITED,2,6,9
NUTEEZ 800G PEANUT BUTTER SMOOTH,6,2736.0,JETLAK FOODS LTD,2,6,9
MAGNEE 750ML GLASS CLEANER V.PACK,6,1536.0,SUPERSLEEK LIMITED,2,6,9
DL 150G YOGHURT PEACH MANGO,8,751.688827586207,GLACIER PRODUCTS LTD 2ND,2,6,9
OOHI LALA 250ML STRAWBERRY YOG DRINK,8,751.688827586207,RAZCO LTD,2,6,9
QUENCHER 1LT FIZTO DRINK,6,859.2,EXCEL CHEMICALS LTD,2,6,9
RINGOZ 75G SWEET PAPRIKA CORN,9,396.7145454545455,NORDA INDUSTRIES LTD.,2,6,9
DOVE 90G 4PK BS BAR REGULAR,6,4560.0,KIM FAY EAST AFRICA LTD DOVE,2,6,9
CH VALAC 750ML DRY RED,6,5035.200000000001,SOYS LIMITED,2,6,9
SAFISHA 5LTR DISINFECTANT LAVENDER,6,3494.3999999999996,SUNDRIES BARGAIN NAIROBI LTD,2,6,9
TROP HEAT 400G CRISPS SALTED,7,308.55575757575764,TROPICAL HEAT LTD,2,6,9
ARLA 300G NATURAL CREAM CHEESE,5,1996.0930019164878,CRYSTAL FROZEN AND CHILLED FOODS LTD,2,6,9
VERONI 700ML ACTIVE ISOTONIC MULTIFRUIT DRINK,8,1033.8713405968736,HEALTHY U TWO THOUSAND LTD,2,6,9
FC 500G (30D) SMOKED MINI BITES,8,2355.047709696609,FARMERS CHOICE LTD,2,6,9
CELINE TOILET ROLLS 4PACK,7,2471.9599348534202,JUBILEE TISSUE INDUSTRIES LTD,2,6,9
NUTEEZ 250G PEANUT BUTTER SMOOTH,8,1248.0,JETLAK FOODS LTD,2,6,9
TROP HEAT 100G CAYENNE PEPPER,6,912.0,TROPICAL HEAT LTD,2,6,9
HUNTERS CHOICE WHISKY 350ML,6,1216.5548549810846,KENYA WINE AGENCIES KWAL,2,6,9
DROSTDY-HOF CLARET SELECT 750ML,8,7417.6,KENYA WINE AGENCIES KWAL,2,6,9
SAFISHA 1L LIME WASHING UP LIQUID,7,1097.6000000000001,SUNDRIES BARGAIN NAIROBI LTD,2,6,9
LYONS 500G DARK COMPOUND,6,801.9651821862349,RAZCO LTD 2ND,2,6,9
OMO 3.5KG POWDER EXTRA FRESH CHEETAH,7,7218.400000000001,UNILEVER KENYA LIMITED,2,6,9
SIRIMON 500G PANEER CHEESE,5,1996.0930019164878,MORANI LIMITED,2,6,9
FIX8 250ML KOMBUCHA STRAWBERRY BASIL,8,1293.3636677740865,GOLD CROWN BEVERAGES K LTD,2,6,9
SUNLIGHT 3.5KG TROPICAL WASHING POWDER,5,4776.0,UNILEVER KENYA LIMITED,2,6,9
KABRAS 1KG WHITE SUGAR,264,35344.58844503137,WEST KENYA SUGAR COMPANY LTD,2,7,10
RINA 5LT VEGETABLE OIL,201,195747.84913494808,KAPA OIL REFINERIES LTD,2,7,10
RINA 500ML VEGETABLE OIL,25,23112.295567958183,KAPA OIL REFINERIES LTD,2,7,10
CAPTAIN COOK 1LT CORN OIL,10,9244.918227183272,KAPA OIL REFINERIES LTD,2,7,10
KINGSMIL 300G CLUSTER BUNS,6,480.0,KENAFRIC BAKERY LTD,2,7,10
SOKO 10KG MAIZE MEAL BAG,5,605.9957994941443,CAPWELL INDUSTRIES LTD,2,7,10
PAMPERS PANTS JUMBO JUNIOR S5 46S,11,19140.0,HASBAH KENYA LTD P AND G,2,7,10
MILL BAKERS 200G COFFEE CAKE,12,1267.2,MILL BAKERS LIMITED,2,7,10
254 330ML MURATATU TRIPEL BEER,11,2012.4835131264917,254 BREWING COMPANY LIMITED,2,7,10
MURATATU TRIPEL EMPTY BOTTLE,10,120.0,254 BREWING COMPANY LIMITED,2,7,10
KERICHO GOLD GREEN TEA LEMON 25 TB,10,1600.0,GOLD CROWN BEVERAGES K LTD,2,7,10
VELVEX 5L MULTIPURPOSE DETERGENT,11,4400.0,CHANDARIA INDUSTRIES  LTD,2,7,10
FERRERO ROCHER 100G T8 OCCASION,9,1202.9477732793523,HASBAH KENYA LTD,2,7,10
DL 500ML VANILLA ICECREAM,9,497.0185243328101,GLACIER PRODUCTS LTD G P,2,7,10
PERSIL 1KG HANDWASH POWDER LAVENDER FRESH,9,3348.0,CHANDARIA INDUSTRIES LTD HENKEL C BRANDS,2,7,10
COMFY DELUXE TISSUE 12S,10,3531.3713355048862,PROPACK KENYA LTD,2,7,10
LONDON DAIRY 110ML IMPULSE ALMOND CHOC STICK,11,607.4670852956567,CRYSTAL FROZEN AND CHILLED FOODS LTD,2,7,10
AFIA 1.5L APPLE FRUIT DRINK PET,9,803.1824897542814,KEVIAN KENYA LTD,2,7,10
MF 750ML DISHWASHING LIQUID APPLE SLICES,7,1674.4,P Z CUSSONS EAST AFRICA  LTD HQ,2,7,10
SAND TRAP 330ML EMPTY BOTTLE,8,96.0,254 BREWING COMPANY LIMITED,2,7,10
TROP HEAT 5G BAY LEAVES,8,256.0,TROPICAL HEAT LTD,2,7,10
DETTOL 200ML HANDWASH TWIN PACK 50%,8,4320.0,TOWFIQ  K  LIMITED HQ,2,7,10
MONSTER 500ML ENERGY DRINK,11,1421.5730933207012,COCA COLA BEVERAGES KENYA LTD,2,7,10
REXONA 50ML POWDER CLEAN AND FRESH ROLL-ON,10,3160.0,UNILEVER KENYA LIMITED,2,7,10
ARLA 200G NATURAL CREAM CHEESE,9,3592.967403449678,CRYSTAL FROZEN AND CHILLED FOODS LTD,2,7,10
ZESTA 300G STRAWBERRY JAM,10,1432.0000000000002,TRUFOODS LIMITED T F,2,7,10
OMO 700G AUTO EXTRA MACHINE WASH,7,2352.0,UNILEVER KENYA LIMITED,2,7,10
GLASS CLOTH PRINTED 20X25,9,1368.0,SHAMULA LIMITED,2,7,10
NIVEA 50ML MEN DEEP ROLL ON 80031,9,3744.0,BEIERSDORF EAST AFRICA LTD HQ,2,7,10
ORCHID VALLEY 1L PASSION DELIGHT,7,491.70578473635896,PREMIER FOODS  LIMITED,2,7,10
TROP HEAT 100G BEEF MASALA,7,784.0,TROPICAL HEAT LTD,2,7,10
MILL BAKERS 350G  MINI MANDEIRA LEMON,9,950.4000000000001,MILL BAKERS LIMITED,2,7,10
QMP 200G BREADED CHICKEN NUGGETS,7,924.0,QUALITY MEAT PACKERS LTD,2,7,10
VELVEX BAMBOO WET WIPES 80S,7,1003.5877634262406,CHANDARIA INDUSTRIES LTD HYGIENE,2,7,10
VELVEX 30CMX300M CLING FILM,7,6440.0,CHANDARIA INDUSTRIES  LTD,2,7,10
PAMPERS PANTS PC S5 JUNIOR 40S,7,12180.0,HASBAH KENYA LTD P AND G,2,7,10
KERICHO GOLD PEACH  20S,7,1484.0,GOLD CROWN BEVERAGES K LTD,2,7,10
KENTASTE 100G LOW FAT DESICATED COCONUT,9,177.25236768802233,CHANDARIA INDUSTRIES  LTD KENTASTE,2,7,10
TENA 200S SERVIETTES WHITE,10,1600.0615384615387,AFRICAN COTTON INDUSTRIES LTD,2,7,10
PURE HEALTH 1KG HONEY NAT JAR,7,5236.0,WINNIES PURE HEALTH PRODUCTS LIMITED,2,7,10
QMP 1KG BREADED CHICKEN NUGGETS,9,6084.0,QUALITY MEAT PACKERS LTD,2,7,10
GROUNDED 800G DISHES PASTE,9,6832.8,GLOBAL SLACKER ENTERPRISES LTD,2,7,10
N/OWN 100G TURMERIC GROUND JAR,8,1088.0,CHIRAG AFRICA LIMITED,2,7,10
GALITOS 250ML LEMON & HERB PIRIPIRI SAUCE,9,3456.0,RAZCO LTD 2ND,2,7,10
USHINDI 400G DISH WASHING PASTE ORANGE,6,960.0,PWANI OIL PRODUCTS LTD.,2,7,10
DL 1L BISCOTTI ICECREAM,10,552.2428048142334,GLACIER PRODUCTS LTD G P,2,7,10
CIRIO 410 CANNELLINI BEANS,8,1065.1475789075791,DEBENHAM AND FEAR LTD,2,7,10
SUNLIGHT 1KG 2IN1 TROPICAL SENSATION,8,2284.8,UNILEVER KENYA LIMITED,2,7,10
OOH 1LT VANILLA N CHOCO TUB,8,441.79424385138674,RAZCO LTD,2,7,10
CIRIO 400G RED KIDNEY BEANS,9,1198.2910262710266,DEBENHAM AND FEAR LTD,2,7,10
FARMER MAX 600G MINCE,9,5832.0,MAJIPONICS LIMITED,2,7,10
ROBERTS 1LT ANTISEPTIC LIQUID,7,8680.0,P Z CUSSONS EAST AFRICA  LTD HQ,2,7,10
KETEPA 100S TEA BAG JUMBO UNTAGGED,6,599.8006108735492,KENYA TEA PACKERS KETEPA,2,7,10
FC 2KG (7M) PET FOOD TEAM,10,3160.0,FARMERS CHOICE LTD,2,7,10
FESTIVE 250G CUPCAKE 6PC ORANGE,6,633.6,DPL FESTIVE  LIMITED,2,7,10
USHINDI 400G DISH WASHING PASTE LEMON,8,1280.0,PWANI OIL PRODUCTS LTD.,2,7,10
HC 250G CHEESE PORTION PANEER,8,3193.7488030663803,HAPPY COW LIMITED,2,7,10
CHOCO PRIMO 200G D/CHOCOLATE,7,593.1437537718768,TRUFOODS LIMITED T F,2,7,10
NUTEEZ 250G PEANUT BUTTER CRUNCHY,7,1092.0,JETLAK FOODS LTD,2,7,10
WRIGLEYS BIG G 50S ORIGINAL,8,170.86674482219618,RADBONE CLARK LIMITED MARS,2,7,10
JAVA 90G MACADAMIA NUT COOKIES,5,274.8561176892716,NAIROBI JAVA HOUSE LTD,2,7,10
AQUAMIST 1LT 6PACK MINERAL WATER,5,278.65163081836397,AQUAMIST LIMITED,2,7,10
NUTEEZ 800G PEANUT BUTTER SMOOTH,7,3192.0,JETLAK FOODS LTD,2,7,10
MAGNEE 750ML GLASS CLEANER V.PACK,7,1792.0,SUPERSLEEK LIMITED,2,7,10
QUENCHER 1LT FIZTO DRINK,7,1002.4000000000001,EXCEL CHEMICALS LTD,2,7,10
BROWNS 225G CHEDDAR CHEESE,5,1996.0930019164878,SUNPOWER PRODUCTS LTD,2,7,10
DOVE 90G 4PK BS BAR REGULAR,7,5320.0,KIM FAY EAST AFRICA LTD DOVE,2,7,10
BROWNS 200G SHACK SESAME LAVASH CRACKERS,5,274.8561176892716,SUNPOWER PRODUCTS LTD,2,7,10
CH VALAC 750ML DRY RED,7,5874.400000000001,SOYS LIMITED,2,7,10
SAFISHA 5LTR DISINFECTANT LAVENDER,6,3494.3999999999996,SUNDRIES BARGAIN NAIROBI LTD,2,7,10
TROP HEAT 400G CRISPS SALTED,7,308.55575757575764,TROPICAL HEAT LTD,2,7,10
ARLA 300G NATURAL CREAM CHEESE,7,2794.5302026830827,CRYSTAL FROZEN AND CHILLED FOODS LTD,2,7,10
ABONY 200G FETA CHEESE,6,2395.311602299785,ABONY DAIRIES LIMITED,2,7,10
CELINE TOILET ROLLS 4PACK,9,3178.2342019543976,JUBILEE TISSUE INDUSTRIES LTD,2,7,10
TROP HEAT 100G CAYENNE PEPPER,7,1064.0,TROPICAL HEAT LTD,2,7,10
SAFISHA 1L LIME WASHING UP LIQUID,9,1411.2,SUNDRIES BARGAIN NAIROBI LTD,2,7,10
LYONS 500G DARK COMPOUND,8,1069.2869095816466,RAZCO LTD 2ND,2,7,10
SIRIMON 500G PANEER CHEESE,7,2794.5302026830827,MORANI LIMITED,2,7,10
FIX8 250ML KOMBUCHA STRAWBERRY BASIL,9,1455.0341262458473,GOLD CROWN BEVERAGES K LTD,2,7,10
SUNLIGHT 3.5KG TROPICAL WASHING POWDER,7,6686.400000000001,UNILEVER KENYA LIMITED,2,7,10
RINA 5LT VEGETABLE OIL,207,201591.0685121107,KAPA OIL REFINERIES LTD,2,8,11
CAPTAIN COOK 1LT CORN OIL,10,9244.918227183272,KAPA OIL REFINERIES LTD,2,8,11
KINGSMIL 300G CLUSTER BUNS,7,560.0,KENAFRIC BAKERY LTD,2,8,11
KINGSMIL 380G WHOLEMEAL SLICED BURGER 6S,5,400.0,KENAFRIC BAKERY LTD,2,8,11
SOKO 10KG MAIZE MEAL BAG,3,363.59747969648663,CAPWELL INDUSTRIES LTD,2,8,11
PAMPERS PANTS JUMBO JUNIOR S5 46S,12,20880.0,HASBAH KENYA LTD P AND G,2,8,11
254 330ML MURATATU TRIPEL BEER,11,2012.4835131264917,254 BREWING COMPANY LIMITED,2,8,11
FERRERO ROCHER 100G T8 OCCASION,9,1202.9477732793523,HASBAH KENYA LTD,2,8,11
DL 500ML VANILLA ICECREAM,10,552.2428048142334,GLACIER PRODUCTS LTD G P,2,8,11
PERSIL 1KG HANDWASH POWDER LAVENDER FRESH,10,3720.0,CHANDARIA INDUSTRIES LTD HENKEL C BRANDS,2,8,11
COMFY DELUXE TISSUE 12S,11,3884.508469055375,PROPACK KENYA LTD,2,8,11
MF 750ML DISHWASHING LIQUID APPLE SLICES,8,1913.6000000000001,P Z CUSSONS EAST AFRICA  LTD HQ,2,8,11
SAND TRAP 330ML EMPTY BOTTLE,8,96.0,254 BREWING COMPANY LIMITED,2,8,11
TROP HEAT 5G BAY LEAVES,9,288.0,TROPICAL HEAT LTD,2,8,11
ARLA 200G NATURAL CREAM CHEESE,10,3992.1860038329755,CRYSTAL FROZEN AND CHILLED FOODS LTD,2,8,11
TROP HEAT 100G BEEF MASALA,7,784.0,TROPICAL HEAT LTD,2,8,11
QMP 200G BREADED CHICKEN NUGGETS,7,924.0,QUALITY MEAT PACKERS LTD,2,8,11
VELVEX BAMBOO WET WIPES 80S,8,1146.9574439157036,CHANDARIA INDUSTRIES LTD HYGIENE,2,8,11
MILL BAKERS 100G  RICH TEA  CAKE,7,739.2,MILL BAKERS LIMITED,2,8,11
VELVEX 30CMX300M CLING FILM,6,5520.0,CHANDARIA INDUSTRIES  LTD,2,8,11
PAMPERS PANTS PC S5 JUNIOR 40S,7,12180.0,HASBAH KENYA LTD P AND G,2,8,11
KERICHO GOLD PEACH  20S,7,1484.0,GOLD CROWN BEVERAGES K LTD,2,8,11
TENA 200S SERVIETTES WHITE,8,1280.049230769231,AFRICAN COTTON INDUSTRIES LTD,2,8,11
PURE HEALTH 1KG HONEY NAT JAR,7,5236.0,WINNIES PURE HEALTH PRODUCTS LIMITED,2,8,11
QMP 1KG BREADED CHICKEN NUGGETS,10,6760.0,QUALITY MEAT PACKERS LTD,2,8,11
N/OWN 100G TURMERIC GROUND JAR,9,1224.0,CHIRAG AFRICA LIMITED,2,8,11
USHINDI 400G DISH WASHING PASTE ORANGE,6,960.0,PWANI OIL PRODUCTS LTD.,2,8,11
QMP 1.5KG HALAL CAPON,8,4320.0,QUALITY MEAT PACKERS LTD,2,8,11
CIRIO 410 CANNELLINI BEANS,9,1198.2910262710266,DEBENHAM AND FEAR LTD,2,8,11
SUNLIGHT 1KG 2IN1 TROPICAL SENSATION,9,2570.4,UNILEVER KENYA LIMITED,2,8,11
ROBERTS 1LT ANTISEPTIC LIQUID,8,9920.0,P Z CUSSONS EAST AFRICA  LTD HQ,2,8,11
FESTIVE 250G CUPCAKE 6PC ORANGE,5,528.0,DPL FESTIVE  LIMITED,2,8,11
FESTIVE 250G CUPCAKE 6PC STRAWBERRY,5,528.0,DPL FESTIVE  LIMITED,2,8,11
CHOCO PRIMO 200G D/CHOCOLATE,8,677.8785757392878,TRUFOODS LIMITED T F,2,8,11
NUTEEZ 250G PEANUT BUTTER CRUNCHY,8,1248.0,JETLAK FOODS LTD,2,8,11
NUTEEZ 800G PEANUT BUTTER SMOOTH,8,3648.0,JETLAK FOODS LTD,2,8,11
MAGNEE 750ML GLASS CLEANER V.PACK,8,2048.0,SUPERSLEEK LIMITED,2,8,11
BROWNS 225G CHEDDAR CHEESE,6,2395.311602299785,SUNPOWER PRODUCTS LTD,2,8,11
DOVE 90G 4PK BS BAR REGULAR,7,5320.0,KIM FAY EAST AFRICA LTD DOVE,2,8,11
BROWNS 200G SHACK SESAME LAVASH CRACKERS,6,329.827341227126,SUNPOWER PRODUCTS LTD,2,8,11
CH VALAC 750ML DRY RED,8,6713.6,SOYS LIMITED,2,8,11
ABONY 200G FETA CHEESE,6,2395.311602299785,ABONY DAIRIES LIMITED,2,8,11
CELINE ROLL POA 10PACK,6,2118.8228013029316,JUBILEE TISSUE INDUSTRIES LTD,2,8,11
ENIGMA 6X80ML MINI CLASSIC VP,6,331.34568288854007,RAZCO LTD,2,8,11
SIRIMON 500G PANEER CHEESE,8,3193.7488030663803,MORANI LIMITED,2,8,11
WEETABIX 500G ROLLED OATS,5,1440.0,WEETABIX EAST AFRICA LTD HQ,2,8,11
SUNLIGHT 3.5KG TROPICAL WASHING POWDER,7,6686.400000000001,UNILEVER KENYA LIMITED,2,8,11
SIMPLIFINE 1.5KG BROWN LOAF,7,560.0,BIGCOLD KENYA SIMPLIFINE SHELF BREAD,2,9,12
KINGSMIL 380G WHOLEMEAL SLICED BURGER 6S,7,560.0,KENAFRIC BAKERY LTD,2,9,12
SUPA LOAF 400G SUPA NUTRI BREAD,3,240.0,MINI BAKERIES NBI  LTD,2,9,12
BUTTERFLY 5KG ATTA MARK FLOUR,3,363.59747969648663,SPICE WORLD LTD,2,9,12
MF 750ML DISHWASHING LIQUID APPLE SLICES,9,2152.8,P Z CUSSONS EAST AFRICA  LTD HQ,2,9,12
TROP HEAT 5G BAY LEAVES,8,256.0,TROPICAL HEAT LTD,2,9,12
CHEESELOVE 250G ORANGE CHEDDAR,7,2794.5302026830827,SUNPOWER PRODUCTS LTD,2,9,12
TROP HEAT 100G BEEF MASALA,8,896.0,TROPICAL HEAT LTD,2,9,12
GILANI GOURMET 2KG ICE BLOCK,7,1120.0,GILANI GOURMET LTD,2,9,12
MILL BAKERS 100G  RICH TEA  CAKE,7,739.2,MILL BAKERS LIMITED,2,9,12
MANJI 450G BUTTER CASHEW JAR,6,329.827341227126,MANJI FOOD INDUSTRIES LTD,2,9,12
EVEREADY GP SIZE D2 BLUE PJ950BSW2,6,480.0,HASBAH KENYA LTD,2,9,12
USHINDI 400G DISH WASHING PASTE ORANGE,6,960.0,PWANI OIL PRODUCTS LTD.,2,9,12
QMP 1.5KG HALAL CAPON,9,4860.0,QUALITY MEAT PACKERS LTD,2,9,12
ROBERTS 1LT ANTISEPTIC LIQUID,7,8680.0,P Z CUSSONS EAST AFRICA  LTD HQ,2,9,12
FESTIVE 250G CUPCAKE 6PC ORANGE,6,633.6,DPL FESTIVE  LIMITED,2,9,12
FC 1KG (14D) SPICY CHICKEN VALUE PACK,7,2060.666745984533,FARMERS CHOICE LTD,2,9,12
BROWNS 225G CHEDDAR CHEESE,7,2794.5302026830827,SUNPOWER PRODUCTS LTD,2,9,12
BROWNS 200G SHACK SESAME LAVASH CRACKERS,7,384.7985647649803,SUNPOWER PRODUCTS LTD,2,9,12
CB 250ML FRENCH VANILLA YOGHURT,8,751.688827586207,DEVYANI FOOD INDUSTRIES K LIMITED MILK AND YOGHURT,2,9,12
ABONY 200G FETA CHEESE,7,2794.5302026830827,ABONY DAIRIES LIMITED,2,9,12
CELINE ROLL POA 10PACK,5,1765.6856677524431,JUBILEE TISSUE INDUSTRIES LTD,2,9,12
ENIGMA 6X80ML MINI CLASSIC VP,6,331.34568288854007,RAZCO LTD,2,9,12
WEETABIX 500G ROLLED OATS,6,1728.0,WEETABIX EAST AFRICA LTD HQ,2,9,12
SIMPLIFINE 1.5KG BROWN LOAF,7,560.0,BIGCOLD KENYA SIMPLIFINE SHELF BREAD,2,10,13
KINGSMIL 380G WHOLEMEAL SLICED BURGER 6S,7,560.0,KENAFRIC BAKERY LTD,2,10,13
SUPA LOAF 400G SUPA NUTRI BREAD,4,320.0,MINI BAKERIES NBI  LTD,2,10,13
BUTTERFLY 5KG ATTA MARK FLOUR,4,484.79663959531547,SPICE WORLD LTD,2,10,13
CHEESELOVE 250G ORANGE CHEDDAR,7,2794.5302026830827,SUNPOWER PRODUCTS LTD,2,10,13
GILANI GOURMET 2KG ICE BLOCK,6,960.0,GILANI GOURMET LTD,2,10,13
MILL BAKERS 100G  RICH TEA  CAKE,8,844.8000000000001,MILL BAKERS LIMITED,2,10,13
MAGIC 300ML ENERGY DRINK JEERA COLA,6,775.4035054476551,KHETIA DRAPERS LTD,2,10,13
MANJI 450G BUTTER CASHEW JAR,5,274.8561176892716,MANJI FOOD INDUSTRIES LTD,2,10,13
EVEREADY GP SIZE D2 BLUE PJ950BSW2,6,480.0,HASBAH KENYA LTD,2,10,13
QMP 1.5KG HALAL CAPON,9,4860.0,QUALITY MEAT PACKERS LTD,2,10,13
BROWNS 180G STRING CHEESE,5,1996.0930019164878,SUNPOWER PRODUCTS LTD,2,10,13
FESTIVE 250G CUPCAKE 6PC STRAWBERRY,6,633.6,DPL FESTIVE  LIMITED,2,10,13
FC 1KG (14D) SPICY CHICKEN VALUE PACK,8,2355.047709696609,FARMERS CHOICE LTD,2,10,13
CB 250ML FRENCH VANILLA YOGHURT,8,751.688827586207,DEVYANI FOOD INDUSTRIES K LIMITED MILK AND YOGHURT,2,10,13
CELINE ROLL POA 10PACK,6,2118.8228013029316,JUBILEE TISSUE INDUSTRIES LTD,2,10,13
ENIGMA 6X80ML MINI CLASSIC VP,6,331.34568288854007,RAZCO LTD,2,10,13
WEETABIX 500G ROLLED OATS,7,2016.0,WEETABIX EAST AFRICA LTD HQ,2,10,13
SOKO 2KG NUTRIGO WHOLE GRAIN MAIZE MEAL,7,848.3941192918021,CAPWELL INDUSTRIES LTD,2,11,14
SIMPLIFINE 1.5KG BROWN LOAF,8,640.0,BIGCOLD KENYA SIMPLIFINE SHELF BREAD,2,11,14
SUPA LOAF 400G SUPA NUTRI BREAD,5,400.0,MINI BAKERIES NBI  LTD,2,11,14
BUTTERFLY 5KG ATTA MARK FLOUR,4,484.79663959531547,SPICE WORLD LTD,2,11,14
CHEESELOVE 250G ORANGE CHEDDAR,7,2794.5302026830827,SUNPOWER PRODUCTS LTD,2,11,14
GILANI GOURMET 2KG ICE BLOCK,7,1120.0,GILANI GOURMET LTD,2,11,14
MAGIC 300ML ENERGY DRINK JEERA COLA,6,775.4035054476551,KHETIA DRAPERS LTD,2,11,14
MANJI 450G BUTTER CASHEW JAR,6,329.827341227126,MANJI FOOD INDUSTRIES LTD,2,11,14
EVEREADY GP SIZE D2 BLUE PJ950BSW2,7,560.0,HASBAH KENYA LTD,2,11,14
BROWNS 180G STRING CHEESE,6,2395.311602299785,SUNPOWER PRODUCTS LTD,2,11,14
QUANTA 120ML CHOCOLATE CONE,5,276.1214024071167,CRYSTAL FROZEN AND CHILLED FOODS LTD,2,11,14
JIK 1.5LT COLOURS + REGULAR  SAVE 200,5,6516.0,TOWFIQ  K  LIMITED HQ,2,11,14
FC 1KG (14D) SPICY CHICKEN VALUE PACK,9,2649.4286734086854,FARMERS CHOICE LTD,2,11,14
CB 250ML FRENCH VANILLA YOGHURT,7,657.7277241379311,DEVYANI FOOD INDUSTRIES K LIMITED MILK AND YOGHURT,2,11,14
SOKO 2KG NUTRIGO WHOLE GRAIN MAIZE MEAL,7,848.3941192918021,CAPWELL INDUSTRIES LTD,2,12,15
EXE 2KG BROWN BREAD FLOUR,3,363.59747969648663,UNGA LTD,2,12,15
VASELINE 400ML COCOA GLOW LOTION,7,3192.0,UNILEVER KENYA LIMITED,2,12,15
MAGIC 300ML ENERGY DRINK JEERA COLA,5,646.169587873046,KHETIA DRAPERS LTD,2,12,15
ASSORTED VALUE PACK 2LT PET X 4,5,265.9515125951963,COCA COLA BEVERAGES KENYA LTD,2,12,15
BROWNS 180G STRING CHEESE,6,2395.311602299785,SUNPOWER PRODUCTS LTD,2,12,15
KAPUTEI 300G PICKLED GHERKINS SLICED,5,1196.0,KAPUTEI FARM P LIMITED,2,12,15
QUANTA 120ML CHOCOLATE CONE,6,331.34568288854007,CRYSTAL FROZEN AND CHILLED FOODS LTD,2,12,15
JIK 1.5LT COLOURS + REGULAR  SAVE 200,6,7819.200000000001,TOWFIQ  K  LIMITED HQ,2,12,15
SOKO 2KG NUTRIGO WHOLE GRAIN MAIZE MEAL,8,969.5932791906309,CAPWELL INDUSTRIES LTD,2,13,16
PEMBE 10KG MAIZE MEAL,3,363.59747969648663,PEMBE FLOUR MILLS,2,13,16
EXE 2KG BROWN BREAD FLOUR,3,363.59747969648663,UNGA LTD,2,13,16
VASELINE 400ML COCOA GLOW LOTION,10,4560.0,UNILEVER KENYA LIMITED,2,13,16
NUTRAMEAL 1KG POLISHED GREEN GRAM,7,1114.4,KAMILI PACKERS LIMITED NORMAL,2,13,16
ASSORTED VALUE PACK 2LT PET X 4,6,319.14181511423556,COCA COLA BEVERAGES KENYA LTD,2,13,16
KAPUTEI 300G PICKLED GHERKINS SLICED,6,1435.2,KAPUTEI FARM P LIMITED,2,13,16
QUANTA 120ML CHOCOLATE CONE,8,441.79424385138674,CRYSTAL FROZEN AND CHILLED FOODS LTD,2,13,16
JIK 1.5LT COLOURS + REGULAR  SAVE 200,7,9122.4,TOWFIQ  K  LIMITED HQ,2,13,16
KABRAS 2KG WHITE SUGAR,415,106198.8556976254,WEST KENYA SUGAR COMPANY LTD,2,14,17
PEMBE 10KG MAIZE MEAL,3,363.59747969648663,PEMBE FLOUR MILLS,2,14,17
EXE 2KG BROWN BREAD FLOUR,3,363.59747969648663,UNGA LTD,2,14,17
KINGSMIL 800G SWICH WHITE BREAD,3,240.0,KENAFRIC BAKERY LTD,2,14,17
OLA 200G COOL CRUNCH TORTILA CHIPS,13,674.9976492712742,PROPACK KENYA LTD,2,14,17
KO 330ML PASSION ICE TEA CAN,14,2263.386418604651,SAVANNAH BRANDS COMPANY LIMITED,2,14,17
AQUAMIST 500ML FRUTZ FRUIT DRINK TROPICAL,11,981.6674874774551,AQUAMIST LIMITED,2,14,17
VASELINE 400ML COCOA GLOW LOTION,13,5928.0,UNILEVER KENYA LIMITED,2,14,17
NUTRAMEAL 1KG POLISHED GREEN GRAM,8,1273.6000000000001,KAMILI PACKERS LIMITED NORMAL,2,14,17
ASSORTED VALUE PACK 2LT PET X 4,7,372.3321176332748,COCA COLA BEVERAGES KENYA LTD,2,14,17
KAPUTEI 300G PICKLED GHERKINS SLICED,7,1674.4,KAPUTEI FARM P LIMITED,2,14,17
KABRAS 2KG WHITE SUGAR,417,106710.65741183083,WEST KENYA SUGAR COMPANY LTD,2,15,18
CAPTAIN COOK 5L PURE CORN OIL,14,12942.885518056582,KAPA OIL REFINERIES LTD,2,15,18
PEMBE 10KG MAIZE MEAL,3,363.59747969648663,PEMBE FLOUR MILLS,2,15,18
KINGSMIL 800G SWICH WHITE BREAD,4,320.0,KENAFRIC BAKERY LTD,2,15,18
OLA 200G COOL CRUNCH TORTILA CHIPS,15,778.8434414668549,PROPACK KENYA LTD,2,15,18
AQUAMIST 500ML FRUTZ FRUIT DRINK APPLE,13,1160.1524852006287,AQUAMIST LIMITED,2,15,18
KO 330ML PASSION ICE TEA CAN,17,2748.397794019934,SAVANNAH BRANDS COMPANY LIMITED,2,15,18
AQUAMIST 500ML FRUTZ FRUIT DRINK TROPICAL,13,1160.1524852006287,AQUAMIST LIMITED,2,15,18
MF 800G ANTI-B D/WASHING PASTE ORANGE,11,3696.0,P Z CUSSONS EAST AFRICA  LTD HQ,2,15,18
BIO FOB 200ML BLUEBERRY YOGHURT,9,845.649931034483,BIO FOOD PRODUCTS LTD,2,15,18
NUTRAMEAL 1KG POLISHED GREEN GRAM,10,1592.0000000000002,KAMILI PACKERS LIMITED NORMAL,2,15,18
MOHAWK KOMBUCHA 500ML SPICED DRINK,8,713.9399908926946,ROYAL BREKKERS LIMITED,2,15,18
HEINZ 370G TOMATO PASTE,6,179.36074766355142,HASBAH KENYA LTD,2,15,18
KABRAS 2KG WHITE SUGAR,448,114643.5839820149,WEST KENYA SUGAR COMPANY LTD,2,16,19
SOKO 2KG MAIZE MEAL,204,23851.149923494228,CAPWELL INDUSTRIES LTD,2,16,19
CAPTAIN COOK 5L PURE CORN OIL,17,15716.360986211565,KAPA OIL REFINERIES LTD,2,16,19
KINGSMIL 800G SWICH WHITE BREAD,5,400.0,KENAFRIC BAKERY LTD,2,16,19
MAYERS 750ML GLASS STILL WATER,17,947.4155447824376,MALACHITE LIMITED,2,16,19
EVEREST CLUB SODA 350ML,16,851.0448403046281,SBC KENYA LIMITED,2,16,19
OLA 200G COOL CRUNCH TORTILA CHIPS,19,986.5350258580161,PROPACK KENYA LTD,2,16,19
CLUB SODA 500ML TANGAWIZI,13,691.4739327475104,HIGHLANDS DRINKS LIMITED,2,16,19
AQUAMIST 500ML FRUTZ FRUIT DRINK APPLE,15,1338.6374829238023,AQUAMIST LIMITED,2,16,19
BARAKA CATERING 200G TEA BAGS 100S,12,1199.6012217470984,GOLD CROWN BEVERAGES K LTD,2,16,19
JIK BLEACH 1.5LT REGULAR PERFUMED,13,8299.2,TOWFIQ  K  LIMITED HQ,2,16,19
KO 330ML PASSION ICE TEA CAN,18,2910.0682524916947,SAVANNAH BRANDS COMPANY LIMITED,2,16,19
TROPNUTS 50G EXOTIC NUT MIX,13,665.6,TROPICAL HEAT LTD,2,16,19
AQUAMIST 500ML FRUTZ FRUIT DRINK TROPICAL,15,1338.6374829238023,AQUAMIST LIMITED,2,16,19
HAPPY COW 150G CHEDDAR CHEESE SLICES,11,4391.404604216273,CRYSTAL FROZEN AND CHILLED FOODS LTD,2,16,19
SANTA MARIA 400G BAKED BEANS IN TOMATO SAUCE,11,1464.5779209979214,DEBENHAM AND FEAR LTD,2,16,19
TROP HEAT 150G KENYAN CHEVDA SWEET(TAMU),10,496.6218867924528,TROPICAL HEAT LTD,2,16,19
MF 800G ANTI-B D/WASHING PASTE ORANGE,13,4368.0,P Z CUSSONS EAST AFRICA  LTD HQ,2,16,19
MOHAWK KOMBUCHA 500ML BERRICIOUS DRINK,11,981.6674874774551,ROYAL BREKKERS LIMITED,2,16,19
CHROME 750ML GIN,9,1824.832282471627,UDV KENYA LIMITED,2,16,19
BIO FOB 200ML BLUEBERRY YOGHURT,15,1409.4165517241381,BIO FOOD PRODUCTS LTD,2,16,19
ORCHID VALLEY 1LT APPLE JUICE,11,772.6805188714212,PREMIER FOODS  LIMITED,2,16,19
JAVA 375G EAST AFRICA BLEND GROUND,10,73.1053410466837,NAIROBI JAVA HOUSE LTD,2,16,19
OMO 1KG EXTRA FRESH HANDWASH,10,3136.0,UNILEVER KENYA LIMITED,2,16,19
KOTEX 7S ULTRA THIN NIGHTS,8,1259.0641821946172,KIM FAY EAST AFRICA LTD,2,16,19
MOHAWK KOMBUCHA 500ML SPICED DRINK,10,892.4249886158682,ROYAL BREKKERS LIMITED,2,16,19
LAKI LAKI 250ML LABNEH AUTHENTIC CREAM CHEESE,7,2794.5302026830827,LAKI LAKI LIMITED,2,16,19
HEINZ 370G TOMATO PASTE,7,209.25420560747665,HASBAH KENYA LTD,2,16,19
JIAN 30 PACK YELLOW YOLK EGGS,6,2358.5973961562304,JIAN CEREALS DEPOT,2,16,19
HANAN WATER WIPES NEW BORN 72S,7,1003.5877634262406,ZENKO KENYA LIMITED,2,16,19
NUTRAMEAL 5KG BIRD MILLET,6,3600.0,KAMILI PACKERS LIMITED NORMAL,2,16,19
KAWAN 400G ONION PARANTHA,7,2016.0,CRYSTAL FROZEN AND CHILLED FOODS LTD,2,16,19
DROSTDY-HOF CLARET SELECT 750ML,5,4636.0,KENYA WINE AGENCIES KWAL,2,16,19
SOKO 2KG MAIZE MEAL,295,34490.63346779803,CAPWELL INDUSTRIES LTD,2,17,20
FAMILA 1KG PURE WIMBI FLOUR,18,2181.5848781789196,UNGA LTD,2,17,20
CAPTAIN COOK 5L PURE CORN OIL,21,19414.328277084875,KAPA OIL REFINERIES LTD,2,17,20
PEMBE 1KG PURE WIMBI PORRIDGE,3,363.59747969648663,PEMBE FLOUR MILLS,2,17,20
SANTA MARIA 70G TOMATO PASTE SATCHET,41,1225.6317757009347,DEBENHAM AND FEAR LTD,2,17,20
FIESTA SERVIETTES WHITE 100S,38,3532.3400470834426,AFRICAN COTTON INDUSTRIES LTD,2,17,20
URBAN STIX 35G HOT & SWEET TOMATO SNACKS,29,812.0,NORDA INDUSTRIES LTD.,2,17,20
MANJI 450G THE REAL DIGESTIVE,31,1704.1079296734843,MANJI FOOD INDUSTRIES LTD,2,17,20
VELVEX KITCHEN TOWEL PRINTED TWIN PACK,17,5168.0,CHANDARIA INDUSTRIES  LTD,2,17,20
MAYERS 750ML GLASS STILL WATER,22,1226.0671756008016,MALACHITE LIMITED,2,17,20
WANPY 85G CAT CHICKN&SHRIMP POUCH,20,2560.0,BRAND ROYALTY LTD,2,17,20
EVEREST CLUB SODA 350ML,21,1116.9963528998244,SBC KENYA LIMITED,2,17,20
EVEREST CLUB SODA 350ML EMPTY BOTTLE,14,168.0,SBC KENYA LIMITED,2,17,20
CELINE TOILET ROLLS 10PACK,14,4943.9198697068405,JUBILEE TISSUE INDUSTRIES LTD,2,17,20
SIRIMON 250G HALLOUMI CHEESE,17,6786.716206516058,MORANI LIMITED,2,17,20
LIVELLE KITCHEN TOWEL PINK TWINPACK,13,3941.6,JUBILEE TISSUE INDUSTRIES LTD,2,17,20
LIVELLE KITCHEN TOWEL 2PACK,16,4915.200000000001,JUBILEE TISSUE INDUSTRIES LTD,2,17,20
CLUB SODA 500ML TANGAWIZI,18,957.4254453427067,HIGHLANDS DRINKS LIMITED,2,17,20
AQUAMIST 500ML FRUTZ FRUIT DRINK APPLE,18,1606.3649795085628,AQUAMIST LIMITED,2,17,20
BARAKA CATERING 200G TEA BAGS 100S,18,1799.4018326206476,GOLD CROWN BEVERAGES K LTD,2,17,20
JIK BLEACH 1.5LT REGULAR PERFUMED,18,11491.2,TOWFIQ  K  LIMITED HQ,2,17,20
AQUAMIST 500ML FRUTZ FRUIT DRINK MANGO,10,892.4249886158682,AQUAMIST LIMITED,2,17,20
FITCH&LEEDES 200ML CAN TONIC LITE,14,2263.386418604651,SLATER AND WHITTAKER LTD,2,17,20
TROPNUTS 50G EXOTIC NUT MIX,17,870.4000000000001,TROPICAL HEAT LTD,2,17,20
TROP HEAT 100G GARAM MASALA,10,2160.0,TROPICAL HEAT LTD,2,17,20
HAPPY COW 150G CHEDDAR CHEESE SLICES,13,5189.841804982868,CRYSTAL FROZEN AND CHILLED FOODS LTD,2,17,20
SANTA MARIA 400G BAKED BEANS IN TOMATO SAUCE,16,2130.2951578151583,DEBENHAM AND FEAR LTD,2,17,20
SANTA MARIA 1LT EXTRA VIRGIN OLIVE OIL,10,22304.0,DEBENHAM AND FEAR LTD,2,17,20
TROP HEAT 150G KENYAN CHEVDA SWEET(TAMU),11,546.2840754716981,TROPICAL HEAT LTD,2,17,20
MF 800G ANTI-B D/WASHING PASTE ORANGE,15,5040.0,P Z CUSSONS EAST AFRICA  LTD HQ,2,17,20
FROZEN KENCHIC 750G CHICKEN THIGH B/LESS,11,7700.0,KENCHIC FROZEN,2,17,20
MOHAWK KOMBUCHA 500ML BERRICIOUS DRINK,10,892.4249886158682,ROYAL BREKKERS LIMITED,2,17,20
CHROME 750ML GIN,11,2230.3505674653215,UDV KENYA LIMITED,2,17,20
CADBURY 125G DRINKING CHOCOLATE JAR,11,932.0830416415208,HASBAH KENYA LTD CADBURY,2,17,20
BIO FOB 200ML BLUEBERRY YOGHURT,16,1503.377655172414,BIO FOOD PRODUCTS LTD,2,17,20
ORCHID VALLEY 1LT APPLE JUICE,15,1053.6552530064835,PREMIER FOODS  LIMITED,2,17,20
JAVA 375G EAST AFRICA BLEND GROUND,14,102.34747746535719,NAIROBI JAVA HOUSE LTD,2,17,20
OMO 1KG EXTRA FRESH HANDWASH,13,4076.8,UNILEVER KENYA LIMITED,2,17,20
KOTEX 7S ULTRA THIN NIGHTS,11,1731.2132505175987,KIM FAY EAST AFRICA LTD,2,17,20
MOHAWK KOMBUCHA 500ML SPICED DRINK,12,1070.909986339042,ROYAL BREKKERS LIMITED,2,17,20
KAWAN 400G CHAPATI,10,2280.0,CRYSTAL FROZEN AND CHILLED FOODS LTD,2,17,20
LAKI LAKI 250ML LABNEH AUTHENTIC CREAM CHEESE,10,3992.1860038329755,LAKI LAKI LIMITED,2,17,20
SANTA MARIA 400G WHOLE CHOPPED TOMATOES,7,932.0041315441317,DEBENHAM AND FEAR LTD,2,17,20
MF FLOWER FOR 1500/-,9,10800.0,ANDREW MUROKI GATHAGE,2,17,20
OA 250G HONEY COATED MACADAMIA NUTS CF,8,409.6,KENYA NUT COMPANY,2,17,20
HEINZ 370G TOMATO PASTE,7,209.25420560747665,HASBAH KENYA LTD,2,17,20
GEISHA 200G SOAP SHEA NATRI HERITAGE,7,756.0,UNILEVER KENYA LIMITED,2,17,20
WEETABIX 1KG OATIBIX QUICK OATS,6,2496.0,WEETABIX EAST AFRICA LTD HQ,2,17,20
JIAN 30 PACK YELLOW YOLK EGGS,7,2751.696962182269,JIAN CEREALS DEPOT,2,17,20
HANAN WATER WIPES NEW BORN 72S,9,1290.3271244051666,ZENKO KENYA LIMITED,2,17,20
HEINZ 200G BAKED BEANS UK,6,798.8606841806843,HASBAH KENYA LTD,2,17,20
NUTRAMEAL 5KG BIRD MILLET,7,4200.0,KAMILI PACKERS LIMITED NORMAL,2,17,20
254 GOLDEN RUMP 330ML BEER,6,1097.7182798871772,254 BREWING COMPANY LIMITED,2,17,20
KAWAN 400G ONION PARANTHA,9,2592.0,CRYSTAL FROZEN AND CHILLED FOODS LTD,2,17,20
DROSTDY-HOF CLARET SELECT 750ML,6,5563.200000000001,KENYA WINE AGENCIES KWAL,2,17,20
SOKO 2KG MAIZE MEAL,320,37413.56850744192,CAPWELL INDUSTRIES LTD,2,18,21
KABRAS 1KG WHITE SUGAR,208,27847.251502145926,WEST KENYA SUGAR COMPANY LTD,2,18,21
FAMILA 1KG PURE WIMBI FLOUR,27,3272.3773172683796,UNGA LTD,2,18,21
SOKO 5KG MAIZE MEAL BAG,7,848.3941192918021,CAPWELL INDUSTRIES LTD,2,18,21
PEMBE 1KG PURE WIMBI PORRIDGE,4,484.79663959531547,PEMBE FLOUR MILLS,2,18,21
SUPA 200G SWEET BREAD,4,320.0,MIBISCO LTD,2,18,21
MENENGAI CREAM 800G SOAP,65,8520.975806451614,MENENGAI O REFINERIES LTD,2,18,21
SANTA MARIA 70G TOMATO PASTE SATCHET,51,1524.566355140187,DEBENHAM AND FEAR LTD,2,18,21
FIESTA SERVIETTES WHITE 100S,47,4368.946900340047,AFRICAN COTTON INDUSTRIES LTD,2,18,21
HEINZ 570G TOMATO KETCHUP,31,14830.400000000001,HASBAH KENYA LTD,2,18,21
URBAN STIX 35G HOT & SWEET TOMATO SNACKS,32,896.0,NORDA INDUSTRIES LTD.,2,18,21
MANJI 450G THE REAL DIGESTIVE,35,1923.9928238249015,MANJI FOOD INDUSTRIES LTD,2,18,21
TAMU TAMU 25G TUTTI FRUTY,24,1057.9054545454546,NORDA INDUSTRIES LTD.,2,18,21
PRESTIGE 1KG MARGARINE,18,3953.124225977789,KAPA OIL REFINERIES LTD,2,18,21
VELVEX KITCHEN TOWEL PRINTED TWIN PACK,18,5472.0,CHANDARIA INDUSTRIES  LTD,2,18,21
GOFRUT 1LT ORANGE FRUIT DRINK,17,1194.1426200740145,EXCEL CHEMICALS LTD,2,18,21
KERICHO GOLD 25S ENVELOPED TEA BAGS,18,1799.4018326206476,GOLD CROWN BEVERAGES K LTD,2,18,21
MAYERS 750ML GLASS STILL WATER,24,1337.5278279281472,MALACHITE LIMITED,2,18,21
WANPY 85G CAT CHICKN&SHRIMP POUCH,24,3072.0,BRAND ROYALTY LTD,2,18,21
WRIGLEYS ORBIT 20S MIX FRUIT BOTTLE,15,320.3751465416178,RADBONE CLARK LIMITED MARS,2,18,21
EVEREST CLUB SODA 350ML,20,1063.806050380785,SBC KENYA LIMITED,2,18,21
EVEREST CLUB SODA 350ML EMPTY BOTTLE,20,240.0,SBC KENYA LIMITED,2,18,21
TENA 2S KITCHEN ROLLS,14,4032.0,AFRICAN COTTON INDUSTRIES LTD,2,18,21
CLUB SODA 500ML LEMON N LIME,13,691.4739327475104,HIGHLANDS DRINKS LIMITED,2,18,21
CELINE TOILET ROLLS 10PACK,18,6356.468403908795,JUBILEE TISSUE INDUSTRIES LTD,2,18,21
SIRIMON 250G HALLOUMI CHEESE,21,8383.590608049248,MORANI LIMITED,2,18,21
LIVELLE KITCHEN TOWEL PINK TWINPACK,15,4548.0,JUBILEE TISSUE INDUSTRIES LTD,2,18,21
LIVELLE KITCHEN TOWEL 2PACK,21,6451.200000000001,JUBILEE TISSUE INDUSTRIES LTD,2,18,21
KRACKLES 125G BARBQUE,14,617.1115151515153,PROPACK KENYA LTD,2,18,21
WHITEWASH 800G WHITE BAR SOAP,12,1128.507969259582,PWANI OIL PRODUCTS LTD.,2,18,21
CLUB SODA 500ML TANGAWIZI,18,957.4254453427067,HIGHLANDS DRINKS LIMITED,2,18,21
BARAKA CATERING 200G TEA BAGS 100S,18,1799.4018326206476,GOLD CROWN BEVERAGES K LTD,2,18,21
KELLOGGS 500G CRUNCHYNUT CORNFLAKES,11,8351.2,HASBAH KENYA LTD,2,18,21
SIRIMON 500G MOZARELLA CHEESE,10,3992.1860038329755,MORANI LIMITED,2,18,21
JIK BLEACH 1.5LT REGULAR PERFUMED,17,10852.800000000001,TOWFIQ  K  LIMITED HQ,2,18,21
AQUAMIST 500ML FRUTZ FRUIT DRINK MANGO,13,1160.1524852006287,AQUAMIST LIMITED,2,18,21
SANTA MARIA 500ML EXTRA VIRGIN OLIVE OIL,12,16080.0,DEBENHAM AND FEAR LTD,2,18,21
FITCH&LEEDES 200ML CAN TONIC LITE,16,2586.727335548173,SLATER AND WHITTAKER LTD,2,18,21
TROPNUTS 50G EXOTIC NUT MIX,16,819.2,TROPICAL HEAT LTD,2,18,21
KASUKU 500G COOKING FAT,10,1720.0,KAPA OIL REFINERIES LTD,2,18,21
FACE TOWEL PLAIN HEAVY  12X12,10,872.0,SHAMULA LIMITED,2,18,21
TROP HEAT 100G GARAM MASALA,12,2592.0,TROPICAL HEAT LTD,2,18,21
HAPPY COW 150G CHEDDAR CHEESE SLICES,13,5189.841804982868,CRYSTAL FROZEN AND CHILLED FOODS LTD,2,18,21
VELVEX 530ML WINDOW CLEANER LEMON FRESH,9,1368.0,CHANDARIA INDUSTRIES  LTD,2,18,21
SANTA MARIA 400G BAKED BEANS IN TOMATO SAUCE,15,1997.1517104517109,DEBENHAM AND FEAR LTD,2,18,21
SANTA MARIA 1LT EXTRA VIRGIN OLIVE OIL,11,24534.4,DEBENHAM AND FEAR LTD,2,18,21
TROP HEAT 150G KENYAN CHEVDA SWEET(TAMU),13,645.6084528301886,TROPICAL HEAT LTD,2,18,21
FROZEN KENCHIC 750G CHICKEN THIGH B/LESS,14,9800.0,KENCHIC FROZEN,2,18,21
MOHAWK KOMBUCHA 500ML BERRICIOUS DRINK,14,1249.3949840622156,ROYAL BREKKERS LIMITED,2,18,21
CHROME 750ML GIN,14,2838.627994955864,UDV KENYA LIMITED,2,18,21
CADBURY 125G DRINKING CHOCOLATE JAR,14,1186.2875075437537,HASBAH KENYA LTD CADBURY,2,18,21
BIO 150ML YOGHURT GUAVA/MORINGA,11,1033.5721379310346,BIO FOOD PRODUCTS LTD,2,18,21
GEISHA 200G SOAP PINK N HONEY,8,691.2,UNILEVER KENYA LIMITED,2,18,21
ORCHID VALLEY 1LT APPLE JUICE,14,983.4115694727179,PREMIER FOODS  LIMITED,2,18,21
JAVA 375G EAST AFRICA BLEND GROUND,14,102.34747746535719,NAIROBI JAVA HOUSE LTD,2,18,21
OMO 1KG EXTRA FRESH HANDWASH,13,4076.8,UNILEVER KENYA LIMITED,2,18,21
DAIMA 250ML VANILLA YOGHURT CUP,10,939.6110344827588,DEVYANI FOOD INDUSTRIES K LIMITED MILK AND YOGHURT,2,18,21
AQUACLEAR 1LT MINERAL WATER,9,501.57293547305517,DEVYANI FOOD INDUSTRIES K LIMITED MILK AND YOGHURT,2,18,21
KOTEX 7S ULTRA THIN NIGHTS,12,1888.5962732919256,KIM FAY EAST AFRICA LTD,2,18,21
KAWAN 400G CHAPATI,11,2508.0,CRYSTAL FROZEN AND CHILLED FOODS LTD,2,18,21
FAY 38CM X 10M BAKING PAPER,7,1288.0,KIM FAY EAST AFRICA LTD,2,18,21
JAVA 300G CHOCOLATE CHIP COOKIES,8,439.7697883028346,NAIROBI JAVA HOUSE LTD,2,18,21
TROPNUTS 150G FRIED PEAS,9,460.8,TROPICAL HEAT LTD,2,18,21
LAKI LAKI 250ML LABNEH AUTHENTIC CREAM CHEESE,10,3992.1860038329755,LAKI LAKI LIMITED,2,18,21
BLOOM LUXURY 3PLY VIRGIN WHITE 4PK,7,2471.9599348534202,PROPACK KENYA LTD,2,18,21
MF FLOWER FOR 1500/-,10,12000.0,ANDREW MUROKI GATHAGE,2,18,21
OA 250G HONEY COATED MACADAMIA NUTS CF,9,460.8,KENYA NUT COMPANY,2,18,21
PEARL 1KG GREEN GRAMS POLISHED,6,955.2,CAPWELL INDUSTRIES LTD,2,18,21
MANJI 200G DINNER CRACKERS,7,384.7985647649803,MANJI FOOD INDUSTRIES LTD,2,18,21
KELLOGGS 750G CORNFLAKES,6,5736.0,HASBAH KENYA LTD,2,18,21
GEISHA 200G SOAP SHEA NATRI HERITAGE,9,972.0,UNILEVER KENYA LIMITED,2,18,21
WEETABIX 1KG OATIBIX QUICK OATS,7,2912.0,WEETABIX EAST AFRICA LTD HQ,2,18,21
JIAN 30 PACK YELLOW YOLK EGGS,9,3537.8960942343456,JIAN CEREALS DEPOT,2,18,21
AQUAMIST 750ML GLASS SPARKLING WATER,5,278.65163081836397,AQUAMIST LIMITED,2,18,21
HANAN WATER WIPES NEW BORN 72S,9,1290.3271244051666,ZENKO KENYA LIMITED,2,18,21
HEINZ 200G BAKED BEANS UK,7,932.0041315441317,HASBAH KENYA LTD,2,18,21
NUTRAMEAL 5KG BIRD MILLET,9,5400.0,KAMILI PACKERS LIMITED NORMAL,2,18,21
BROOKSIDE 450G FULL CREAM SATCHET MILK POWDER,8,3520.0,BROOKSIDE DAIRY LIMITED,2,18,21
254 GOLDEN RUMP 330ML BEER,8,1463.6243731829031,254 BREWING COMPANY LIMITED,2,18,21
KAWAN 400G ONION PARANTHA,12,3456.0,CRYSTAL FROZEN AND CHILLED FOODS LTD,2,18,21
DELSER 250G CRACKERS SALTED,5,140.0,HEALTHY U TWO THOUSAND LTD,2,18,21
HIGHLANDS 2L TROPICAL CORDIAL,5,1396.0,HIGHLANDS DRINKS LIMITED,2,18,21
DROSTDY-HOF CLARET SELECT 750ML,8,7417.6,KENYA WINE AGENCIES KWAL,2,18,21
TUZO 500ML WHOLE MILK (FINO PACK) 180DAYS,486,19877.173145853743,BROOKSIDE DAIRY LIMITED,2,19,22
SOKO 2KG MAIZE MEAL,216,25254.158742523297,CAPWELL INDUSTRIES LTD,2,19,22
KABRAS 1KG WHITE SUGAR,276,36951.16064707825,WEST KENYA SUGAR COMPANY LTD,2,19,22
HOSTESS 2KG FLOUR,48,5817.559675143786,UNGA LTD,2,19,22
RINA 1LT VEGETABLE OIL JERRICAN,23,21263.311922521527,KAPA OIL REFINERIES LTD,2,19,22
FAMILA 1KG PURE WIMBI FLOUR,27,3272.3773172683796,UNGA LTD,2,19,22
SOKO 5KG MAIZE MEAL BAG,9,1090.7924390894598,CAPWELL INDUSTRIES LTD,2,19,22
PEMBE 1KG PURE WIMBI PORRIDGE,3,363.59747969648663,PEMBE FLOUR MILLS,2,19,22
SUPA 200G SWEET BREAD,3,240.0,MIBISCO LTD,2,19,22
KRAC KURLS 25G TANGY CHEESE,92,2876.9886462882096,PROPACK KENYA LTD,2,19,22
HIGHLANDS 500ML MINERAL WATER,82,1640.0278615417287,HIGHLANDS DRINKS LIMITED,2,19,22
MENENGAI CREAM 800G SOAP,76,9962.987096774194,MENENGAI O REFINERIES LTD,2,19,22
GREEN FARM 30S Y/YORK EGGS,48,21508.66404224676,GREEN FARM POULTRY,2,19,22
CADBURY 80G DAIRY MILK,50,10407.386609071276,HASBAH KENYA LTD CADBURY,2,19,22
SANTA MARIA 70G TOMATO PASTE SATCHET,58,1733.8205607476636,DEBENHAM AND FEAR LTD,2,19,22
FIESTA SERVIETTES WHITE 100S,44,4090.0779492545125,AFRICAN COTTON INDUSTRIES LTD,2,19,22
HEINZ 570G TOMATO KETCHUP,42,20092.800000000003,HASBAH KENYA LTD,2,19,22
KRACKLES 125GMS PERFECTLY SALTED,24,1057.9054545454546,PROPACK KENYA LTD,2,19,22
HANAN TOILET ROLL 15PK,28,9887.839739413681,ZENKO KENYA LIMITED,2,19,22
URBAN STIX 35G HOT & SWEET TOMATO SNACKS,36,1008.0,NORDA INDUSTRIES LTD.,2,19,22
MANJI 450G THE REAL DIGESTIVE,33,1814.0503767491928,MANJI FOOD INDUSTRIES LTD,2,19,22
TAMU TAMU 25G TUTTI FRUTY,26,1146.0642424242426,NORDA INDUSTRIES LTD.,2,19,22
PRESTIGE 1KG MARGARINE,22,4831.596276195075,KAPA OIL REFINERIES LTD,2,19,22
ACACIA 200ML KIDS BLUE RASPBERRY,18,1606.3649795085628,KEVIAN KENYA LTD,2,19,22
ALWAYS 14S MAXI THICK ROX LITE DUO,22,3462.4265010351974,HASBAH KENYA LTD P AND G,2,19,22
VELVEX KITCHEN TOWEL PRINTED TWIN PACK,22,6688.0,CHANDARIA INDUSTRIES  LTD,2,19,22
TROPNUTS 50G FRIED PEAS,20,1024.0,TROPICAL HEAT LTD,2,19,22
GOFRUT 1LT ORANGE FRUIT DRINK,18,1264.38630360778,EXCEL CHEMICALS LTD,2,19,22
KERICHO GOLD 25S ENVELOPED TEA BAGS,19,1899.3686010995723,GOLD CROWN BEVERAGES K LTD,2,19,22
WANPY 85G CAT CHICKN&SHRIMP POUCH,22,2816.0,BRAND ROYALTY LTD,2,19,22
OREO 55.2G CHOCOLATE CREME FLAVOURED,16,879.5395766056693,HASBAH KENYA LTD CADBURY,2,19,22
WRIGLEYS ORBIT 20S MIX FRUIT BOTTLE,18,384.4501758499414,RADBONE CLARK LIMITED MARS,2,19,22
EVEREST CLUB SODA 350ML EMPTY BOTTLE,22,264.0,SBC KENYA LIMITED,2,19,22
GEISHA 200G SOAP TRADITIONAL BLACK,14,1512.0,UNILEVER KENYA LIMITED,2,19,22
GOFRUT 250ML MANGO FRUIT DRINK,17,1194.1426200740145,EXCEL CHEMICALS LTD,2,19,22
TENA 2S KITCHEN ROLLS,19,5472.0,AFRICAN COTTON INDUSTRIES LTD,2,19,22
CLUB SODA 500ML LEMON N LIME,16,851.0448403046281,HIGHLANDS DRINKS LIMITED,2,19,22
TENA 3PLY QUILTED 9PK TOILET PAPER,12,4237.645602605863,AFRICAN COTTON INDUSTRIES LTD,2,19,22
CELINE TOILET ROLLS 10PACK,20,7062.7426710097725,JUBILEE TISSUE INDUSTRIES LTD,2,19,22
KERINGET 1LT 6PK MINERAL WATER,14,780.2245662914193,COCA COLA BEVERAGES KENYA LTD,2,19,22
SIRIMON 250G HALLOUMI CHEESE,20,7984.372007665951,MORANI LIMITED,2,19,22
LIVELLE KITCHEN TOWEL PINK TWINPACK,17,5154.4,JUBILEE TISSUE INDUSTRIES LTD,2,19,22
WANPY 375G DOG FOOD CHICN&LIVER,12,1987.2000000000003,BRAND ROYALTY LTD,2,19,22
LIVELLE KITCHEN TOWEL 2PACK,20,6144.000000000001,JUBILEE TISSUE INDUSTRIES LTD,2,19,22
WANPY 375G DOG FOOD CHICKN&VEG,13,2152.8,BRAND ROYALTY LTD,2,19,22
KRACKLES 125G BARBQUE,17,749.3496969696971,PROPACK KENYA LTD,2,19,22
WANPY 100G CHICKEN SKEWERS #CD-02H,11,3449.6000000000004,BRAND ROYALTY LTD,2,19,22
DOWNY 900ML POUCH LAVENDER CALM,11,6142.4,HASBAH KENYA LTD P AND G,2,19,22
WHITEWASH 800G WHITE BAR SOAP,14,1316.5926308028456,PWANI OIL PRODUCTS LTD.,2,19,22
SNAPPY TOM 85G POUCH CAT FOOD BEEF & VEG,12,1828.3668726823244,MERIT AFRICA LTD,2,19,22
FAY 30CMX5M FOIL,12,1248.0,KIM FAY EAST AFRICA LTD,2,19,22
KELLOGGS 500G CRUNCHYNUT CORNFLAKES,17,12906.400000000001,HASBAH KENYA LTD,2,19,22
SIRIMON 500G MOZARELLA CHEESE,13,5189.841804982868,MORANI LIMITED,2,19,22
AQUAMIST 500ML FRUTZ FRUIT DRINK MANGO,16,1427.8799817853892,AQUAMIST LIMITED,2,19,22
SANTA MARIA 500ML EXTRA VIRGIN OLIVE OIL,13,17420.0,DEBENHAM AND FEAR LTD,2,19,22
FITCH&LEEDES 200ML CAN TONIC LITE,16,2586.727335548173,SLATER AND WHITTAKER LTD,2,19,22
DOWNY 900ML POUCH SUNRISE FRESH,9,5025.599999999999,HASBAH KENYA LTD P AND G,2,19,22
KASUKU 500G COOKING FAT,12,2064.0,KAPA OIL REFINERIES LTD,2,19,22
FACE TOWEL PLAIN HEAVY  12X12,9,784.8000000000001,SHAMULA LIMITED,2,19,22
TROP HEAT 100G GARAM MASALA,14,3024.0,TROPICAL HEAT LTD,2,19,22
VELVEX 530ML WINDOW CLEANER LEMON FRESH,11,1672.0,CHANDARIA INDUSTRIES  LTD,2,19,22
MILL BAKERS 450G ENGLISH MUFFINS 8PCS,9,950.4000000000001,MILL BAKERS LIMITED,2,19,22
SANTA MARIA 1LT EXTRA VIRGIN OLIVE OIL,12,26764.800000000003,DEBENHAM AND FEAR LTD,2,19,22
FROZEN KENCHIC 750G CHICKEN THIGH B/LESS,14,9800.0,KENCHIC FROZEN,2,19,22
CADBURY 125G DRINKING CHOCOLATE JAR,14,1186.2875075437537,HASBAH KENYA LTD CADBURY,2,19,22
BIO 150ML YOGHURT GUAVA/MORINGA,9,845.649931034483,BIO FOOD PRODUCTS LTD,2,19,22
MHARVEST 450G CHOCO SHELLS VALUE PACK,10,4232.0,HEALTHY U TWO THOUSAND LTD,2,19,22
HARIBO 80G PEACHES HALAL,9,113.22122539836936,ROSHNI DIST LTD  R D,2,19,22
GEISHA 200G SOAP PINK N HONEY,10,864.0,UNILEVER KENYA LIMITED,2,19,22
NATURALLI 100G RAISINS,10,1592.0000000000002,HEALTHY U TWO THOUSAND LTD,2,19,22
MC 330G GARLIC MAYONNAISE,8,2745.6000000000004,BIO FOOD PRODUCTS LTD,2,19,22
KOTEX 8S ULTRA THIN SUPER,9,1416.4472049689443,KIM FAY EAST AFRICA LTD,2,19,22
USHINDI 175G BLUE SOAP,8,752.3386461730547,PWANI OIL PRODUCTS LTD.,2,19,22
PEARL 2KG SUPER BASMATI RICE FORTIFIED,7,5582.721797979646,CAPWELL INDUSTRIES LTD,2,19,22
AQUACLEAR 1LT MINERAL WATER,9,501.57293547305517,DEVYANI FOOD INDUSTRIES K LIMITED MILK AND YOGHURT,2,19,22
SAFISHA 1L LEMON WASHING UP LIQUID,7,1148.0,SUNDRIES BARGAIN NAIROBI LTD,2,19,22
KAWAN 400G CHAPATI,10,2280.0,CRYSTAL FROZEN AND CHILLED FOODS LTD,2,19,22
FAY 38CM X 10M BAKING PAPER,7,1288.0,KIM FAY EAST AFRICA LTD,2,19,22
JAVA 300G CHOCOLATE CHIP COOKIES,7,384.7985647649803,NAIROBI JAVA HOUSE LTD,2,19,22
TROPNUTS 150G FRIED PEAS,11,563.2,TROPICAL HEAT LTD,2,19,22
SANTA MARIA 400G WHOLE CHOPPED TOMATOES,9,1198.2910262710266,DEBENHAM AND FEAR LTD,2,19,22
SUNLIGHT 1.5KG AUTO POWDER LAVENDER,7,4088.0,UNILEVER KENYA LIMITED,2,19,22
BLOOM LUXURY 3PLY VIRGIN WHITE 4PK,8,2825.097068403909,PROPACK KENYA LTD,2,19,22
KELLOGGS 470G FROSTIES,7,5180.0,HASBAH KENYA LTD,2,19,22
DAIMA 150ML BCURRANT YOGHURT CUP,8,751.688827586207,DEVYANI FOOD INDUSTRIES K LIMITED MILK AND YOGHURT,2,19,22
MF FLOWER FOR 1500/-,10,12000.0,ANDREW MUROKI GATHAGE,2,19,22
OA 250G HONEY COATED MACADAMIA NUTS CF,9,460.8,KENYA NUT COMPANY,2,19,22
PEARL 1KG GREEN GRAMS POLISHED,7,1114.4,CAPWELL INDUSTRIES LTD,2,19,22
MANJI 200G DINNER CRACKERS,7,384.7985647649803,MANJI FOOD INDUSTRIES LTD,2,19,22
VELVEX KITCHEN TOWEL JUMBO PREM WHT LAMINATED,6,2712.0,CHANDARIA INDUSTRIES  LTD,2,19,22
FROZEN KENCHIC SPRING CHICKEN PER PC,8,3577.6000000000004,KENCHIC FROZEN,2,19,22
KELLOGGS 750G CORNFLAKES,8,7648.0,HASBAH KENYA LTD,2,19,22
GEISHA 200G SOAP SHEA NATRI HERITAGE,9,972.0,UNILEVER KENYA LIMITED,2,19,22
WEETABIX 1KG OATIBIX QUICK OATS,7,2912.0,WEETABIX EAST AFRICA LTD HQ,2,19,22
AQUAMIST 750ML GLASS SPARKLING WATER,8,445.8426093093824,AQUAMIST LIMITED,2,19,22
HEINZ 200G BAKED BEANS UK,9,1198.2910262710266,HASBAH KENYA LTD,2,19,22
F/C FROZEN 500G (12M) BEEF MINCE,7,1764.0,FARMERS CHOICE LTD,2,19,22
BROOKSIDE 450G FULL CREAM SATCHET MILK POWDER,8,3520.0,BROOKSIDE DAIRY LIMITED,2,19,22
254 GOLDEN RUMP 330ML BEER,8,1463.6243731829031,254 BREWING COMPANY LIMITED,2,19,22
BILA SHAKA 330ML HONEY BADGER BLONDIE,6,1097.7182798871772,MALACHITE LIMITED BEER,2,19,22
DELSER 250G CRACKERS SALTED,8,224.0,HEALTHY U TWO THOUSAND LTD,2,19,22
HIGHLANDS 2L TROPICAL CORDIAL,6,1675.1999999999998,HIGHLANDS DRINKS LIMITED,2,19,22
VERONI 700ML ACTIVE ISOTONIC MULTIFRUIT DRINK,6,775.4035054476551,HEALTHY U TWO THOUSAND LTD,2,19,22
DROSTDY-HOF CLARET SELECT 750ML,4,3708.8,KENYA WINE AGENCIES KWAL,2,19,22
TUZO 500ML WHOLE MILK (FINO PACK) 180DAYS,628,25684.906863366563,BROOKSIDE DAIRY LIMITED,2,20,23
KABRAS 1KG WHITE SUGAR,300,40164.30505117201,WEST KENYA SUGAR COMPANY LTD,2,20,23
HOSTESS 2KG FLOUR,59,7150.750434030903,UNGA LTD,2,20,23
BROADWAY 200G WHITE KADOGO  BREAD,34,2720.0,BROADWAYS BAKERY LTD,2,20,23
EXE 1KG SELF RAISING,26,3151.1781573695507,UNGA LTD,2,20,23
RINA 1LT VEGETABLE OIL JERRICAN,31,28659.246504268147,KAPA OIL REFINERIES LTD,2,20,23
DAIMA 200ML MILK FINO BORA,21,419.6300622307324,DEVYANI FOOD INDUSTRIES K LIMITED MILK AND YOGHURT,2,20,23
SOKO 5KG MAIZE MEAL BAG,12,1454.3899187859465,CAPWELL INDUSTRIES LTD,2,20,23
SUPA 200G SWEET BREAD,4,320.0,MIBISCO LTD,2,20,23
AQUAMIST 500ML MINERAL WATER,203,8013.988415529907,AQUAMIST LIMITED,2,20,23
AQUAMIST 500ML SPARKLING WATER,240,13228.261128169746,AQUAMIST LIMITED,2,20,23
KRAC KURLS 25G TANGY CHEESE,117,3658.77903930131,PROPACK KENYA LTD,2,20,23
KABARNET 300ML MINERAL WATER,101,1538.1290523045054,KHETIA DRAPERS LTD,2,20,23
OREO 55.2G ORIGINAL COOKIES,84,4617.582777179764,HASBAH KENYA LTD CADBURY,2,20,23
HIGHLANDS 500ML MINERAL WATER,97,1940.0329581652159,HIGHLANDS DRINKS LIMITED,2,20,23
MENENGAI CREAM 800G SOAP,92,12060.45806451613,MENENGAI O REFINERIES LTD,2,20,23
GREEN FARM 30S Y/YORK EGGS,66,29574.413058089296,GREEN FARM POULTRY,2,20,23
CADBURY 80G DAIRY MILK,60,12488.86393088553,HASBAH KENYA LTD CADBURY,2,20,23
TROP HEAT 100G PAPRIKA JAR,37,5772.0,TROPICAL HEAT LTD,2,20,23
HEINZ 570G TOMATO KETCHUP,46,22006.4,HASBAH KENYA LTD,2,20,23
KRACKLES 125GMS PERFECTLY SALTED,33,1454.6200000000001,PROPACK KENYA LTD,2,20,23
HANAN TOILET ROLL 15PK,36,12712.93680781759,ZENKO KENYA LIMITED,2,20,23
SIRIMON 250G MOZZARELLA CHEESE,27,10778.902210349033,MORANI LIMITED,2,20,23
SNAPPY TOM 85G POUCH CAT FOOD CHICKEN,23,3504.3698393077884,MERIT AFRICA LTD,2,20,23
OREO 26.25G ORIGINAL,25,885.5172413793105,HASBAH KENYA LTD CADBURY,2,20,23
MOLPED PURE&SOFT LONG 16S,23,3619.8095238095243,HAYAT KIMYA  K  H PRODUCTS LTD,2,20,23
TAMU TAMU 25G TUTTI FRUTY,32,1410.5406060606063,NORDA INDUSTRIES LTD.,2,20,23
TROP HEAT 100G RICE CAKE BROWN,22,3168.0,TROPICAL HEAT LTD,2,20,23
CARTOONS 30G TUTTI FRUTTI CRISPS,20,881.5878787878789,PROPACK KENYA LTD,2,20,23
PURE HEALTH 500G HONEY NAT BTL,21,8232.0,WINNIES PURE HEALTH PRODUCTS LIMITED,2,20,23
KRACKLES 125G TINGLY CHEESE & ONION,19,837.508484848485,PROPACK KENYA LTD,2,20,23
PRESTIGE 1KG MARGARINE,28,6149.304351521005,KAPA OIL REFINERIES LTD,2,20,23
ACACIA 200ML KIDS BLUE RASPBERRY,27,2409.547469262844,KEVIAN KENYA LTD,2,20,23
ALWAYS 14S MAXI THICK ROX LITE DUO,29,4564.107660455487,HASBAH KENYA LTD P AND G,2,20,23
FIESTA TOILET ROLLS WHITE 10S,17,6003.331270358306,AFRICAN COTTON INDUSTRIES LTD,2,20,23
TROPNUTS 50G FRIED PEAS,23,1177.6000000000001,TROPICAL HEAT LTD,2,20,23
GOFRUT 1LT ORANGE FRUIT DRINK,23,1615.604721276608,EXCEL CHEMICALS LTD,2,20,23
REAL KIENYEJI EGGS 6PK,16,5266.314993807824,NDUMUNYA INVESTMENT SOLUTION,2,20,23
CIL 5KG RICE PISHORI,16,12760.506966810619,CAPWELL INDUSTRIES LTD,2,20,23
RINGOZ 75G BARBEQUE CORN,16,705.2703030303031,NORDA INDUSTRIES LTD.,2,20,23
KERICHO GOLD 25S ENVELOPED TEA BAGS,24,2399.202443494197,GOLD CROWN BEVERAGES K LTD,2,20,23
REAL KIENYEJI EGGS 15PK,16,5266.314993807824,NDUMUNYA INVESTMENT SOLUTION,2,20,23
GORDONS PINK & TONIC 330ML,16,2586.727335548173,UDV KENYA LIMITED,2,20,23
OREO 55.2G CHOCOLATE CREME FLAVOURED,21,1154.395694294941,HASBAH KENYA LTD CADBURY,2,20,23
WRIGLEYS ORBIT 20S MIX FRUIT BOTTLE,23,491.24189136381403,RADBONE CLARK LIMITED MARS,2,20,23
GEISHA 200G SOAP TRADITIONAL BLACK,19,2052.0,UNILEVER KENYA LIMITED,2,20,23
GOFRUT 250ML MANGO FRUIT DRINK,22,1545.3610377428424,EXCEL CHEMICALS LTD,2,20,23
TENA 2S KITCHEN ROLLS,22,6336.0,AFRICAN COTTON INDUSTRIES LTD,2,20,23
CLUB SODA 500ML LEMON N LIME,19,1010.6157478617458,HIGHLANDS DRINKS LIMITED,2,20,23
TENA 3PLY QUILTED 9PK TOILET PAPER,14,4943.9198697068405,AFRICAN COTTON INDUSTRIES LTD,2,20,23
CELINE TOILET ROLLS 10PACK,14,4943.9198697068405,JUBILEE TISSUE INDUSTRIES LTD,2,20,23
KERINGET 1LT 6PK MINERAL WATER,16,891.6852186187648,COCA COLA BEVERAGES KENYA LTD,2,20,23
WANPY 375G DOG FOOD CHICN&LIVER,16,2649.6000000000004,BRAND ROYALTY LTD,2,20,23
WANPY 375G DOG FOOD CHICKN&VEG,16,2649.6000000000004,BRAND ROYALTY LTD,2,20,23
KRACKLES 125G BARBQUE,21,925.6672727272728,PROPACK KENYA LTD,2,20,23
WANPY 100G CHICKEN SKEWERS #CD-02H,14,4390.400000000001,BRAND ROYALTY LTD,2,20,23
DOWNY 900ML POUCH LAVENDER CALM,15,8376.0,HASBAH KENYA LTD P AND G,2,20,23
USHINDI 800G CREAM MULTI-PURPOSE SOAP,14,1316.5926308028456,PWANI OIL PRODUCTS LTD.,2,20,23
WHITEWASH 800G WHITE BAR SOAP,18,1692.7619538893732,PWANI OIL PRODUCTS LTD.,2,20,23
BOOCH 300ML RASPBERRY DRINK,13,1160.1524852006287,HOUSE OF BOOCH LIMITED,2,20,23
SNAPPY TOM 85G POUCH CAT FOOD BEEF & VEG,16,2437.822496909766,MERIT AFRICA LTD,2,20,23
FAY 30CMX5M FOIL,17,1768.0,KIM FAY EAST AFRICA LTD,2,20,23
KELLOGGS 500G CRUNCHYNUT CORNFLAKES,18,13665.6,HASBAH KENYA LTD,2,20,23
BOOCH 300ML PASSION BAOBAB DRINK,11,981.6674874774551,HOUSE OF BOOCH LIMITED,2,20,23
SIRIMON 500G MOZARELLA CHEESE,17,6786.716206516058,MORANI LIMITED,2,20,23
MHARVEST 500G JUMBO OATS BAG,11,2191.2000000000003,HEALTHY U TWO THOUSAND LTD,2,20,23
AQUAMIST 500ML FRUTZ FRUIT DRINK MANGO,10,892.4249886158682,AQUAMIST LIMITED,2,20,23
SANTA MARIA 500ML EXTRA VIRGIN OLIVE OIL,15,20100.0,DEBENHAM AND FEAR LTD,2,20,23
DOWNY 900ML POUCH SUNRISE FRESH,12,6700.799999999999,HASBAH KENYA LTD P AND G,2,20,23
KASUKU 500G COOKING FAT,17,2924.0,KAPA OIL REFINERIES LTD,2,20,23
FACE TOWEL PLAIN HEAVY  12X12,11,959.2,SHAMULA LIMITED,2,20,23
VELVEX 530ML WINDOW CLEANER LEMON FRESH,14,2128.0,CHANDARIA INDUSTRIES  LTD,2,20,23
MILL BAKERS 450G ENGLISH MUFFINS 8PCS,12,1267.2,MILL BAKERS LIMITED,2,20,23
NUZIWA 1LT ALMOND MILK ORIGNAL,10,3840.0,JETLAK FOODS LTD,2,20,23
BIO 150ML YOGHURT GUAVA/MORINGA,12,1127.5332413793105,BIO FOOD PRODUCTS LTD,2,20,23
MHARVEST 450G CHOCO SHELLS VALUE PACK,12,5078.400000000001,HEALTHY U TWO THOUSAND LTD,2,20,23
HARIBO 80G PEACHES HALAL,11,138.3814977091181,ROSHNI DIST LTD  R D,2,20,23
GEISHA 200G SOAP PINK N HONEY,13,1123.2,UNILEVER KENYA LIMITED,2,20,23
ENERGIZER AA BATTERY 4+2 E91 BP6,8,4992.0,HASBAH KENYA LTD,2,20,23
SUNLIGHT 3.5KG SPRING WASHING POWDER,9,8596.800000000001,UNILEVER KENYA LIMITED,2,20,23
TROP HEAT 150G KENYAN CHEVDA CHILLI LEMON,8,397.29750943396226,TROPICAL HEAT LTD,2,20,23
IL 175G CLASSIC BATH SOAP.,8,960.0,P Z CUSSONS EAST AFRICA  LTD HQ,2,20,23
NATURALLI 100G RAISINS,11,1751.2000000000003,HEALTHY U TWO THOUSAND LTD,2,20,23
PRINGLES 165G CRISPS ORIGINAL,8,352.63515151515156,HASBAH KENYA LTD,2,20,23
MC 330G GARLIC MAYONNAISE,10,3432.0000000000005,BIO FOOD PRODUCTS LTD,2,20,23
DAIMA 250ML VANILLA YOGHURT CUP,12,1127.5332413793105,DEVYANI FOOD INDUSTRIES K LIMITED MILK AND YOGHURT,2,20,23
KOTEX 8S ULTRA THIN SUPER,13,2045.9792960662528,KIM FAY EAST AFRICA LTD,2,20,23
USHINDI 175G BLUE SOAP,11,1034.4656384879502,PWANI OIL PRODUCTS LTD.,2,20,23
PEARL 2KG SUPER BASMATI RICE FORTIFIED,10,7975.316854256636,CAPWELL INDUSTRIES LTD,2,20,23
AQUACLEAR 1LT MINERAL WATER,12,668.7639139640736,DEVYANI FOOD INDUSTRIES K LIMITED MILK AND YOGHURT,2,20,23
SAFISHA 1L LEMON WASHING UP LIQUID,10,1640.0,SUNDRIES BARGAIN NAIROBI LTD,2,20,23
FAY 38CM X 10M BAKING PAPER,9,1656.0,KIM FAY EAST AFRICA LTD,2,20,23
JAVA 300G CHOCOLATE CHIP COOKIES,9,494.74101184068894,NAIROBI JAVA HOUSE LTD,2,20,23
TROPNUTS 150G FRIED PEAS,12,614.4000000000001,TROPICAL HEAT LTD,2,20,23
RAHA 400G DRINKING CHOCOLATE,7,593.1437537718768,EXCEL CHEMICALS LTD,2,20,23
SUNLIGHT 1.5KG AUTO POWDER LAVENDER,9,5256.0,UNILEVER KENYA LIMITED,2,20,23
ODO SMILE 200G TOILET BALLS 5S,8,1056.0,SUPERSLEEK LIMITED,2,20,23
BLOOM LUXURY 3PLY VIRGIN WHITE 4PK,10,3531.3713355048862,PROPACK KENYA LTD,2,20,23
PAMPERS PANTS JUMBO JUNIOR S6 48S,7,12180.0,HASBAH KENYA LTD P AND G,2,20,23
KELLOGGS 470G FROSTIES,9,6660.0,HASBAH KENYA LTD,2,20,23
DAIMA 150ML BCURRANT YOGHURT CUP,10,939.6110344827588,DEVYANI FOOD INDUSTRIES K LIMITED MILK AND YOGHURT,2,20,23
FC COOKED WHOLE HAM PLU 12150,6,8880.0,FARMERS CHOICE LTD DELI,2,20,23
NATURALLI 100GM WHOLE ALMONDS,6,1579.1999999999998,HEALTHY U TWO THOUSAND LTD,2,20,23
PEARL 1KG GREEN GRAMS POLISHED,9,1432.8000000000002,CAPWELL INDUSTRIES LTD,2,20,23
MANJI 200G DINNER CRACKERS,9,494.74101184068894,MANJI FOOD INDUSTRIES LTD,2,20,23
VELVEX KITCHEN TOWEL JUMBO PREM WHT LAMINATED,8,3616.0,CHANDARIA INDUSTRIES  LTD,2,20,23
FROZEN KENCHIC SPRING CHICKEN PER PC,9,4024.8,KENCHIC FROZEN,2,20,23
KELLOGGS 750G CORNFLAKES,10,9560.0,HASBAH KENYA LTD,2,20,23
BLOOM KITCHEN TOWEL 2S WHITE,6,1680.0,PROPACK KENYA LTD,2,20,23
FROZEN KENCHIC CHICKEN DRUMSTICK (6PCS),6,3964.8,KENCHIC FROZEN,2,20,23
FC 900G (30D) RETAIL BEEF SMOKIES,8,2355.047709696609,FARMERS CHOICE LTD,2,20,23
AQUAMIST 750ML GLASS SPARKLING WATER,10,557.3032616367279,AQUAMIST LIMITED,2,20,23
HEINZ 200G BAKED BEANS UK,6,798.8606841806843,HASBAH KENYA LTD,2,20,23
TENA 200S SERVIETTES WHITE,6,960.0369230769231,AFRICAN COTTON INDUSTRIES LTD,2,20,23
F/C FROZEN 500G (12M) BEEF MINCE,8,2016.0,FARMERS CHOICE LTD,2,20,23
DAIMA 250ML MANGO YOGHURT CUP,6,563.7666206896553,DEVYANI FOOD INDUSTRIES K LIMITED MILK AND YOGHURT,2,20,23
BROOKSIDE 450G FULL CREAM SATCHET MILK POWDER,11,4840.0,BROOKSIDE DAIRY LIMITED,2,20,23
BILA SHAKA 330ML HONEY BADGER BLONDIE,8,1463.6243731829031,MALACHITE LIMITED BEER,2,20,23
HARPIC 500ML PP ORIGINAL TWIN PK,6,4310.400000000001,TOWFIQ  K  LIMITED HQ,2,20,23
DELSER 250G CRACKERS SALTED,9,252.0,HEALTHY U TWO THOUSAND LTD,2,20,23
HIGHLANDS 2L TROPICAL CORDIAL,6,1675.1999999999998,HIGHLANDS DRINKS LIMITED,2,20,23
LAKI LAKI 450ML GREEK YOGHURT RASPBERRY,6,563.7666206896553,LAKI LAKI LIMITED,2,20,23
VERONI 700ML ACTIVE ISOTONIC MULTIFRUIT DRINK,7,904.6374230222643,HEALTHY U TWO THOUSAND LTD,2,20,23
TUZO 500ML WHOLE MILK (FINO PACK) 180DAYS,738,30183.855517777905,BROOKSIDE DAIRY LIMITED,2,21,24
RINSUN 5LT SUNFLOWER OIL,71,90310.02031887282,KAPA OIL REFINERIES LTD,2,21,24
AJAB 2KG MAIZE MEAL FLOUR,55,6831.502001601281,GRAIN INDUSTRIES LIMITED,2,21,24
HOSTESS 2KG FLOUR,74,8968.737832513336,UNGA LTD,2,21,24
EXE 2KG CHAPATI FLOUR,47,6365.55254237288,UNGA LTD,2,21,24
BROADWAY 200G WHITE KADOGO  BREAD,40,3200.0,BROADWAYS BAKERY LTD,2,21,24
EXE 1KG SELF RAISING,32,3878.3731167625238,UNGA LTD,2,21,24
RINA 1LT VEGETABLE OIL JERRICAN,35,32357.213795141455,KAPA OIL REFINERIES LTD,2,21,24
BUTTERFLY 1KG ATTA MARK 1 FLOUR,17,2060.3857182800907,SPICE WORLD LTD,2,21,24
DAIMA 200ML MILK FINO BORA,24,479.57721397797985,DEVYANI FOOD INDUSTRIES K LIMITED MILK AND YOGHURT,2,21,24
JOGOO 2KG WIMBI MEAL,15,1817.987398482433,UNGA LTD,2,21,24
AJAB 2KG SELF RAISING FLOUR,12,1454.3899187859465,GRAIN INDUSTRIES LIMITED,2,21,24
AQUAMIST 500ML MINERAL WATER,270,10658.999370409236,AQUAMIST LIMITED,2,21,24
AQUAMIST 500ML SPARKLING WATER,294,16204.619882007939,AQUAMIST LIMITED,2,21,24
AQUAMIST 1LTR SPARKLING WATER,180,13684.669137109586,AQUAMIST LIMITED,2,21,24
KRAC KURLS 25G TANGY CHEESE,135,4221.668122270742,PROPACK KENYA LTD,2,21,24
KABARNET 300ML MINERAL WATER,129,1964.5410668047643,KHETIA DRAPERS LTD,2,21,24
OREO 55.2G ORIGINAL COOKIES,110,6046.8345891639765,HASBAH KENYA LTD CADBURY,2,21,24
HIGHLANDS 500ML MINERAL WATER,121,2420.041112762795,HIGHLANDS DRINKS LIMITED,2,21,24
DL 70ML MINI FIESTA CARAMEL N NUTS,83,4583.615279958138,GLACIER PRODUCTS LTD G P,2,21,24
ROYCO 4G 40S BEEF CUBES,64,7026.017200365965,UNILEVER KENYA LIMITED,2,21,24
GREEN FARM 30S Y/YORK EGGS,88,39432.55074411906,GREEN FARM POULTRY,2,21,24
CADBURY 80G DAIRY MILK,73,15194.784449244062,HASBAH KENYA LTD CADBURY,2,21,24
TROP HEAT 100G PAPRIKA JAR,44,6864.0,TROPICAL HEAT LTD,2,21,24
MILL BAKERS 200G QUEEN CAKE,32,3379.2000000000003,MILL BAKERS LIMITED,2,21,24
URBAN BITES 30G NYAM CHOM LTD EDITION,32,1410.5406060606063,NORDA INDUSTRIES LTD.,2,21,24
KRACKLES 125GMS PERFECTLY SALTED,40,1763.1757575757579,PROPACK KENYA LTD,2,21,24
HANAN TOILET ROLL 15PK,43,15184.89674267101,ZENKO KENYA LIMITED,2,21,24
SIRIMON 250G MOZZARELLA CHEESE,35,13972.651013415414,MORANI LIMITED,2,21,24
SNAPPY TOM 85G POUCH CAT FOOD CHICKEN,32,4875.644993819532,MERIT AFRICA LTD,2,21,24
OREO 26.25G ORIGINAL,31,1098.0413793103448,HASBAH KENYA LTD CADBURY,2,21,24
MOLPED PURE&SOFT LONG 16S,32,5036.256728778469,HAYAT KIMYA  K  H PRODUCTS LTD,2,21,24
TROP HEAT 100G RICE CAKE BROWN,28,4032.0,TROPICAL HEAT LTD,2,21,24
CARTOONS 30G TUTTI FRUTTI CRISPS,26,1146.0642424242426,PROPACK KENYA LTD,2,21,24
PURE HEALTH 500G HONEY NAT BTL,25,9800.0,WINNIES PURE HEALTH PRODUCTS LIMITED,2,21,24
KRACKLES 125G TINGLY CHEESE & ONION,25,1101.9848484848487,PROPACK KENYA LTD,2,21,24
ACACIA 200ML KIDS BLUE RASPBERRY,33,2945.002462432365,KEVIAN KENYA LTD,2,21,24
ALWAYS 14S MAXI THICK ROX LITE DUO,32,5036.256728778469,HASBAH KENYA LTD P AND G,2,21,24
FIESTA TOILET ROLLS WHITE 10S,25,8828.428338762214,AFRICAN COTTON INDUSTRIES LTD,2,21,24
TROPNUTS 50G FRIED PEAS,29,1484.8000000000002,TROPICAL HEAT LTD,2,21,24
REAL KIENYEJI EGGS 6PK,22,7241.183116485758,NDUMUNYA INVESTMENT SOLUTION,2,21,24
CIL 5KG RICE PISHORI,23,18343.228764790263,CAPWELL INDUSTRIES LTD,2,21,24
RINGOZ 75G BARBEQUE CORN,20,881.5878787878789,NORDA INDUSTRIES LTD.,2,21,24
QIKDRI EMBOSSED HAND PAPER TOWEL,18,1673.2137065132097,CHANDARIA INDUSTRIES  LTD,2,21,24
REAL KIENYEJI EGGS 15PK,18,5924.6043680338025,NDUMUNYA INVESTMENT SOLUTION,2,21,24
GORDONS PINK & TONIC 330ML,20,3233.4091694352164,UDV KENYA LIMITED,2,21,24
TENA 2S PREMIUM KITCHEN TOWEL PINK,16,4928.0,AFRICAN COTTON INDUSTRIES LTD,2,21,24
TROP HEAT 340G CHEVDA ORIGINAL,17,844.2572075471699,TROPICAL HEAT LTD,2,21,24
OREO 55.2G CHOCOLATE CREME FLAVOURED,25,1374.2805884463583,HASBAH KENYA LTD CADBURY,2,21,24
GEISHA 200G SOAP TRADITIONAL BLACK,23,2484.0,UNILEVER KENYA LIMITED,2,21,24
GOFRUT 250ML MANGO FRUIT DRINK,25,1756.092088344139,EXCEL CHEMICALS LTD,2,21,24
TENA 2S KITCHEN ROLLS,17,4896.0,AFRICAN COTTON INDUSTRIES LTD,2,21,24
BUTTERFLY 1KG MASOOR WHOLE(KAMANDE),15,5520.0,SPICE WORLD LTD,2,21,24
VELVEX SNOW WHITE 4 PACK,16,5650.194136807818,CHANDARIA INDUSTRIES  LTD,2,21,24
TENA 3PLY QUILTED 9PK TOILET PAPER,17,6003.331270358306,AFRICAN COTTON INDUSTRIES LTD,2,21,24
STIMOROL 27G 14S INFINITY TROPICAL,17,363.0918327471669,HASBAH KENYA LTD CADBURY,2,21,24
KERINGET 1LT 6PK MINERAL WATER,21,1170.3368494371289,COCA COLA BEVERAGES KENYA LTD,2,21,24
WANPY 375G DOG FOOD CHICN&LIVER,19,3146.4000000000005,BRAND ROYALTY LTD,2,21,24
WANPY 375G DOG FOOD CHICKN&VEG,19,3146.4000000000005,BRAND ROYALTY LTD,2,21,24
WANPY 100G CHICKEN SKEWERS #CD-02H,19,5958.400000000001,BRAND ROYALTY LTD,2,21,24
ZESTA 100G  BI-CARBONATE OF SODA (TIN),15,295.42061281337055,TRUFOODS LIMITED T F,2,21,24
DOWNY 900ML POUCH LAVENDER CALM,18,10051.199999999999,HASBAH KENYA LTD P AND G,2,21,24
USHINDI 800G CREAM MULTI-PURPOSE SOAP,17,1598.7196231177413,PWANI OIL PRODUCTS LTD.,2,21,24
BOOCH 300ML RASPBERRY DRINK,17,1517.122480646976,HOUSE OF BOOCH LIMITED,2,21,24
SNAPPY TOM 85G POUCH CAT FOOD BEEF & VEG,20,3047.2781211372076,MERIT AFRICA LTD,2,21,24
FAY 30CMX5M FOIL,20,2080.0,KIM FAY EAST AFRICA LTD,2,21,24
BOOCH 300ML PASSION BAOBAB DRINK,13,1160.1524852006287,HOUSE OF BOOCH LIMITED,2,21,24
SIRIMON 500G MOZARELLA CHEESE,12,4790.62320459957,MORANI LIMITED,2,21,24
MHARVEST 500G JUMBO OATS BAG,14,2788.8,HEALTHY U TWO THOUSAND LTD,2,21,24
DOWNY 900ML POUCH SUNRISE FRESH,14,7817.599999999999,HASBAH KENYA LTD P AND G,2,21,24
KIENYEJI POULTRY EGGS 15PK,12,3949.736245355868,KIENYEJI POULTRY PRODUCTS,2,21,24
RAHA 200G DRINKING CHOCOLATE,10,847.3482196741098,EXCEL CHEMICALS LTD,2,21,24
MILL BAKERS 450G ENGLISH MUFFINS 8PCS,15,1584.0000000000002,MILL BAKERS LIMITED,2,21,24
VASELINE 240ML PURE PJELLY ORIGINAL,10,2712.0,UNILEVER KENYA LIMITED,2,21,24
ENERGIZER 3V LITHIUM ECR 2032,11,1452.0,HASBAH KENYA LTD,2,21,24
BOOCH 300ML GINGER LEMON DRINK,10,892.4249886158682,HOUSE OF BOOCH LIMITED,2,21,24
254 SAND TRAP 330ML BEER,10,1829.530466478629,254 BREWING COMPANY LIMITED,2,21,24
NUZIWA 1LT ALMOND MILK ORIGNAL,12,4608.0,JETLAK FOODS LTD,2,21,24
MHARVEST 450G CHOCO SHELLS VALUE PACK,14,5924.800000000001,HEALTHY U TWO THOUSAND LTD,2,21,24
HARIBO 80G PEACHES HALAL,14,176.1219061752412,ROSHNI DIST LTD  R D,2,21,24
ENERGIZER AA BATTERY 4+2 E91 BP6,14,8736.0,HASBAH KENYA LTD,2,21,24
SUNLIGHT 3.5KG SPRING WASHING POWDER,12,11462.400000000001,UNILEVER KENYA LIMITED,2,21,24
TROP HEAT 150G KENYAN CHEVDA CHILLI LEMON,12,595.9462641509434,TROPICAL HEAT LTD,2,21,24
DABUR 50G+25G CLOVE TOOTHPASTE,9,756.0,KIM FAY EAST AFRICA LTD DABUR,2,21,24
IL 175G CLASSIC BATH SOAP.,11,1320.0,P Z CUSSONS EAST AFRICA  LTD HQ,2,21,24
NATURALLI 100G RAISINS,14,2228.8,HEALTHY U TWO THOUSAND LTD,2,21,24
PRINGLES 165G CRISPS ORIGINAL,11,484.8733333333334,HASBAH KENYA LTD,2,21,24
KETEPA 500G SAFARI PURE TEA,11,1099.6344532681735,KENYA TEA PACKERS KETEPA,2,21,24
MC 330G GARLIC MAYONNAISE,11,3775.2000000000007,BIO FOOD PRODUCTS LTD,2,21,24
KOTEX 8S ULTRA THIN SUPER,15,2360.7453416149074,KIM FAY EAST AFRICA LTD,2,21,24
ZESTA 400G PEANUT SMOOTH BUTTER,9,1908.0,TRUFOODS LIMITED T F,2,21,24
USHINDI 175G BLUE SOAP,15,1410.6349615744775,PWANI OIL PRODUCTS LTD.,2,21,24
PEARL 2KG SUPER BASMATI RICE FORTIFIED,12,9570.380225107965,CAPWELL INDUSTRIES LTD,2,21,24
FRONTERA CHARDONNAY 750ML,9,9352.800000000001,VIVA GLOBAL LIMITED,2,21,24
MHARVEST 450G CHOCO RICE VALUE PACK,8,3385.6000000000004,HEALTHY U TWO THOUSAND LTD,2,21,24
JAVA 300G LOVE COOKIES,11,604.6834589163976,NAIROBI JAVA HOUSE LTD,2,21,24
SAFISHA 1L LEMON WASHING UP LIQUID,12,1968.0,SUNDRIES BARGAIN NAIROBI LTD,2,21,24
ENERGIZER AAA E92 BP6 4+2,9,5616.0,HASBAH KENYA LTD,2,21,24
ENIGMA 6X80ML MINI ALMOND VP,8,441.79424385138674,RAZCO LTD,2,21,24
TBC 1L POMEGRANTE AMBIENT JUICE DRINK,8,561.9494682701245,HEALTHY U TWO THOUSAND LTD,2,21,24
TROP HEAT 15G PARSLEY JAR,8,512.0,TROPICAL HEAT LTD,2,21,24
RAHA 400G DRINKING CHOCOLATE,9,762.6133977066988,EXCEL CHEMICALS LTD,2,21,24
SUNLIGHT 1.5KG AUTO POWDER LAVENDER,11,6424.0,UNILEVER KENYA LIMITED,2,21,24
ODO SMILE 200G TOILET BALLS 5S,11,1452.0,SUPERSLEEK LIMITED,2,21,24
MC 500G WILD BUSH HONEY,8,3705.6000000000004,BIO FOOD PRODUCTS LTD,2,21,24
PAMPERS PANTS JUMBO JUNIOR S6 48S,10,17400.0,HASBAH KENYA LTD P AND G,2,21,24
NUTRAMEAL 1KG MOONG DAL SPLIT,7,1288.0,KAMILI PACKERS LIMITED NORMAL,2,21,24
KELLOGGS 470G FROSTIES,12,8880.0,HASBAH KENYA LTD,2,21,24
DAIMA 150ML BCURRANT YOGHURT CUP,11,1033.5721379310346,DEVYANI FOOD INDUSTRIES K LIMITED MILK AND YOGHURT,2,21,24
FC COOKED WHOLE HAM PLU 12150,8,11840.0,FARMERS CHOICE LTD DELI,2,21,24
NATURALLI 100GM WHOLE ALMONDS,8,2105.6,HEALTHY U TWO THOUSAND LTD,2,21,24
VELVEX KITCHEN TOWEL JUMBO PREM WHT LAMINATED,11,4972.0,CHANDARIA INDUSTRIES  LTD,2,21,24
FROZEN KENCHIC SPRING CHICKEN PER PC,11,4919.200000000001,KENCHIC FROZEN,2,21,24
KELLOGGS 750G CORNFLAKES,7,6692.0,HASBAH KENYA LTD,2,21,24
BLOOM KITCHEN TOWEL 2S WHITE,9,2520.0,PROPACK KENYA LTD,2,21,24
SUNLIGHT 400ML LEMON DISH WASHING LIQUID,7,1036.0,UNILEVER KENYA LIMITED,2,21,24
SANTA MARIA 100ML EXTRA VIRGIN OLIVE OIL,8,2816.0,DEBENHAM AND FEAR LTD,2,21,24
FROZEN KENCHIC CHICKEN DRUMSTICK (6PCS),8,5286.400000000001,KENCHIC FROZEN,2,21,24
FC 900G (30D) RETAIL BEEF SMOKIES,9,2649.4286734086854,FARMERS CHOICE LTD,2,21,24
AQUAMIST 750ML GLASS SPARKLING WATER,6,334.3819569820368,AQUAMIST LIMITED,2,21,24
OMO 1KG EXTRA FRESH BANDED 400G,6,2347.2000000000003,UNILEVER KENYA LIMITED,2,21,24
TENA 200S SERVIETTES WHITE,8,1280.049230769231,AFRICAN COTTON INDUSTRIES LTD,2,21,24
F/C FROZEN 500G (12M) BEEF MINCE,10,2520.0,FARMERS CHOICE LTD,2,21,24
DAIMA 250ML MANGO YOGHURT CUP,6,563.7666206896553,DEVYANI FOOD INDUSTRIES K LIMITED MILK AND YOGHURT,2,21,24
CB 250ML FRUIT YOGURT EXOTIC WILDBERRY,5,469.8055172413794,DEVYANI FOOD INDUSTRIES K LIMITED MILK AND YOGHURT,2,21,24
USHINDI 400G DISH WASHING PASTE LEMON,6,960.0,PWANI OIL PRODUCTS LTD.,2,21,24
BILA SHAKA 330ML HONEY BADGER BLONDIE,8,1463.6243731829031,MALACHITE LIMITED BEER,2,21,24
HARPIC 500ML PP ORIGINAL TWIN PK,7,5028.800000000001,TOWFIQ  K  LIMITED HQ,2,21,24
DELSER 250G CRACKERS SALTED,6,168.0,HEALTHY U TWO THOUSAND LTD,2,21,24
DABUR 140G HERBAL T/PASTE ACTIVATED CHARCOAL,6,1440.0,KIM FAY EAST AFRICA LTD DABUR,2,21,24
LAKI LAKI 450ML GREEK YOGHURT RASPBERRY,6,563.7666206896553,LAKI LAKI LIMITED,2,21,24
VERONI 700ML ACTIVE ISOTONIC MULTIFRUIT DRINK,9,1163.1052581714828,HEALTHY U TWO THOUSAND LTD,2,21,24
RINSUN 5LT SUNFLOWER OIL,79,100485.79725621062,KAPA OIL REFINERIES LTD,2,22,25
AJAB 2KG MAIZE MEAL FLOUR,65,8073.593274619696,GRAIN INDUSTRIES LIMITED,2,22,25
EXE 2KG CHAPATI FLOUR,50,6771.86440677966,UNGA LTD,2,22,25
BROADWAY 200G WHITE KADOGO  BREAD,56,4480.0,BROADWAYS BAKERY LTD,2,22,25
EXE 1KG SELF RAISING,36,4363.169756357839,UNGA LTD,2,22,25
BUTTERFLY 1KG ATTA MARK 1 FLOUR,18,2181.5848781789196,SPICE WORLD LTD,2,22,25
DAIMA 200ML MILK FINO BORA,29,579.4891335567256,DEVYANI FOOD INDUSTRIES K LIMITED MILK AND YOGHURT,2,22,25
JOGOO 2KG WIMBI MEAL,15,1817.987398482433,UNGA LTD,2,22,25
AJAB 2KG SELF RAISING FLOUR,12,1454.3899187859465,GRAIN INDUSTRIES LIMITED,2,22,25
AQUAMIST 500ML MINERAL WATER,316,12474.977040923402,AQUAMIST LIMITED,2,22,25
AQUAMIST 500ML SPARKLING WATER,314,17306.974976022084,AQUAMIST LIMITED,2,22,25
AQUAMIST 1LTR SPARKLING WATER,202,15357.23980942298,AQUAMIST LIMITED,2,22,25
KABARNET 300ML MINERAL WATER,136,2071.1440704298293,KHETIA DRAPERS LTD,2,22,25
AQUACLEAR 500ML MINERAL WATER,95,2377.2018154311654,DEVYANI FOOD INDUSTRIES K LIMITED MILK AND YOGHURT,2,22,25
OREO 55.2G ORIGINAL COOKIES,125,6871.402942231791,HASBAH KENYA LTD CADBURY,2,22,25
DL 70ML MINI FIESTA CARAMEL N NUTS,93,5135.858084772371,GLACIER PRODUCTS LTD G P,2,22,25
ROYCO 4G 40S BEEF CUBES,78,8562.95846294602,UNILEVER KENYA LIMITED,2,22,25
GREEN FARM 30S Y/YORK EGGS,51,22852.955544887183,GREEN FARM POULTRY,2,22,25
TENA 100S SERVIETTES WHITE,50,3984.8648648648664,AFRICAN COTTON INDUSTRIES LTD,2,22,25
ZESTA 100G BI-CARBONATE OF SODA,39,686.4202729044836,TRUFOODS LIMITED T F,2,22,25
TROP HEAT 100G PAPRIKA JAR,50,7800.0,TROPICAL HEAT LTD,2,22,25
MILL BAKERS 200G QUEEN CAKE,36,3801.6000000000004,MILL BAKERS LIMITED,2,22,25
URBAN BITES 30G NYAM CHOM LTD EDITION,37,1630.937575757576,NORDA INDUSTRIES LTD.,2,22,25
ZENTA 1KG CREAM SOAP,27,2539.14293083406,GOLDEN AFRICA K LTD,2,22,25
CADBURY 450G DRINKING CHOCOLATE JAR,29,2457.3098370549183,HASBAH KENYA LTD CADBURY,2,22,25
SIRIMON 250G MOZZARELLA CHEESE,41,16367.9626157152,MORANI LIMITED,2,22,25
SNAPPY TOM 85G POUCH CAT FOOD CHICKEN,36,5485.100618046973,MERIT AFRICA LTD,2,22,25
TENA MULTI FOLD HAND TOWELS WHITE,24,2230.9516086842796,AFRICAN COTTON INDUSTRIES LTD,2,22,25
OREO 26.25G ORIGINAL,38,1345.986206896552,HASBAH KENYA LTD CADBURY,2,22,25
TROP HEAT 100G CRISPS SALTED,23,1013.8260606060608,TROPICAL HEAT LTD,2,22,25
MOLPED PURE&SOFT LONG 16S,33,5193.639751552796,HAYAT KIMYA  K  H PRODUCTS LTD,2,22,25
WANPY 85G CAT CHICKN&CRAB POUCH,21,2688.0,BRAND ROYALTY LTD,2,22,25
TROP HEAT 100G RICE CAKE BROWN,31,4464.0,TROPICAL HEAT LTD,2,22,25
CARTOONS 30G TUTTI FRUTTI CRISPS,28,1234.2230303030306,PROPACK KENYA LTD,2,22,25
PURE HEALTH 500G HONEY NAT BTL,27,10584.0,WINNIES PURE HEALTH PRODUCTS LIMITED,2,22,25
YELLOW DUSTERS 13X15,19,1140.0,SHAMULA LIMITED,2,22,25
OREO 31.3G ENROBED,19,972.7115544472153,HASBAH KENYA LTD CADBURY,2,22,25
KRACKLES 125G TINGLY CHEESE & ONION,30,1322.3818181818183,PROPACK KENYA LTD,2,22,25
ACACIA 200ML KIDS BLUE RASPBERRY,21,1874.0924760933233,KEVIAN KENYA LTD,2,22,25
SANTA MARIA 400G SPAGHETTI,21,2786.890909090909,DEBENHAM AND FEAR LTD,2,22,25
FIESTA TOILET ROLLS WHITE 10S,25,8828.428338762214,AFRICAN COTTON INDUSTRIES LTD,2,22,25
REAL KIENYEJI EGGS 6PK,23,7570.327803598747,NDUMUNYA INVESTMENT SOLUTION,2,22,25
CIL 5KG RICE PISHORI,27,21533.35550649292,CAPWELL INDUSTRIES LTD,2,22,25
RINGOZ 75G BARBEQUE CORN,20,881.5878787878789,NORDA INDUSTRIES LTD.,2,22,25
QIKDRI EMBOSSED HAND PAPER TOWEL,23,2137.9952916557677,CHANDARIA INDUSTRIES  LTD,2,22,25
MAYERS 750ML GLASS STILL EMPTY BOTTLE,21,252.0,MALACHITE LIMITED,2,22,25
REAL KIENYEJI EGGS 15PK,23,7570.327803598747,NDUMUNYA INVESTMENT SOLUTION,2,22,25
GORDONS PINK & TONIC 330ML,21,3395.079627906977,UDV KENYA LIMITED,2,22,25
TENA 2S PREMIUM KITCHEN TOWEL PINK,17,5236.0,AFRICAN COTTON INDUSTRIES LTD,2,22,25
TROP HEAT 340G CHEVDA ORIGINAL,19,943.5815849056604,TROPICAL HEAT LTD,2,22,25
VELVEX 30CMX30M CLING FILM,15,1920.0,CHANDARIA INDUSTRIES  LTD,2,22,25
EVERFRESH 500G GHEE,15,6636.000000000001,BROOKSIDE DAIRY LIMITED,2,22,25
BUTTERFLY 1KG MASOOR WHOLE(KAMANDE),18,6624.0,SPICE WORLD LTD,2,22,25
VELVEX SNOW WHITE 4 PACK,20,7062.7426710097725,CHANDARIA INDUSTRIES  LTD,2,22,25
ORCHID VALLEY 1L TROPICAL DELIGHT,15,1053.6552530064835,PREMIER FOODS  LIMITED,2,22,25
STIMOROL 27G 14S INFINITY TROPICAL,20,427.16686205549047,HASBAH KENYA LTD CADBURY,2,22,25
TROP HEAT 100G GARLIC POWDER,13,2600.0,TROPICAL HEAT LTD,2,22,25
SANTA MARIA 400G BLACK BEANS IN BRINE,12,1597.7213683613686,DEBENHAM AND FEAR LTD,2,22,25
ZESTA 100G  BI-CARBONATE OF SODA (TIN),18,354.50473537604466,TRUFOODS LIMITED T F,2,22,25
USHINDI 800G CREAM MULTI-PURPOSE SOAP,19,1786.8042846610049,PWANI OIL PRODUCTS LTD.,2,22,25
BOOCH 300ML RASPBERRY DRINK,19,1695.6074783701497,HOUSE OF BOOCH LIMITED,2,22,25
AQUAMIST 500ML PINEAPPLE FLAVOURED WATER,14,780.2245662914193,AQUAMIST LIMITED,2,22,25
PEARL 1KG PISHORI RICE FORTIFIED,12,9570.380225107965,CAPWELL INDUSTRIES LTD,2,22,25
BOOCH 300ML PASSION BAOBAB DRINK,13,1160.1524852006287,HOUSE OF BOOCH LIMITED,2,22,25
BOOCH 300ML STRAWBERRY DRINK,12,1070.909986339042,HOUSE OF BOOCH LIMITED,2,22,25
MHARVEST 500G JUMBO OATS BAG,17,3386.4,HEALTHY U TWO THOUSAND LTD,2,22,25
FAY MULTI PURPOSE JUMBO ROLL,10,3000.0,KIM FAY EAST AFRICA LTD,2,22,25
KIENYEJI POULTRY EGGS 15PK,14,4608.025619581846,KIENYEJI POULTRY PRODUCTS,2,22,25
FC 400G (30D) FRESH COLLAR BACON,10,2943.8096371207616,FARMERS CHOICE LTD,2,22,25
RAHA 200G DRINKING CHOCOLATE,12,1016.8178636089317,EXCEL CHEMICALS LTD,2,22,25
CAREX 200ML H/W ALOE VERA DOY,10,1280.0,P Z CUSSONS EAST AFRICA  LTD HQ,2,22,25
VASELINE 240ML PURE PJELLY ORIGINAL,9,2440.7999999999997,UNILEVER KENYA LIMITED,2,22,25
MOHAWK KOMBUCHA 500ML MANGO MAGIC DRINK,11,981.6674874774551,ROYAL BREKKERS LIMITED,2,22,25
ENERGIZER 3V LITHIUM ECR 2032,11,1452.0,HASBAH KENYA LTD,2,22,25
PURE HEALTH 500G PURE SEA SALT,9,297.4059130434783,WINNIES PURE HEALTH PRODUCTS LIMITED,2,22,25
AXE 150ML APOLLO AEROSOL PROMO,10,7200.0,UNILEVER KENYA LIMITED,2,22,25
BOOCH 300ML GINGER LEMON DRINK,10,892.4249886158682,HOUSE OF BOOCH LIMITED,2,22,25
NATURALLI 250G PUMPKIN SEEDS,10,4792.0,HEALTHY U TWO THOUSAND LTD,2,22,25
254 SAND TRAP 330ML BEER,11,2012.4835131264917,254 BREWING COMPANY LIMITED,2,22,25
NUZIWA 1LT ALMOND MILK ORIGNAL,15,5760.0,JETLAK FOODS LTD,2,22,25
NALA 5X70G INSTANT NOODLES VALUE PACK,10,718.3016074044992,KAPA OIL REFINERIES LTD,2,22,25
TOSS 1KG LAVENDER DETERGENT SATCHET,9,2484.0,KAPA OIL REFINERIES LTD,2,22,25
NI HOW 330ML EMPTY BOTTLE,9,108.0,254 BREWING COMPANY LIMITED,2,22,25
ENERGIZER AA BATTERY 4+2 E91 BP6,15,9360.0,HASBAH KENYA LTD,2,22,25
SUNLIGHT 3.5KG SPRING WASHING POWDER,13,12417.6,UNILEVER KENYA LIMITED,2,22,25
TROP HEAT 150G KENYAN CHEVDA CHILLI LEMON,12,595.9462641509434,TROPICAL HEAT LTD,2,22,25
DABUR 50G+25G CLOVE TOOTHPASTE,11,924.0,KIM FAY EAST AFRICA LTD DABUR,2,22,25
IL 175G CLASSIC BATH SOAP.,12,1440.0,P Z CUSSONS EAST AFRICA  LTD HQ,2,22,25
PRINGLES 165G CRISPS ORIGINAL,12,528.9527272727273,HASBAH KENYA LTD,2,22,25
SAFISHA 3PK JUMBO SPONGE CLOTH,9,2088.0,SUNDRIES BARGAIN NAIROBI LTD,2,22,25
KETEPA 500G SAFARI PURE TEA,12,1199.6012217470984,KENYA TEA PACKERS KETEPA,2,22,25
ZESTA 400G PEANUT SMOOTH BUTTER,9,1908.0,TRUFOODS LIMITED T F,2,22,25
USHINDI 175G BLUE SOAP,8,752.3386461730547,PWANI OIL PRODUCTS LTD.,2,22,25
SAWING THREAD ASSORTED,8,249.60000000000002,JEVANS ENTERPRISES,2,22,25
FRONTERA CHARDONNAY 750ML,9,9352.800000000001,VIVA GLOBAL LIMITED,2,22,25
JAVA 300G LOVE COOKIES,14,769.5971295299606,NAIROBI JAVA HOUSE LTD,2,22,25
ENERGIZER AAA E92 BP6 4+2,10,6240.0,HASBAH KENYA LTD,2,22,25
ENIGMA 6X80ML MINI ALMOND VP,9,497.0185243328101,RAZCO LTD,2,22,25
KENMEAT 500G FROZEN BEEF CUBES,8,2672.0,KENMEAT LIMITED,2,22,25
FAY 30CMX30M CLING FILM,8,1024.0,KIM FAY EAST AFRICA LTD,2,22,25
ENIGMA 110ML STD SALTED CARAMEL,9,497.0185243328101,RAZCO LTD,2,22,25
NIVEA 400ML MEN DEEP BODY LOTION 83904,7,3752.0,BEIERSDORF EAST AFRICA LTD HQ,2,22,25
TBC 1L POMEGRANTE AMBIENT JUICE DRINK,8,561.9494682701245,HEALTHY U TWO THOUSAND LTD,2,22,25
TROP HEAT 15G PARSLEY JAR,9,576.0,TROPICAL HEAT LTD,2,22,25
MHARVEST 250G BAG CHOCO SHELLS,7,1842.3999999999999,HEALTHY U TWO THOUSAND LTD,2,22,25
RAHA 400G DRINKING CHOCOLATE,10,847.3482196741098,EXCEL CHEMICALS LTD,2,22,25
ODO SMILE 200G TOILET BALLS 5S,11,1452.0,SUPERSLEEK LIMITED,2,22,25
MC 500G WILD BUSH HONEY,8,3705.6000000000004,BIO FOOD PRODUCTS LTD,2,22,25
PAMPERS PANTS JUMBO JUNIOR S6 48S,11,19140.0,HASBAH KENYA LTD P AND G,2,22,25
NUTRAMEAL 1KG MOONG DAL SPLIT,7,1288.0,KAMILI PACKERS LIMITED NORMAL,2,22,25
MF 400ML ORIGINAL D/WASHING LIQUID,7,1058.4,P Z CUSSONS EAST AFRICA  LTD HQ,2,22,25
FC COOKED WHOLE HAM PLU 12150,9,13320.0,FARMERS CHOICE LTD DELI,2,22,25
KERICHO GOLD APPLE N CINNAMON 20S,7,1484.0,GOLD CROWN BEVERAGES K LTD,2,22,25
N/OWN 100G PILAU MASALA GROUND JAR,7,1674.4,CHIRAG AFRICA LIMITED,2,22,25
NATURALLI 100GM WHOLE ALMONDS,9,2368.7999999999997,HEALTHY U TWO THOUSAND LTD,2,22,25
BLOOM KITCHEN TOWEL 2S WHITE,10,2800.0,PROPACK KENYA LTD,2,22,25
SUNLIGHT 400ML LEMON DISH WASHING LIQUID,8,1184.0,UNILEVER KENYA LIMITED,2,22,25
SANTA MARIA 100ML EXTRA VIRGIN OLIVE OIL,7,2464.0,DEBENHAM AND FEAR LTD,2,22,25
FROZEN KENCHIC CHICKEN DRUMSTICK (6PCS),10,6608.000000000001,KENCHIC FROZEN,2,22,25
FC 900G (30D) RETAIL BEEF SMOKIES,11,3238.190600832838,FARMERS CHOICE LTD,2,22,25
OMO 1KG EXTRA FRESH BANDED 400G,8,3129.6000000000004,UNILEVER KENYA LIMITED,2,22,25
TENA 200S SERVIETTES WHITE,10,1600.0615384615387,AFRICAN COTTON INDUSTRIES LTD,2,22,25
DAIMA 250ML MANGO YOGHURT CUP,8,751.688827586207,DEVYANI FOOD INDUSTRIES K LIMITED MILK AND YOGHURT,2,22,25
USHINDI 400G DISH WASHING PASTE LEMON,6,960.0,PWANI OIL PRODUCTS LTD.,2,22,25
HARPIC 500ML PP ORIGINAL TWIN PK,7,5028.800000000001,TOWFIQ  K  LIMITED HQ,2,22,25
VERONI 700ML ACTIVE ISOTONIC LEMON DRINK,5,646.169587873046,HEALTHY U TWO THOUSAND LTD,2,22,25
RINGOZ 75G SWEET PAPRIKA CORN,6,264.47636363636366,NORDA INDUSTRIES LTD.,2,22,25
DABUR 140G HERBAL T/PASTE ACTIVATED CHARCOAL,7,1680.0,KIM FAY EAST AFRICA LTD DABUR,2,22,25
LAKI LAKI 450ML GREEK YOGHURT RASPBERRY,7,657.7277241379311,LAKI LAKI LIMITED,2,22,25
OMO 3.5KG POWDER EXTRA FRESH CHEETAH,6,6187.200000000001,UNILEVER KENYA LIMITED,2,22,25
DAIMA 450ML ESL MAZIWA BORA,398,14248.918177265901,DEVYANI FOOD INDUSTRIES K LIMITED MILK AND YOGHURT,2,23,26
RINSUN 5LT SUNFLOWER OIL,83,105573.6857248795,KAPA OIL REFINERIES LTD,2,23,26
AJAB 2KG MAIZE MEAL FLOUR,72,8943.057165732585,GRAIN INDUSTRIES LIMITED,2,23,26
EXE 2KG CHAPATI FLOUR,52,7042.738983050846,UNGA LTD,2,23,26
SOKO 1KG MAIZE MEAL FLOUR,43,2726.253775853776,CAPWELL INDUSTRIES LTD,2,23,26
BROADWAY 200G WHITE KADOGO  BREAD,45,3600.0,BROADWAYS BAKERY LTD,2,23,26
EXE 2KG SELF RAISING,30,4201.5732838589975,UNGA LTD,2,23,26
BUTTERFLY 1KG ATTA MARK 1 FLOUR,18,2181.5848781789196,SPICE WORLD LTD,2,23,26
DAIMA 200ML MILK FINO BORA,20,399.6476783149832,DEVYANI FOOD INDUSTRIES K LIMITED MILK AND YOGHURT,2,23,26
JOGOO 2KG WIMBI MEAL,18,2181.5848781789196,UNGA LTD,2,23,26
AJAB 2KG SELF RAISING FLOUR,13,1575.5890786847754,GRAIN INDUSTRIES LIMITED,2,23,26
NATURES 800G BROWN BREAD,11,880.0,DPL FESTIVE  LIMITED,2,23,26
KINGSMIL 380G PLAIN SLICED BUN 6S WHITE,6,480.0,KENAFRIC BAKERY LTD,2,23,26
KINGSMIL 600G SWICH WHITE BREAD,2,160.0,KENAFRIC BAKERY LTD,2,23,26
TUSKER CAN 500ML BEER,250,42539.535349140744,KENYA BREWERIES LTD,2,23,26
AQUAMIST 1LTR SPARKLING WATER,247,18778.407093700374,AQUAMIST LIMITED,2,23,26
KRACKLES BANG BANG CHILLI 30G,129,5686.241818181819,PROPACK KENYA LTD,2,23,26
COKE ZERO 2L PET,82,10861.988203753352,COCA COLA BEVERAGES KENYA LTD,2,23,26
AQUACLEAR 500ML MINERAL WATER,125,3127.8971255673227,DEVYANI FOOD INDUSTRIES K LIMITED MILK AND YOGHURT,2,23,26
SMIRNOFF 330ML PINEAPPLE PUNCH ICE CAN,69,11155.261634551496,UDV KENYA LIMITED,2,23,26
DL 70ML MINI FIESTA CARAMEL N NUTS,93,5135.858084772371,GLACIER PRODUCTS LTD G P,2,23,26
ROYCO 4G 40S BEEF CUBES,92,10099.899725526075,UNILEVER KENYA LIMITED,2,23,26
BLUE BAND 1KG MED FAT SPREAD,59,22591.050214320043,SUPER SAVERS DISTRIBUTION LTD,2,23,26
KABARNET 500ML SPARKLING WATER,64,2508.8,KHETIA DRAPERS LTD,2,23,26
TENA 100S SERVIETTES WHITE,55,4383.351351351353,AFRICAN COTTON INDUSTRIES LTD,2,23,26
BROOKSIDE 250G SALTED BUTTER,47,15893.006796657386,BROOKSIDE DAIRY LIMITED,2,23,26
DL 70ML MINI FIESTA CLASSIC,48,2651.2070901033976,GLACIER PRODUCTS LTD G P,2,23,26
MAGIC 300ML SODA WATER,46,2446.753915875806,KHETIA DRAPERS LTD,2,23,26
BLUE BAND 250G MED FAT SPREAD,38,4810.561404104742,SUPER SAVERS DISTRIBUTION LTD,2,23,26
ZESTA 100G BI-CARBONATE OF SODA,43,756.8223521767383,TRUFOODS LIMITED T F,2,23,26
ILARA 1LT MAZIWA LALA  PLASTIC BOTTLE,50,6680.0,BROOKSIDE DAIRY LIMITED,2,23,26
SOFTLEAF SINGLE SERVIETTES,37,3439.383730054931,KAPA OIL REFINERIES LTD,2,23,26
MILL BAKERS 200G QUEEN CAKE,36,3801.6000000000004,MILL BAKERS LIMITED,2,23,26
URBAN BITES 30G NYAM CHOM LTD EDITION,38,1675.01696969697,NORDA INDUSTRIES LTD.,2,23,26
ZENTA 1KG CREAM SOAP,32,3009.354584692219,GOLDEN AFRICA K LTD,2,23,26
CADBURY 450G DRINKING CHOCOLATE JAR,34,2880.983946891973,HASBAH KENYA LTD CADBURY,2,23,26
TENA MULTI FOLD HAND TOWELS WHITE,32,2974.6021449123728,AFRICAN COTTON INDUSTRIES LTD,2,23,26
MANJI 200G DIGESTIVE,22,1209.3669178327953,MANJI FOOD INDUSTRIES LTD,2,23,26
TROP HEAT 100G CRISPS SALTED,30,1322.3818181818183,TROPICAL HEAT LTD,2,23,26
KRACKLES CURLS 75G CHEESY,22,616.0,PROPACK KENYA LTD,2,23,26
WANPY 85G CAT CHICKN&CRAB POUCH,24,3072.0,BRAND ROYALTY LTD,2,23,26
YELLOW DUSTERS 13X15,21,1260.0,SHAMULA LIMITED,2,23,26
OREO 31.3G ENROBED,22,1126.2975893599335,HASBAH KENYA LTD CADBURY,2,23,26
SUNLIGHT 700G AUTO POWDER LAVENDER,19,4544.8,UNILEVER KENYA LIMITED,2,23,26
SANTA MARIA 400G SPAGHETTI,25,3317.727272727273,DEBENHAM AND FEAR LTD,2,23,26
VIM 1KG LEMON FRESH POWDER,17,2516.0,UNILEVER KENYA LIMITED,2,23,26
QIKDRI EMBOSSED HAND PAPER TOWEL,23,2137.9952916557677,CHANDARIA INDUSTRIES  LTD,2,23,26
MAYERS 750ML GLASS STILL EMPTY BOTTLE,24,288.0,MALACHITE LIMITED,2,23,26
FC 2KG (7M) PET FOOD BEEFO,15,4740.0,FARMERS CHOICE LTD,2,23,26
TENA 2S PREMIUM KITCHEN TOWEL PINK,17,5236.0,AFRICAN COTTON INDUSTRIES LTD,2,23,26
VIM 500G LEMON FRESH POWDER,15,1200.0,UNILEVER KENYA LIMITED,2,23,26
TROP HEAT 340G CHEVDA ORIGINAL,20,993.2437735849056,TROPICAL HEAT LTD,2,23,26
VELVEX 30CMX30M CLING FILM,19,2432.0,CHANDARIA INDUSTRIES  LTD,2,23,26
AQUAMIST 500ML PEACH ICE TEA,15,1338.6374829238023,AQUAMIST LIMITED,2,23,26
HANAN TWIN KITCHEN TOWELS,16,4928.0,ZENKO KENYA LIMITED,2,23,26
OMO 1KG FAST ACTION BANDED 400G,14,5476.800000000001,UNILEVER KENYA LIMITED,2,23,26
EVERFRESH 500G GHEE,18,7963.200000000001,BROOKSIDE DAIRY LIMITED,2,23,26
BUTTERFLY 1KG MASOOR WHOLE(KAMANDE),21,7728.0,SPICE WORLD LTD,2,23,26
VELVEX SNOW WHITE 4 PACK,21,7415.879804560261,CHANDARIA INDUSTRIES  LTD,2,23,26
BROOKSIDE 200ML DISNEY STRAWBRRY FLV MILK,18,988.118818512739,BROOKSIDE DAIRY LIMITED,2,23,26
ORCHID VALLEY 1L TROPICAL DELIGHT,16,1123.898936540249,PREMIER FOODS  LIMITED,2,23,26
KERICHO GOLD 500G PREMIUM TEA JAR,16,1599.4682956627978,GOLD CROWN BEVERAGES K LTD,2,23,26
STIMOROL 27G 14S INFINITY TROPICAL,23,491.24189136381403,HASBAH KENYA LTD CADBURY,2,23,26
CHAIN KWO 150G SOY SAUCE DARK SUPERIOR,13,1716.0,ROSHNI DIST LTD  R D,2,23,26
SANTA MARIA 400G FUSILLI,13,1725.2181818181818,DEBENHAM AND FEAR LTD,2,23,26
TROP HEAT 100G GARLIC POWDER,16,3200.0,TROPICAL HEAT LTD,2,23,26
KOTEX 40S PANTYLINERS VP,17,2675.5113871635613,KIM FAY EAST AFRICA LTD,2,23,26
DAIMA 150ML NATURAL PROBIOTIC CUP,16,1503.377655172414,DEVYANI FOOD INDUSTRIES K LIMITED MILK AND YOGHURT,2,23,26
SANTA MARIA 400G BLACK BEANS IN BRINE,14,1864.0082630882634,DEBENHAM AND FEAR LTD,2,23,26
ZESTA 100G  BI-CARBONATE OF SODA (TIN),21,413.5888579387188,TRUFOODS LIMITED T F,2,23,26
CHAINKWO 623ML DARK SOY SAUCE,15,4650.0,ROSHNI DIST LTD  R D,2,23,26
M&M 45G PEANUT CHOCOLATE,15,2004.9129554655874,RADBONE CLARK LIMITED MARS,2,23,26
AQUAMIST 500ML PINEAPPLE FLAVOURED WATER,15,835.954892455092,AQUAMIST LIMITED,2,23,26
KCC 500ML SBERRY YOG CUP (205),17,1597.33875862069,NEW KENYA COOP CREAMERIES  LTD,2,23,26
HC 500G CHEESE PORTION MOZZARELLA,11,4391.404604216273,HAPPY COW LIMITED,2,23,26
FC 200G (30D) FRESH BEEF BACON,16,4710.095419393218,FARMERS CHOICE LTD,2,23,26
MOHAWK KOMBUCHA 500ML LIMADE DRINK,12,1070.909986339042,ROYAL BREKKERS LIMITED,2,23,26
PEARL 1KG PISHORI RICE FORTIFIED,14,11165.443595959292,CAPWELL INDUSTRIES LTD,2,23,26
BOOCH 300ML STRAWBERRY DRINK,14,1249.3949840622156,HOUSE OF BOOCH LIMITED,2,23,26
CIL 1KG BLENDED RICE,11,8772.8485396823,CAPWELL INDUSTRIES LTD,2,23,26
FAY MULTI PURPOSE JUMBO ROLL,12,3600.0,KIM FAY EAST AFRICA LTD,2,23,26
KIENYEJI POULTRY EGGS 15PK,14,4608.025619581846,KIENYEJI POULTRY PRODUCTS,2,23,26
FC 400G (30D) FRESH COLLAR BACON,18,5298.857346817371,FARMERS CHOICE LTD,2,23,26
RAHA 200G DRINKING CHOCOLATE,13,1101.5526855763428,EXCEL CHEMICALS LTD,2,23,26
CAREX 200ML H/W ALOE VERA DOY,12,1536.0,P Z CUSSONS EAST AFRICA  LTD HQ,2,23,26
VASELINE 240ML PURE PJELLY ORIGINAL,11,2983.2,UNILEVER KENYA LIMITED,2,23,26
MOHAWK KOMBUCHA 500ML MANGO MAGIC DRINK,15,1338.6374829238023,ROYAL BREKKERS LIMITED,2,23,26
ENERGIZER 3V LITHIUM ECR 2032,14,1848.0,HASBAH KENYA LTD,2,23,26
PURE HEALTH 500G PURE SEA SALT,11,363.496115942029,WINNIES PURE HEALTH PRODUCTS LIMITED,2,23,26
AXE 150ML APOLLO AEROSOL PROMO,11,7920.0,UNILEVER KENYA LIMITED,2,23,26
BOOCH 300ML GINGER LEMON DRINK,12,1070.909986339042,HOUSE OF BOOCH LIMITED,2,23,26
NATURALLI 250G PUMPKIN SEEDS,12,5750.400000000001,HEALTHY U TWO THOUSAND LTD,2,23,26
254 SAND TRAP 330ML BEER,15,2744.2956997179435,254 BREWING COMPANY LIMITED,2,23,26
NUZIWA 1LT ALMOND MILK ORIGNAL,13,4992.0,JETLAK FOODS LTD,2,23,26
HC 100G CHEESE PORTION PARMESAN GRATED,11,4391.404604216273,HAPPY COW LIMITED,2,23,26
EVERFRESH 4KG GHEE,11,33519.200000000004,BROOKSIDE DAIRY LIMITED,2,23,26
NALA 5X70G INSTANT NOODLES VALUE PACK,12,861.9619288853992,KAPA OIL REFINERIES LTD,2,23,26
FC 400G (14D) FRESH MEATY BEEF SAUSAGES,13,3826.95252825699,FARMERS CHOICE LTD,2,23,26
TOSS 1KG LAVENDER DETERGENT SATCHET,11,3036.0,KAPA OIL REFINERIES LTD,2,23,26
NI HOW 330ML EMPTY BOTTLE,9,108.0,254 BREWING COMPANY LIMITED,2,23,26
ENERGIZER AA BATTERY 4+2 E91 BP6,9,5616.0,HASBAH KENYA LTD,2,23,26
DABUR 50G+25G CLOVE TOOTHPASTE,15,1260.0,KIM FAY EAST AFRICA LTD DABUR,2,23,26
BROOKSIDE 250ML COFFEE 6PK,10,548.9548991737439,BROOKSIDE DAIRY LIMITED,2,23,26
SAFISHA 3PK JUMBO SPONGE CLOTH,11,2552.0,SUNDRIES BARGAIN NAIROBI LTD,2,23,26
KETEPA 500G SAFARI PURE TEA,13,1299.5679902260233,KENYA TEA PACKERS KETEPA,2,23,26
ZESTA 400G PEANUT SMOOTH BUTTER,11,2332.0,TRUFOODS LIMITED T F,2,23,26
SAWING THREAD ASSORTED,9,280.8,JEVANS ENTERPRISES,2,23,26
FRONTERA CHARDONNAY 750ML,10,10392.0,VIVA GLOBAL LIMITED,2,23,26
MHARVEST 450G CHOCO RICE VALUE PACK,9,3808.8,HEALTHY U TWO THOUSAND LTD,2,23,26
JAVA 300G LOVE COOKIES,13,714.6259059921063,NAIROBI JAVA HOUSE LTD,2,23,26
ENERGIZER AAA E92 BP6 4+2,12,7488.0,HASBAH KENYA LTD,2,23,26
ENIGMA 6X80ML MINI ALMOND VP,9,497.0185243328101,RAZCO LTD,2,23,26
KENMEAT 500G FROZEN BEEF CUBES,8,2672.0,KENMEAT LIMITED,2,23,26
KENTASTE 200ML COCONUT OIL,8,2681.6000000000004,CHANDARIA INDUSTRIES  LTD KENTASTE,2,23,26
BIO 450ML BERRY COCKTAIL YOGHURT,12,1127.5332413793105,BIO FOOD PRODUCTS LTD,2,23,26
FAY 30CMX30M CLING FILM,8,1024.0,KIM FAY EAST AFRICA LTD,2,23,26
ENIGMA 110ML STD SALTED CARAMEL,10,552.2428048142334,RAZCO LTD,2,23,26
NATURALLI 500G HIMALAYAN IODIZED PINK SALT,7,231.31571014492755,HEALTHY U TWO THOUSAND LTD,2,23,26
NIVEA 400ML MEN DEEP BODY LOTION 83904,8,4288.0,BEIERSDORF EAST AFRICA LTD HQ,2,23,26
TBC 1L POMEGRANTE AMBIENT JUICE DRINK,8,561.9494682701245,HEALTHY U TWO THOUSAND LTD,2,23,26
TROP HEAT 15G PARSLEY JAR,10,640.0,TROPICAL HEAT LTD,2,23,26
MF 500G ANTIBACTERIAL SCOURING PWD,7,560.0,P Z CUSSONS EAST AFRICA  LTD HQ,2,23,26
MHARVEST 250G BAG CHOCO SHELLS,8,2105.6,HEALTHY U TWO THOUSAND LTD,2,23,26
DAIMA 250ML SBERRY YOGHURT CUP,11,1033.5721379310346,DEVYANI FOOD INDUSTRIES K LIMITED MILK AND YOGHURT,2,23,26
MC 500G WILD BUSH HONEY,9,4168.8,BIO FOOD PRODUCTS LTD,2,23,26
NUTRAMEAL 1KG MOONG DAL SPLIT,8,1472.0,KAMILI PACKERS LIMITED NORMAL,2,23,26
MF 400ML ORIGINAL D/WASHING LIQUID,9,1360.8000000000002,P Z CUSSONS EAST AFRICA  LTD HQ,2,23,26
KERICHO GOLD APPLE N CINNAMON 20S,8,1696.0,GOLD CROWN BEVERAGES K LTD,2,23,26
N/OWN 100G PILAU MASALA GROUND JAR,8,1913.6000000000001,CHIRAG AFRICA LIMITED,2,23,26
MC 300G JUST STRAWBERRY JAM,10,2943.8096371207616,BIO FOOD PRODUCTS LTD,2,23,26
SUNLIGHT 400ML LEMON DISH WASHING LIQUID,8,1184.0,UNILEVER KENYA LIMITED,2,23,26
SANTA MARIA 100ML EXTRA VIRGIN OLIVE OIL,7,2464.0,DEBENHAM AND FEAR LTD,2,23,26
OMO 1KG EXTRA FRESH BANDED 400G,9,3520.8,UNILEVER KENYA LIMITED,2,23,26
TENA 200S SERVIETTES WHITE,6,960.0369230769231,AFRICAN COTTON INDUSTRIES LTD,2,23,26
QMP 1KG BREADED CHICKEN NUGGETS,6,4056.0,QUALITY MEAT PACKERS LTD,2,23,26
CB 250ML FRUIT YOGURT EXOTIC WILDBERRY,8,751.688827586207,DEVYANI FOOD INDUSTRIES K LIMITED MILK AND YOGHURT,2,23,26
BIO 450ML MANGO YOGHURT,7,657.7277241379311,BIO FOOD PRODUCTS LTD,2,23,26
KETEPA 100S TEA BAG JUMBO UNTAGGED,5,499.8338423946243,KENYA TEA PACKERS KETEPA,2,23,26
USHINDI 400G DISH WASHING PASTE LEMON,7,1120.0,PWANI OIL PRODUCTS LTD.,2,23,26
VERONI 700ML ACTIVE ISOTONIC LEMON DRINK,6,775.4035054476551,HEALTHY U TWO THOUSAND LTD,2,23,26
RINGOZ 75G SWEET PAPRIKA CORN,7,308.55575757575764,NORDA INDUSTRIES LTD.,2,23,26
BROWNS 250ML GREEK YOGHURT HONEY,8,751.688827586207,SUNPOWER PRODUCTS LTD,2,23,26
DABUR 140G HERBAL T/PASTE ACTIVATED CHARCOAL,9,2160.0,KIM FAY EAST AFRICA LTD DABUR,2,23,26
FC 500G (30D) SMOKED MINI BITES,8,2355.047709696609,FARMERS CHOICE LTD,2,23,26
OMO 3.5KG POWDER EXTRA FRESH CHEETAH,6,6187.200000000001,UNILEVER KENYA LIMITED,2,23,26
SUNLIGHT 3.5KG TROPICAL WASHING POWDER,5,4776.0,UNILEVER KENYA LIMITED,2,23,26
DAIMA 450ML ESL MAZIWA BORA,429,15358.758537806712,DEVYANI FOOD INDUSTRIES K LIMITED MILK AND YOGHURT,2,24,27
AMAIZE 2KG SIFTED MAIZE FLOUR,69,8362.742033019193,CAPWELL INDUSTRIES LTD,2,24,27
SOKO 1KG MAIZE MEAL FLOUR,49,3106.6612794612797,CAPWELL INDUSTRIES LTD,2,24,27
EXE 2KG SELF RAISING,30,4201.5732838589975,UNGA LTD,2,24,27
AMAIZE 2KG PREMIUM MAIZE FLOUR,13,1904.8848601735776,CAPWELL INDUSTRIES LTD,2,24,27
CLOVERS 500G CASTER SUGAR,10,1968.8484537735974,TRI CLOVER INDUSTRIES LTD,2,24,27
NATURES 800G BROWN BREAD,11,880.0,DPL FESTIVE  LIMITED,2,24,27
KINGSMIL 380G PLAIN SLICED BUN 6S WHITE,7,560.0,KENAFRIC BAKERY LTD,2,24,27
KINGSMIL 600G SWICH WHITE BREAD,3,240.0,KENAFRIC BAKERY LTD,2,24,27
TUSKER CAN 500ML BEER,312,53089.340115727646,KENYA BREWERIES LTD,2,24,27
KRACKLES BANG BANG CHILLI 30G,149,6567.829696969698,PROPACK KENYA LTD,2,24,27
COKE ZERO 2L PET,102,13511.253619302948,COCA COLA BEVERAGES KENYA LTD,2,24,27
AQUACLEAR 500ML MINERAL WATER,123,3077.8507715582455,DEVYANI FOOD INDUSTRIES K LIMITED MILK AND YOGHURT,2,24,27
KENSALT 2KG IODIZED SALT,71,4448.568701239101,KENSALT LIMITED,2,24,27
SMIRNOFF 330ML PINEAPPLE PUNCH ICE CAN,73,11801.94346843854,UDV KENYA LIMITED,2,24,27
BLUE BAND 1KG MED FAT SPREAD,74,28334.537556943782,SUPER SAVERS DISTRIBUTION LTD,2,24,27
TOILEX WHITE 10S,56,16532.023277182238,CHANDARIA INDUSTRIES  LTD,2,24,27
KABARNET 500ML SPARKLING WATER,71,2783.2000000000003,KHETIA DRAPERS LTD,2,24,27
MAYERS 750ML GLASS SPARKLING WATER,61,4831.2,MALACHITE LIMITED,2,24,27
CADBURY 80G DAIRY MILK WHOLE NUT,53,10954.791142191141,HASBAH KENYA LTD CADBURY,2,24,27
TENA 100S SERVIETTES WHITE,73,5817.902702702705,AFRICAN COTTON INDUSTRIES LTD,2,24,27
BROOKSIDE 250G SALTED BUTTER,57,19274.49760445683,BROOKSIDE DAIRY LIMITED,2,24,27
DL 70ML MINI FIESTA CLASSIC,55,3037.841457410143,GLACIER PRODUCTS LTD G P,2,24,27
MAGIC 300ML SODA WATER,51,2712.705428471002,KHETIA DRAPERS LTD,2,24,27
BLUE BAND 250G MED FAT SPREAD,43,5443.530009907998,SUPER SAVERS DISTRIBUTION LTD,2,24,27
ZESTA 100G BI-CARBONATE OF SODA,55,968.0285899935025,TRUFOODS LIMITED T F,2,24,27
ILARA 1LT MAZIWA LALA  PLASTIC BOTTLE,55,7348.0,BROOKSIDE DAIRY LIMITED,2,24,27
HANAN FLUSHABLE WATER WIPES 72PCS,36,5161.3084976206665,ZENKO KENYA LIMITED,2,24,27
GREEN FARM 15PK Y/YORK EGGS,33,8839.780077220079,GREEN FARM POULTRY,2,24,27
TENA 15S TOILET ROLL WHITE WRAPPED,31,16058.018562874255,AFRICAN COTTON INDUSTRIES LTD,2,24,27
SOFTLEAF SINGLE SERVIETTES,39,3625.296364111954,KAPA OIL REFINERIES LTD,2,24,27
TAMU TAMU 25G TOMATO KETCHUP,32,1410.5406060606063,NORDA INDUSTRIES LTD.,2,24,27
ZENTA 1KG CREAM SOAP,35,3291.4815770071145,GOLDEN AFRICA K LTD,2,24,27
CADBURY 450G DRINKING CHOCOLATE JAR,42,3558.862522631261,HASBAH KENYA LTD CADBURY,2,24,27
LAKI LAKI 150ML GREEK YOGHURT STRAWBERRY,29,2724.8720000000003,LAKI LAKI LIMITED,2,24,27
TENA MULTI FOLD HAND TOWELS WHITE,35,3253.4710959979075,AFRICAN COTTON INDUSTRIES LTD,2,24,27
WEETABIX 210G STANDARD,24,3936.0,WEETABIX EAST AFRICA LTD HQ,2,24,27
MANJI 200G DIGESTIVE,26,1429.2518119842125,MANJI FOOD INDUSTRIES LTD,2,24,27
TROP HEAT 100G CRISPS SALTED,36,1586.858181818182,TROPICAL HEAT LTD,2,24,27
SIRIMON 250G FETA CHEESE,24,9581.24640919914,MORANI LIMITED,2,24,27
BROOKSIDE 250G UNSALTED BUTTER,24,11268.750617536829,BROOKSIDE DAIRY LIMITED,2,24,27
KRACKLES CURLS 75G CHEESY,24,672.0,PROPACK KENYA LTD,2,24,27
TROP HEAT 50G POTATO CRISPS SALTED,22,969.7466666666668,TROPICAL HEAT LTD,2,24,27
WANPY 85G CAT CHICKN&CRAB POUCH,26,3328.0,BRAND ROYALTY LTD,2,24,27
MAYERS 330ML SPARKLING WATER GLASS BOTT,20,1114.6065232734559,MALACHITE LIMITED,2,24,27
MAYERS 330ML SPARKLING EMPTY BOTTLE,20,240.0,MALACHITE LIMITED,2,24,27
PEARL 2KG PISHORI RICE FORTIFIED,22,17545.6970793646,CAPWELL INDUSTRIES LTD,2,24,27
TROP HEAT 45G TEA MASALA,21,2436.0,TROPICAL HEAT LTD,2,24,27
KRACKLES 125G ZINGY SALT & VINEGAR,19,837.508484848485,PROPACK KENYA LTD,2,24,27
YELLOW DUSTERS 13X15,24,1440.0,SHAMULA LIMITED,2,24,27
OREO 31.3G ENROBED,25,1279.8836242726518,HASBAH KENYA LTD CADBURY,2,24,27
SUNLIGHT 700G AUTO POWDER LAVENDER,24,5740.8,UNILEVER KENYA LIMITED,2,24,27
SANTA MARIA 400G SPAGHETTI,27,3583.145454545455,DEBENHAM AND FEAR LTD,2,24,27
EVEREADY 4S AA RED 1015BP4,20,3520.0,HASBAH KENYA LTD,2,24,27
MANJI 1KG JAR DIGESTIVE BISCUIT,17,934.5108001435236,MANJI FOOD INDUSTRIES LTD,2,24,27
VIM 1KG LEMON FRESH POWDER,23,3404.0,UNILEVER KENYA LIMITED,2,24,27
MARIE 75GM CLASSIC BISCUITS,16,879.5395766056693,MANJI FOOD INDUSTRIES LTD,2,24,27
MAYERS 750ML GLASS STILL EMPTY BOTTLE,26,312.0,MALACHITE LIMITED,2,24,27
FC 2KG (7M) PET FOOD BEEFO,19,6004.0,FARMERS CHOICE LTD,2,24,27
VIM 1KG SCOURER LEMON+1KG LVR,16,4467.2,UNILEVER KENYA LIMITED,2,24,27
VIM 500G LEMON FRESH POWDER,18,1440.0,UNILEVER KENYA LIMITED,2,24,27
VELVEX 30CMX30M CLING FILM,20,2560.0,CHANDARIA INDUSTRIES  LTD,2,24,27
KAWAN 400G PUFF PASTRY,19,6004.0,CRYSTAL FROZEN AND CHILLED FOODS LTD,2,24,27
AQUAMIST 500ML PEACH ICE TEA,17,1517.122480646976,AQUAMIST LIMITED,2,24,27
HANAN TWIN KITCHEN TOWELS,17,5236.0,ZENKO KENYA LIMITED,2,24,27
OMO 1KG FAST ACTION BANDED 400G,16,6259.200000000001,UNILEVER KENYA LIMITED,2,24,27
EVERFRESH 500G GHEE,19,8405.6,BROOKSIDE DAIRY LIMITED,2,24,27
SESIA 1KG HONEY JAR,15,9540.0,SESIA LIMITED,2,24,27
BOOCH 300ML BLUEBERRY GINGER DRINK,14,1249.3949840622156,HOUSE OF BOOCH LIMITED,2,24,27
BROOKSIDE 200ML DISNEY STRAWBRRY FLV MILK,24,1317.4917580169854,BROOKSIDE DAIRY LIMITED,2,24,27
ORCHID VALLEY 1L TROPICAL DELIGHT,19,1334.6299871415456,PREMIER FOODS  LIMITED,2,24,27
KERICHO GOLD 500G PREMIUM TEA JAR,15,1499.501527183873,GOLD CROWN BEVERAGES K LTD,2,24,27
MILL BAKERS 200G DAZ HONEY FLAVOUR,13,1372.8000000000002,MILL BAKERS LIMITED,2,24,27
CHAIN KWO 150G SOY SAUCE DARK SUPERIOR,15,1980.0,ROSHNI DIST LTD  R D,2,24,27
SANTA MARIA 400G FUSILLI,14,1857.9272727272728,DEBENHAM AND FEAR LTD,2,24,27
TROP HEAT 150G CHEVDA ORIGINAL,15,744.9328301886792,TROPICAL HEAT LTD,2,24,27
TROP HEAT 100G GARLIC POWDER,18,3600.0,TROPICAL HEAT LTD,2,24,27
KOTEX 40S PANTYLINERS VP,21,3305.04347826087,KIM FAY EAST AFRICA LTD,2,24,27
ASTONISH 1LT JASMIN WBERRY FLOOR CLEANER,13,8268.0,SPARKLE BRANDS LIMITED,2,24,27
DAIMA 150ML NATURAL PROBIOTIC CUP,20,1879.2220689655176,DEVYANI FOOD INDUSTRIES K LIMITED MILK AND YOGHURT,2,24,27
KERICHO GOLD PURE PEPPERMINT 20S,12,2544.0,GOLD CROWN BEVERAGES K LTD,2,24,27
SANTA MARIA 400G BLACK BEANS IN BRINE,15,1997.1517104517109,DEBENHAM AND FEAR LTD,2,24,27
CIL 1KG RICE BROWN,12,9570.380225107965,CAPWELL INDUSTRIES LTD,2,24,27
BLUE BUBBLE 4X50G OCEAN FRESH BLUE BLOCK,12,3312.0,BLUEMART PRODUCTS E A LTD,2,24,27
CHAINKWO 623ML DARK SOY SAUCE,14,4340.0,ROSHNI DIST LTD  R D,2,24,27
M&M 45G PEANUT CHOCOLATE,16,2138.573819163293,RADBONE CLARK LIMITED MARS,2,24,27
KENYA CANE 350ML,13,2635.8688524590166,UDV KENYA LIMITED,2,24,27
AQUAMIST 500ML PINEAPPLE FLAVOURED WATER,16,891.6852186187648,AQUAMIST LIMITED,2,24,27
KCC 500ML SBERRY YOG CUP (205),21,1973.1831724137935,NEW KENYA COOP CREAMERIES  LTD,2,24,27
HC 500G CHEESE PORTION MOZZARELLA,12,4790.62320459957,HAPPY COW LIMITED,2,24,27
FC 200G (30D) FRESH BEEF BACON,16,4710.095419393218,FARMERS CHOICE LTD,2,24,27
ROYCO 200G BEEF ORG MCHUZI MIX TUB,13,1768.0,UNILEVER KENYA LIMITED,2,24,27
MOHAWK KOMBUCHA 500ML LIMADE DRINK,15,1338.6374829238023,ROYAL BREKKERS LIMITED,2,24,27
PEARL 1KG PISHORI RICE FORTIFIED,15,11962.975281384955,CAPWELL INDUSTRIES LTD,2,24,27
FACE TOWEL HEAVY WHITE 12X12,11,1056.0,SHAMULA LIMITED,2,24,27
BOOCH 300ML STRAWBERRY DRINK,17,1517.122480646976,HOUSE OF BOOCH LIMITED,2,24,27
FESTIVE 250G CUPCAKE 6PC VANILLA,12,1267.2,DPL FESTIVE  LIMITED,2,24,27
CIL 1KG BLENDED RICE,12,9570.380225107965,CAPWELL INDUSTRIES LTD,2,24,27
FAY MULTI PURPOSE JUMBO ROLL,13,3900.0,KIM FAY EAST AFRICA LTD,2,24,27
NIVEA DEO AQUA COOL ROLL ON 50ML(82886),10,4160.0,BEIERSDORF EAST AFRICA LTD HQ,2,24,27
FC 400G (30D) FRESH COLLAR BACON,22,6476.381201665676,FARMERS CHOICE LTD,2,24,27
NUTEEZ 400G PEANUT BUTTER SMOOTH,9,2124.0,JETLAK FOODS LTD,2,24,27
BUTTERFLY 1KG CHANNA DAL,9,2656.7999999999997,SPICE WORLD LTD,2,24,27
CAREX 200ML H/W ALOE VERA DOY,14,1792.0,P Z CUSSONS EAST AFRICA  LTD HQ,2,24,27
MOHAWK KOMBUCHA 500ML PEACH PUNCH DRINK,11,981.6674874774551,ROYAL BREKKERS LIMITED,2,24,27
MOHAWK KOMBUCHA 500ML MANGO MAGIC DRINK,16,1427.8799817853892,ROYAL BREKKERS LIMITED,2,24,27
PURE HEALTH 500G PURE SEA SALT,13,429.58631884057974,WINNIES PURE HEALTH PRODUCTS LIMITED,2,24,27
AXE 150ML APOLLO AEROSOL PROMO,13,9360.0,UNILEVER KENYA LIMITED,2,24,27
NATURALLI 250G PUMPKIN SEEDS,15,7188.000000000001,HEALTHY U TWO THOUSAND LTD,2,24,27
58 GIN&TONIC 330ML THE CLASSIC,9,1651.9858068674016,SAVANNAH BRANDS COMPANY LIMITED,2,24,27
HC 100G CHEESE PORTION PARMESAN GRATED,12,4790.62320459957,HAPPY COW LIMITED,2,24,27
EVERFRESH 4KG GHEE,10,30472.000000000004,BROOKSIDE DAIRY LIMITED,2,24,27
NALA 5X70G INSTANT NOODLES VALUE PACK,15,1077.452411106749,KAPA OIL REFINERIES LTD,2,24,27
SAFISHA 400G LEMON DISHWASHING PASTE,9,1512.0,SUNDRIES BARGAIN NAIROBI LTD,2,24,27
FC 400G (14D) FRESH MEATY BEEF SAUSAGES,14,4121.333491969066,FARMERS CHOICE LTD,2,24,27
KERICHO GOLD GREEN TEA MINT 25 TB,9,1440.0,GOLD CROWN BEVERAGES K LTD,2,24,27
TOSS 1KG LAVENDER DETERGENT SATCHET,14,3864.0,KAPA OIL REFINERIES LTD,2,24,27
NI HOW 330ML EMPTY BOTTLE,10,120.0,254 BREWING COMPANY LIMITED,2,24,27
BROOKSIDE 250ML COFFEE 6PK,11,603.8503890911184,BROOKSIDE DAIRY LIMITED,2,24,27
SAFISHA 3PK JUMBO SPONGE CLOTH,14,3248.0,SUNDRIES BARGAIN NAIROBI LTD,2,24,27
ILARA 500ML STRAWBERRY YOGHURT CUP,10,939.6110344827588,BROOKSIDE DAIRY LIMITED,2,24,27
SAWING THREAD ASSORTED,9,280.8,JEVANS ENTERPRISES,2,24,27
MANJI 100G TEA BISCUITS,8,439.7697883028346,MANJI FOOD INDUSTRIES LTD,2,24,27
BOOCH 300ML MANGO CHILI DRINK,8,713.9399908926946,HOUSE OF BOOCH LIMITED,2,24,27
KENMEAT 500G FROZEN BEEF CUBES,10,3340.0,KENMEAT LIMITED,2,24,27
KENTASTE 200ML COCONUT OIL,10,3352.0000000000005,CHANDARIA INDUSTRIES  LTD KENTASTE,2,24,27
BIO 450ML BERRY COCKTAIL YOGHURT,14,1315.4554482758622,BIO FOOD PRODUCTS LTD,2,24,27
FAY 30CMX30M CLING FILM,10,1280.0,KIM FAY EAST AFRICA LTD,2,24,27
ENIGMA 110ML STD SALTED CARAMEL,11,607.4670852956567,RAZCO LTD,2,24,27
NATURALLI 250G SUNFLOWER SEEDS,7,1786.4,HEALTHY U TWO THOUSAND LTD,2,24,27
NATURALLI 500G HIMALAYAN IODIZED PINK SALT,9,297.4059130434783,HEALTHY U TWO THOUSAND LTD,2,24,27
GEISHA 200G WHITE FAMILY PACK 3S,7,1873.2000000000003,UNILEVER KENYA LIMITED,2,24,27
NIVEA 400ML MEN DEEP BODY LOTION 83904,9,4824.0,BEIERSDORF EAST AFRICA LTD HQ,2,24,27
MF 500G ANTIBACTERIAL SCOURING PWD,9,720.0,P Z CUSSONS EAST AFRICA  LTD HQ,2,24,27
MHARVEST 250G BAG CHOCO SHELLS,8,2105.6,HEALTHY U TWO THOUSAND LTD,2,24,27
QMP 200G BREADED CHICKEN POPS,7,924.0,QUALITY MEAT PACKERS LTD,2,24,27
WEETABIX 420G WEETOS FAMILY PACK,7,3892.0,WEETABIX EAST AFRICA LTD HQ,2,24,27
FC 400G (30D) FRESH BEEF SMOKIES,10,2943.8096371207616,FARMERS CHOICE LTD,2,24,27
DAIMA 250ML SBERRY YOGHURT CUP,13,1221.4943448275865,DEVYANI FOOD INDUSTRIES K LIMITED MILK AND YOGHURT,2,24,27
PERSIL 1KG HAND WASH POWDER ROSE,7,2604.0,CHANDARIA INDUSTRIES LTD HENKEL C BRANDS,2,24,27
URBAN BITES 120G FUNKY FRUIT CHUTNY,7,308.55575757575764,NORDA INDUSTRIES LTD.,2,24,27
MF 400ML ORIGINAL D/WASHING LIQUID,11,1663.2000000000003,P Z CUSSONS EAST AFRICA  LTD HQ,2,24,27
FESTIVE 250G CUPCAKE 6PC CHOCOLATE,7,739.2,DPL FESTIVE  LIMITED,2,24,27
KERICHO GOLD APPLE N CINNAMON 20S,8,1696.0,GOLD CROWN BEVERAGES K LTD,2,24,27
N/OWN 100G PILAU MASALA GROUND JAR,8,1913.6000000000001,CHIRAG AFRICA LIMITED,2,24,27
MC 300G JUST STRAWBERRY JAM,11,3238.190600832838,BIO FOOD PRODUCTS LTD,2,24,27
OOHI LALA 1LT WILD FRUITS YOGHURT,7,657.7277241379311,RAZCO LTD,2,24,27
QMP 1KG BREADED CHICKEN NUGGETS,6,4056.0,QUALITY MEAT PACKERS LTD,2,24,27
BIO 450ML MANGO YOGHURT,9,845.649931034483,BIO FOOD PRODUCTS LTD,2,24,27
KETEPA 100S TEA BAG JUMBO UNTAGGED,6,599.8006108735492,KENYA TEA PACKERS KETEPA,2,24,27
WRIGLEYS BIG G 50S ORIGINAL,6,128.15005861664713,RADBONE CLARK LIMITED MARS,2,24,27
VERONI 700ML ACTIVE ISOTONIC LEMON DRINK,7,904.6374230222643,HEALTHY U TWO THOUSAND LTD,2,24,27
ASTONISH 600G OXY ACTIVE TOUGH STAIN REMOVER,6,4296.0,SPARKLE BRANDS LIMITED,2,24,27
RINGOZ 75G SWEET PAPRIKA CORN,9,396.7145454545455,NORDA INDUSTRIES LTD.,2,24,27
BROWNS 250ML GREEK YOGHURT HONEY,10,939.6110344827588,SUNPOWER PRODUCTS LTD,2,24,27
FC 500G (30D) SMOKED MINI BITES,9,2649.4286734086854,FARMERS CHOICE LTD,2,24,27
OMO 3.5KG POWDER EXTRA FRESH CHEETAH,8,8249.6,UNILEVER KENYA LIMITED,2,24,27
SUNLIGHT 3.5KG TROPICAL WASHING POWDER,6,5731.200000000001,UNILEVER KENYA LIMITED,2,24,27
DAIMA 450ML ESL MAZIWA BORA,460,16468.598898347525,DEVYANI FOOD INDUSTRIES K LIMITED MILK AND YOGHURT,2,25,28
AMAIZE 2KG SIFTED MAIZE FLOUR,73,8847.538672614508,CAPWELL INDUSTRIES LTD,2,25,28
KINGSMIL 400G KUBWA WAO BROWN BREAD,47,2444.0,KENAFRIC BAKERY LTD,2,25,28
SOKO 1KG MAIZE MEAL FLOUR,57,3613.871284271285,CAPWELL INDUSTRIES LTD,2,25,28
EXE 2KG SELF RAISING,39,5462.045269016697,UNGA LTD,2,25,28
RINA 2L VEGETABLE OIL JERRICAN,22,20338.8200998032,KAPA OIL REFINERIES LTD,2,25,28
RINA 3LT VEGETABLE  OIL,19,17565.34463164822,KAPA OIL REFINERIES LTD,2,25,28
AMAIZE 2KG PREMIUM MAIZE FLOUR,14,2051.4144648023143,CAPWELL INDUSTRIES LTD,2,25,28
CLOVERS 500G CASTER SUGAR,10,1968.8484537735974,TRI CLOVER INDUSTRIES LTD,2,25,28
SUPA 1.5KG BUTTER TOAST BREAD,11,880.0,MINI BAKERIES NBI  LTD,2,25,28
EXE 2KG ATTA MARK 1,9,1090.7924390894598,UNGA LTD,2,25,28
NATURES 800G BROWN BREAD,12,960.0,DPL FESTIVE  LIMITED,2,25,28
SOKO 2KG NUTRIGO WHOLE GRAIN MAIZE MEAL,9,1090.7924390894598,CAPWELL INDUSTRIES LTD,2,25,28
KINGSMIL 380G PLAIN SLICED BUN 6S WHITE,7,560.0,KENAFRIC BAKERY LTD,2,25,28
KINGSMIL 600G SWICH WHITE BREAD,3,240.0,KENAFRIC BAKERY LTD,2,25,28
TUSKER CAN 500ML BEER,365,62107.72160974548,KENYA BREWERIES LTD,2,25,28
KRACKLES BANG BANG CHILLI 30G,163,7184.9412121212135,PROPACK KENYA LTD,2,25,28
COKE PET 2LTS,113,14881.650598945858,COCA COLA BEVERAGES KENYA LTD,2,25,28
COKE ZERO 2L PET,106,14041.106702412868,COCA COLA BEVERAGES KENYA LTD,2,25,28
KENSALT 2KG IODIZED SALT,77,4824.504084442406,KENSALT LIMITED,2,25,28
SMIRNOFF 330ML PINEAPPLE PUNCH ICE CAN,76,12286.954843853822,UDV KENYA LIMITED,2,25,28
KENSALT 500G IODIZED SALT,61,1024.3184210526317,KENSALT LIMITED,2,25,28
BLUE BAND 1KG MED FAT SPREAD,73,27951.638400768865,SUPER SAVERS DISTRIBUTION LTD,2,25,28
TOILEX WHITE 10S,67,19779.384992343035,CHANDARIA INDUSTRIES  LTD,2,25,28
KABARNET 500ML SPARKLING WATER,76,2979.2000000000003,KHETIA DRAPERS LTD,2,25,28
MAYERS 750ML GLASS SPARKLING WATER,66,5227.2,MALACHITE LIMITED,2,25,28
CADBURY 80G DAIRY MILK WHOLE NUT,58,11988.262004662003,HASBAH KENYA LTD CADBURY,2,25,28
BROOKSIDE 250G SALTED BUTTER,72,24346.733816155996,BROOKSIDE DAIRY LIMITED,2,25,28
DL 70ML MINI FIESTA CLASSIC,57,3148.3084194977846,GLACIER PRODUCTS LTD G P,2,25,28
MAGIC 300ML SODA WATER,56,2978.656941066198,KHETIA DRAPERS LTD,2,25,28
QUENCHER LIFE 5LT PREMIUM DRINKING WATER,46,8218.530814332249,EXCEL CHEMICALS LTD,2,25,28
URBAN STIX 35G THAI SWEET CHILLI SNACKS,39,1092.0,NORDA INDUSTRIES LTD.,2,25,28
BLUE BAND 250G MED FAT SPREAD,52,6582.873500353858,SUPER SAVERS DISTRIBUTION LTD,2,25,28
FELIX 85G CAT TUNA,38,5789.828430160695,MERIT AFRICA LTD,2,25,28
ILARA 1LT MAZIWA LALA  PLASTIC BOTTLE,55,7348.0,BROOKSIDE DAIRY LIMITED,2,25,28
HANAN FLUSHABLE WATER WIPES 72PCS,42,6021.526580557444,ZENKO KENYA LIMITED,2,25,28
GREEN FARM 15PK Y/YORK EGGS,34,9107.652200772201,GREEN FARM POULTRY,2,25,28
TENA 15S TOILET ROLL WHITE WRAPPED,37,19166.022155688624,AFRICAN COTTON INDUSTRIES LTD,2,25,28
FELIX 85G CAT SALMON,30,4563.9647935003395,MERIT AFRICA LTD,2,25,28
SOFTLEAF SINGLE SERVIETTES,39,3625.296364111954,KAPA OIL REFINERIES LTD,2,25,28
ARIMIS 200ML MILKING JELLY,33,3313.2000000000003,TRI CLOVER INDUSTRIES LTD,2,25,28
VELVEX ECO-FRIENDLY KITCHEN TOWEL TWIN PACK,37,6808.0,CHANDARIA INDUSTRIES  LTD,2,25,28
GREEN FARM 6S Y/YORK EGGS,31,10203.48530050266,GREEN FARM POULTRY,2,25,28
TAMU TAMU 25G TOMATO KETCHUP,35,1542.778787878788,NORDA INDUSTRIES LTD.,2,25,28
LAKI LAKI 150ML GREEK YOGHURT STRAWBERRY,33,3100.716413793104,LAKI LAKI LIMITED,2,25,28
RINGOZ 25G BARBEQUE CORN,24,1057.9054545454546,NORDA INDUSTRIES LTD.,2,25,28
WEETABIX 210G STANDARD,30,4920.0,WEETABIX EAST AFRICA LTD HQ,2,25,28
MANJI 200G DIGESTIVE,32,1759.0791532113385,MANJI FOOD INDUSTRIES LTD,2,25,28
SIRIMON 250G FETA CHEESE,28,11178.120810732331,MORANI LIMITED,2,25,28
BROOKSIDE 250G UNSALTED BUTTER,27,12677.344444728931,BROOKSIDE DAIRY LIMITED,2,25,28
KRACKLES CURLS 75G CHEESY,28,784.0,PROPACK KENYA LTD,2,25,28
TROP HEAT 50G POTATO CRISPS SALTED,26,1146.0642424242426,TROPICAL HEAT LTD,2,25,28
MAYERS 330ML SPARKLING WATER GLASS BOTT,20,1114.6065232734559,MALACHITE LIMITED,2,25,28
MAYERS 330ML SPARKLING EMPTY BOTTLE,22,264.0,MALACHITE LIMITED,2,25,28
PEARL 2KG PISHORI RICE FORTIFIED,25,19938.292135641594,CAPWELL INDUSTRIES LTD,2,25,28
KOTEX 16S SUPER TAMPONS,19,2990.2774327122156,KIM FAY EAST AFRICA LTD,2,25,28
FLORA 4S TOILET ROLLS WHITE,21,7415.879804560261,AFRICAN COTTON INDUSTRIES LTD,2,25,28
TROP HEAT 100G PILAU MASALA GRND,18,4104.0,TROPICAL HEAT LTD,2,25,28
TROP HEAT 45G TEA MASALA,25,2900.0,TROPICAL HEAT LTD,2,25,28
KRACKLES 125G ZINGY SALT & VINEGAR,23,1013.8260606060608,PROPACK KENYA LTD,2,25,28
SUNLIGHT 700G AUTO POWDER LAVENDER,30,7176.000000000001,UNILEVER KENYA LIMITED,2,25,28
PRESTIGE 500G ORIGINAL MARGARINE,20,4392.360251086432,KAPA OIL REFINERIES LTD,2,25,28
BIO 90ML MANGO YOGHURT,24,2255.066482758621,BIO FOOD PRODUCTS LTD,2,25,28
EVEREADY 4S AA RED 1015BP4,24,4224.0,HASBAH KENYA LTD,2,25,28
AQUAMIST 500ML MANGO FLAVOURED WATER,16,891.6852186187648,AQUAMIST LIMITED,2,25,28
MANJI 1KG JAR DIGESTIVE BISCUIT,21,1154.395694294941,MANJI FOOD INDUSTRIES LTD,2,25,28
VIM 1KG LEMON FRESH POWDER,25,3700.0,UNILEVER KENYA LIMITED,2,25,28
MARIE 75GM CLASSIC BISCUITS,17,934.5108001435236,MANJI FOOD INDUSTRIES LTD,2,25,28
KANE EXTRA GOLDEN SPIRIT 250ML GLASS PK,16,3244.146279949559,UDV KENYA LIMITED,2,25,28
FC 2KG (7M) PET FOOD BEEFO,22,6952.0,FARMERS CHOICE LTD,2,25,28
MANJI 100G THE REAL DIGESTIVE,16,879.5395766056693,MANJI FOOD INDUSTRIES LTD,2,25,28
VIM 1KG SCOURER LEMON+1KG LVR,19,5304.8,UNILEVER KENYA LIMITED,2,25,28
VIM 500G LEMON FRESH POWDER,21,1680.0,UNILEVER KENYA LIMITED,2,25,28
DOVE 135G BS BAR ORIGINAL,15,3948.0,KIM FAY EAST AFRICA LTD DOVE,2,25,28
KERICHO GOLD 50S TEA BAGS TAGGED,15,1499.501527183873,GOLD CROWN BEVERAGES K LTD,2,25,28
KAWAN 400G PUFF PASTRY,24,7584.0,CRYSTAL FROZEN AND CHILLED FOODS LTD,2,25,28
AQUAMIST 500ML PEACH ICE TEA,22,1963.3349749549102,AQUAMIST LIMITED,2,25,28
HANAN TWIN KITCHEN TOWELS,17,5236.0,ZENKO KENYA LIMITED,2,25,28
OMO 1KG FAST ACTION BANDED 400G,19,7432.800000000001,UNILEVER KENYA LIMITED,2,25,28
SESIA 1KG HONEY JAR,18,11448.0,SESIA LIMITED,2,25,28
SIRIMON 500G CHEDDAR CHEESE,15,5988.279005749463,MORANI LIMITED,2,25,28
BOOCH 300ML BLUEBERRY GINGER DRINK,16,1427.8799817853892,HOUSE OF BOOCH LIMITED,2,25,28
BROOKSIDE 200ML DISNEY STRAWBRRY FLV MILK,29,1591.9692076038573,BROOKSIDE DAIRY LIMITED,2,25,28
KERICHO GOLD 500G PREMIUM TEA JAR,19,1899.3686010995723,GOLD CROWN BEVERAGES K LTD,2,25,28
MILL BAKERS 200G DAZ HONEY FLAVOUR,15,1584.0000000000002,MILL BAKERS LIMITED,2,25,28
CHAIN KWO 150G SOY SAUCE DARK SUPERIOR,17,2244.0,ROSHNI DIST LTD  R D,2,25,28
SANTA MARIA 400G FUSILLI,16,2123.3454545454547,DEBENHAM AND FEAR LTD,2,25,28
TROP HEAT 150G CHEVDA ORIGINAL,17,844.2572075471699,TROPICAL HEAT LTD,2,25,28
KOTEX 40S PANTYLINERS VP,21,3305.04347826087,KIM FAY EAST AFRICA LTD,2,25,28
TROP HEAT 45G GINGER GRND,13,1196.0,TROPICAL HEAT LTD,2,25,28
ASTONISH 1LT JASMIN WBERRY FLOOR CLEANER,16,10176.0,SPARKLE BRANDS LIMITED,2,25,28
BUTTERFLY 1KG MASOOR DAL,16,6003.200000000001,SPICE WORLD LTD,2,25,28
DAIMA 150ML NATURAL PROBIOTIC CUP,21,1973.1831724137935,DEVYANI FOOD INDUSTRIES K LIMITED MILK AND YOGHURT,2,25,28
SLIM CLOTH PEGS 12PK,16,499.20000000000005,JEVANS ENTERPRISES,2,25,28
KERICHO GOLD PURE PEPPERMINT 20S,16,3392.0,GOLD CROWN BEVERAGES K LTD,2,25,28
TROP HEAT 100G CUMINSEEDS GRND,15,3120.0,TROPICAL HEAT LTD,2,25,28
GEISHA 200G SOAP GREEN ALOE N HONEY,12,1046.4,UNILEVER KENYA LIMITED,2,25,28
USHINDI 175G WHITE SOAP,11,1034.4656384879502,PWANI OIL PRODUCTS LTD.,2,25,28
CIL 1KG RICE BROWN,14,11165.443595959292,CAPWELL INDUSTRIES LTD,2,25,28
BLUE BUBBLE 4X50G OCEAN FRESH BLUE BLOCK,13,3588.0,BLUEMART PRODUCTS E A LTD,2,25,28
TROP HEAT 100G CRISPS TOMATO,14,617.1115151515153,TROPICAL HEAT LTD,2,25,28
DL 1L VANILLA ICECREAM,13,717.9156462585034,GLACIER PRODUCTS LTD G P,2,25,28
CHAINKWO 623ML DARK SOY SAUCE,17,5270.0,ROSHNI DIST LTD  R D,2,25,28
M&M 45G PEANUT CHOCOLATE,18,2405.8955465587046,RADBONE CLARK LIMITED MARS,2,25,28
MF 400G ORIGINAL FRESH DISHWASHING PASTE,11,2288.0,P Z CUSSONS EAST AFRICA  LTD HQ,2,25,28
KENYA CANE 350ML,14,2838.627994955864,UDV KENYA LIMITED,2,25,28
KCC 500ML SBERRY YOG CUP (205),24,2255.066482758621,NEW KENYA COOP CREAMERIES  LTD,2,25,28
HC 500G CHEESE PORTION MOZZARELLA,14,5589.0604053661655,HAPPY COW LIMITED,2,25,28
FC 200G (30D) FRESH BEEF BACON,18,5298.857346817371,FARMERS CHOICE LTD,2,25,28
ROYCO 200G BEEF ORG MCHUZI MIX TUB,15,2040.0,UNILEVER KENYA LIMITED,2,25,28
MOHAWK KOMBUCHA 500ML LIMADE DRINK,15,1338.6374829238023,ROYAL BREKKERS LIMITED,2,25,28
TROP HEAT 100G CURRY POWDER JAR,12,1536.0,TROPICAL HEAT LTD,2,25,28
FACE TOWEL HEAVY WHITE 12X12,13,1248.0,SHAMULA LIMITED,2,25,28
MANJI 200G MARIE BISCUIT,10,549.7122353785433,MANJI FOOD INDUSTRIES LTD,2,25,28
FESTIVE 250G CUPCAKE 6PC VANILLA,11,1161.6000000000001,DPL FESTIVE  LIMITED,2,25,28
MF 750ML ANT-B D/WASHING LIQUID ORANGE,11,2631.2000000000003,P Z CUSSONS EAST AFRICA  LTD HQ,2,25,28
CIL 1KG BLENDED RICE,13,10367.911910533629,CAPWELL INDUSTRIES LTD,2,25,28
NIVEA DEO AQUA COOL ROLL ON 50ML(82886),10,4160.0,BEIERSDORF EAST AFRICA LTD HQ,2,25,28
FC 400G (30D) FRESH COLLAR BACON,15,4415.714455681143,FARMERS CHOICE LTD,2,25,28
NUTEEZ 400G PEANUT BUTTER SMOOTH,11,2596.0,JETLAK FOODS LTD,2,25,28
BUTTERFLY 1KG CHANNA DAL,11,3247.2,SPICE WORLD LTD,2,25,28
ZESTA 300ML WHITE VINEGAR,10,392.0,TRUFOODS LIMITED T F,2,25,28
MOHAWK KOMBUCHA 500ML PEACH PUNCH DRINK,11,981.6674874774551,ROYAL BREKKERS LIMITED,2,25,28
58 GIN&TONIC 330ML THE CLASSIC,11,2019.0937639490467,SAVANNAH BRANDS COMPANY LIMITED,2,25,28
HC 100G CHEESE PORTION PARMESAN GRATED,14,5589.0604053661655,HAPPY COW LIMITED,2,25,28
EVERFRESH 4KG GHEE,11,33519.200000000004,BROOKSIDE DAIRY LIMITED,2,25,28
NALA 5X70G INSTANT NOODLES VALUE PACK,8,574.6412859235994,KAPA OIL REFINERIES LTD,2,25,28
SAFISHA 400G LEMON DISHWASHING PASTE,10,1680.0,SUNDRIES BARGAIN NAIROBI LTD,2,25,28
FC 400G (14D) FRESH MEATY BEEF SAUSAGES,16,4710.095419393218,FARMERS CHOICE LTD,2,25,28
KERICHO GOLD GREEN TEA MINT 25 TB,9,1440.0,GOLD CROWN BEVERAGES K LTD,2,25,28
254 NIAJE 330ML LAGER BEER,8,1463.6243731829031,254 BREWING COMPANY LIMITED,2,25,28
BROOKSIDE 250ML COFFEE 6PK,13,713.641368925867,BROOKSIDE DAIRY LIMITED,2,25,28
OUT OF AFRICA 250G CASHEWNUTS AA,8,409.6,KENYA NUT COMPANY,2,25,28
ILARA 500ML STRAWBERRY YOGHURT CUP,11,1033.5721379310346,BROOKSIDE DAIRY LIMITED,2,25,28
MANJI 100G TEA BISCUITS,9,494.74101184068894,MANJI FOOD INDUSTRIES LTD,2,25,28
BOOCH 300ML MANGO CHILI DRINK,9,803.1824897542814,HOUSE OF BOOCH LIMITED,2,25,28
KENTASTE 200ML COCONUT OIL,11,3687.2000000000007,CHANDARIA INDUSTRIES  LTD KENTASTE,2,25,28
BIO 450ML BERRY COCKTAIL YOGHURT,17,1597.33875862069,BIO FOOD PRODUCTS LTD,2,25,28
TROP HEAT 20G ROSEMARY LEAVES JAR,8,448.0,TROPICAL HEAT LTD,2,25,28
KO 330ML PASSION&LIME CIDER,7,1284.877849785757,SAVANNAH BRANDS COMPANY LIMITED,2,25,28
NATURALLI 250G SUNFLOWER SEEDS,7,1786.4,HEALTHY U TWO THOUSAND LTD,2,25,28
NATURALLI 500G HIMALAYAN IODIZED PINK SALT,10,330.45101449275364,HEALTHY U TWO THOUSAND LTD,2,25,28
GEISHA 200G WHITE FAMILY PACK 3S,8,2140.8,UNILEVER KENYA LIMITED,2,25,28
MF 500G ANTIBACTERIAL SCOURING PWD,9,720.0,P Z CUSSONS EAST AFRICA  LTD HQ,2,25,28
QMP 200G BREADED CHICKEN POPS,8,1056.0,QUALITY MEAT PACKERS LTD,2,25,28
FC 400G (30D) FRESH BEEF SMOKIES,11,3238.190600832838,FARMERS CHOICE LTD,2,25,28
DAIMA 250ML SBERRY YOGHURT CUP,15,1409.4165517241381,DEVYANI FOOD INDUSTRIES K LIMITED MILK AND YOGHURT,2,25,28
TUZO 400G YOGHURT VANILLA,9,845.649931034483,BROOKSIDE DAIRY LIMITED,2,25,28
QUEEN DELI 100G MOZARELLA BALLS,7,2794.5302026830827,LEMOC LIMITED,2,25,28
NIVEA 400ML NOURISHING BODY LOTION,8,4096.0,BEIERSDORF EAST AFRICA LTD HQ,2,25,28
PERSIL 1KG HAND WASH POWDER ROSE,9,3348.0,CHANDARIA INDUSTRIES LTD HENKEL C BRANDS,2,25,28
URBAN BITES 120G FUNKY FRUIT CHUTNY,7,308.55575757575764,NORDA INDUSTRIES LTD.,2,25,28
MF 400ML ORIGINAL D/WASHING LIQUID,6,907.2,P Z CUSSONS EAST AFRICA  LTD HQ,2,25,28
ATA 1KG SCOURING POWDER,6,888.0,CHANDARIA INDUSTRIES LTD HENKEL C BRANDS,2,25,28
FESTIVE 250G CUPCAKE 6PC CHOCOLATE,8,844.8000000000001,DPL FESTIVE  LIMITED,2,25,28
MC 300G JUST STRAWBERRY JAM,12,3532.5715645449136,BIO FOOD PRODUCTS LTD,2,25,28
TROP HEAT 20G BASIL RUBBED JAR,6,408.0,TROPICAL HEAT LTD,2,25,28
OOHI LALA 1LT WILD FRUITS YOGHURT,8,751.688827586207,RAZCO LTD,2,25,28
QMP 1KG BREADED CHICKEN NUGGETS,8,5408.0,QUALITY MEAT PACKERS LTD,2,25,28
BIO 450ML MANGO YOGHURT,9,845.649931034483,BIO FOOD PRODUCTS LTD,2,25,28
KETEPA 100S TEA BAG JUMBO UNTAGGED,7,699.767379352474,KENYA TEA PACKERS KETEPA,2,25,28
FC 2KG (7M) PET FOOD TEAM,8,2528.0,FARMERS CHOICE LTD,2,25,28
CHOCO PRIMO 200G D/CHOCOLATE,5,423.6741098370549,TRUFOODS LIMITED T F,2,25,28
WRIGLEYS BIG G 50S ORIGINAL,5,106.79171551387262,RADBONE CLARK LIMITED MARS,2,25,28
JAVA 90G MACADAMIA NUT COOKIES,6,329.827341227126,NAIROBI JAVA HOUSE LTD,2,25,28
ASTONISH 600G OXY ACTIVE TOUGH STAIN REMOVER,6,4296.0,SPARKLE BRANDS LIMITED,2,25,28
DL 150G YOGHURT PEACH MANGO,7,657.7277241379311,GLACIER PRODUCTS LTD 2ND,2,25,28
QUENCHER 1LT FIZTO DRINK,5,716.0000000000001,EXCEL CHEMICALS LTD,2,25,28
BROWNS 250ML GREEK YOGHURT HONEY,10,939.6110344827588,SUNPOWER PRODUCTS LTD,2,25,28
FC 500G (30D) SMOKED MINI BITES,9,2649.4286734086854,FARMERS CHOICE LTD,2,25,28
FC 500G (30D) FRESH PORK FRANKFURTERS,6,1766.2857822724568,FARMERS CHOICE LTD,2,25,28
SAFISHA 1L LIME WASHING UP LIQUID,5,784.0,SUNDRIES BARGAIN NAIROBI LTD,2,25,28
FRESHA 250ML SBERRY CUP YOG,6,563.7666206896553,GITHUNGURI DAIRY FARMERS,2,25,28
SUNLIGHT 3.5KG TROPICAL WASHING POWDER,8,7641.6,UNILEVER KENYA LIMITED,2,25,28
AJAB 2KG HOME BAKING FLOUR,231,29508.593208479113,GRAIN INDUSTRIES LIMITED,2,26,29
AMAIZE 2KG SIFTED MAIZE FLOUR,78,9453.534472108651,CAPWELL INDUSTRIES LTD,2,26,29
RINA 2L VEGETABLE OIL JERRICAN,22,20338.8200998032,KAPA OIL REFINERIES LTD,2,26,29
RINA 3LT VEGETABLE  OIL,23,21263.311922521527,KAPA OIL REFINERIES LTD,2,26,29
AMAIZE 2KG PREMIUM MAIZE FLOUR,19,2784.062487945998,CAPWELL INDUSTRIES LTD,2,26,29
CLOVERS 500G CASTER SUGAR,12,2362.618144528317,TRI CLOVER INDUSTRIES LTD,2,26,29
SUPA 1.5KG BUTTER TOAST BREAD,11,880.0,MINI BAKERIES NBI  LTD,2,26,29
EXE 2KG ATTA MARK 1,11,1333.1907588871175,UNGA LTD,2,26,29
AVENA 5L VEGETABLE OIL,9,8320.426404464946,GOLDEN AFRICA K LTD,2,26,29
SOKO 2KG NUTRIGO WHOLE GRAIN MAIZE MEAL,8,969.5932791906309,CAPWELL INDUSTRIES LTD,2,26,29
BUTTERFLY 5KG ATTA MARK FLOUR,4,484.79663959531547,SPICE WORLD LTD,2,26,29
COKE PET 2LTS,122,16066.914805941546,COCA COLA BEVERAGES KENYA LTD,2,26,29
ISINYA 15S EGGS,108,26802.273719307057,ISINYA FEEDS LIMITED,2,26,29
KENSALT 1KG IODIZED SALT,83,2742.7434202898553,KENSALT LIMITED,2,26,29
ROTHMANS SWITCH BLUE 20S,70,20440.044391597305,NOBLE OUTLOOK LIMITED,2,26,29
KENSALT 2KG IODIZED SALT,90,5639.030748049565,KENSALT LIMITED,2,26,29
KENSALT 500G IODIZED SALT,61,1024.3184210526317,KENSALT LIMITED,2,26,29
TOILEX WHITE 10S,73,21550.67320061256,CHANDARIA INDUSTRIES  LTD,2,26,29
MAYERS 750ML GLASS SPARKLING WATER,72,5702.400000000001,MALACHITE LIMITED,2,26,29
MAYERS 750ML GLASS SPARKLING EMPTY BOTTLE,72,5472.0,MALACHITE LIMITED,2,26,29
CADBURY 80G DAIRY MILK WHOLE NUT,71,14675.286247086246,HASBAH KENYA LTD CADBURY,2,26,29
KERICHO GOLD 100S TEA BAGS ENVELOPE,52,5198.271960904093,GOLD CROWN BEVERAGES K LTD,2,26,29
URBAN STIX 35G KUKU CHOMA SNACK,40,1120.0381179273377,NORDA INDUSTRIES LTD.,2,26,29
QUENCHER LIFE 5LT PREMIUM DRINKING WATER,59,10541.159087947884,EXCEL CHEMICALS LTD,2,26,29
FELIX 85G CAT BEEF,40,6203.664157498552,MERIT AFRICA LTD,2,26,29
URBAN STIX 35G THAI SWEET CHILLI SNACKS,41,1148.0,NORDA INDUSTRIES LTD.,2,26,29
FELIX 85G CAT TUNA,45,6856.375772558717,MERIT AFRICA LTD,2,26,29
SUNLIGHT 700G LONG BAR YELLOW,36,3385.5239077787464,UNILEVER KENYA LIMITED,2,26,29
HANAN FLUSHABLE WATER WIPES 72PCS,48,6881.744663494222,ZENKO KENYA LIMITED,2,26,29
ISINYA 20S EGGS,36,11849.208736067605,ISINYA FEEDS LIMITED,2,26,29
GREEN FARM 15PK Y/YORK EGGS,40,10714.884942084944,GREEN FARM POULTRY,2,26,29
USHINDI 175G YELLOW SOAP,34,3197.4392462354826,PWANI OIL PRODUCTS LTD.,2,26,29
TENA 15S TOILET ROLL WHITE WRAPPED,40,20720.023952095813,AFRICAN COTTON INDUSTRIES LTD,2,26,29
FELIX 85G CAT SALMON,41,6237.418551117131,MERIT AFRICA LTD,2,26,29
ARIMIS 200ML MILKING JELLY,36,3614.4,TRI CLOVER INDUSTRIES LTD,2,26,29
VELVEX ECO-FRIENDLY KITCHEN TOWEL TWIN PACK,45,8280.0,CHANDARIA INDUSTRIES  LTD,2,26,29
GREEN FARM 6S Y/YORK EGGS,33,10861.774674728636,GREEN FARM POULTRY,2,26,29
KLEENEX SERVIETES 1 PLYX100S WHITE,30,2788.6895108553495,KIM FAY EAST AFRICA LTD,2,26,29
WANPY 100G CHICKEN RAWHIDE CD10H,33,10348.800000000001,BRAND ROYALTY LTD,2,26,29
TAMU TAMU 25G TOMATO KETCHUP,43,1895.4139393939397,NORDA INDUSTRIES LTD.,2,26,29
HIGHLANDS 1.5LT MINERAL WATER,29,1616.1794587465113,HIGHLANDS DRINKS LIMITED,2,26,29
KERICHO GOLD 500G PREMIUM TEA BLEND,25,2499.1692119731215,GOLD CROWN BEVERAGES K LTD,2,26,29
BROOKSIDE 500G SUPERFINE GHEE,25,11180.000000000002,BROOKSIDE DAIRY LIMITED,2,26,29
LAKI LAKI 150ML GREEK YOGHURT STRAWBERRY,28,2630.9108965517244,LAKI LAKI LIMITED,2,26,29
BILA SHAKA 330ML IPA BEER,23,4207.920072900846,MALACHITE LIMITED BEER,2,26,29
RINGOZ 25G BARBEQUE CORN,25,1101.9848484848487,NORDA INDUSTRIES LTD.,2,26,29
WEETABIX 210G STANDARD,33,5412.0,WEETABIX EAST AFRICA LTD HQ,2,26,29
NESTLE 50G CERELAC WHEAT SACHET,21,1176.0,NESTLE KENYA LTD,2,26,29
SIRIMON 250G FETA CHEESE,31,12375.776611882224,MORANI LIMITED,2,26,29
BROOKSIDE 250G UNSALTED BUTTER,33,15494.53209911314,BROOKSIDE DAIRY LIMITED,2,26,29
TROP HEAT 50G POTATO CRISPS SALTED,29,1278.3024242424244,TROPICAL HEAT LTD,2,26,29
FLORA JUMBO BATHROOM TISSUE SC WHITE 100M,19,6709.605537459283,AFRICAN COTTON INDUSTRIES LTD,2,26,29
MAYERS 330ML SPARKLING WATER GLASS BOTT,21,1170.3368494371289,MALACHITE LIMITED,2,26,29
MAYERS 330ML SPARKLING EMPTY BOTTLE,23,276.0,MALACHITE LIMITED,2,26,29
SUNLIGHT 1KG 2IN1 LAVENDER WASHING POWDER,22,6283.200000000001,UNILEVER KENYA LIMITED,2,26,29
PEARL 2KG PISHORI RICE FORTIFIED,23,18343.228764790263,CAPWELL INDUSTRIES LTD,2,26,29
KOTEX 16S SUPER TAMPONS,26,4091.9585921325056,KIM FAY EAST AFRICA LTD,2,26,29
FLORA 4S TOILET ROLLS WHITE,23,8122.154071661238,AFRICAN COTTON INDUSTRIES LTD,2,26,29
TROP HEAT 100G PILAU MASALA GRND,22,5016.0,TROPICAL HEAT LTD,2,26,29
TROP HEAT 45G TEA MASALA,28,3248.0,TROPICAL HEAT LTD,2,26,29
KRACKLES 125G ZINGY SALT & VINEGAR,22,969.7466666666668,PROPACK KENYA LTD,2,26,29
LAKI LAKI 150ML GREEK YOGHURT VANILLA,18,1691.299862068966,LAKI LAKI LIMITED,2,26,29
PRESTIGE 500G ORIGINAL MARGARINE,21,4611.9782636407535,KAPA OIL REFINERIES LTD,2,26,29
EVEREADY 4S AA RED 1015BP4,25,4400.0,HASBAH KENYA LTD,2,26,29
BIO 1LT GREEK YOGHURT NATURE PLAIN,19,1785.2609655172416,BIO FOOD PRODUCTS LTD,2,26,29
LAKI LAKI 150ML GREEK YOGHURT P/APPLE COCONUT,19,1785.2609655172416,LAKI LAKI LIMITED,2,26,29
AQUAMIST 500ML MANGO FLAVOURED WATER,23,1281.7975017644744,AQUAMIST LIMITED,2,26,29
MANJI 1KG JAR DIGESTIVE BISCUIT,23,1264.3381413706495,MANJI FOOD INDUSTRIES LTD,2,26,29
GOFRUT 1LT MULTI FRUIT DRINK,16,1123.898936540249,EXCEL CHEMICALS LTD,2,26,29
MARIE 75GM CLASSIC BISCUITS,18,989.4820236813779,MANJI FOOD INDUSTRIES LTD,2,26,29
BUTTERFLY 1KG GREEN GRAM MUNG,19,3936.8,SPICE WORLD LTD,2,26,29
TROP HEAT 100G TURMERIC GRND JAR,20,3040.0,TROPICAL HEAT LTD,2,26,29
SUNLIGHT 750ML LEMON D/WASHING LIQUID,14,3236.8,UNILEVER KENYA LIMITED,2,26,29
WEETABIX 6PACK 112GM,16,1280.0,WEETABIX EAST AFRICA LTD HQ,2,26,29
KANE EXTRA GOLDEN SPIRIT 250ML GLASS PK,21,4257.941992433796,UDV KENYA LIMITED,2,26,29
MANJI 100G THE REAL DIGESTIVE,16,879.5395766056693,MANJI FOOD INDUSTRIES LTD,2,26,29
VIM 1KG SCOURER LEMON+1KG LVR,20,5584.0,UNILEVER KENYA LIMITED,2,26,29
SAFISHA 3PK SPONGE CLOTH,16,2227.2000000000003,SUNDRIES BARGAIN NAIROBI LTD,2,26,29
DOVE 135G BS BAR ORIGINAL,15,3948.0,KIM FAY EAST AFRICA LTD DOVE,2,26,29
KERICHO GOLD 50S TEA BAGS TAGGED,16,1599.4682956627978,GOLD CROWN BEVERAGES K LTD,2,26,29
KAWAN 400G PUFF PASTRY,23,7268.0,CRYSTAL FROZEN AND CHILLED FOODS LTD,2,26,29
ENIGMA 80ML MINI DARK,13,717.9156462585034,RAZCO LTD,2,26,29
TROP HEAT 100G B/PEPPER GRND,15,4680.0,TROPICAL HEAT LTD,2,26,29
JAMAA 800G BAR SOAP WHITE,15,1410.6349615744775,KAPA OIL REFINERIES LTD,2,26,29
AQUAMIST 500ML APPLE FLAVOURED WATER,16,891.6852186187648,AQUAMIST LIMITED,2,26,29
VEGANY 400G TOFU EXTRA FIRM GARLIC&HERB,13,3629.6,VEGAN WORLD LIMITED,2,26,29
SESIA 1KG HONEY JAR,19,12084.0,SESIA LIMITED,2,26,29
SIRIMON 500G CHEDDAR CHEESE,15,5988.279005749463,MORANI LIMITED,2,26,29
BOOCH 300ML BLUEBERRY GINGER DRINK,20,1784.8499772317364,HOUSE OF BOOCH LIMITED,2,26,29
MILL BAKERS 200G DAZ HONEY FLAVOUR,17,1795.2,MILL BAKERS LIMITED,2,26,29
TROP HEAT 150G CHEVDA ORIGINAL,19,943.5815849056604,TROPICAL HEAT LTD,2,26,29
TROP HEAT 45G GINGER GRND,15,1380.0,TROPICAL HEAT LTD,2,26,29
ASTONISH 1LT JASMIN WBERRY FLOOR CLEANER,18,11448.0,SPARKLE BRANDS LIMITED,2,26,29
BUTTERFLY 1KG MASOOR DAL,19,7128.800000000001,SPICE WORLD LTD,2,26,29
SLIM CLOTH PEGS 12PK,17,530.4000000000001,JEVANS ENTERPRISES,2,26,29
KERICHO GOLD PURE PEPPERMINT 20S,17,3604.0,GOLD CROWN BEVERAGES K LTD,2,26,29
TROP HEAT 100G CUMINSEEDS GRND,19,3952.0,TROPICAL HEAT LTD,2,26,29
GEISHA 200G SOAP GREEN ALOE N HONEY,13,1133.6000000000001,UNILEVER KENYA LIMITED,2,26,29
USHINDI 175G WHITE SOAP,13,1222.550300031214,PWANI OIL PRODUCTS LTD.,2,26,29
TROP HEAT 70G POTATO MASALA STICKS,11,484.8733333333334,TROPICAL HEAT LTD,2,26,29
CIL 1KG RICE BROWN,16,12760.506966810619,CAPWELL INDUSTRIES LTD,2,26,29
BLUE BUBBLE 4X50G OCEAN FRESH BLUE BLOCK,12,3312.0,BLUEMART PRODUCTS E A LTD,2,26,29
TROP HEAT 100G CRISPS TOMATO,16,705.2703030303031,TROPICAL HEAT LTD,2,26,29
DL 1L VANILLA ICECREAM,16,883.5884877027735,GLACIER PRODUCTS LTD G P,2,26,29
IL 125G CLASSIC BATH SOAP SP331,11,783.2,P Z CUSSONS EAST AFRICA  LTD HQ,2,26,29
MF 400G ORIGINAL FRESH DISHWASHING PASTE,15,3120.0,P Z CUSSONS EAST AFRICA  LTD HQ,2,26,29
KENYA CANE 350ML,15,3041.3871374527116,UDV KENYA LIMITED,2,26,29
LU 129.6G BISCUITS WHEATABLE  HIGH FIBRE FP,11,604.6834589163976,HASBAH KENYA LTD CADBURY,2,26,29
ROYCO 200G BEEF ORG MCHUZI MIX TUB,17,2312.0,UNILEVER KENYA LIMITED,2,26,29
BOOCH 300ML HIBISCUS LEMON DRINK,10,892.4249886158682,HOUSE OF BOOCH LIMITED,2,26,29
TROP HEAT 100G CURRY POWDER JAR,14,1792.0,TROPICAL HEAT LTD,2,26,29
FACE TOWEL HEAVY WHITE 12X12,15,1440.0,SHAMULA LIMITED,2,26,29
MANJI 200G MARIE BISCUIT,12,659.654682454252,MANJI FOOD INDUSTRIES LTD,2,26,29
FESTIVE 250G CUPCAKE 6PC VANILLA,11,1161.6000000000001,DPL FESTIVE  LIMITED,2,26,29
MF 750ML ANT-B D/WASHING LIQUID ORANGE,11,2631.2000000000003,P Z CUSSONS EAST AFRICA  LTD HQ,2,26,29
ENIGMA 80ML MINI SALTED CARAMEL,10,552.2428048142334,RAZCO LTD,2,26,29
MF 200G D/WASHING PASTE ZESTY LEMON,10,704.0,P Z CUSSONS EAST AFRICA  LTD HQ,2,26,29
NIVEA DEO AQUA COOL ROLL ON 50ML(82886),13,5408.0,BEIERSDORF EAST AFRICA LTD HQ,2,26,29
MANJI 1KG JAR GINGERSNAPS,12,659.654682454252,MANJI FOOD INDUSTRIES LTD,2,26,29
NUTEEZ 400G PEANUT BUTTER CRUNCHY,9,2116.8,JETLAK FOODS LTD,2,26,29
NUTEEZ 400G PEANUT BUTTER SMOOTH,11,2596.0,JETLAK FOODS LTD,2,26,29
BUTTERFLY 1KG CHANNA DAL,11,3247.2,SPICE WORLD LTD,2,26,29
ZESTA 300ML WHITE VINEGAR,11,431.20000000000005,TRUFOODS LIMITED T F,2,26,29
VELVEX ANTIBACTERIAL WET WIPES 60S,9,1290.3271244051666,CHANDARIA INDUSTRIES LTD HYGIENE,2,26,29
TROP HEAT 100G ONION POWDER JAR,9,1368.0,TROPICAL HEAT LTD,2,26,29
MOHAWK KOMBUCHA 500ML PEACH PUNCH DRINK,14,1249.3949840622156,ROYAL BREKKERS LIMITED,2,26,29
58 GIN&TONIC 330ML THE CLASSIC,12,2202.647742489869,SAVANNAH BRANDS COMPANY LIMITED,2,26,29
SAFISHA 400G LEMON DISHWASHING PASTE,13,2184.0,SUNDRIES BARGAIN NAIROBI LTD,2,26,29
KERICHO GOLD GREEN TEA MINT 25 TB,10,1600.0,GOLD CROWN BEVERAGES K LTD,2,26,29
254 NIAJE 330ML LAGER BEER,9,1646.577419830766,254 BREWING COMPANY LIMITED,2,26,29
EVEREADY 4S BLACK 1215BP4,8,1792.0,HASBAH KENYA LTD,2,26,29
OUT OF AFRICA 250G CASHEWNUTS AA,8,409.6,KENYA NUT COMPANY,2,26,29
ILARA 500ML STRAWBERRY YOGHURT CUP,10,939.6110344827588,BROOKSIDE DAIRY LIMITED,2,26,29
MANJI 100G TEA BISCUITS,9,494.74101184068894,MANJI FOOD INDUSTRIES LTD,2,26,29
BOOCH 300ML MANGO CHILI DRINK,10,892.4249886158682,HOUSE OF BOOCH LIMITED,2,26,29
NUTRAMEAL 1KG POLISHED GREEN GRAM,8,1273.6000000000001,KAMILI PACKERS LIMITED NORMAL,2,26,29
TROP HEAT 20G ROSEMARY LEAVES JAR,7,392.0,TROPICAL HEAT LTD,2,26,29
KO 330ML PASSION&LIME CIDER,9,1651.9858068674016,SAVANNAH BRANDS COMPANY LIMITED,2,26,29
NATURALLI 250G SUNFLOWER SEEDS,10,2552.0,HEALTHY U TWO THOUSAND LTD,2,26,29
GEISHA 200G WHITE FAMILY PACK 3S,9,2408.4,UNILEVER KENYA LIMITED,2,26,29
QMP 200G BREADED CHICKEN POPS,9,1188.0,QUALITY MEAT PACKERS LTD,2,26,29
WEETABIX 420G WEETOS FAMILY PACK,7,3892.0,WEETABIX EAST AFRICA LTD HQ,2,26,29
FC 400G (30D) FRESH BEEF SMOKIES,11,3238.190600832838,FARMERS CHOICE LTD,2,26,29
SANTA MARIA 400G WHOLE CHOPPED TOMATOES,9,1198.2910262710266,DEBENHAM AND FEAR LTD,2,26,29
TUZO 400G YOGHURT VANILLA,8,751.688827586207,BROOKSIDE DAIRY LIMITED,2,26,29
QUEEN DELI 100G MOZARELLA BALLS,8,3193.7488030663803,LEMOC LIMITED,2,26,29
WABA 20LT MINERAL WATER,6,334.3819569820368,JETLAK FOODS LTD,2,26,29
NIVEA 400ML NOURISHING BODY LOTION,8,4096.0,BEIERSDORF EAST AFRICA LTD HQ,2,26,29
PERSIL 1KG HAND WASH POWDER ROSE,9,3348.0,CHANDARIA INDUSTRIES LTD HENKEL C BRANDS,2,26,29
BUTTERFLY TOOR DAL 1KG WASHED,6,1992.0,SPICE WORLD LTD,2,26,29
URBAN BITES 120G FUNKY FRUIT CHUTNY,8,352.63515151515156,NORDA INDUSTRIES LTD.,2,26,29
ATA 1KG SCOURING POWDER,7,1036.0,CHANDARIA INDUSTRIES LTD HENKEL C BRANDS,2,26,29
FESTIVE 250G CUPCAKE 6PC CHOCOLATE,10,1056.0,DPL FESTIVE  LIMITED,2,26,29
KERICHO GOLD STRAWBERRY N VANILLA  20S,7,1484.0,GOLD CROWN BEVERAGES K LTD,2,26,29
LD 120ML IMPULSE DOUBLE CHOC CONE,5,276.1214024071167,CRYSTAL FROZEN AND CHILLED FOODS LTD,2,26,29
TROP HEAT 20G BASIL RUBBED JAR,6,408.0,TROPICAL HEAT LTD,2,26,29
SO FRESH 100G SMOKED SALMON  PKT,6,6811.200000000001,EEEZY COOK LTD,2,26,29
OOHI LALA 1LT WILD FRUITS YOGHURT,6,563.7666206896553,RAZCO LTD,2,26,29
KENTASTE 1L COCONUT OIL,6,6907.200000000001,CHANDARIA INDUSTRIES  LTD KENTASTE,2,26,29
GOLDEN RUMP 330ML EMPTY BOTTLE,7,84.0,254 BREWING COMPANY LIMITED,2,26,29
SUNLIGHT 1KG 2IN1 TROPICAL SENSATION,5,1428.0,UNILEVER KENYA LIMITED,2,26,29
FC 2KG (7M) PET FOOD TEAM,8,2528.0,FARMERS CHOICE LTD,2,26,29
CHOCO PRIMO 200G D/CHOCOLATE,8,677.8785757392878,TRUFOODS LIMITED T F,2,26,29
NUTEEZ 250G PEANUT BUTTER CRUNCHY,6,936.0,JETLAK FOODS LTD,2,26,29
WRIGLEYS BIG G 50S ORIGINAL,6,128.15005861664713,RADBONE CLARK LIMITED MARS,2,26,29
JAVA 90G MACADAMIA NUT COOKIES,7,384.7985647649803,NAIROBI JAVA HOUSE LTD,2,26,29
ASTONISH 600G OXY ACTIVE TOUGH STAIN REMOVER,7,5012.0,SPARKLE BRANDS LIMITED,2,26,29
DL 150G YOGHURT PEACH MANGO,6,563.7666206896553,GLACIER PRODUCTS LTD 2ND,2,26,29
QUENCHER 1LT FIZTO DRINK,6,859.2,EXCEL CHEMICALS LTD,2,26,29
NUTEEZ 250G PEANUT BUTTER SMOOTH,6,936.0,JETLAK FOODS LTD,2,26,29
FC 500G (30D) FRESH PORK FRANKFURTERS,5,1471.9048185603808,FARMERS CHOICE LTD,2,26,29
HUNTERS CHOICE WHISKY 350ML,6,1216.5548549810846,KENYA WINE AGENCIES KWAL,2,26,29
SAFISHA 1L LIME WASHING UP LIQUID,5,784.0,SUNDRIES BARGAIN NAIROBI LTD,2,26,29
FIX8 250ML KOMBUCHA STRAWBERRY BASIL,4,646.6818338870432,GOLD CROWN BEVERAGES K LTD,2,26,29
FRESHA 250ML SBERRY CUP YOG,4,375.8444137931035,GITHUNGURI DAIRY FARMERS,2,26,29
EXE 2KG ALL PURPOSE FLOUR,277,35481.435254572425,UNGA LTD,2,27,30
AJAB 2KG HOME BAKING FLOUR,272,34746.049145914796,GRAIN INDUSTRIES LIMITED,2,27,30
EXE 1KG ALL PURPOSE,53,3630.029546865301,UNGA LTD,2,27,30
KINGSMIL 400G KUBWA WAO BROWN BREAD,43,2236.0,KENAFRIC BAKERY LTD,2,27,30
AJAB 1KG HOME BAKING FLOUR,45,5453.962195447299,GRAIN INDUSTRIES LIMITED,2,27,30
RINA 2L VEGETABLE OIL JERRICAN,28,25885.771036113165,KAPA OIL REFINERIES LTD,2,27,30
RINA 3LT VEGETABLE  OIL,28,25885.771036113165,KAPA OIL REFINERIES LTD,2,27,30
BUTTERFLY 2KG ATTA MARK 1 FLOUR,14,1696.7882385836042,SPICE WORLD LTD,2,27,30
SUPA 1.5KG BUTTER TOAST BREAD,13,1040.0,MINI BAKERIES NBI  LTD,2,27,30
EXE 2KG ATTA MARK 1,14,1696.7882385836042,UNGA LTD,2,27,30
AVENA 5L VEGETABLE OIL,11,10169.4100499016,GOLDEN AFRICA K LTD,2,27,30
SOKO 2KG NUTRIGO WHOLE GRAIN MAIZE MEAL,10,1211.9915989882886,CAPWELL INDUSTRIES LTD,2,27,30
CLOVERS 1KG BROWN SUGAR,7,1378.193917641518,TRI CLOVER INDUSTRIES LTD,2,27,30
SOKO 1KG HOMEBAKING FLOUR,6,727.1949593929733,CAPWELL INDUSTRIES LTD,2,27,30
BUTTERFLY 5KG ATTA MARK FLOUR,4,484.79663959531547,SPICE WORLD LTD,2,27,30
ISINYA 6S EGGS,152,15224.089015917938,ISINYA FEEDS LIMITED,2,27,30
VELVEX 100S WHITE SERVIETTES,126,11712.495945592467,CHANDARIA INDUSTRIES  LTD,2,27,30
COKE PET 2LTS,174,22915.10800191663,COCA COLA BEVERAGES KENYA LTD,2,27,30
DL 37G FILLED CHOCOLATES MINT CHOC,96,5351.528385959289,GLACIER PRODUCTS LTD 2ND,2,27,30
ISINYA 15S EGGS,131,32510.16534471504,ISINYA FEEDS LIMITED,2,27,30
KENSALT 1KG IODIZED SALT,107,3535.825855072464,KENSALT LIMITED,2,27,30
CARTOONS 30G TANGY TOMATO CRISPS,85,3827.963976945245,PROPACK KENYA LTD,2,27,30
ROTHMANS SWITCH BLUE 20S,92,26864.05834324217,NOBLE OUTLOOK LIMITED,2,27,30
SPRITE SODA PET 2LTS,71,8749.525468501086,COCA COLA BEVERAGES KENYA LTD,2,27,30
KENSALT 500G IODIZED SALT,76,1276.2,KENSALT LIMITED,2,27,30
FESTIVE TORTILLA WRAP 8 INCH,62,13613.45702811245,DPL FESTIVE  LIMITED,2,27,30
MAYERS 750ML GLASS SPARKLING EMPTY BOTTLE,88,6688.0,MALACHITE LIMITED,2,27,30
FANTA PASSION PET 2LTS,60,7330.537326022776,COCA COLA BEVERAGES KENYA LTD,2,27,30
KERICHO GOLD 100S TEA BAGS ENVELOPE,61,6097.972877214416,GOLD CROWN BEVERAGES K LTD,2,27,30
TROP HEAT 50G CHEVDA ORIGINAL,44,2185.1363018867924,TROPICAL HEAT LTD,2,27,30
URBAN STIX 35G KUKU CHOMA SNACK,52,1456.0495533055391,NORDA INDUSTRIES LTD.,2,27,30
QUENCHER LIFE 5LT PREMIUM DRINKING WATER,68,12149.132508143324,EXCEL CHEMICALS LTD,2,27,30
SIRIMON 250G EVERYDAY CHEESE,45,17744.56119402985,MORANI LIMITED,2,27,30
FELIX 85G CAT BEEF,50,7754.580196873191,MERIT AFRICA LTD,2,27,30
AQUAMIST 19L DISPOSABLE WATER,44,19925.998853868197,AQUAMIST LIMITED,2,27,30
URBAN STIX 35G THAI SWEET CHILLI SNACKS,52,1456.0,NORDA INDUSTRIES LTD.,2,27,30
SANTA MARIA 70G TOMATO PASTE SATCHET,40,1195.7383177570093,DEBENHAM AND FEAR LTD,2,27,30
KNORR 51G 6S BEEF CHILLI CUBES,42,3166.4929032258065,UNILEVER KENYA LIMITED,2,27,30
FELIX 85G CAT TUNA,57,8684.742645241042,MERIT AFRICA LTD,2,27,30
SUNLIGHT 700G LONG BAR YELLOW,42,3949.7778924085374,UNILEVER KENYA LIMITED,2,27,30
ISINYA 20S EGGS,45,14811.510920084505,ISINYA FEEDS LIMITED,2,27,30
DELAMERE 100ML VANILLA FRUIT YOG CUP,36,3382.599724137932,BROOKSIDE DAIRY LIMITED,2,27,30
USHINDI 175G YELLOW SOAP,42,3949.7778924085374,PWANI OIL PRODUCTS LTD.,2,27,30
AQUAMIST 10LT MINERAL WATER,32,1783.3704372375296,AQUAMIST LIMITED,2,27,30
FELIX 85G CAT SALMON,52,7910.872308733922,MERIT AFRICA LTD,2,27,30
ARIMIS 200ML MILKING JELLY,44,4417.6,TRI CLOVER INDUSTRIES LTD,2,27,30
VELVEX ECO-FRIENDLY KITCHEN TOWEL TWIN PACK,50,9200.0,CHANDARIA INDUSTRIES  LTD,2,27,30
GREEN FARM 6S Y/YORK EGGS,42,13824.076858745539,GREEN FARM POULTRY,2,27,30
KENYLON 275G TOMATO PASTE EOT,30,896.803738317757,TRUFOODS LIMITED T F,2,27,30
KLEENEX SERVIETES 1 PLYX100S WHITE,41,3811.208998168978,KIM FAY EAST AFRICA LTD,2,27,30
WANPY 100G CHICKEN RAWHIDE CD10H,44,13798.400000000001,BRAND ROYALTY LTD,2,27,30
HIGHLANDS 1.5LT MINERAL WATER,38,2117.752394219566,HIGHLANDS DRINKS LIMITED,2,27,30
SUNLIGHT 900G LONG BAR YELLOW,30,2821.269923148955,UNILEVER KENYA LIMITED,2,27,30
KERICHO GOLD 500G PREMIUM TEA BLEND,30,2999.003054367746,GOLD CROWN BEVERAGES K LTD,2,27,30
BROOKSIDE 500G SUPERFINE GHEE,34,15204.800000000001,BROOKSIDE DAIRY LIMITED,2,27,30
KERINGET 10LT MINERAL WATER,24,1337.5278279281472,COCA COLA BEVERAGES KENYA LTD,2,27,30
BILA SHAKA 330ML IPA BEER,28,5122.685306140161,MALACHITE LIMITED BEER,2,27,30
RINGOZ 25G BARBEQUE CORN,29,1278.3024242424244,NORDA INDUSTRIES LTD.,2,27,30
NESTLE 50G CERELAC WHEAT SACHET,27,1512.0,NESTLE KENYA LTD,2,27,30
DOWNY 900ML POUCH SWEET ELEGANCE,21,11726.4,HASBAH KENYA LTD P AND G,2,27,30
ACACIA 200ML KIDS MANGO,22,1963.3349749549102,KEVIAN KENYA LTD,2,27,30
FLORA JUMBO BATHROOM TISSUE SC WHITE 100M,25,8828.428338762214,AFRICAN COTTON INDUSTRIES LTD,2,27,30
SUNLIGHT 1KG 2IN1 LAVENDER WASHING POWDER,27,7711.200000000001,UNILEVER KENYA LIMITED,2,27,30
KOTEX 16S SUPER TAMPONS,33,5193.639751552796,KIM FAY EAST AFRICA LTD,2,27,30
FLORA 4S TOILET ROLLS WHITE,28,9887.839739413681,AFRICAN COTTON INDUSTRIES LTD,2,27,30
TROP HEAT 100G PILAU MASALA GRND,27,6156.0,TROPICAL HEAT LTD,2,27,30
ROYCO 4G 40S CHICKEN CUBES,21,1583.2998528113042,UNILEVER KENYA LIMITED,2,27,30
TROP HEAT 100G CINNAMON GRND,20,3040.0,TROPICAL HEAT LTD,2,27,30
LAKI LAKI 150ML GREEK YOGHURT VANILLA,23,2161.105379310345,LAKI LAKI LIMITED,2,27,30
BROOKSIDE 250ML COFFEE,20,1097.9097983474878,BROOKSIDE DAIRY LIMITED,2,27,30
BIO 150ML TROPICAL MX YOGHURT,20,1879.2220689655176,BIO FOOD PRODUCTS LTD,2,27,30
PRESTIGE 500G ORIGINAL MARGARINE,28,6149.304351521005,KAPA OIL REFINERIES LTD,2,27,30
BIO 90ML MANGO YOGHURT,21,1973.1831724137935,BIO FOOD PRODUCTS LTD,2,27,30
KNORR 4G 40S RICH MEATY SEASONING CUBES,21,1583.2998528113042,UNILEVER KENYA LIMITED,2,27,30
ZESTA 700ML WHITE VINEGAR,20,1360.0,TRUFOODS LIMITED T F,2,27,30
BIO 1LT GREEK YOGHURT NATURE PLAIN,26,2442.988689655173,BIO FOOD PRODUCTS LTD,2,27,30
LAKI LAKI 150ML GREEK YOGHURT P/APPLE COCONUT,23,2161.105379310345,LAKI LAKI LIMITED,2,27,30
AQUAMIST 500ML MANGO FLAVOURED WATER,26,1448.9884802554927,AQUAMIST LIMITED,2,27,30
BLUE BAND 100G ORIGINAL,19,4172.742238532111,SUPER SAVERS DISTRIBUTION LTD,2,27,30
GOFRUT 1LT MULTI FRUIT DRINK,20,1404.8736706753111,EXCEL CHEMICALS LTD,2,27,30
MOLPED PURE&SOFT EX LONG 14S,18,2832.8944099378887,HAYAT KIMYA  K  H PRODUCTS LTD,2,27,30
BUTTERFLY 1KG GREEN GRAM MUNG,23,4765.6,SPICE WORLD LTD,2,27,30
TROP HEAT 100G TURMERIC GRND JAR,25,3800.0,TROPICAL HEAT LTD,2,27,30
SUNLIGHT 750ML LEMON D/WASHING LIQUID,21,4855.200000000001,UNILEVER KENYA LIMITED,2,27,30
WEETABIX 6PACK 112GM,18,1440.0,WEETABIX EAST AFRICA LTD HQ,2,27,30
KANE EXTRA GOLDEN SPIRIT 250ML GLASS PK,26,5271.737704918033,UDV KENYA LIMITED,2,27,30
BUTTERFLY 1KG CHICK PEAS KABULI CHANA,17,5984.0,SPICE WORLD LTD,2,27,30
MANJI 100G THE REAL DIGESTIVE,20,1099.4244707570865,MANJI FOOD INDUSTRIES LTD,2,27,30
GOFRUT 250ML LEMON MINT MOJITO FRUIT DRINK,15,1053.6552530064835,EXCEL CHEMICALS LTD,2,27,30
SAFISHA 3PK SPONGE CLOTH,20,2784.0000000000005,SUNDRIES BARGAIN NAIROBI LTD,2,27,30
DOVE 135G BS BAR ORIGINAL,20,5264.0,KIM FAY EAST AFRICA LTD DOVE,2,27,30
ILARA 150ML VANILLA YOGHURT CUP,17,1597.33875862069,BROOKSIDE DAIRY LIMITED,2,27,30
KERICHO GOLD 50S TEA BAGS TAGGED,20,1999.3353695784972,GOLD CROWN BEVERAGES K LTD,2,27,30
ENIGMA 80ML MINI DARK,17,938.8127681841968,RAZCO LTD,2,27,30
TROP HEAT 100G B/PEPPER GRND,19,5928.0,TROPICAL HEAT LTD,2,27,30
VEGANY 400G TOFU EXTRA FIRM SALT&PEPPER,14,3908.7999999999997,VEGAN WORLD LIMITED,2,27,30
JAMAA 800G BAR SOAP WHITE,18,1692.7619538893732,KAPA OIL REFINERIES LTD,2,27,30
AQUAMIST 500ML APPLE FLAVOURED WATER,20,1114.6065232734559,AQUAMIST LIMITED,2,27,30
VEGANY 400G TOFU EXTRA FIRM GARLIC&HERB,16,4467.2,VEGAN WORLD LIMITED,2,27,30
SIRIMON 500G CHEDDAR CHEESE,19,7585.1534072826535,MORANI LIMITED,2,27,30
IL 150G 3PK CLASSIC BATH SOAP,15,4176.000000000001,P Z CUSSONS EAST AFRICA  LTD HQ,2,27,30
GOFRUT 1LT MANGO FRUIT DRINK,13,913.1678859389523,EXCEL CHEMICALS LTD,2,27,30
MILL BAKERS 500G QUEEN CAKES 12S,14,1478.4,MILL BAKERS LIMITED,2,27,30
TROP HEAT 45G GINGER GRND,17,1564.0,TROPICAL HEAT LTD,2,27,30
BUTTERFLY 1KG MASOOR DAL,21,7879.200000000001,SPICE WORLD LTD,2,27,30
SLIM CLOTH PEGS 12PK,19,592.8000000000001,JEVANS ENTERPRISES,2,27,30
TROP HEAT 100G CUMINSEEDS GRND,20,4160.0,TROPICAL HEAT LTD,2,27,30
GEISHA 200G SOAP GREEN ALOE N HONEY,18,1569.6000000000001,UNILEVER KENYA LIMITED,2,27,30
HARIBO 150G PINK & WHITE CHAMALLOWS HALAL,13,163.54177001986685,ROSHNI DIST LTD  R D,2,27,30
USHINDI 175G WHITE SOAP,17,1598.7196231177413,PWANI OIL PRODUCTS LTD.,2,27,30
TROP HEAT 70G POTATO MASALA STICKS,15,661.1909090909091,TROPICAL HEAT LTD,2,27,30
TROP HEAT 100G CRISPS TOMATO,19,837.508484848485,TROPICAL HEAT LTD,2,27,30
DL 1L VANILLA ICECREAM,19,1049.2613291470434,GLACIER PRODUCTS LTD G P,2,27,30
IL 125G CLASSIC BATH SOAP SP331,14,996.8000000000001,P Z CUSSONS EAST AFRICA  LTD HQ,2,27,30
MF 400G ORIGINAL FRESH DISHWASHING PASTE,19,3952.0,P Z CUSSONS EAST AFRICA  LTD HQ,2,27,30
KELLOGGS 450G CORNFLAKES,12,8198.400000000001,HASBAH KENYA LTD,2,27,30
LU 129.6G BISCUITS WHEATABLE  HIGH FIBRE FP,14,769.5971295299606,HASBAH KENYA LTD CADBURY,2,27,30
SESIA 350G HONEY SQUEEZY,12,2688.0,SESIA LIMITED,2,27,30
BOOCH 300ML HIBISCUS LEMON DRINK,12,1070.909986339042,HOUSE OF BOOCH LIMITED,2,27,30
TROP HEAT 100G CURRY POWDER JAR,17,2176.0,TROPICAL HEAT LTD,2,27,30
MANJI 200G MARIE BISCUIT,15,824.5683530678149,MANJI FOOD INDUSTRIES LTD,2,27,30
MF 750ML ANT-B D/WASHING LIQUID ORANGE,15,3588.0000000000005,P Z CUSSONS EAST AFRICA  LTD HQ,2,27,30
ENIGMA 80ML MINI SALTED CARAMEL,11,607.4670852956567,RAZCO LTD,2,27,30
KOTEX 20S SINGLE WRAPPED PANTYLINERS,11,1731.2132505175987,KIM FAY EAST AFRICA LTD,2,27,30
MF 200G D/WASHING PASTE ZESTY LEMON,11,774.4000000000001,P Z CUSSONS EAST AFRICA  LTD HQ,2,27,30
FESTIVE 200G CUPCAKE 8PC VANILLA,11,1161.6000000000001,DPL FESTIVE  LIMITED,2,27,30
MANJI 1KG JAR GINGERSNAPS,14,769.5971295299606,MANJI FOOD INDUSTRIES LTD,2,27,30
NUTEEZ 400G PEANUT BUTTER CRUNCHY,12,2822.4,JETLAK FOODS LTD,2,27,30
BROOKSIDE 500ML VANILLA YOG TR,10,939.6110344827588,BROOKSIDE DAIRY LIMITED,2,27,30
ZESTA 300ML WHITE VINEGAR,14,548.8000000000001,TRUFOODS LIMITED T F,2,27,30
VELVEX ANTIBACTERIAL WET WIPES 60S,10,1433.6968048946296,CHANDARIA INDUSTRIES LTD HYGIENE,2,27,30
TROP HEAT 100G ONION POWDER JAR,11,1672.0,TROPICAL HEAT LTD,2,27,30
KETEPA 1KG SAFARI PURE TEA,9,899.7009163103238,KENYA TEA PACKERS KETEPA,2,27,30
254 NIAJE 330ML LAGER BEER,13,2378.3896064222176,254 BREWING COMPANY LIMITED,2,27,30
EVEREADY 4S BLACK 1215BP4,10,2240.0,HASBAH KENYA LTD,2,27,30
BLOOM LUXURY 3PLY TOILET 4PK,9,3178.2342019543976,PROPACK KENYA LTD,2,27,30
BUTTERFLY 1KG MUNG DAL SPLIT,8,1516.8000000000002,SPICE WORLD LTD,2,27,30
LAKI LAKI 450ML GREEK YOGHURT MANGO PASSION,9,845.649931034483,LAKI LAKI LIMITED,2,27,30
OUT OF AFRICA 250G CASHEWNUTS AA,12,614.4000000000001,KENYA NUT COMPANY,2,27,30
TWIX 150G MANIATURE BAG,8,1069.2869095816466,RADBONE CLARK LIMITED MARS,2,27,30
VELVEX 5L MULTIPURPOSE DETERGENT,8,3200.0,CHANDARIA INDUSTRIES  LTD,2,27,30
TROP HEAT 100G CORIANDER GRND JAR,7,896.0,TROPICAL HEAT LTD,2,27,30
NUTRAMEAL 1KG POLISHED GREEN GRAM,10,1592.0000000000002,KAMILI PACKERS LIMITED NORMAL,2,27,30
TROP HEAT 20G ROSEMARY LEAVES JAR,8,448.0,TROPICAL HEAT LTD,2,27,30
KO 330ML PASSION&LIME CIDER,12,2202.647742489869,SAVANNAH BRANDS COMPANY LIMITED,2,27,30
KENBEEF 400G BURGER 4PCS,8,2355.047709696609,KENCHIC FROZEN,2,27,30
SANTA MARIA 400G WHOLE CHOPPED TOMATOES,10,1331.434473634474,DEBENHAM AND FEAR LTD,2,27,30
TUZO 400G YOGHURT VANILLA,11,1033.5721379310346,BROOKSIDE DAIRY LIMITED,2,27,30
QUEEN DELI 100G MOZARELLA BALLS,9,3592.967403449678,LEMOC LIMITED,2,27,30
WABA 20LT MINERAL WATER,7,390.1122831457096,JETLAK FOODS LTD,2,27,30
NIVEA 400ML NOURISHING BODY LOTION,10,5120.0,BEIERSDORF EAST AFRICA LTD HQ,2,27,30
MONSTER 500ML ENERGY DRINK,7,904.6374230222643,COCA COLA BEVERAGES KENYA LTD,2,27,30
REXONA 50ML POWDER CLEAN AND FRESH ROLL-ON,7,2212.0,UNILEVER KENYA LIMITED,2,27,30
BUTTERFLY TOOR DAL 1KG WASHED,7,2324.0,SPICE WORLD LTD,2,27,30
ATA 1KG SCOURING POWDER,9,1332.0,CHANDARIA INDUSTRIES LTD HENKEL C BRANDS,2,27,30
MILL BAKERS 350G  MINI MANDEIRA LEMON,6,633.6,MILL BAKERS LIMITED,2,27,30
KERICHO GOLD STRAWBERRY N VANILLA  20S,8,1696.0,GOLD CROWN BEVERAGES K LTD,2,27,30
LD 120ML IMPULSE DOUBLE CHOC CONE,7,386.5699633699634,CRYSTAL FROZEN AND CHILLED FOODS LTD,2,27,30
TROP HEAT 20G BASIL RUBBED JAR,7,476.0,TROPICAL HEAT LTD,2,27,30
QMP 500G BREADED CHICKEN NUGGETS,6,2040.0,QUALITY MEAT PACKERS LTD,2,27,30
SO FRESH 100G SMOKED SALMON  PKT,8,9081.6,EEEZY COOK LTD,2,27,30
TROP HEAT 150G RICE CAKE FRUIT CHUTNEY,6,1008.0,TROPICAL HEAT LTD,2,27,30
KENTASTE 1L COCONUT OIL,7,8058.400000000001,CHANDARIA INDUSTRIES  LTD KENTASTE,2,27,30
GOLDEN RUMP 330ML EMPTY BOTTLE,9,108.0,254 BREWING COMPANY LIMITED,2,27,30
DL 1L BISCOTTI ICECREAM,5,276.1214024071167,GLACIER PRODUCTS LTD G P,2,27,30
SUNLIGHT 1KG 2IN1 TROPICAL SENSATION,7,1999.2000000000003,UNILEVER KENYA LIMITED,2,27,30
CIRIO 400G RED KIDNEY BEANS,5,665.717236817237,DEBENHAM AND FEAR LTD,2,27,30
FC 2KG (7M) PET FOOD TEAM,9,2844.0,FARMERS CHOICE LTD,2,27,30
CHOCO PRIMO 200G D/CHOCOLATE,9,762.6133977066988,TRUFOODS LIMITED T F,2,27,30
NUTEEZ 250G PEANUT BUTTER CRUNCHY,8,1248.0,JETLAK FOODS LTD,2,27,30
JAVA 90G MACADAMIA NUT COOKIES,9,494.74101184068894,NAIROBI JAVA HOUSE LTD,2,27,30
DL 150G YOGHURT PEACH MANGO,8,751.688827586207,GLACIER PRODUCTS LTD 2ND,2,27,30
OOHI LALA 250ML STRAWBERRY YOG DRINK,6,563.7666206896553,RAZCO LTD,2,27,30
QUENCHER 1LT FIZTO DRINK,8,1145.6000000000001,EXCEL CHEMICALS LTD,2,27,30
CELINE TOILET ROLLS 4PACK,5,1765.6856677524431,JUBILEE TISSUE INDUSTRIES LTD,2,27,30
NUTEEZ 250G PEANUT BUTTER SMOOTH,7,1092.0,JETLAK FOODS LTD,2,27,30
FC 500G (30D) FRESH PORK FRANKFURTERS,6,1766.2857822724568,FARMERS CHOICE LTD,2,27,30
HUNTERS CHOICE WHISKY 350ML,7,1419.313997477932,KENYA WINE AGENCIES KWAL,2,27,30
SAFISHA 1L LIME WASHING UP LIQUID,7,1097.6000000000001,SUNDRIES BARGAIN NAIROBI LTD,2,27,30
FIX8 250ML KOMBUCHA STRAWBERRY BASIL,7,1131.6932093023256,GOLD CROWN BEVERAGES K LTD,2,27,30
FRESHA 250ML SBERRY CUP YOG,6,563.7666206896553,GITHUNGURI DAIRY FARMERS,2,27,30
EXE 2KG ALL PURPOSE FLOUR,380,48674.89312901632,UNGA LTD,2,28,31
AJAB 2KG HOME BAKING FLOUR,330,42155.13315497016,GRAIN INDUSTRIES LIMITED,2,28,31
FRESHA MAISHA 500ML LONG LIFE MILK,134,5944.64857457482,GITHUNGURI DAIRY FARMERS,2,28,31
BROOKSIDE 1L LACTOSE FREE UHT MILK,110,15331.28102860142,BROOKSIDE DAIRY LIMITED,2,28,31
SUPA 400G BUTTER TOAST BREAD,100,5200.179926904695,MINI BAKERIES NBI  LTD,2,28,31
FESTIVE 300G 6S DELUXE ROLLS,87,8352.0,DPL FESTIVE  LIMITED,2,28,31
RINSUN 2LT SUNFLOWER OIL,72,43639.391150442476,KAPA OIL REFINERIES LTD,2,28,31
EXE 1KG ALL PURPOSE,67,4588.905276225947,UNGA LTD,2,28,31
RINSUN 3LT SUNFLOWER OIL,51,44630.801211387035,KAPA OIL REFINERIES LTD,2,28,31
RINSUN 1LT SUNFLOWER OIL,44,40677.6401996064,KAPA OIL REFINERIES LTD,2,28,31
AJAB 1KG HOME BAKING FLOUR,56,6787.152954334417,GRAIN INDUSTRIES LIMITED,2,28,31
BUTTERFLY 2KG ATTA MARK 1 FLOUR,19,2302.7840380777484,SPICE WORLD LTD,2,28,31
AVENA 5L VEGETABLE OIL,13,12018.393695338254,GOLDEN AFRICA K LTD,2,28,31
JOGOO 1KG MAIZE MEAL,8,969.5932791906309,UNGA LTD,2,28,31
CLOVERS 1KG BROWN SUGAR,8,1575.078763018878,TRI CLOVER INDUSTRIES LTD,2,28,31
SOKO 1KG HOMEBAKING FLOUR,9,1090.7924390894598,CAPWELL INDUSTRIES LTD,2,28,31
EXE 2KG BROWN BREAD FLOUR,2,242.39831979765773,UNGA LTD,2,28,31
BUTTERFLY 5KG ATTA MARK FLOUR,4,484.79663959531547,SPICE WORLD LTD,2,28,31
KRACKLES PERFECTLY SALTED 30G,213,7038.6066086956525,PROPACK KENYA LTD,2,28,31
SPRITE PET 350ML,162,6302.493557816837,COCA COLA BEVERAGES KENYA LTD,2,28,31
ISINYA 6S EGGS,188,18829.794309161658,ISINYA FEEDS LIMITED,2,28,31
VELVEX 100S WHITE SERVIETTES,166,15430.748626732933,CHANDARIA INDUSTRIES  LTD,2,28,31
WRIGLEYS P.K 10S CHEWING GUM PEPPERMINT,145,3094.1127838734374,RADBONE CLARK LIMITED MARS,2,28,31
SCHWEPPES TONIC WATER 500ML PET,140,8499.12047177759,COCA COLA BEVERAGES KENYA LTD,2,28,31
DL 37G FILLED CHOCOLATES MINT CHOC,128,7135.371181279052,GLACIER PRODUCTS LTD 2ND,2,28,31
ISINYA 15S EGGS,163,40451.57978006528,ISINYA FEEDS LIMITED,2,28,31
KNORR 51G 6S CHICKEN CUBES,92,6936.361259935237,UNILEVER KENYA LIMITED,2,28,31
KENSALT 1KG IODIZED SALT,136,4494.133797101449,KENSALT LIMITED,2,28,31
CARTOONS 30G TANGY TOMATO CRISPS,107,4818.731123919309,PROPACK KENYA LTD,2,28,31
ROTHMANS SWITCH BLUE 20S,114,33288.07229488704,NOBLE OUTLOOK LIMITED,2,28,31
SPRITE SODA PET 2LTS,89,10967.715023895727,COCA COLA BEVERAGES KENYA LTD,2,28,31
SUNRICE 2KG RICE BASMATI,69,33820.682508924016,KRISH COMMODITIES LTD,2,28,31
CADBURY 28G BUBBLY CHOCOLATE,63,4929.489575844717,HASBAH KENYA LTD CADBURY,2,28,31
FESTIVE TORTILLA WRAP 8 INCH,75,16467.89156626506,DPL FESTIVE  LIMITED,2,28,31
KETEPA 500G FAHARI YA KENYA,62,11999.868852459018,KENYA TEA PACKERS KETEPA,2,28,31
MAYERS 750ML GLASS SPARKLING EMPTY BOTTLE,95,7220.0,MALACHITE LIMITED,2,28,31
SAVANA DRY PREMIUM CIDER 340ML,66,14960.490402476782,KENYA WINE AGENCIES KWAL,2,28,31
QUENCHER 10LT MINERAL WATER PET,56,13395.2,EXCEL CHEMICALS LTD,2,28,31
FANTA PASSION PET 2LTS,76,9285.34727962885,COCA COLA BEVERAGES KENYA LTD,2,28,31
KERICHO GOLD 100S TEA BAGS ENVELOPE,79,7897.374709835064,GOLD CROWN BEVERAGES K LTD,2,28,31
TROP HEAT 50G CHEVDA ORIGINAL,56,2781.082566037736,TROPICAL HEAT LTD,2,28,31
URBAN STIX 35G KUKU CHOMA SNACK,68,1904.0648004764741,NORDA INDUSTRIES LTD.,2,28,31
SIRIMON 250G EVERYDAY CHEESE,53,20899.149850746267,MORANI LIMITED,2,28,31
ALWAYS 14S MAXI THICK EX/LONG DAY/NIGHT,50,7869.151138716357,HASBAH KENYA LTD P AND G,2,28,31
WEETABIX 425G FAMILY,43,13003.2,WEETABIX EAST AFRICA LTD HQ,2,28,31
FELIX 85G CAT BEEF,63,9770.77104806022,MERIT AFRICA LTD,2,28,31
AQUAMIST 19L DISPOSABLE WATER,58,26266.089398280805,AQUAMIST LIMITED,2,28,31
KRACKLES CURLS 15G CHEESY,41,656.0174560936669,PROPACK KENYA LTD,2,28,31
SANTA MARIA 70G TOMATO PASTE SATCHET,55,1644.1401869158879,DEBENHAM AND FEAR LTD,2,28,31
KNORR 51G 6S BEEF CHILLI CUBES,51,3845.0270967741935,UNILEVER KENYA LIMITED,2,28,31
MILL BAKERS 260G QUEEN CAKE,42,3326.4,MILL BAKERS LIMITED,2,28,31
SUNLIGHT 700G LONG BAR YELLOW,51,4796.158869353224,UNILEVER KENYA LIMITED,2,28,31
ISINYA 20S EGGS,53,17444.668416988417,ISINYA FEEDS LIMITED,2,28,31
DELAMERE 100ML VANILLA FRUIT YOG CUP,47,4416.171862068966,BROOKSIDE DAIRY LIMITED,2,28,31
AQUAMIST 3LT MINERAL WATER,34,1894.8310895648751,AQUAMIST LIMITED,2,28,31
USHINDI 175G YELLOW SOAP,50,4702.116538581592,PWANI OIL PRODUCTS LTD.,2,28,31
AQUAMIST 10LT MINERAL WATER,43,2396.4040250379303,AQUAMIST LIMITED,2,28,31
KERICHO GOLD 100S ROUND TB,38,3798.7372021991446,GOLD CROWN BEVERAGES K LTD,2,28,31
KABARNET 1LT MINERAL WATER,33,1839.1007634012024,KHETIA DRAPERS LTD,2,28,31
KENYLON 275G TOMATO PASTE EOT,40,1195.7383177570093,TRUFOODS LIMITED T F,2,28,31
KLEENEX SERVIETES 1 PLYX100S WHITE,50,4647.815851425583,KIM FAY EAST AFRICA LTD,2,28,31
WANPY 100G CHICKEN RAWHIDE CD10H,50,15680.000000000002,BRAND ROYALTY LTD,2,28,31
ARIEL 1KG DETERGENT FRESH LAVENDER CLEAN,30,8616.0,HASBAH KENYA LTD P AND G,2,28,31
PICK N PEEL 1L RED GRAPE JUICE,34,2388.285240148029,KEVIAN KENYA LTD,2,28,31
HIGHLANDS 1.5LT MINERAL WATER,50,2786.51630818364,HIGHLANDS DRINKS LIMITED,2,28,31
TENA WHITE TOILET ROLL,31,10947.251140065147,AFRICAN COTTON INDUSTRIES LTD,2,28,31
SUNLIGHT 900G LONG BAR YELLOW,34,3197.4392462354826,UNILEVER KENYA LIMITED,2,28,31
COKE ZERO 500ML PET,29,1512.069489894129,COCA COLA BEVERAGES KENYA LTD,2,28,31
TROP HEAT 20G OREGANO RUBBED,30,1920.0,TROPICAL HEAT LTD,2,28,31
KERICHO GOLD 500G PREMIUM TEA BLEND,33,3298.9033598045203,GOLD CROWN BEVERAGES K LTD,2,28,31
BROOKSIDE 500G SUPERFINE GHEE,43,19229.600000000002,BROOKSIDE DAIRY LIMITED,2,28,31
KERINGET 10LT MINERAL WATER,30,1671.909784910184,COCA COLA BEVERAGES KENYA LTD,2,28,31
MILL BAKERS 200G DAZ MILK FLAVOUR,27,2851.2000000000003,MILL BAKERS LIMITED,2,28,31
WEETABIX 850G GIANT,29,15961.599999999999,WEETABIX EAST AFRICA LTD HQ,2,28,31
BILA SHAKA 330ML IPA BEER,35,6403.356632675202,MALACHITE LIMITED BEER,2,28,31
NESTLE 50G CERELAC WHEAT SACHET,31,1736.0,NESTLE KENYA LTD,2,28,31
DOWNY 900ML POUCH SWEET ELEGANCE,27,15076.8,HASBAH KENYA LTD P AND G,2,28,31
FC 200G (30D) PORK BRAWN,21,6182.000237953599,FARMERS CHOICE LTD,2,28,31
ACACIA 200ML KIDS MANGO,29,2588.032466986018,KEVIAN KENYA LTD,2,28,31
FLORA JUMBO BATHROOM TISSUE SC WHITE 100M,32,11300.388273615636,AFRICAN COTTON INDUSTRIES LTD,2,28,31
NUTRAMEAL 1KG YELLOW BEANS,24,5932.8,KAMILI PACKERS LIMITED NORMAL,2,28,31
SUNLIGHT 1KG 2IN1 LAVENDER WASHING POWDER,32,9139.2,UNILEVER KENYA LIMITED,2,28,31
ROYCO 4G 40S CHICKEN CUBES,28,2111.066470415072,UNILEVER KENYA LIMITED,2,28,31
TROP HEAT 100G CINNAMON GRND,29,4408.0,TROPICAL HEAT LTD,2,28,31
TIC TAC 10.2G MINT T2,19,239.02258695211307,HASBAH KENYA LTD,2,28,31
LAKI LAKI 150ML GREEK YOGHURT VANILLA,26,2442.988689655173,LAKI LAKI LIMITED,2,28,31
BROOKSIDE 250ML COFFEE,21,1152.8052882648622,BROOKSIDE DAIRY LIMITED,2,28,31
BIO 150ML TROPICAL MX YOGHURT,25,2349.027586206897,BIO FOOD PRODUCTS LTD,2,28,31
ZESTA 720G HOT & SWEET SAUCE,23,3477.6000000000004,TRUFOODS LIMITED T F,2,28,31
KNORR 4G 40S RICH MEATY SEASONING CUBES,26,1960.276008242567,UNILEVER KENYA LIMITED,2,28,31
ZESTA 700ML WHITE VINEGAR,26,1768.0,TRUFOODS LIMITED T F,2,28,31
BIO 1LT GREEK YOGHURT NATURE PLAIN,29,2724.8720000000003,BIO FOOD PRODUCTS LTD,2,28,31
LAKI LAKI 150ML GREEK YOGHURT P/APPLE COCONUT,22,2067.144275862069,LAKI LAKI LIMITED,2,28,31
BLUE BAND 100G ORIGINAL,24,5270.832301303719,SUPER SAVERS DISTRIBUTION LTD,2,28,31
GOFRUT 1LT MULTI FRUIT DRINK,26,1826.3357718779046,EXCEL CHEMICALS LTD,2,28,31
BIO 500ML MAZIWA LALA NATURE PLAIN,18,1691.299862068966,BIO FOOD PRODUCTS LTD,2,28,31
JAVA 400G CRISPY CRUNCHY GRANOLA,18,10051.199999999999,NAIROBI JAVA HOUSE LTD,2,28,31
MOLPED PURE&SOFT EX LONG 14S,20,3147.660455486543,HAYAT KIMYA  K  H PRODUCTS LTD,2,28,31
BUTTERFLY 1KG GREEN GRAM MUNG,29,6008.8,SPICE WORLD LTD,2,28,31
TROP HEAT 100G TURMERIC GRND JAR,28,4256.0,TROPICAL HEAT LTD,2,28,31
SUNLIGHT 750ML LEMON D/WASHING LIQUID,26,6011.200000000001,UNILEVER KENYA LIMITED,2,28,31
WEETABIX 6PACK 112GM,24,1920.0,WEETABIX EAST AFRICA LTD HQ,2,28,31
ROSY TOILET ROLL 4PACK,19,6709.605537459283,CHANDARIA INDUSTRIES  LTD,2,28,31
TROP HEAT 100G GINGER GRND JAR,17,3128.0,TROPICAL HEAT LTD,2,28,31
TIC TAC 10.2G SPEARMINT T1,19,239.02258695211307,HASBAH KENYA LTD,2,28,31
BUTTERFLY 1KG CHICK PEAS KABULI CHANA,23,8096.0,SPICE WORLD LTD,2,28,31
SIRIMON 500G EVERYDAY CHEESE,17,6786.716206516058,MORANI LIMITED,2,28,31
GOFRUT 250ML LEMON MINT MOJITO FRUIT DRINK,19,1334.6299871415456,EXCEL CHEMICALS LTD,2,28,31
SAFISHA 3PK SPONGE CLOTH,25,3480.0000000000005,SUNDRIES BARGAIN NAIROBI LTD,2,28,31
ILARA 150ML VANILLA YOGHURT CUP,20,1879.2220689655176,BROOKSIDE DAIRY LIMITED,2,28,31
BIO 150ML YOGHURT ORANGE BISCUITS,15,1409.4165517241381,BIO FOOD PRODUCTS LTD,2,28,31
ENIGMA 80ML MINI DARK,20,1104.4856096284668,RAZCO LTD,2,28,31
TROP HEAT 100G B/PEPPER GRND,22,6864.0,TROPICAL HEAT LTD,2,28,31
VEGANY 400G TOFU EXTRA FIRM SALT&PEPPER,20,5584.0,VEGAN WORLD LIMITED,2,28,31
KAPUTEI 180G BASIL PESTO,16,5107.200000000001,KAPUTEI FARM P LIMITED,2,28,31
JAMAA 800G BAR SOAP WHITE,22,2068.9312769759003,KAPA OIL REFINERIES LTD,2,28,31
AQUAMIST 500ML APPLE FLAVOURED WATER,25,1393.25815409182,AQUAMIST LIMITED,2,28,31
VEGANY 400G TOFU EXTRA FIRM GARLIC&HERB,21,5863.2,VEGAN WORLD LIMITED,2,28,31
CIL 1KG RICE PISHORI,16,12760.506966810619,CAPWELL INDUSTRIES LTD,2,28,31
AQUAMIST 500ML 6PK MINERAL WATER,15,835.954892455092,AQUAMIST LIMITED,2,28,31
IL 150G 3PK CLASSIC BATH SOAP,18,5011.200000000001,P Z CUSSONS EAST AFRICA  LTD HQ,2,28,31
MC 330G REAL  MAYONNAISE,14,4804.800000000001,BIO FOOD PRODUCTS LTD,2,28,31
ILARA 500ML FOREST BERRY CUP YOG,15,1409.4165517241381,BROOKSIDE DAIRY LIMITED,2,28,31
GOFRUT 1LT MANGO FRUIT DRINK,16,1123.898936540249,EXCEL CHEMICALS LTD,2,28,31
MILL BAKERS 500G QUEEN CAKES 12S,17,1795.2,MILL BAKERS LIMITED,2,28,31
TOP CHEF 1KG SALT,15,495.67652173913046,KAMILI PACKERS LIMITED NORMAL,2,28,31
ENIGMA 80ML MINI CLASSIC,14,773.1399267399268,RAZCO LTD,2,28,31
ENIGMA 110ML STD CLASSIC,14,773.1399267399268,RAZCO LTD,2,28,31
KERICHO GOLD 50S TEA BAGS ENVELOPE,15,1499.501527183873,GOLD CROWN BEVERAGES K LTD,2,28,31
HARIBO 150G PINK & WHITE CHAMALLOWS HALAL,16,201.28217848598996,ROSHNI DIST LTD  R D,2,28,31
TROP HEAT 70G POTATO MASALA STICKS,19,837.508484848485,TROPICAL HEAT LTD,2,28,31
KITCHEN TOWEL DRAWBOX 12X12,12,1046.4,SHAMULA LIMITED,2,28,31
ENERGIZER AA BATTERY 2PK E91,13,4524.0,HASBAH KENYA LTD,2,28,31
IL 125G CLASSIC BATH SOAP SP331,17,1210.4,P Z CUSSONS EAST AFRICA  LTD HQ,2,28,31
MF 400G ORIGINAL FRESH DISHWASHING PASTE,13,2704.0,P Z CUSSONS EAST AFRICA  LTD HQ,2,28,31
KELLOGGS 450G CORNFLAKES,15,10248.0,HASBAH KENYA LTD,2,28,31
LU 129.6G BISCUITS WHEATABLE  HIGH FIBRE FP,17,934.5108001435236,HASBAH KENYA LTD CADBURY,2,28,31
NATURALLI 300G HIMALAYAN IODISED SEA SALT,12,396.5412173913044,HEALTHY U TWO THOUSAND LTD,2,28,31
SESIA 350G HONEY SQUEEZY,14,3136.0,SESIA LIMITED,2,28,31
AQUAMIST 500ML FRUTZ FRUIT DRINK APPLE,12,1070.909986339042,AQUAMIST LIMITED,2,28,31
BOOCH 300ML HIBISCUS LEMON DRINK,14,1249.3949840622156,HOUSE OF BOOCH LIMITED,2,28,31
RELOAD 500ML ISOTONIC DRINK LEMON,13,1680.0409284699194,EXCEL CHEMICALS LTD,2,28,31
KETEPA 100S TAGGED TEA BAGS CATERING,12,1199.6012217470984,KENYA TEA PACKERS KETEPA,2,28,31
ENIGMA 80ML MINI SALTED CARAMEL,14,773.1399267399268,RAZCO LTD,2,28,31
KOTEX 20S SINGLE WRAPPED PANTYLINERS,14,2203.36231884058,KIM FAY EAST AFRICA LTD,2,28,31
MF 200G D/WASHING PASTE ZESTY LEMON,15,1056.0,P Z CUSSONS EAST AFRICA  LTD HQ,2,28,31
JEVANS ASSORTED COMBS,12,624.0,JEVANS ENTERPRISES,2,28,31
FESTIVE 200G CUPCAKE 8PC VANILLA,13,1372.8000000000002,DPL FESTIVE  LIMITED,2,28,31
MANJI 1KG JAR GINGERSNAPS,18,989.4820236813779,MANJI FOOD INDUSTRIES LTD,2,28,31
NUTEEZ 400G PEANUT BUTTER CRUNCHY,14,3292.8,JETLAK FOODS LTD,2,28,31
KETEPA 250G SAFARI PURE TEA,11,1099.6344532681735,KENYA TEA PACKERS KETEPA,2,28,31
BROOKSIDE 500ML VANILLA YOG TR,11,1033.5721379310346,BROOKSIDE DAIRY LIMITED,2,28,31
SUNLIGHT 500G 2IN1 LAVENDER WASHING POWDER,12,1872.0,UNILEVER KENYA LIMITED,2,28,31
VELVEX ANTIBACTERIAL WET WIPES 60S,13,1863.8058463630184,CHANDARIA INDUSTRIES LTD HYGIENE,2,28,31
TROP HEAT 100G ONION POWDER JAR,13,1976.0,TROPICAL HEAT LTD,2,28,31
PRIDE 800G LIME DISH WASHING PASTE,10,3176.0,CANON CHEMICALS LTD,2,28,31
SPRITE 1.25L PET,12,1248.0,COCA COLA BEVERAGES KENYA LTD,2,28,31
MHARVEST 1KG BAG SUPERFAST OATS,10,3352.0000000000005,HEALTHY U TWO THOUSAND LTD,2,28,31
SNICKERS 40G SINGLE CHOCO BAR,9,1180.4300896286811,RADBONE CLARK LIMITED MARS,2,28,31
SAFISHA WASH UPS 4S,10,1080.0,SUNDRIES BARGAIN NAIROBI LTD,2,28,31
BROWNS 250ML GOAT YOGHURT HONEY,9,845.649931034483,SUNPOWER PRODUCTS LTD,2,28,31
SESIA 500ML HONEY  SQUEEZE,10,3440.0,SESIA LIMITED,2,28,31
KETEPA 1KG SAFARI PURE TEA,12,1199.6012217470984,KENYA TEA PACKERS KETEPA,2,28,31
EVEREADY 4S BLACK 1215BP4,13,2912.0,HASBAH KENYA LTD,2,28,31
BLOOM LUXURY 3PLY TOILET 4PK,12,4237.645602605863,PROPACK KENYA LTD,2,28,31
BUTTERFLY 1KG MUNG DAL SPLIT,10,1896.0000000000002,SPICE WORLD LTD,2,28,31
FC 200G (30D) CHICKEN SANDWICH SLICES,9,2649.4286734086854,FARMERS CHOICE LTD,2,28,31
LAKI LAKI 450ML GREEK YOGHURT MANGO PASSION,11,1033.5721379310346,LAKI LAKI LIMITED,2,28,31
BROWNS 200G MASCARPONE,9,3592.967403449678,SUNPOWER PRODUCTS LTD,2,28,31
PERSIL 3LT MACHINE WASH LIQUID GEL,9,19432.800000000003,CHANDARIA INDUSTRIES LTD HENKEL C BRANDS,2,28,31
KERICHO GOLD GREEN TEA LEMON 25 TB,8,1280.0,GOLD CROWN BEVERAGES K LTD,2,28,31
TWIX 150G MANIATURE BAG,10,1336.6086369770583,RADBONE CLARK LIMITED MARS,2,28,31
ZESTA 700G TOMATO SAUCE,8,1120.0,TRUFOODS LIMITED T F,2,28,31
VELVEX 5L MULTIPURPOSE DETERGENT,9,3600.0,CHANDARIA INDUSTRIES  LTD,2,28,31
JIK REGULAR BLEACH 750ML + 250ML FREE,9,3088.8,TOWFIQ  K  LIMITED HQ,2,28,31
TROP HEAT 100G CORIANDER GRND JAR,9,1152.0,TROPICAL HEAT LTD,2,28,31
NUTRAMEAL 1KG POLISHED GREEN GRAM,11,1751.2000000000003,KAMILI PACKERS LIMITED NORMAL,2,28,31
KO 330ML PASSION&LIME CIDER,8,1468.4318283265793,SAVANNAH BRANDS COMPANY LIMITED,2,28,31
MOHAWK KOMBUCHA 500ML SPICED DRINK,9,803.1824897542814,ROYAL BREKKERS LIMITED,2,28,31
KENBEEF 400G BURGER 4PCS,9,2649.4286734086854,KENCHIC FROZEN,2,28,31
SANTA MARIA 400G WHOLE CHOPPED TOMATOES,12,1597.7213683613686,DEBENHAM AND FEAR LTD,2,28,31
F/C FROZEN 750G (12M) PORK BELLY SPARE RIBS,7,4228.0,FARMERS CHOICE LTD,2,28,31
WABA 20LT MINERAL WATER,9,501.57293547305517,JETLAK FOODS LTD,2,28,31
GRANDE FRANCE 750ML ROSE SPARKLING WINE,7,19012.0,ALIMP GROUP LIMITED SR,2,28,31
MONSTER 500ML ENERGY DRINK,9,1163.1052581714828,COCA COLA BEVERAGES KENYA LTD,2,28,31
LYONS 360ML THOUSAND ISLAND SALAD DRESSING,7,1730.4,RAZCO LTD 2ND,2,28,31
REXONA 50ML POWDER CLEAN AND FRESH ROLL-ON,9,2844.0,UNILEVER KENYA LIMITED,2,28,31
CRYSTAL 1KG ICE CUBES,8,1280.0,CRYSTAL FROZEN AND CHILLED FOODS LTD,2,28,31
MAYERS 20LT STILL MINERAL WATER ONE WAY,8,445.8426093093824,MALACHITE LIMITED,2,28,31
OMO 700G AUTO EXTRA MACHINE WASH,8,2688.0,UNILEVER KENYA LIMITED,2,28,31
BUTTERFLY TOOR DAL 1KG WASHED,9,2988.0,SPICE WORLD LTD,2,28,31
NIVEA 50ML MEN DEEP ROLL ON 80031,7,2912.0,BEIERSDORF EAST AFRICA LTD HQ,2,28,31
MILL BAKERS 350G  MINI MANDEIRA LEMON,7,739.2,MILL BAKERS LIMITED,2,28,31
KERICHO GOLD PURE ROOIBOS TEA 20S,7,2436.0,GOLD CROWN BEVERAGES K LTD,2,28,31
KERICHO GOLD STRAWBERRY N VANILLA  20S,10,2120.0,GOLD CROWN BEVERAGES K LTD,2,28,31
LD 120ML IMPULSE DOUBLE CHOC CONE,9,497.0185243328101,CRYSTAL FROZEN AND CHILLED FOODS LTD,2,28,31
QMP 500G BREADED CHICKEN NUGGETS,7,2380.0,QUALITY MEAT PACKERS LTD,2,28,31
SO FRESH 100G SMOKED SALMON  PKT,10,11352.0,EEEZY COOK LTD,2,28,31
JIAN 30 PACK YELLOW YOLK EGGS,7,2751.696962182269,JIAN CEREALS DEPOT,2,28,31
TROP HEAT 150G RICE CAKE FRUIT CHUTNEY,7,1176.0,TROPICAL HEAT LTD,2,28,31
NUTRAMEAL 5KG BIRD MILLET,7,4200.0,KAMILI PACKERS LIMITED NORMAL,2,28,31
PURE HEALTH 1KG HONEY NAT JAR,6,4488.0,WINNIES PURE HEALTH PRODUCTS LIMITED,2,28,31
BROOKSIDE 450ML FRUITNESS MIXED BERRY CUP,5,469.8055172413794,BROOKSIDE DAIRY LIMITED,2,28,31
KENTASTE 1L COCONUT OIL,9,10360.800000000001,CHANDARIA INDUSTRIES  LTD KENTASTE,2,28,31
GALITOS 250ML LEMON & HERB PIRIPIRI SAUCE,6,2304.0,RAZCO LTD 2ND,2,28,31
GOLDEN RUMP 330ML EMPTY BOTTLE,10,120.0,254 BREWING COMPANY LIMITED,2,28,31
DL 1L BISCOTTI ICECREAM,7,386.5699633699634,GLACIER PRODUCTS LTD G P,2,28,31
SUNLIGHT 1KG 2IN1 TROPICAL SENSATION,9,2570.4,UNILEVER KENYA LIMITED,2,28,31
CIRIO 400G RED KIDNEY BEANS,6,798.8606841806843,DEBENHAM AND FEAR LTD,2,28,31
HC 250G CHEESE PORTION PANEER,7,2794.5302026830827,HAPPY COW LIMITED,2,28,31
CHOCO PRIMO 200G D/CHOCOLATE,5,423.6741098370549,TRUFOODS LIMITED T F,2,28,31
NUTEEZ 250G PEANUT BUTTER CRUNCHY,8,1248.0,JETLAK FOODS LTD,2,28,31
OOHI LALA 250ML STRAWBERRY YOG DRINK,7,657.7277241379311,RAZCO LTD,2,28,31
QUENCHER 1LT FIZTO DRINK,5,716.0000000000001,EXCEL CHEMICALS LTD,2,28,31
BROWNS 200G SHACK SESAME LAVASH CRACKERS,6,329.827341227126,SUNPOWER PRODUCTS LTD,2,28,31
CH VALAC 750ML DRY RED,6,5035.200000000001,SOYS LIMITED,2,28,31
TROP HEAT 400G CRISPS SALTED,6,264.47636363636366,TROPICAL HEAT LTD,2,28,31
CELINE TOILET ROLLS 4PACK,7,2471.9599348534202,JUBILEE TISSUE INDUSTRIES LTD,2,28,31
NUTEEZ 250G PEANUT BUTTER SMOOTH,9,1404.0,JETLAK FOODS LTD,2,28,31
HUNTERS CHOICE WHISKY 350ML,9,1824.832282471627,KENYA WINE AGENCIES KWAL,2,28,31
FIX8 250ML KOMBUCHA STRAWBERRY BASIL,9,1455.0341262458473,GOLD CROWN BEVERAGES K LTD,2,28,31
EXE 2KG ALL PURPOSE FLOUR,426,54567.11703410777,UNGA LTD,2,29,32
FRESHA MAISHA 500ML LONG LIFE MILK,143,6343.916016150741,GITHUNGURI DAIRY FARMERS,2,29,32
BROOKSIDE 1L FARM FRESH MILK,116,12064.0,BROOKSIDE DAIRY LIMITED,2,29,32
FRESHA 5L WHOLE MILK,116,46351.25732899023,GITHUNGURI DAIRY FARMERS,2,29,32
BROOKSIDE 1L LACTOSE FREE UHT MILK,126,17561.285541852532,BROOKSIDE DAIRY LIMITED,2,29,32
SUPA 400G BUTTER TOAST BREAD,114,5928.205116671352,MINI BAKERIES NBI  LTD,2,29,32
BROOKSIDE 200ML  WHOLE MILK TCA,95,2432.0455772113946,BROOKSIDE DAIRY LIMITED,2,29,32
FESTIVE 300G 6S DELUXE ROLLS,103,9888.0,DPL FESTIVE  LIMITED,2,29,32
RINSUN 2LT SUNFLOWER OIL,83,50306.520353982305,KAPA OIL REFINERIES LTD,2,29,32
FESTIVE 350G SLICED SUB ROLLS 4S,56,6272.0,DPL FESTIVE  LIMITED,2,29,32
EXE 1KG ALL PURPOSE,73,4999.852017380509,UNGA LTD,2,29,32
RINSUN 3LT SUNFLOWER OIL,51,44630.801211387035,KAPA OIL REFINERIES LTD,2,29,32
RINSUN 1LT SUNFLOWER OIL,45,41602.13202232473,KAPA OIL REFINERIES LTD,2,29,32
AJAB 1KG HOME BAKING FLOUR,62,7514.34791372739,GRAIN INDUSTRIES LIMITED,2,29,32
KINGSMIL 200G SLICED BROWN BREAD,26,2080.0,KENAFRIC BAKERY LTD,2,29,32
SUPA 600G BARREL WHITE BREAD,19,1520.0,MINI BAKERIES NBI  LTD,2,29,32
BUTTERFLY 2KG ATTA MARK 1 FLOUR,22,2666.381517774235,SPICE WORLD LTD,2,29,32
JOGOO 1KG MAIZE MEAL,9,1090.7924390894598,UNGA LTD,2,29,32
SUPA 1.5KG WHITE SLICED BREAD,8,640.0,MINI BAKERIES NBI  LTD,2,29,32
CLOVERS 1KG BROWN SUGAR,10,1968.8484537735974,TRI CLOVER INDUSTRIES LTD,2,29,32
SOKO 1KG HOMEBAKING FLOUR,9,1090.7924390894598,CAPWELL INDUSTRIES LTD,2,29,32
KRACKLES PERFECTLY SALTED 30G,262,8657.816579710145,PROPACK KENYA LTD,2,29,32
SPRITE PET 350ML,177,6886.057776133211,COCA COLA BEVERAGES KENYA LTD,2,29,32
ISINYA 6S EGGS,208,20832.963916519282,ISINYA FEEDS LIMITED,2,29,32
VELVEX 100S WHITE SERVIETTES,184,17103.96233324614,CHANDARIA INDUSTRIES  LTD,2,29,32
WRIGLEYS P.K 10S CHEWING GUM PEPPERMINT,162,3456.87083439653,RADBONE CLARK LIMITED MARS,2,29,32
PICK N PEEL 250ML ORANGE JUICE,134,10146.450327126324,KEVIAN KENYA LTD,2,29,32
SCHWEPPES TONIC WATER 500ML PET,151,9166.90850884583,COCA COLA BEVERAGES KENYA LTD,2,29,32
DL 37G FILLED CHOCOLATES MINT CHOC,147,8194.527841000161,GLACIER PRODUCTS LTD 2ND,2,29,32
KNORR 51G 6S CHICKEN CUBES,99,7464.127877539006,UNILEVER KENYA LIMITED,2,29,32
FANTA BLACK CURRANT 350ML PET,84,3264.9539582643265,COCA COLA BEVERAGES KENYA LTD,2,29,32
CARTOONS 30G TANGY TOMATO CRISPS,114,5133.9752161383285,PROPACK KENYA LTD,2,29,32
SPRITE SODA PET 2LTS,98,12076.809801593048,COCA COLA BEVERAGES KENYA LTD,2,29,32
BROOKSIDE 250G PROBIOTIC FRUIT CUP YOGHURT VANILLA,77,5721.059292395283,BROOKSIDE DAIRY LIMITED,2,29,32
SUNRICE 2KG RICE BASMATI,71,34800.99214686385,KRISH COMMODITIES LTD,2,29,32
CADBURY 28G BUBBLY CHOCOLATE,74,5790.194104960462,HASBAH KENYA LTD CADBURY,2,29,32
FESTIVE TORTILLA WRAP 8 INCH,76,16687.46345381526,DPL FESTIVE  LIMITED,2,29,32
FELIX 85G CAT CHICKEN,63,9598.926081582204,MERIT AFRICA LTD,2,29,32
NEPTUNE 10S BLENDED TOILET PAPER,58,17073.96595744681,KAPA OIL REFINERIES LTD,2,29,32
KETEPA 500G FAHARI YA KENYA,68,13161.146483342149,KENYA TEA PACKERS KETEPA,2,29,32
SAVANA DRY PREMIUM CIDER 340ML,70,15867.186790505677,KENYA WINE AGENCIES KWAL,2,29,32
QUENCHER 10LT MINERAL WATER PET,60,14352.000000000002,EXCEL CHEMICALS LTD,2,29,32
FANTA PASSION PET 2LTS,78,9529.69852382961,COCA COLA BEVERAGES KENYA LTD,2,29,32
TROP HEAT 50G CHEVDA ORIGINAL,64,3178.380075471698,TROPICAL HEAT LTD,2,29,32
KRAC KURLS 25G TOMATO,49,1531.9828059701495,PROPACK KENYA LTD,2,29,32
SIRIMON 250G EVERYDAY CHEESE,55,21687.797014925374,MORANI LIMITED,2,29,32
ALWAYS 14S MAXI THICK EX/LONG DAY/NIGHT,54,8498.683229813665,HASBAH KENYA LTD P AND G,2,29,32
WEETABIX 425G FAMILY,54,16329.600000000002,WEETABIX EAST AFRICA LTD HQ,2,29,32
AQUAMIST 19L DISPOSABLE WATER,62,28077.54383954155,AQUAMIST LIMITED,2,29,32
KRACKLES CURLS 15G CHEESY,46,736.0195848855774,PROPACK KENYA LTD,2,29,32
SANTA MARIA 70G TOMATO PASTE SATCHET,65,1943.0747663551404,DEBENHAM AND FEAR LTD,2,29,32
KNORR 51G 6S BEEF CHILLI CUBES,57,4297.383225806451,UNILEVER KENYA LIMITED,2,29,32
MILL BAKERS 260G QUEEN CAKE,48,3801.6000000000004,MILL BAKERS LIMITED,2,29,32
PICK N PEEL 1LT PINEAPPLE JUICE,41,2879.991024884388,KEVIAN KENYA LTD,2,29,32
DELAMERE 100ML VANILLA FRUIT YOG CUP,51,4792.01627586207,BROOKSIDE DAIRY LIMITED,2,29,32
AQUAMIST 3LT MINERAL WATER,35,1950.561415728548,AQUAMIST LIMITED,2,29,32
AQUAMIST 10LT MINERAL WATER,50,2786.51630818364,AQUAMIST LIMITED,2,29,32
KERICHO GOLD 100S ROUND TB,46,4598.471350030543,GOLD CROWN BEVERAGES K LTD,2,29,32
KABARNET 1LT MINERAL WATER,34,1894.8310895648751,KHETIA DRAPERS LTD,2,29,32
KRACKLES 125G BANG BANG CHILLI,34,1498.6993939393942,PROPACK KENYA LTD,2,29,32
KENYLON 275G TOMATO PASTE EOT,38,1135.9514018691589,TRUFOODS LIMITED T F,2,29,32
ARIEL 1KG DETERGENT FRESH LAVENDER CLEAN,29,8328.8,HASBAH KENYA LTD P AND G,2,29,32
PICK N PEEL 1L RED GRAPE JUICE,40,2809.7473413506223,KEVIAN KENYA LTD,2,29,32
TENA WHITE TOILET ROLL,34,12006.662540716612,AFRICAN COTTON INDUSTRIES LTD,2,29,32
SUNLIGHT 900G LONG BAR YELLOW,36,3385.5239077787464,UNILEVER KENYA LIMITED,2,29,32
COKE ZERO 500ML PET,35,1824.9114533205004,COCA COLA BEVERAGES KENYA LTD,2,29,32
TROP HEAT 20G OREGANO RUBBED,32,2048.0,TROPICAL HEAT LTD,2,29,32
EVA SHOWER CAP,25,2800.0,JEVANS ENTERPRISES,2,29,32
LYONS 60ML CHOCO & BANANA STICKLINE,24,1325.3827315541603,RAZCO LTD,2,29,32
KERINGET 10LT MINERAL WATER,32,1783.3704372375296,COCA COLA BEVERAGES KENYA LTD,2,29,32
MILL BAKERS 200G DAZ MILK FLAVOUR,30,3168.0000000000005,MILL BAKERS LIMITED,2,29,32
WEETABIX 850G GIANT,31,17062.399999999998,WEETABIX EAST AFRICA LTD HQ,2,29,32
DOWNY 900ML POUCH SWEET ELEGANCE,28,15635.199999999999,HASBAH KENYA LTD P AND G,2,29,32
FC 200G (30D) PORK BRAWN,25,7359.524092801904,FARMERS CHOICE LTD,2,29,32
ACACIA 200ML KIDS MANGO,33,2945.002462432365,KEVIAN KENYA LTD,2,29,32
SAFISHA GENTLE SCRUBBING SPONGE 4S,21,3696.0,SUNDRIES BARGAIN NAIROBI LTD,2,29,32
NUTRAMEAL 1KG YELLOW BEANS,23,5685.6,KAMILI PACKERS LIMITED NORMAL,2,29,32
ROYCO 4G 40S CHICKEN CUBES,30,2261.8569325875774,UNILEVER KENYA LIMITED,2,29,32
TROP HEAT 100G CINNAMON GRND,31,4712.0,TROPICAL HEAT LTD,2,29,32
TIC TAC 10.2G MINT T2,21,264.1828592628618,HASBAH KENYA LTD,2,29,32
BROOKSIDE 250ML COFFEE,25,1372.3872479343597,BROOKSIDE DAIRY LIMITED,2,29,32
PROLITE 8S TROPICAL STD CANDLES WHT BOX,19,2584.0,SUPERSLEEK LIMITED,2,29,32
BIO 150ML TROPICAL MX YOGHURT,27,2536.949793103449,BIO FOOD PRODUCTS LTD,2,29,32
ZESTA 720G HOT & SWEET SAUCE,25,3780.0000000000005,TRUFOODS LIMITED T F,2,29,32
KNORR 4G 40S RICH MEATY SEASONING CUBES,30,2261.8569325875774,UNILEVER KENYA LIMITED,2,29,32
ZESTA 700ML WHITE VINEGAR,25,1700.0,TRUFOODS LIMITED T F,2,29,32
JIK BLEACH 250ML REGULAR,19,2568.8,TOWFIQ  K  LIMITED HQ,2,29,32
KERICHO GOLD PURE HIBISCUS TEA 20S,20,4240.0,GOLD CROWN BEVERAGES K LTD,2,29,32
BLUE BAND 100G ORIGINAL,25,5490.45031385804,SUPER SAVERS DISTRIBUTION LTD,2,29,32
BIO 500ML MAZIWA LALA NATURE PLAIN,21,1973.1831724137935,BIO FOOD PRODUCTS LTD,2,29,32
JAVA 400G CRISPY CRUNCHY GRANOLA,20,11168.0,NAIROBI JAVA HOUSE LTD,2,29,32
MOLPED PURE&SOFT EX LONG 14S,20,3147.660455486543,HAYAT KIMYA  K  H PRODUCTS LTD,2,29,32
ROSY TOILET ROLL 4PACK,20,7062.7426710097725,CHANDARIA INDUSTRIES  LTD,2,29,32
TROP HEAT 100G GINGER GRND JAR,19,3496.0,TROPICAL HEAT LTD,2,29,32
TIC TAC 10.2G SPEARMINT T1,20,251.60272310748746,HASBAH KENYA LTD,2,29,32
BUTTERFLY 1KG CHICK PEAS KABULI CHANA,23,8096.0,SPICE WORLD LTD,2,29,32
MONSTER 500ML THE DOCTOR,16,2067.742681193747,COCA COLA BEVERAGES KENYA LTD,2,29,32
SIRIMON 500G EVERYDAY CHEESE,16,6387.497606132761,MORANI LIMITED,2,29,32
GOFRUT 250ML LEMON MINT MOJITO FRUIT DRINK,18,1264.38630360778,EXCEL CHEMICALS LTD,2,29,32
EVEREST CLUB SODA 350ML EMPTY BOTTLE,15,180.0,SBC KENYA LIMITED,2,29,32
ILARA 150ML VANILLA YOGHURT CUP,23,2161.105379310345,BROOKSIDE DAIRY LIMITED,2,29,32
BIO 150ML YOGHURT ORANGE BISCUITS,14,1315.4554482758622,BIO FOOD PRODUCTS LTD,2,29,32
CLUB SODA 500ML COLA,16,851.0448403046281,HIGHLANDS DRINKS LIMITED,2,29,32
VEGANY 400G TOFU EXTRA FIRM SALT&PEPPER,22,6142.4,VEGAN WORLD LIMITED,2,29,32
KAPUTEI 180G BASIL PESTO,17,5426.400000000001,KAPUTEI FARM P LIMITED,2,29,32
CIL 1KG RICE PISHORI,17,13558.038652236282,CAPWELL INDUSTRIES LTD,2,29,32
AQUAMIST 500ML 6PK MINERAL WATER,17,947.4155447824376,AQUAMIST LIMITED,2,29,32
IL 150G 3PK CLASSIC BATH SOAP,19,5289.6,P Z CUSSONS EAST AFRICA  LTD HQ,2,29,32
MC 330G REAL  MAYONNAISE,15,5148.000000000001,BIO FOOD PRODUCTS LTD,2,29,32
ILARA 500ML FOREST BERRY CUP YOG,19,1785.2609655172416,BROOKSIDE DAIRY LIMITED,2,29,32
GOFRUT 1LT MANGO FRUIT DRINK,16,1123.898936540249,EXCEL CHEMICALS LTD,2,29,32
PRIDE 1LT LEMON LIQ DETERGENT,14,2682.4000000000005,CANON CHEMICALS LTD,2,29,32
BLOOM 9S 3PLY LUXURY TOILET ROLLS,14,4943.9198697068405,PROPACK KENYA LTD,2,29,32
LYONS 1LT VANILLA TUB,13,717.9156462585034,RAZCO LTD,2,29,32
MILL BAKERS 500G QUEEN CAKES 12S,17,1795.2,MILL BAKERS LIMITED,2,29,32
TOP CHEF 1KG SALT,18,594.8118260869566,KAMILI PACKERS LIMITED NORMAL,2,29,32
ENIGMA 80ML MINI CLASSIC,15,828.3642072213502,RAZCO LTD,2,29,32
ENIGMA 110ML STD CLASSIC,15,828.3642072213502,RAZCO LTD,2,29,32
KERICHO GOLD 50S TEA BAGS ENVELOPE,14,1399.534758704948,GOLD CROWN BEVERAGES K LTD,2,29,32
HARIBO 150G PINK & WHITE CHAMALLOWS HALAL,16,201.28217848598996,ROSHNI DIST LTD  R D,2,29,32
ENERGIZER AA BATTERY 2PK E91,13,4524.0,HASBAH KENYA LTD,2,29,32
KELLOGGS 450G CORNFLAKES,16,10931.2,HASBAH KENYA LTD,2,29,32
NATURALLI 300G HIMALAYAN IODISED SEA SALT,14,462.6314202898551,HEALTHY U TWO THOUSAND LTD,2,29,32
SESIA 350G HONEY SQUEEZY,16,3584.0,SESIA LIMITED,2,29,32
AQUAMIST 500ML FRUTZ FRUIT DRINK APPLE,16,1427.8799817853892,AQUAMIST LIMITED,2,29,32
TOSS 500G LAVENDER DETERGENT SATCHET,11,1760.0,KAPA OIL REFINERIES LTD,2,29,32
RELOAD 500ML ISOTONIC DRINK LEMON,15,1938.5087636191379,EXCEL CHEMICALS LTD,2,29,32
KETEPA 100S TAGGED TEA BAGS CATERING,13,1299.5679902260233,KENYA TEA PACKERS KETEPA,2,29,32
KOTEX 20S SINGLE WRAPPED PANTYLINERS,14,2203.36231884058,KIM FAY EAST AFRICA LTD,2,29,32
JEVANS ASSORTED COMBS,13,676.0,JEVANS ENTERPRISES,2,29,32
FESTIVE 200G CUPCAKE 8PC VANILLA,13,1372.8000000000002,DPL FESTIVE  LIMITED,2,29,32
NUVITA 200G CRUNCHY GINGER BISCUITS,10,549.7122353785433,MJENGO LIMITED,2,29,32
KABARNET 20LT MINERAL WATER,11,613.0335878004008,KHETIA DRAPERS LTD,2,29,32
CAPT MORGAN 750ML GOLD,11,2230.3505674653215,UDV KENYA LIMITED,2,29,32
KETEPA 250G SAFARI PURE TEA,11,1099.6344532681735,KENYA TEA PACKERS KETEPA,2,29,32
BROOKSIDE 500ML VANILLA YOG TR,13,1221.4943448275865,BROOKSIDE DAIRY LIMITED,2,29,32
SUNLIGHT 500G 2IN1 LAVENDER WASHING POWDER,13,2028.0,UNILEVER KENYA LIMITED,2,29,32
PRIDE 800G LIME DISH WASHING PASTE,11,3493.6000000000004,CANON CHEMICALS LTD,2,29,32
SANTA MARIA 1LT EXTRA VIRGIN OLIVE OIL,12,26764.800000000003,DEBENHAM AND FEAR LTD,2,29,32
SPRITE 1.25L PET,13,1352.0,COCA COLA BEVERAGES KENYA LTD,2,29,32
TROPNUTS 150G CHILLI LEMON PEANUTS,10,512.0,TROPICAL HEAT LTD,2,29,32
MHARVEST 1KG BAG SUPERFAST OATS,11,3687.2000000000007,HEALTHY U TWO THOUSAND LTD,2,29,32
SNICKERS 40G SINGLE CHOCO BAR,11,1442.7478873239436,RADBONE CLARK LIMITED MARS,2,29,32
SAFISHA WASH UPS 4S,11,1188.0,SUNDRIES BARGAIN NAIROBI LTD,2,29,32
BROWNS 250ML GOAT YOGHURT HONEY,10,939.6110344827588,SUNPOWER PRODUCTS LTD,2,29,32
SESIA 500ML HONEY  SQUEEZE,11,3784.0,SESIA LIMITED,2,29,32
KETEPA 1KG SAFARI PURE TEA,14,1399.534758704948,KENYA TEA PACKERS KETEPA,2,29,32
FRESH KENCHIC 500G CHICKEN SMOKED SAUSAGE,9,2649.4286734086854,KENCHIC FROZEN,2,29,32
MOLPED SUPER NIGHT SUPER LONG 5S,10,1573.8302277432715,HAYAT KIMYA  K  H PRODUCTS LTD,2,29,32
BLOOM LUXURY 3PLY TOILET 4PK,13,4590.782736156352,PROPACK KENYA LTD,2,29,32
BUTTERFLY 1KG MUNG DAL SPLIT,11,2085.6000000000004,SPICE WORLD LTD,2,29,32
FC 200G (30D) CHICKEN SANDWICH SLICES,11,3238.190600832838,FARMERS CHOICE LTD,2,29,32
LAKI LAKI 450ML GREEK YOGHURT MANGO PASSION,12,1127.5332413793105,LAKI LAKI LIMITED,2,29,32
MAGIC 300ML LYCHEE DRINK,9,478.71272267135333,KHETIA DRAPERS LTD,2,29,32
BROWNS 200G MASCARPONE,9,3592.967403449678,SUNPOWER PRODUCTS LTD,2,29,32
PERSIL 3LT MACHINE WASH LIQUID GEL,9,19432.800000000003,CHANDARIA INDUSTRIES LTD HENKEL C BRANDS,2,29,32
KERICHO GOLD GREEN TEA LEMON 25 TB,8,1280.0,GOLD CROWN BEVERAGES K LTD,2,29,32
TWIX 150G MANIATURE BAG,10,1336.6086369770583,RADBONE CLARK LIMITED MARS,2,29,32
ZESTA 700G TOMATO SAUCE,10,1400.0,TRUFOODS LIMITED T F,2,29,32
VELVEX 5L MULTIPURPOSE DETERGENT,10,4000.0,CHANDARIA INDUSTRIES  LTD,2,29,32
KERICHO GOLD SWEET PEPPERMINT  20S,8,1696.0,GOLD CROWN BEVERAGES K LTD,2,29,32
JIK REGULAR BLEACH 750ML + 250ML FREE,9,3088.8,TOWFIQ  K  LIMITED HQ,2,29,32
TROP HEAT 100G CORIANDER GRND JAR,10,1280.0,TROPICAL HEAT LTD,2,29,32
MOHAWK KOMBUCHA 500ML SPICED DRINK,12,1070.909986339042,ROYAL BREKKERS LIMITED,2,29,32
LAKI LAKI 700ML GREEK YOGHURT VANILLA GLS,8,751.688827586207,LAKI LAKI LIMITED,2,29,32
KENBEEF 400G BURGER 4PCS,10,2943.8096371207616,KENCHIC FROZEN,2,29,32
QMP 1.4KG HALAL CAPON,7,3724.0,QUALITY MEAT PACKERS LTD,2,29,32
F/C FROZEN 750G (12M) PORK BELLY SPARE RIBS,8,4832.0,FARMERS CHOICE LTD,2,29,32
GRANDE FRANCE 750ML ROSE SPARKLING WINE,8,21728.0,ALIMP GROUP LIMITED SR,2,29,32
MONSTER 500ML ENERGY DRINK,10,1292.339175746092,COCA COLA BEVERAGES KENYA LTD,2,29,32
LYONS 360ML THOUSAND ISLAND SALAD DRESSING,8,1977.6000000000001,RAZCO LTD 2ND,2,29,32
REXONA 50ML POWDER CLEAN AND FRESH ROLL-ON,10,3160.0,UNILEVER KENYA LIMITED,2,29,32
CRYSTAL 1KG ICE CUBES,8,1280.0,CRYSTAL FROZEN AND CHILLED FOODS LTD,2,29,32
MAYERS 20LT STILL MINERAL WATER ONE WAY,8,445.8426093093824,MALACHITE LIMITED,2,29,32
OMO 700G AUTO EXTRA MACHINE WASH,7,2352.0,UNILEVER KENYA LIMITED,2,29,32
FESTIVE 250G CUPCAKE 6PC BLUEBERRY,7,739.2,DPL FESTIVE  LIMITED,2,29,32
NIVEA 50ML MEN DEEP ROLL ON 80031,7,2912.0,BEIERSDORF EAST AFRICA LTD HQ,2,29,32
MILL BAKERS 350G  MINI MANDEIRA LEMON,8,844.8000000000001,MILL BAKERS LIMITED,2,29,32
KERICHO GOLD PURE ROOIBOS TEA 20S,8,2784.0,GOLD CROWN BEVERAGES K LTD,2,29,32
WEETABIX 1KG OATIBIX QUICK OATS,6,2496.0,WEETABIX EAST AFRICA LTD HQ,2,29,32
FC 400G (30D) BACK BACON,6,1766.2857822724568,FARMERS CHOICE LTD,2,29,32
QMP 500G BREADED CHICKEN NUGGETS,7,2380.0,QUALITY MEAT PACKERS LTD,2,29,32
JIAN 30 PACK YELLOW YOLK EGGS,7,2751.696962182269,JIAN CEREALS DEPOT,2,29,32
TROP HEAT 150G RICE CAKE FRUIT CHUTNEY,9,1512.0,TROPICAL HEAT LTD,2,29,32
NUTRAMEAL 5KG BIRD MILLET,8,4800.0,KAMILI PACKERS LIMITED NORMAL,2,29,32
PURE HEALTH 1KG HONEY NAT JAR,7,5236.0,WINNIES PURE HEALTH PRODUCTS LIMITED,2,29,32
GROUNDED 800G DISHES PASTE,7,5314.400000000001,GLOBAL SLACKER ENTERPRISES LTD,2,29,32
BROOKSIDE 450ML FRUITNESS MIXED BERRY CUP,6,563.7666206896553,BROOKSIDE DAIRY LIMITED,2,29,32
GALITOS 250ML LEMON & HERB PIRIPIRI SAUCE,7,2688.0,RAZCO LTD 2ND,2,29,32
DL 1L BISCOTTI ICECREAM,8,441.79424385138674,GLACIER PRODUCTS LTD G P,2,29,32
FC 500G (14D) BABY BOERS,6,1766.2857822724568,FARMERS CHOICE LTD,2,29,32
CIRIO 410 CANNELLINI BEANS,6,798.8606841806843,DEBENHAM AND FEAR LTD,2,29,32
CIRIO 400G RED KIDNEY BEANS,7,932.0041315441317,DEBENHAM AND FEAR LTD,2,29,32
HC 250G CHEESE PORTION PANEER,7,2794.5302026830827,HAPPY COW LIMITED,2,29,32
NUTEEZ 800G PEANUT BUTTER SMOOTH,5,2280.0,JETLAK FOODS LTD,2,29,32
OOHI LALA 250ML STRAWBERRY YOG DRINK,7,657.7277241379311,RAZCO LTD,2,29,32
BROWNS 200G SHACK SESAME LAVASH CRACKERS,8,439.7697883028346,SUNPOWER PRODUCTS LTD,2,29,32
CH VALAC 750ML DRY RED,7,5874.400000000001,SOYS LIMITED,2,29,32
TROP HEAT 400G CRISPS SALTED,7,308.55575757575764,TROPICAL HEAT LTD,2,29,32
CELINE TOILET ROLLS 4PACK,8,2825.097068403909,JUBILEE TISSUE INDUSTRIES LTD,2,29,32
CELINE ROLL POA 10PACK,6,2118.8228013029316,JUBILEE TISSUE INDUSTRIES LTD,2,29,32
FIX8 250ML KOMBUCHA STRAWBERRY BASIL,7,1131.6932093023256,GOLD CROWN BEVERAGES K LTD,2,29,32
WEETABIX 500G ROLLED OATS,5,1440.0,WEETABIX EAST AFRICA LTD HQ,2,29,32
NATURES 600G WHITE BREAD,528,42240.417954484124,DPL FESTIVE  LIMITED,2,30,33
BIO 1L FRESH WHOLE MILK,290,39644.622403466296,BIO FOOD PRODUCTS LTD,2,30,33
FRESHA MAISHA 500ML LONG LIFE MILK,221,9804.233843142054,GITHUNGURI DAIRY FARMERS,2,30,33
BIO 2L SEMI SKIMMED FRESH MILK,148,36184.43697656045,BIO FOOD PRODUCTS LTD,2,30,33
BROOKSIDE 1L FARM FRESH MILK,182,18928.0,BROOKSIDE DAIRY LIMITED,2,30,33
FRESHA 5L WHOLE MILK,168,67129.40716612378,GITHUNGURI DAIRY FARMERS,2,30,33
BROOKSIDE 1L LACTOSE FREE UHT MILK,194,27038.804723169775,BROOKSIDE DAIRY LIMITED,2,30,33
SUPA 400G BUTTER TOAST BREAD,156,8112.280685971324,MINI BAKERIES NBI  LTD,2,30,33
BROOKSIDE 200ML  WHOLE MILK TCA,141,3609.667646176912,BROOKSIDE DAIRY LIMITED,2,30,33
FESTIVE 300G 6S DELUXE ROLLS,143,13728.0,DPL FESTIVE  LIMITED,2,30,33
RINSUN 2LT SUNFLOWER OIL,92,55761.444247787615,KAPA OIL REFINERIES LTD,2,30,33
FESTIVE 350G SLICED SUB ROLLS 4S,90,10080.0,DPL FESTIVE  LIMITED,2,30,33
TUZO 450ML ESL WHOLE MILK 90DAYS,59,2168.366151838155,BROOKSIDE DAIRY LIMITED,2,30,33
RINSUN 3LT SUNFLOWER OIL,62,54257.05245305875,KAPA OIL REFINERIES LTD,2,30,33
BUTTERFLY 1KG SOOJI (SEMOLINA),44,7310.876557191394,SPICE WORLD LTD,2,30,33
RINSUN 1LT SUNFLOWER OIL,50,46224.591135916366,KAPA OIL REFINERIES LTD,2,30,33
BIO 1L BARISTA FRESH MILK,52,7445.75,BIO FOOD PRODUCTS LTD,2,30,33
KINGSMIL 200G SLICED BROWN BREAD,37,2960.0,KENAFRIC BAKERY LTD,2,30,33
BROADWAY 800G BROWN SANDWICH SLICED BREAD,29,2320.0,BROADWAYS BAKERY LTD,2,30,33
SUPA 600G BARREL WHITE BREAD,29,2320.0,MINI BAKERIES NBI  LTD,2,30,33
FESTIVE 400G ZERO WHITE BREAD SF,27,2160.0,DPL FESTIVE  LIMITED,2,30,33
CAPTAIN COOK 5L PURE CORN OIL,15,13867.377340774909,KAPA OIL REFINERIES LTD,2,30,33
FESTIVE 400G SILINDA  BROWN BREAD,13,1040.0,DPL FESTIVE  LIMITED,2,30,33
FESTIVE 300G 6S PREM BROWN BURGER BUNS,12,960.0,DPL FESTIVE  LIMITED,2,30,33
BROADWAYS 200G MANDO BITES 4S,12,960.0,BROADWAYS BAKERY LTD,2,30,33
JOGOO 1KG MAIZE MEAL,10,1211.9915989882886,UNGA LTD,2,30,33
SUPA 1.5KG WHITE SLICED BREAD,12,960.0,MINI BAKERIES NBI  LTD,2,30,33
SOKO 10KG MAIZE MEAL BAG,3,363.59747969648663,CAPWELL INDUSTRIES LTD,2,30,33
PEMBE 10KG MAIZE MEAL,3,363.59747969648663,PEMBE FLOUR MILLS,2,30,33
SUPA LOAF 800G SUPA NUTRI BREAD,4,320.0,MINI BAKERIES NBI  LTD,2,30,33
AQUAMIST 300ML MINERAL WATER,339,8319.32332560054,AQUAMIST LIMITED,2,30,33
COKE PET 350ML,339,13181.477133357963,COCA COLA BEVERAGES KENYA LTD,2,30,33
COKE 330ML CAN,196,15296.58732978094,COCA COLA BEVERAGES KENYA LTD,2,30,33
KRACKLES PERFECTLY SALTED 30G,286,9450.899014492754,PROPACK KENYA LTD,2,30,33
OLA 40G CHEESE CRUNCH TORTILA CHIPS,177,9121.983230361871,PROPACK KENYA LTD,2,30,33
WRIGLEYS JUICY FRUIT 10S CLASSIC,161,3434.633307433308,RADBONE CLARK LIMITED MARS,2,30,33
SPRITE PET 350ML,194,7547.430556891768,COCA COLA BEVERAGES KENYA LTD,2,30,33
FANTA ORANGE PET 350ML,151,5880.891637319317,COCA COLA BEVERAGES KENYA LTD,2,30,33
WRIGLEYS P.K 10S CHEWING GUM PEPPERMINT,188,4011.677264608319,RADBONE CLARK LIMITED MARS,2,30,33
PICK N PEEL 250ML ORANGE JUICE,140,10600.768998490188,KEVIAN KENYA LTD,2,30,33
SCHWEPPES TONIC WATER 500ML PET,169,10259.652569502949,COCA COLA BEVERAGES KENYA LTD,2,30,33
PILSNER 500ML LAGER BEER,116,19395.2,KENYA BREWERIES LTD,2,30,33
FANTA ORANGE PET 500ML,109,5760.620473339037,COCA COLA BEVERAGES KENYA LTD,2,30,33
SUNLIGHT 175G PURE SOAP YELLOW,110,6269.1998665332,UNILEVER KENYA LIMITED,2,30,33
LEADAV YELLOW YOLK EGGS 30PACK TRAY,89,34747.13530997305,LEADAV POULTRY FARM LTD,2,30,33
KNORR 51G 6S CHICKEN CUBES,101,7614.91833971151,UNILEVER KENYA LIMITED,2,30,33
ILARA 500ML TNC PLAIN CUP,131,12308.90455172414,BROOKSIDE DAIRY LIMITED,2,30,33
FANTA BLACK CURRANT 350ML PET,102,3964.586949320968,COCA COLA BEVERAGES KENYA LTD,2,30,33
BROOKSIDE 250G PROBIOTIC FRUIT CUP YOGHURT VANILLA,115,8544.439202928019,BROOKSIDE DAIRY LIMITED,2,30,33
ISINYA 12S EGGS,66,13314.502553983017,ISINYA FEEDS LIMITED,2,30,33
SUNRICE 2KG RICE BASMATI,81,39702.540336562975,KRISH COMMODITIES LTD,2,30,33
CADBURY 28G BUBBLY CHOCOLATE,85,6650.898634076206,HASBAH KENYA LTD CADBURY,2,30,33
FELIX 85G CAT CHICKEN,76,11579.65686032139,MERIT AFRICA LTD,2,30,33
KNORR 51G 6S BEEF CUBES,65,4878.025157232704,UNILEVER KENYA LIMITED,2,30,33
FANTA BLACKCURRANT PET 2LTS,59,7213.11989007214,COCA COLA BEVERAGES KENYA LTD,2,30,33
NEPTUNE 10S BLENDED TOILET PAPER,70,20606.510638297877,KAPA OIL REFINERIES LTD,2,30,33
KETEPA 500G FAHARI YA KENYA,75,14515.970386039135,KENYA TEA PACKERS KETEPA,2,30,33
SAVANA DRY PREMIUM CIDER 340ML,71,16093.860887512901,KENYA WINE AGENCIES KWAL,2,30,33
QUENCHER 10LT MINERAL WATER PET,66,15787.2,EXCEL CHEMICALS LTD,2,30,33
KRAC KURLS 25G TOMATO,56,1750.8374925373137,PROPACK KENYA LTD,2,30,33
EMBASSY BY DUNHILL RED 20S,41,15088.041504658922,NOBLE OUTLOOK LIMITED,2,30,33
ALWAYS 14S MAXI THICK EX/LONG DAY/NIGHT,60,9442.98136645963,HASBAH KENYA LTD P AND G,2,30,33
WEETABIX 425G FAMILY,59,17841.600000000002,WEETABIX EAST AFRICA LTD HQ,2,30,33
KRACKLES CURLS 15G CHEESY,51,816.021713677488,PROPACK KENYA LTD,2,30,33
BROOKSIDE 450G NATURAL PROBIOTIC YOGHURT,54,6845.260681114551,BROOKSIDE DAIRY LIMITED,2,30,33
BROOKSIDE 1L SWEETEND LALA BOTTLE,49,7016.800000000001,BROOKSIDE DAIRY LIMITED,2,30,33
MILL BAKERS 260G QUEEN CAKE,53,4197.6,MILL BAKERS LIMITED,2,30,33
PICK N PEEL 1LT PINEAPPLE JUICE,42,2950.234708418154,KEVIAN KENYA LTD,2,30,33
AQUAMIST 3LT MINERAL WATER,41,2284.9433727105848,AQUAMIST LIMITED,2,30,33
KERICHO GOLD 100S ROUND TB,52,5198.271960904093,GOLD CROWN BEVERAGES K LTD,2,30,33
KABARNET 1LT MINERAL WATER,38,2117.752394219566,KHETIA DRAPERS LTD,2,30,33
KRACKLES 125G BANG BANG CHILLI,36,1586.858181818182,PROPACK KENYA LTD,2,30,33
ARIEL 1KG DETERGENT FRESH LAVENDER CLEAN,35,10052.0,HASBAH KENYA LTD P AND G,2,30,33
PICK N PEEL 1L RED GRAPE JUICE,41,2879.991024884388,KEVIAN KENYA LTD,2,30,33
TENA WHITE TOILET ROLL,36,12712.93680781759,AFRICAN COTTON INDUSTRIES LTD,2,30,33
DELAMERE 100ML STRAWBERRY FRUIT YOG CUP,41,3852.405241379311,BROOKSIDE DAIRY LIMITED,2,30,33
COKE ZERO 500ML PET,41,2137.753416746872,COCA COLA BEVERAGES KENYA LTD,2,30,33
TROP HEAT 20G OREGANO RUBBED,37,2368.0,TROPICAL HEAT LTD,2,30,33
BIO 1L YOGHURT NATURE PLAIN,33,3100.716413793104,BIO FOOD PRODUCTS LTD,2,30,33
EVA SHOWER CAP,28,3136.0,JEVANS ENTERPRISES,2,30,33
LYONS 60ML CHOCO & BANANA STICKLINE,27,1491.0555729984303,RAZCO LTD,2,30,33
MILL BAKERS 200G DAZ MILK FLAVOUR,34,3590.4,MILL BAKERS LIMITED,2,30,33
BROOKSIDE 500G UNSALTED BUTTER,23,10799.219341806127,BROOKSIDE DAIRY LIMITED,2,30,33
WEETABIX 850G GIANT,31,17062.399999999998,WEETABIX EAST AFRICA LTD HQ,2,30,33
KERICHO GOLD PURE CAMOMILE 20S,23,4876.0,GOLD CROWN BEVERAGES K LTD,2,30,33
HEINZ 245GM MUSTARD,26,6219.200000000001,HASBAH KENYA LTD,2,30,33
LAKI LAKI 150ML GREEK YOGHURT RASPBERRY,30,2818.8331034482762,LAKI LAKI LIMITED,2,30,33
FC 200G (30D) PORK BRAWN,36,10597.714693634742,FARMERS CHOICE LTD,2,30,33
SAFISHA GENTLE SCRUBBING SPONGE 4S,26,4576.0,SUNDRIES BARGAIN NAIROBI LTD,2,30,33
NUTRAMEAL 1KG YELLOW BEANS,24,5932.8,KAMILI PACKERS LIMITED NORMAL,2,30,33
KRACKLES 125G TANGY TOMATO,20,881.5878787878789,PROPACK KENYA LTD,2,30,33
CADBURY 225G DRINKING CHOCOLATE JAR,21,1779.4312613156305,HASBAH KENYA LTD CADBURY,2,30,33
GEISHA 200G SOAP YELLOW LEMON N HONEY,19,1656.8,UNILEVER KENYA LIMITED,2,30,33
FC 500G (30D) FRESH FRANKFURTERS EX-LONG,27,7948.286020226056,FARMERS CHOICE LTD,2,30,33
TIC TAC 10.2G MINT T2,24,301.9232677289849,HASBAH KENYA LTD,2,30,33
VIM 1KG LAVENDER FRESH POWDER,19,2812.0,UNILEVER KENYA LIMITED,2,30,33
PROLITE 8S TROPICAL STD CANDLES WHT BOX,19,2584.0,SUPERSLEEK LIMITED,2,30,33
ZESTA 720G HOT & SWEET SAUCE,29,4384.8,TRUFOODS LIMITED T F,2,30,33
JIK BLEACH 250ML REGULAR,20,2704.0000000000005,TOWFIQ  K  LIMITED HQ,2,30,33
KERICHO GOLD PURE HIBISCUS TEA 20S,22,4664.0,GOLD CROWN BEVERAGES K LTD,2,30,33
BIO 500ML MAZIWA LALA NATURE PLAIN,30,2818.8331034482762,BIO FOOD PRODUCTS LTD,2,30,33
JAVA 400G CRISPY CRUNCHY GRANOLA,22,12284.8,NAIROBI JAVA HOUSE LTD,2,30,33
ROSY TOILET ROLL 4PACK,20,7062.7426710097725,CHANDARIA INDUSTRIES  LTD,2,30,33
KAWAN 400G FLAKEY PARATHA,21,6300.0,CRYSTAL FROZEN AND CHILLED FOODS LTD,2,30,33
TROP HEAT 100G GINGER GRND JAR,21,3864.0,TROPICAL HEAT LTD,2,30,33
TIC TAC 10.2G SPEARMINT T1,22,276.7629954182362,HASBAH KENYA LTD,2,30,33
MONSTER 500ML THE DOCTOR,15,1938.5087636191379,COCA COLA BEVERAGES KENYA LTD,2,30,33
SIRIMON 500G EVERYDAY CHEESE,20,7984.372007665951,MORANI LIMITED,2,30,33
FC 1KG (14D) SPICY PORK VALUE PACK  SAUSAGES,20,5887.619274241523,FARMERS CHOICE LTD,2,30,33
EVEREST CLUB SODA 350ML,17,904.2351428236674,SBC KENYA LIMITED,2,30,33
EVEREST CLUB SODA 350ML EMPTY BOTTLE,18,216.0,SBC KENYA LIMITED,2,30,33
BIO 150ML YOGHURT ORANGE BISCUITS,23,2161.105379310345,BIO FOOD PRODUCTS LTD,2,30,33
CLUB SODA 500ML COLA,16,851.0448403046281,HIGHLANDS DRINKS LIMITED,2,30,33
KAPUTEI 180G BASIL PESTO,19,6064.800000000001,KAPUTEI FARM P LIMITED,2,30,33
CIL 1KG RICE PISHORI,19,15153.10202308761,CAPWELL INDUSTRIES LTD,2,30,33
AQUAMIST 500ML 6PK MINERAL WATER,19,1058.876197109783,AQUAMIST LIMITED,2,30,33
MC 330G REAL  MAYONNAISE,17,5834.400000000001,BIO FOOD PRODUCTS LTD,2,30,33
ILARA 500ML FOREST BERRY CUP YOG,27,2536.949793103449,BROOKSIDE DAIRY LIMITED,2,30,33
PRIDE 1LT LEMON LIQ DETERGENT,15,2874.0000000000005,CANON CHEMICALS LTD,2,30,33
BLOOM 9S 3PLY LUXURY TOILET ROLLS,15,5297.05700325733,PROPACK KENYA LTD,2,30,33
LYONS 1LT VANILLA TUB,15,828.3642072213502,RAZCO LTD,2,30,33
TOP CHEF 1KG SALT,22,726.992231884058,KAMILI PACKERS LIMITED NORMAL,2,30,33
ENIGMA 80ML MINI CLASSIC,16,883.5884877027735,RAZCO LTD,2,30,33
ENIGMA 110ML STD CLASSIC,17,938.8127681841968,RAZCO LTD,2,30,33
DELAMERE 450ML STRAWBERRY FRUIT YOG CUP,19,1785.2609655172416,BROOKSIDE DAIRY LIMITED,2,30,33
KERICHO GOLD 50S TEA BAGS ENVELOPE,14,1399.534758704948,GOLD CROWN BEVERAGES K LTD,2,30,33
FC 200G (30D) BACK BACON,16,4710.095419393218,FARMERS CHOICE LTD,2,30,33
TROP HEAT 75G CHILLI FLAKES,12,1392.0,TROPICAL HEAT LTD,2,30,33
SIRIMON 200G MATURE CHEDDAR,13,5189.841804982868,MORANI LIMITED,2,30,33
ENERGIZER AA BATTERY 2PK E91,13,4524.0,HASBAH KENYA LTD,2,30,33
LAKI LAKI 250ML PINEAPPLE PASSION SMOOTHIE,17,1597.33875862069,LAKI LAKI LIMITED,2,30,33
BIO 90ML YOGHURT GUAVA/MORINGA,18,1691.299862068966,BIO FOOD PRODUCTS LTD,2,30,33
GREEN FARM 20PK Y/YORK EGGS,12,3949.736245355868,GREEN FARM POULTRY,2,30,33
NATURALLI 300G HIMALAYAN IODISED SEA SALT,15,495.67652173913046,HEALTHY U TWO THOUSAND LTD,2,30,33
FC 1KG (14D) SPICY BEEF VALUE PACK  SAUSAGES,15,4415.714455681143,FARMERS CHOICE LTD,2,30,33
AQUAMIST 500ML FRUTZ FRUIT DRINK APPLE,18,1606.3649795085628,AQUAMIST LIMITED,2,30,33
TOSS 500G LAVENDER DETERGENT SATCHET,12,1920.0,KAPA OIL REFINERIES LTD,2,30,33
RELOAD 500ML ISOTONIC DRINK LEMON,15,1938.5087636191379,EXCEL CHEMICALS LTD,2,30,33
KETEPA 100S TAGGED TEA BAGS CATERING,14,1399.534758704948,KENYA TEA PACKERS KETEPA,2,30,33
AQUAMIST 500ML LEMON ICE TEA,11,981.6674874774551,AQUAMIST LIMITED,2,30,33
KO 330ML PASSION ICE TEA CAN,11,1778.3750431893689,SAVANNAH BRANDS COMPANY LIMITED,2,30,33
JEVANS ASSORTED COMBS,15,780.0,JEVANS ENTERPRISES,2,30,33
FRUSION 6*100ML ASSORTED YOGHURT,16,1503.377655172414,RAZCO LTD,2,30,33
BROOKSIDE 250ML FRUITNESS VANILLA CUP,15,1409.4165517241381,BROOKSIDE DAIRY LIMITED,2,30,33
NUVITA 200G CRUNCHY GINGER BISCUITS,12,659.654682454252,MJENGO LIMITED,2,30,33
KABARNET 20LT MINERAL WATER,12,668.7639139640736,KHETIA DRAPERS LTD,2,30,33
CAPT MORGAN 750ML GOLD,11,2230.3505674653215,UDV KENYA LIMITED,2,30,33
KETEPA 250G SAFARI PURE TEA,13,1299.5679902260233,KENYA TEA PACKERS KETEPA,2,30,33
SUNLIGHT 500G 2IN1 LAVENDER WASHING POWDER,14,2184.0,UNILEVER KENYA LIMITED,2,30,33
PRIDE 800G LIME DISH WASHING PASTE,11,3493.6000000000004,CANON CHEMICALS LTD,2,30,33
SANTA MARIA 1LT EXTRA VIRGIN OLIVE OIL,14,31225.600000000002,DEBENHAM AND FEAR LTD,2,30,33
GILANI 250G M&E PET BILTONG DRY,10,10552.0,GILANI GOURMET LTD,2,30,33
SPRITE 1.25L PET,14,1456.0,COCA COLA BEVERAGES KENYA LTD,2,30,33
DELAMERE 3L PREM VANILLA FRUIT YOGHURT,12,1127.5332413793105,BROOKSIDE DAIRY LIMITED,2,30,33
TROPNUTS 150G CHILLI LEMON PEANUTS,11,563.2,TROPICAL HEAT LTD,2,30,33
MHARVEST 1KG BAG SUPERFAST OATS,13,4357.6,HEALTHY U TWO THOUSAND LTD,2,30,33
SNICKERS 40G SINGLE CHOCO BAR,13,1705.065685019206,RADBONE CLARK LIMITED MARS,2,30,33
SAFISHA WASH UPS 4S,12,1296.0,SUNDRIES BARGAIN NAIROBI LTD,2,30,33
BROWNS 250ML GOAT YOGHURT HONEY,16,1503.377655172414,SUNPOWER PRODUCTS LTD,2,30,33
FC 200G (30D) GARLIC SALAMI,16,4710.095419393218,FARMERS CHOICE LTD,2,30,33
SESIA 500ML HONEY  SQUEEZE,12,4128.0,SESIA LIMITED,2,30,33
ARLA 150G GOUDA CHEESE SLICES,9,3592.967403449678,CRYSTAL FROZEN AND CHILLED FOODS LTD,2,30,33
FRESH KENCHIC 500G CHICKEN SMOKED SAUSAGE,14,4121.333491969066,KENCHIC FROZEN,2,30,33
MOLPED SUPER NIGHT SUPER LONG 5S,11,1731.2132505175987,HAYAT KIMYA  K  H PRODUCTS LTD,2,30,33
TENDER CARE 100S EARBUDS POLY,10,760.0,AFRICAN COTTON INDUSTRIES LTD,2,30,33
FC 200G (30D) CHICKEN SANDWICH SLICES,16,4710.095419393218,FARMERS CHOICE LTD,2,30,33
MAGIC 300ML LYCHEE DRINK,10,531.9030251903926,KHETIA DRAPERS LTD,2,30,33
BROWNS 200G MASCARPONE,8,3193.7488030663803,SUNPOWER PRODUCTS LTD,2,30,33
DAIMA 250ML VANILLA YOGHURT CUP,14,1315.4554482758622,DEVYANI FOOD INDUSTRIES K LIMITED MILK AND YOGHURT,2,30,33
PERSIL 3LT MACHINE WASH LIQUID GEL,10,21592.000000000004,CHANDARIA INDUSTRIES LTD HENKEL C BRANDS,2,30,33
FC 500G (30D) FRESH BEEF VIENNAS,12,3532.5715645449136,FARMERS CHOICE LTD,2,30,33
VASELINE 400ML COCOA GLOW LOTION,9,4104.0,UNILEVER KENYA LIMITED,2,30,33
ZESTA 700G TOMATO SAUCE,11,1540.0,TRUFOODS LIMITED T F,2,30,33
KITCHEN TOWEL  HEAVY SQUARE 15X25,8,1504.0,SHAMULA LIMITED,2,30,33
KERICHO GOLD SWEET PEPPERMINT  20S,9,1908.0,GOLD CROWN BEVERAGES K LTD,2,30,33
JIK REGULAR BLEACH 750ML + 250ML FREE,10,3432.0000000000005,TOWFIQ  K  LIMITED HQ,2,30,33
BIO 450ML STRAWBERRY YOGHURT,9,845.649931034483,BIO FOOD PRODUCTS LTD,2,30,33
MOHAWK KOMBUCHA 500ML SPICED DRINK,13,1160.1524852006287,ROYAL BREKKERS LIMITED,2,30,33
LAKI LAKI 700ML GREEK YOGHURT VANILLA GLS,12,1127.5332413793105,LAKI LAKI LIMITED,2,30,33
TUZO 200G YOGHURT STRAWBERRY,9,845.649931034483,BROOKSIDE DAIRY LIMITED,2,30,33
ENIGMA 6X80ML MINI SALTED CARAMEL VP,7,386.5699633699634,RAZCO LTD,2,30,33
QMP 1.4KG HALAL CAPON,8,4256.0,QUALITY MEAT PACKERS LTD,2,30,33
LONDON DAIRY 110ML IMPULSE ALMOND CHOC STICK,7,386.5699633699634,CRYSTAL FROZEN AND CHILLED FOODS LTD,2,30,33
F/C FROZEN 750G (12M) PORK BELLY SPARE RIBS,9,5436.0,FARMERS CHOICE LTD,2,30,33
GRANDE FRANCE 750ML ROSE SPARKLING WINE,8,21728.0,ALIMP GROUP LIMITED SR,2,30,33
LYONS 360ML THOUSAND ISLAND SALAD DRESSING,8,1977.6000000000001,RAZCO LTD 2ND,2,30,33
CRYSTAL 1KG ICE CUBES,9,1440.0,CRYSTAL FROZEN AND CHILLED FOODS LTD,2,30,33
MAYERS 20LT STILL MINERAL WATER ONE WAY,9,501.57293547305517,MALACHITE LIMITED,2,30,33
OMO 700G AUTO EXTRA MACHINE WASH,8,2688.0,UNILEVER KENYA LIMITED,2,30,33
FESTIVE 250G CUPCAKE 6PC BLUEBERRY,7,739.2,DPL FESTIVE  LIMITED,2,30,33
NIVEA 50ML MEN DEEP ROLL ON 80031,7,2912.0,BEIERSDORF EAST AFRICA LTD HQ,2,30,33
KERICHO GOLD PURE ROOIBOS TEA 20S,9,3132.0,GOLD CROWN BEVERAGES K LTD,2,30,33
GEISHA 200G SOAP SHEA NATRI HERITAGE,6,648.0,UNILEVER KENYA LIMITED,2,30,33
WEETABIX 1KG OATIBIX QUICK OATS,7,2912.0,WEETABIX EAST AFRICA LTD HQ,2,30,33
FC 400G (30D) BACK BACON,10,2943.8096371207616,FARMERS CHOICE LTD,2,30,33
VELVEX 30CMX300M CLING FILM,6,5520.0,CHANDARIA INDUSTRIES  LTD,2,30,33
JIAN 30 PACK YELLOW YOLK EGGS,9,3537.8960942343456,JIAN CEREALS DEPOT,2,30,33
NUTRAMEAL 5KG BIRD MILLET,10,6000.0,KAMILI PACKERS LIMITED NORMAL,2,30,33
PURE HEALTH 1KG HONEY NAT JAR,8,5984.0,WINNIES PURE HEALTH PRODUCTS LIMITED,2,30,33
GROUNDED 800G DISHES PASTE,8,6073.6,GLOBAL SLACKER ENTERPRISES LTD,2,30,33
BROOKSIDE 450ML FRUITNESS MIXED BERRY CUP,9,845.649931034483,BROOKSIDE DAIRY LIMITED,2,30,33
GALITOS 250ML LEMON & HERB PIRIPIRI SAUCE,8,3072.0,RAZCO LTD 2ND,2,30,33
FC 500G (14D) BABY BOERS,10,2943.8096371207616,FARMERS CHOICE LTD,2,30,33
CIRIO 410 CANNELLINI BEANS,5,665.717236817237,DEBENHAM AND FEAR LTD,2,30,33
NATURALLI 100G PRUNES,5,1396.0,HEALTHY U TWO THOUSAND LTD,2,30,33
NUZIWA 1LT SOYA MILK ORIGINAL,7,1960.0,JETLAK FOODS LTD,2,30,33
LAKI LAKI 250ML MANGO MINT CUCUMBER SMOOTHIE,9,845.649931034483,LAKI LAKI LIMITED,2,30,33
HC 250G CHEESE PORTION PANEER,8,3193.7488030663803,HAPPY COW LIMITED,2,30,33
NUTEEZ 800G PEANUT BUTTER SMOOTH,6,2736.0,JETLAK FOODS LTD,2,30,33
BROWNS 225G CHEDDAR CHEESE,6,2395.311602299785,SUNPOWER PRODUCTS LTD,2,30,33
BROWNS 200G SHACK SESAME LAVASH CRACKERS,8,439.7697883028346,SUNPOWER PRODUCTS LTD,2,30,33
CH VALAC 750ML DRY RED,8,6713.6,SOYS LIMITED,2,30,33
TROP HEAT 400G CRISPS SALTED,8,352.63515151515156,TROPICAL HEAT LTD,2,30,33
ARLA 300G NATURAL CREAM CHEESE,6,2395.311602299785,CRYSTAL FROZEN AND CHILLED FOODS LTD,2,30,33
TROP HEAT 100G CAYENNE PEPPER,6,912.0,TROPICAL HEAT LTD,2,30,33
CELINE ROLL POA 10PACK,6,2118.8228013029316,JUBILEE TISSUE INDUSTRIES LTD,2,30,33
SIRIMON 500G PANEER CHEESE,6,2395.311602299785,MORANI LIMITED,2,30,33
WEETABIX 500G ROLLED OATS,6,1728.0,WEETABIX EAST AFRICA LTD HQ,2,30,33
