sku,qty,est_cost,supplier,lead_time_days,day_generated,arrival_day
FRESHA 500ML WHOLE MILK POUCH,375,17047.28141804422,GITHUNGURI DAIRY FARMERS,2,1,4
FESTIVE 600G FAMILY WHITE BREAD,497,39760.292060100175,DPL FESTIVE  LIMITED,2,1,4
NATURES 600G WHITE BREAD,376,30080.29763425385,DPL FESTIVE  LIMITED,2,1,4
JOGOO 2KG MAIZE MEAL,593,68791.09011611443,UNGA LTD,2,1,4
FRESHA MAISHA 250ML LONG LIFE MILK,348,8352.127691778467,GITHUNGURI DAIRY FARMERS,2,1,4
EXE 2KG ALL PURPOSE FLOUR,538,68913.4013247652,UNGA LTD,2,1,4
KABRAS 2KG WHITE SUGAR,521,133324.34655051286,WEST KENYA SUGAR COMPANY LTD,2,1,4
BIO 1L FRESH WHOLE MILK,241,32946.04827322544,BIO FOOD PRODUCTS LTD,2,1,4
KABRAS 1KG WHITE SUGAR,323,43243.56843842853,WEST KENYA SUGAR COMPANY LTD,2,1,4
MUMIAS 2KG SUGAR,297,76219.37043322911,Unknown,2,1,4
MUMIAS 1KG SUGAR,248,32117.934613876918,Unknown,2,1,4
FESTIVE 600G FAMILY BRWN BREAD,142,11360.028118811882,DPL FESTIVE  LIMITED,2,1,4
BIO 2L SEMI SKIMMED FRESH MILK,118,28849.75380563603,BIO FOOD PRODUCTS LTD,2,1,4
FESTIVE 400G FINEST SUPER SEEDED BREAD,114,11856.024516129033,DPL FESTIVE  LIMITED,2,1,4
NUTRAMEAL 1KG SUGAR,194,26746.553728489485,KAMILI PACKERS SUGAR ONLY,2,1,4
FRESHA 5L WHOLE MILK,108,43154.618892508144,GITHUNGURI DAIRY FARMERS,2,1,4
BROADWAY 400G WHITE SLICED BREAD,97,5044.0,BROADWAYS BAKERY LTD,2,1,4
FESTIVE 300G 6S PREM SESSAME SLICED BURGER BUNS,96,9984.0,DPL FESTIVE  LIMITED,2,1,4
NUTRAMEAL 2KG SUGAR,166,44283.894728741834,KAMILI PACKERS SUGAR ONLY,2,1,4
BIO 1L FRESH SEMI SKIMMED MILK,89,11184.201481481483,BIO FOOD PRODUCTS LTD,2,1,4
FESTIVE 300G 6S DELUXE ROLLS,88,8448.0,DPL FESTIVE  LIMITED,2,1,4
FESTIVE 300G 6S PREM PLAIN BURGER BUNS,86,8256.0,DPL FESTIVE  LIMITED,2,1,4
BROADWAY 400G NATURAL BROWN BREAD,70,3640.135527589545,BROADWAYS BAKERY LTD,2,1,4
RINSUN 5LT SUNFLOWER OIL,96,122109.3232480534,KAPA OIL REFINERIES LTD,2,1,4
KINGSMIL 400G KUBWA WAO WHITE BREAD,51,2652.0,KENAFRIC BAKERY LTD,2,1,4
RINSUN 2LT SUNFLOWER OIL,76,46063.80176991151,KAPA OIL REFINERIES LTD,2,1,4
BROADWAYS 600G WHITE BREAD,50,3960.228862047044,BROADWAYS BAKERY LTD,2,1,4
KINGSMIL 200G SLICED WHITE BREAD,46,1288.1049030786771,KENAFRIC BAKERY LTD,2,1,4
HOSTESS 2KG FLOUR,66,7999.144553322705,UNGA LTD,2,1,4
BIO 1L FRESH SKIMMED MILK,43,5293.626402640264,BIO FOOD PRODUCTS LTD,2,1,4
RINSUN 3LT SUNFLOWER OIL,65,56882.3937007874,KAPA OIL REFINERIES LTD,2,1,4
EXE 1KG ALL PURPOSE,64,4383.431905648666,UNGA LTD,2,1,4
FRESHA 2LT WHOLE MILK,42,7056.0,GITHUNGURI DAIRY FARMERS,2,1,4
FESTIVE 350G SLICED SUB ROLLS 4S,40,4480.0,DPL FESTIVE  LIMITED,2,1,4
EXE 2KG CHAPATI FLOUR,61,8261.674576271185,UNGA LTD,2,1,4
BIO 1L BARISTA FRESH MILK,39,5584.3125,BIO FOOD PRODUCTS LTD,2,1,4
BROADWAY 800G WHITE SANDWICH SLICED BREAD,35,3640.043343653251,BROADWAYS BAKERY LTD,2,1,4
NATURES 600G BROWN BREAD,34,2720.0,DPL FESTIVE  LIMITED,2,1,4
KINGSMIL 400G KUBWA WAO BROWN BREAD,34,1768.0,KENAFRIC BAKERY LTD,2,1,4
EXE 2KG SELF RAISING,50,7002.622139764996,UNGA LTD,2,1,4
WHITE CAP 500ML LAGER CANS,890,162610.2583713521,KENYA BREWERIES LTD,2,1,4
COKE PET 350ML,587,22824.563649796826,COCA COLA BEVERAGES KENYA LTD,2,1,4
BIO 200ML GREEK STYLE NATURE PLAIN YOGHURT,343,47434.88702981771,BIO FOOD PRODUCTS LTD,2,1,4
DUNHILL 20S SWITCH,550,206800.0,NOBLE OUTLOOK LIMITED,2,1,4
KERINGET 18.9LT MINERAL WATER REFIL,516,247117.08862668776,COCA COLA BEVERAGES KENYA LTD,2,1,4
EMBASSY BY DUNHILL BLUE 20S,496,182528.50210514208,NOBLE OUTLOOK LIMITED,2,1,4
COKE PET 500ML,493,26222.819141886353,COCA COLA BEVERAGES KENYA LTD,2,1,4
TUSKER CAN 500ML BEER,483,82186.38229453992,KENYA BREWERIES LTD,2,1,4
AQUAMIST 500ML MINERAL WATER,460,18159.776705141663,AQUAMIST LIMITED,2,1,4
COKE ZERO 500ML PET,442,23046.024639076033,COCA COLA BEVERAGES KENYA LTD,2,1,4
COKE ZERO 330ML CAN,440,33993.32878531442,COCA COLA BEVERAGES KENYA LTD,2,1,4
TUSKER 500ML LAGER BEER,400,66880.0,KENYA BREWERIES LTD,2,1,4
AQUAMIST 20LT MINERAL WATER,394,166259.18790360686,AQUAMIST LIMITED,2,1,4
KRACKLES PERFECTLY SALTED 30G,356,11764.05611594203,PROPACK KENYA LTD,2,1,4
COKE 330ML CAN,352,27471.422143280055,COCA COLA BEVERAGES KENYA LTD,2,1,4
AQUAMIST 1LTR SPARKLING WATER,352,26761.1307570143,AQUAMIST LIMITED,2,1,4
WHITE CAP 500ML LAGER BEER,346,66155.20000000001,KENYA BREWERIES LTD,2,1,4
AQUAMIST 500ML SPARKLING WATER,326,17968.388032430572,AQUAMIST LIMITED,2,1,4
SCHWEPPES SODA WATER 500ML PET,315,19068.94548012663,COCA COLA BEVERAGES KENYA LTD,2,1,4
BIO 150ML VANILLA YOGHURT,187,17393.372048643592,BIO FOOD PRODUCTS LTD,2,1,4
COCA COLA 300ML,310,9920.0,COCA COLA BEVERAGES KENYA LTD,2,1,4
COCA COLA 300ML EMPTY BOTTLE,310,3720.0,COCA COLA BEVERAGES KENYA LTD,2,1,4
SCHWEPPES TONIC WATER 500ML PET,308,18698.0650379107,COCA COLA BEVERAGES KENYA LTD,2,1,4
KRACKLES POTATO CRISP BBQ30G,285,12442.279411764706,PROPACK KENYA LTD,2,1,4
OLA 40G CHEESE CRUNCH TORTILA CHIPS,281,14481.792586054724,PROPACK KENYA LTD,2,1,4
SPRITE PET 350ML,276,10737.581617021278,COCA COLA BEVERAGES KENYA LTD,2,1,4
ISINYA 6S EGGS,274,27443.42362079944,ISINYA FEEDS LIMITED,2,1,4
SPRITE 330ML CAN REGULAR,271,20927.448453850673,COCA COLA BEVERAGES KENYA LTD,2,1,4
DASANI 500ML MINERAL WATER,270,7255.07476166583,COCA COLA BEVERAGES KENYA LTD,2,1,4
SPRITE PET 500ML,262,13853.114306604924,COCA COLA BEVERAGES KENYA LTD,2,1,4
PICK N PEEL 250ML MANGO,261,14775.24789993899,KEVIAN KENYA LTD,2,1,4
GUINNESS 500ML CAN,262,47933.69822174008,KENYA BREWERIES LTD,2,1,4
KRACKLES CHEESE & ONION 30G,258,11436.4084989719,PROPACK KENYA LTD,2,1,4
BALOZI 500ML CAN,258,42422.66545219847,KENYA BREWERIES LTD,2,1,4
KRACKLES BANG BANG CHILLI 30G,257,11328.404242424243,PROPACK KENYA LTD,2,1,4
TUSKER LITE 500ML CAN,255,52748.54777059774,KENYA BREWERIES LTD,2,1,4
OLA 40G MEXICAN CRUNCH TORTILA CHIPS,253,13047.795454545458,PROPACK KENYA LTD,2,1,4
ISINYA 30S EGGS,237,102627.25343680709,ISINYA FEEDS LIMITED,2,1,4
PICK N PEEL 250ML APPLE,235,13379.203319502076,KEVIAN KENYA LTD,2,1,4
PICK N PEEL 250ML TROPICAL MIX,234,13253.859574468084,KEVIAN KENYA LTD,2,1,4
FANTA ORANGE PET 350ML,232,9035.54211826544,COCA COLA BEVERAGES KENYA LTD,2,1,4
COKE PET 2LTS,225,29631.605174892193,COCA COLA BEVERAGES KENYA LTD,2,1,4
KERINGET 1LT SPARKLING MINERAL WATER,218,18368.924356714844,COCA COLA BEVERAGES KENYA LTD,2,1,4
VELVEX 100S WHITE SERVIETTES,212,19706.73921004447,CHANDARIA INDUSTRIES  LTD,2,1,4
KERINGET 1LT MINERAL WATER,211,14663.119025875192,COCA COLA BEVERAGES KENYA LTD,2,1,4
KRACKLES SALT&VINEGAR 30GM,201,8712.634898139946,PROPACK KENYA LTD,2,1,4
PREDATOR 400ML ENERGY DRINK PET,200,10074.475725900118,COCA COLA BEVERAGES KENYA LTD,2,1,4
FANTA ORANGE PET 500ML,199,10517.096093527232,COCA COLA BEVERAGES KENYA LTD,2,1,4
COKE ZERO SUGAR 300ML,198,6336.0,COCA COLA BEVERAGES KENYA LTD,2,1,4
COKE ZERO SUGAR 300ML EMPTY BOTTLE,198,2376.0,COCA COLA BEVERAGES KENYA LTD,2,1,4
COKE 1.25L PET,195,19938.89970597844,COCA COLA BEVERAGES KENYA LTD,2,1,4
AQUAMIST 1LT MINERAL WATER,195,11936.704945992042,AQUAMIST LIMITED,2,1,4
BIO 150ML NATURAL YOGHURT,115,10615.814285714287,BIO FOOD PRODUCTS LTD,2,1,4
BIO 150ML STRAWBERRY YOGHURT,115,10876.388033691548,BIO FOOD PRODUCTS LTD,2,1,4
TENA 10S WHITE TOILET ROLLS,193,69584.82319160685,AFRICAN COTTON INDUSTRIES LTD,2,1,4
DUNHILL 20S DOUBLE CAP,190,71440.0,NOBLE OUTLOOK LIMITED,2,1,4
ISINYA 15S EGGS,190,47152.148209892046,ISINYA FEEDS LIMITED,2,1,4
PICK N PEEL 250ML PINEAPPLE JUICE,186,10506.50129779025,KEVIAN KENYA LTD,2,1,4
PICK N PEEL 250ML ORANGE JUICE,185,14008.159033719177,KEVIAN KENYA LTD,2,1,4
DASANI 1L MINERAL WATER,185,8546.418604651164,COCA COLA BEVERAGES KENYA LTD,2,1,4
PILSNER 500ML LAGER BEER,179,29928.800000000003,KENYA BREWERIES LTD,2,1,4
FANTA BLACKCURRANT PET 500ML,176,9317.209697774826,COCA COLA BEVERAGES KENYA LTD,2,1,4
KNORR 51G 6S CHICKEN CUBES,174,13118.77020900795,UNILEVER KENYA LIMITED,2,1,4
SUNLIGHT 175G PURE SOAP YELLOW,174,9916.734334334335,UNILEVER KENYA LIMITED,2,1,4
PICK N PEEL 1L ORANGE JUICE,173,45218.06709788702,KEVIAN KENYA LTD,2,1,4
AQUAMIST 1.5LT MINERAL WATER,162,11955.893655589125,AQUAMIST LIMITED,2,1,4
VELVEX SNOW WHITE 10 PACK,161,58890.74027149321,CHANDARIA INDUSTRIES  LTD,2,1,4
ILARA 500ML TNC PLAIN CUP,95,8926.30482758621,BROOKSIDE DAIRY LIMITED,2,1,4
BIO 200ML GREEK STYLE YOGHURT VANILLA,93,12815.572222222223,BIO FOOD PRODUCTS LTD,2,1,4
FANTA ORANGE PET 2LTS,156,19154.62647245092,COCA COLA BEVERAGES KENYA LTD,2,1,4
COKE ZERO 2L PET,152,20134.417158176944,COCA COLA BEVERAGES KENYA LTD,2,1,4
AQUACLEAR 500ML MINERAL WATER,127,3177.9434795764,DEVYANI FOOD INDUSTRIES K LIMITED MILK AND YOGHURT,2,1,4
AQUAMIST 5LT MINERAL WATER,126,21573.90533286859,AQUAMIST LIMITED,2,1,4
KCC 500ML FILPACK MALA,88,4567.441825803447,NEW KENYA COOP CREAMERIES  LTD,2,1,4
FANTA BLACK CURRANT 350ML PET,126,4897.43093739649,COCA COLA BEVERAGES KENYA LTD,2,1,4
KRAC KURLS 25G TANGY CHEESE,125,3908.9519650655025,PROPACK KENYA LTD,2,1,4
BALOZI 500ML BEER,124,20617.921643835612,KENYA BREWERIES LTD,2,1,4
BIO 150ML BERRY COCKTAIL YOGHURT,86,7670.803382013836,BIO FOOD PRODUCTS LTD,2,1,4
CARTOONS 30G TANGY TOMATO CRISPS,123,5539.289048991354,PROPACK KENYA LTD,2,1,4
SPRITE SODA PET 2LTS,122,15034.39587545257,COCA COLA BEVERAGES KENYA LTD,2,1,4
OREO 55.2G ORIGINAL COOKIES,119,6541.575601004665,HASBAH KENYA LTD CADBURY,2,1,4
ROTHMANS SWITCH BLUE 20S,117,34164.07419738406,NOBLE OUTLOOK LIMITED,2,1,4
AQUAMIST 20LT MINERAL WATER EMPTY BOTTLE,117,89392.69169269208,AQUAMIST LIMITED,2,1,4
BIO 150ML MANGO YOGHURT,78,7386.749425287357,BIO FOOD PRODUCTS LTD,2,1,4
KRAC KURLS 25G CHILLI LEMON,110,3439.5713727023867,PROPACK KENYA LTD,2,1,4
ISINYA 12S EGGS,109,21989.102702790133,ISINYA FEEDS LIMITED,2,1,4
BROOKSIDE 250G PROBIOTIC FRUIT CUP YOGHURT VANILLA,75,5572.460349735665,BROOKSIDE DAIRY LIMITED,2,1,4
DAIMA 500ML NATURAL PROBIOTIC CUP,75,7106.151832460733,DEVYANI FOOD INDUSTRIES K LIMITED MILK AND YOGHURT,2,1,4
BLUE BAND 500G MED FAT SPREAD,105,23059.89131820377,SUPER SAVERS DISTRIBUTION LTD,2,1,4
FANTA BLACKCURRANT PET 2LTS,105,12836.908278941944,COCA COLA BEVERAGES KENYA LTD,2,1,4
LEADAV YELLOW YOLK EGGS 30PACK TRAY,105,40993.81132075472,LEADAV POULTRY FARM LTD,2,1,4
FANTA PASSION 500ML PET,103,5480.922847836203,COCA COLA BEVERAGES KENYA LTD,2,1,4
BIO 90ML NATURAL Y0GHURT,69,4360.8,BIO FOOD PRODUCTS LTD,2,1,4
OXYRICH 1L SPRING WATER,97,3617.3923821820536,AQUAMIST LIMITED,2,1,4
PICK N PEEL 1LT APPLE,95,19649.99153520585,KEVIAN KENYA LTD,2,1,4
ROYCO 4G 40S BEEF CUBES,94,10319.462763037513,UNILEVER KENYA LIMITED,2,1,4
BIO 90ML VANILLA,63,3981.6000000000004,BIO FOOD PRODUCTS LTD,2,1,4
FC 200G (30D) FRESH SANDWICH HAM,63,14799.618750000001,FARMERS CHOICE LTD,2,1,4
QUENCHER 18L MIN WATER PET,90,36613.944286526435,EXCEL CHEMICALS LTD,2,1,4
FESTIVE TORTILLA WRAP 8 INCH,90,19761.469879518074,DPL FESTIVE  LIMITED,2,1,4
FANTA PASSION PET 2LTS,90,10995.805989034165,COCA COLA BEVERAGES KENYA LTD,2,1,4
KNORR 51G 6S BEEF CUBES,88,6604.095597484276,UNILEVER KENYA LIMITED,2,1,4
BROOKSIDE 250ML STRAWBERRY,61,3347.765028002489,BROOKSIDE DAIRY LIMITED,2,1,4
OREO 128G ORIGINAL,88,10909.47282051282,HASBAH KENYA LTD CADBURY,2,1,4
BLUE BAND 1KG MED FAT SPREAD,87,33312.22658721769,SUPER SAVERS DISTRIBUTION LTD,2,1,4
BROOKSIDE 250G NATURAL PROBIOTIC YOGHURT,60,4459.083849184019,BROOKSIDE DAIRY LIMITED,2,1,4
FC 1KG (14D) FRESH PORK VALUE PACK,60,33653.75619651347,FARMERS CHOICE LTD,2,1,4
JIAN 30 PACK YELLOW YOLK EGGS,86,33806.5626782393,JIAN CEREALS DEPOT,2,1,4
MINUTE MAID 400ML APPLE JUICE,85,5368.19678922838,COCA COLA BEVERAGES KENYA LTD,2,1,4
FC 500G (14D) FRESH CLASSIC PORK SAUSAGE,59,17368.47685901249,FARMERS CHOICE LTD,2,1,4
FC 200G (30D) FRESH STREAKY BACON,59,20959.38237082067,FARMERS CHOICE LTD,2,1,4
MINUTE MAID 1L APPLE JUICE,84,9687.698275862069,COCA COLA BEVERAGES KENYA LTD,2,1,4
GREEN FARM 30S Y/YORK EGGS,84,37640.16207393183,GREEN FARM POULTRY,2,1,4
CADBURY 90G DRINKING CHOCOLATE SACHET,83,7032.990223295112,HASBAH KENYA LTD CADBURY,2,1,4
LEADAV YELLOW YOLK EGGS 6PACK,82,26989.864343265097,LEADAV POULTRY FARM LTD,2,1,4
BROOKSIDE 250ML VANILLA,57,3129.8463981849127,BROOKSIDE DAIRY LIMITED,2,1,4
BROOKSIDE 1LT NATURAL YOGHURT,57,10260.0,BROOKSIDE DAIRY LIMITED,2,1,4
PICK N PEEL 1LT TROPICAL MIX,79,16445.783137070182,KEVIAN KENYA LTD,2,1,4
CADBURY 28G BUBBLY CHOCOLATE,78,6103.1775700934595,HASBAH KENYA LTD CADBURY,2,1,4
TENA 100S SERVIETTES WHITE,76,6056.9945945945965,AFRICAN COTTON INDUSTRIES LTD,2,1,4
TOILEX WHITE 10S,76,22436.31730474732,CHANDARIA INDUSTRIES  LTD,2,1,4
SOFTLEAF TWIN SERVIETTES,75,11313.45095271701,KAPA OIL REFINERIES LTD,2,1,4
NEPTUNE 10S BLENDED TOILET PAPER,75,22078.404255319154,KAPA OIL REFINERIES LTD,2,1,4
BIO 500ML COOKING CREAM LONG LIFE,52,14672.277678037104,BIO FOOD PRODUCTS LTD,2,1,4
STIMOROL 14G 10S WILD BERRY,75,3900.253623188406,HASBAH KENYA LTD CADBURY,2,1,4
QUENCHER 10LT MINERAL WATER PET,74,17700.800000000003,EXCEL CHEMICALS LTD,2,1,4
BROOKSIDE 250G PROBIOTIC FRUIT CUP YOGHURT STRAWBERRY,51,3780.1515463917526,BROOKSIDE DAIRY LIMITED,2,1,4
BROOKSIDE 450ML NATURAL YOGHURT CUP,50,6756.042105263158,BROOKSIDE DAIRY LIMITED,2,1,4
FC 125G (30D) FRESH NYAMABITE,49,3611.187424425634,FARMERS CHOICE LTD,2,1,4
FC 400G (30D) FRESH STREAKY BACON,49,31335.327536231885,FARMERS CHOICE LTD,2,1,4
SPRITE 300ML,70,2240.0,COCA COLA BEVERAGES KENYA LTD,2,1,4
SPRITE 300ML EMPTY BOTTLE,70,840.0,COCA COLA BEVERAGES KENYA LTD,2,1,4
JAMAA 1KG BAR SOAP CREAM,70,6582.963154014229,KAPA OIL REFINERIES LTD,2,1,4
CADBURY 80G DAIRY MILK WHOLE NUT,70,14468.592074592074,HASBAH KENYA LTD CADBURY,2,1,4
MINUTE MAID 1L TROPICAL JUICE,69,8067.650939457203,COCA COLA BEVERAGES KENYA LTD,2,1,4
KRAC KURLS 25G TOMATO,69,2157.2819104477617,PROPACK KENYA LTD,2,1,4
FESTIVE 400G POUNDCAKE SLICED VANILLA,68,9574.400000000001,DPL FESTIVE  LIMITED,2,1,4
KRACKLES CURLS 15G CHEESY,67,1072.0285258116019,PROPACK KENYA LTD,2,1,4
CADBURY 80G DAIRY MILK,68,14154.045788336934,HASBAH KENYA LTD CADBURY,2,1,4
STONEY ZERO 500ML  PET,66,3510.559966256591,COCA COLA BEVERAGES KENYA LTD,2,1,4
BROOKSIDE 450G NATURAL PROBIOTIC YOGHURT,46,5831.147987616098,BROOKSIDE DAIRY LIMITED,2,1,4
FAY TOILET PAPER WHITE 10S,66,24296.617427385896,KIM FAY EAST AFRICA LTD,2,1,4
QUENCHER LIFE 5LT PREMIUM DRINKING WATER,66,11791.805081433225,EXCEL CHEMICALS LTD,2,1,4
TROP HEAT 50G CHEVDA ORIGINAL,65,3228.0422641509435,TROPICAL HEAT LTD,2,1,4
CADBURY 32G DAIRY MILK CHOCOLATE,65,6934.028015564202,HASBAH KENYA LTD CADBURY,2,1,4
BROOKSIDE 1L SWEETEND LALA BOTTLE,45,6444.000000000001,BROOKSIDE DAIRY LIMITED,2,1,4
ALWAYS 14S MAXI THICK EX/LONG DAY/NIGHT,64,10072.513457556937,HASBAH KENYA LTD P AND G,2,1,4
FC 200G (14D) FRESH PORK CHIPOLATA,44,7862.694303363074,FARMERS CHOICE LTD,2,1,4
BIO ACTIVE 350ML BLKBRRY N RSPBRRY YOG DRINK,44,5437.8714714714715,BIO FOOD PRODUCTS LTD,2,1,4
MINUTE MAID 400ML TROPICAL JUICE,64,3978.0650176245213,COCA COLA BEVERAGES KENYA LTD,2,1,4
AQUAMIST 19L DISPOSABLE WATER,62,28077.54383954155,AQUAMIST LIMITED,2,1,4
FESTIVE TORTILLA WRAP 10 INCH,62,17825.883058470765,DPL FESTIVE  LIMITED,2,1,4
TROP HEAT 18G SAFARI CHEESE,62,992.0,TROPICAL HEAT LTD,2,1,4
OREO 31.3G ENROBED,61,3122.91604322527,HASBAH KENYA LTD CADBURY,2,1,4
SUNRICE 2KG RICE BASMATI,62,30389.598776134626,KRISH COMMODITIES LTD,2,1,4
BROOKSIDE 450G PROBIOTIC FRUIT CUP YOGHURT VANILLA,42,5319.910659898478,BROOKSIDE DAIRY LIMITED,2,1,4
ILARA 1LT MAZIWA LALA  PLASTIC BOTTLE,42,5611.2,BROOKSIDE DAIRY LIMITED,2,1,4
KNORR 51G 6S BEEF CHILLI CUBES,61,4598.953978494624,UNILEVER KENYA LIMITED,2,1,4
LEADAV YELLOW YOLK EGGS 15PACK,58,19090.391852553363,LEADAV POULTRY FARM LTD,2,1,4
OREO 26.25G ORIGINAL,58,2054.4,HASBAH KENYA LTD CADBURY,2,1,4
BROOKSIDE 250ML CHOCOLATE,40,2195.8195966949756,BROOKSIDE DAIRY LIMITED,2,1,4
PRAZIER 6S YELLOW YORK EGGS,57,18761.247165440374,PRAZIER POULTRIES,2,1,4
BLUE BAND 250G MED FAT SPREAD,57,7215.842106157113,SUPER SAVERS DISTRIBUTION LTD,2,1,4
LEADAV YELLOW YOLK EGGS 12PACK,57,18761.247165440374,LEADAV POULTRY FARM LTD,2,1,4
SANTA MARIA 70G TOMATO PASTE SATCHET,55,1644.1401869158879,DEBENHAM AND FEAR LTD,2,1,4
SUNRICE 5KG RICE BASMATI,56,61874.87890535919,KRISH COMMODITIES LTD,2,1,4
EMBASSY BY DUNHILL RED 20S,55,20240.05567698148,NOBLE OUTLOOK LIMITED,2,1,4
SUNLIGHT 700G LONG BAR YELLOW,53,4984.243530896488,UNILEVER KENYA LIMITED,2,1,4
ISINYA 20S EGGS,53,17444.668416988417,ISINYA FEEDS LIMITED,2,1,4
TENA 15S TOILET ROLL WHITE WRAPPED,53,27454.03173652695,AFRICAN COTTON INDUSTRIES LTD,2,1,4
GREEN FARM 15PK Y/YORK EGGS,52,13929.350424710427,GREEN FARM POULTRY,2,1,4
BROOKSIDE 230ML COOKING CREAM CUP,36,10157.730700179534,BROOKSIDE DAIRY LIMITED,2,1,4
STONEY TANGAWIZI 500ML PET,51,2712.705428471002,COCA COLA BEVERAGES KENYA LTD,2,1,4
FESTIVE 200G HALF POUNDCAKE SLICED VANILLA,51,5385.6,DPL FESTIVE  LIMITED,2,1,4
VIM 500G POUCH LFRESH SCOURER,50,2800.0,UNILEVER KENYA LIMITED,2,1,4
LIBERTY CHOICE YELLOW YOLK EGG 6PACK,50,16457.23435564945,PAMULI POULTRY FARM,2,1,4
GILANI GOURMET 2KG ICE CUBE,42,6720.0,GILANI GOURMET LTD,2,1,4
GREEN FARM 6S Y/YORK EGGS,41,13494.932171632548,GREEN FARM POULTRY,2,1,4
ROSY TOILET TISSUE WHITE 10PACK,41,9774.970434782608,CHANDARIA INDUSTRIES  LTD,2,1,4
ALPRO 1LT ALMOND UNSWTENED DRINK,32,15334.400000000001,HEALTHY U TWO THOUSAND LTD,2,1,4
FLORA 100S SERVIETTES WHITE,40,2867.6136882129276,AFRICAN COTTON INDUSTRIES LTD,2,1,4
LIBERTY CHOICE YELLOW YOLK EGG 15PACK,40,13165.78748451956,PAMULI POULTRY FARM,2,1,4
TENA 10S POCKET TISSUE 3PLY,40,640.0,AFRICAN COTTON INDUSTRIES LTD,2,1,4
VELVEX POCKET TISSUES WHITE 1S,40,640.0,CHANDARIA INDUSTRIES  LTD,2,1,4
HEINZ 570G TOMATO KETCHUP,38,18179.2,HASBAH KENYA LTD,2,1,4
FLORA 1S TOILET ROLLS WHITE,38,13419.211074918567,AFRICAN COTTON INDUSTRIES LTD,2,1,4
PRAZIER 30S YELLOW YORK EGGS,37,12178.353423180593,PRAZIER POULTRIES,2,1,4
MF 750ML ZESTY LEMON D/WASHING LIQUID,37,8850.400000000001,P Z CUSSONS EAST AFRICA  LTD HQ,2,1,4
JIAN 6 PACK YELLOW YOLK EGGS,37,12178.353423180593,JIAN CEREALS DEPOT,2,1,4
CADBURY 44G LUNCH BAR,36,4604.710017574693,HASBAH KENYA LTD CADBURY,2,1,4
KREST BITTER LEMON  500M PET,36,1914.8508906854133,COCA COLA BEVERAGES KENYA LTD,2,1,4
VELVEX POCKET TISSUES BLUE 1S,36,576.0,CHANDARIA INDUSTRIES  LTD,2,1,4
JIAN 15 PACK YELLOW YOLK EGGS,38,12507.498110293582,JIAN CEREALS DEPOT,2,1,4
NUZIWA 1L OAT ORIGINAL MILK,28,10752.0,JETLAK FOODS LTD,2,1,4
ACACIA 200ML KIDS BLUE RASPBERRY,35,3123.487460155539,KEVIAN KENYA LTD,2,1,4
LIBERTY CHOICE YELLOW YOLK EGG 30PACK,35,11520.064048954615,PAMULI POULTRY FARM,2,1,4
GREEN FARM 12PK Y/YORK EGGS,34,11190.919361841627,GREEN FARM POULTRY,2,1,4
BUTTERFLY 1KG POLISH GREEN GRAM,34,6228.8,SPICE WORLD LTD,2,1,4
BROOKSIDE 150ML DOUBLE CREAM,27,7618.298025134651,BROOKSIDE DAIRY LIMITED,2,1,4
FIESTA TOILET ROLLS WHITE 10S,34,12006.662540716612,AFRICAN COTTON INDUSTRIES LTD,2,1,4
CADBURY 450G DRINKING CHOCOLATE JAR,34,2880.983946891973,HASBAH KENYA LTD CADBURY,2,1,4
DAIMA 480ML MILK DRINK VANILLA FLV,27,1482.1782277691086,DEVYANI FOOD INDUSTRIES K LIMITED MILK AND YOGHURT,2,1,4
ARIEL 1KG DETERGENT FRESH LAVENDER CLEAN,34,9764.8,HASBAH KENYA LTD P AND G,2,1,4
SUNLIGHT 900G LONG BAR YELLOW,34,3197.4392462354826,UNILEVER KENYA LIMITED,2,1,4
KLEENEX POCKET HANKIES SINGLES,33,528.0,KIM FAY EAST AFRICA LTD,2,1,4
BROOKSIDE 400ML COOKING CREAM CUP,27,7618.298025134651,BROOKSIDE DAIRY LIMITED,2,1,4
KCC 500G BUTTER SALTED (604),32,15025.000823382437,NEW KENYA COOP CREAMERIES  LTD,2,1,4
VELVEX EXTRA 10S TOILET TISSUE UNWARAPPED,32,29583.738326986473,CHANDARIA INDUSTRIES  LTD,2,1,4
BROOKSIDE 250ML ASSORTED 6PK,25,1372.3872479343597,BROOKSIDE DAIRY LIMITED,2,1,4
MF 750ML ORIGINAL D/WASHING LIQUID,31,7415.200000000001,P Z CUSSONS EAST AFRICA  LTD HQ,2,1,4
BROOKSIDE 1KG GHEE,31,24378.4,BROOKSIDE DAIRY LIMITED,2,1,4
ACACIA 200ML KIDS MANGO,31,2766.5174647091917,KEVIAN KENYA LTD,2,1,4
SPRITE 1.25L PET,30,3120.0,COCA COLA BEVERAGES KENYA LTD,2,1,4
KREST BITTER LEMON 300ML EMPTY BOTTLE,30,360.0,COCA COLA BEVERAGES KENYA LTD,2,1,4
CADBURY 32G DAIRY MILK HAZELNUTS,29,3110.140013917884,HASBAH KENYA LTD CADBURY,2,1,4
BROOKSIDE 500G UNSALTED BUTTER,29,13616.406996190333,BROOKSIDE DAIRY LIMITED,2,1,4
TROP HEAT 50G CHILLI CHEVDA KENYAN,29,1440.2034716981132,TROPICAL HEAT LTD,2,1,4
TUSKER 330ML MALT LAGER BEER,28,5122.685306140161,KENYA BREWERIES LTD,2,1,4
BIO 1L WHOLE LONGLIFE MILK,22,2067.144275862069,BIO FOOD PRODUCTS LTD,2,1,4
BROOKSIDE 500G SUPERFINE GHEE,28,12521.600000000002,BROOKSIDE DAIRY LIMITED,2,1,4
ARIEL 1KG DETERGENT FRESH FLORAL CLEAN,28,10505.600000000002,HASBAH KENYA LTD P AND G,2,1,4
DOWNY 900ML POUCH SWEET ELEGANCE,27,15076.8,HASBAH KENYA LTD P AND G,2,1,4
TENA 200S SERVIETTES WHITE,27,4320.166153846154,AFRICAN COTTON INDUSTRIES LTD,2,1,4
VELVEX 30CMX5M ALLUMINIUM FOIL,26,2704.0,CHANDARIA INDUSTRIES  LTD,2,1,4
PRESTIGE 1KG MARGARINE,26,5710.068326412362,KAPA OIL REFINERIES LTD,2,1,4
BROOKSIDE 250ML COFFEE,20,1097.9097983474878,BROOKSIDE DAIRY LIMITED,2,1,4
DAIMA 250G BUTTER SALTED,26,12207.813168998231,DEVYANI FOOD INDUSTRIES K LIMITED MILK AND YOGHURT,2,1,4
BUTTERFLY 1KG YELLOW KIDNEY  BEANS,26,6614.400000000001,SPICE WORLD LTD,2,1,4
BROOKSIDE 250ML BANANA,20,1097.9097983474878,BROOKSIDE DAIRY LIMITED,2,1,4
MONTILL 6 PACK EGGS,25,8228.617177824724,MONTILL LIMITED,2,1,4
BROOKSIDE 250ML VANILLA 6PK,20,1097.9097983474878,BROOKSIDE DAIRY LIMITED,2,1,4
BROOKSIDE 250G UNSALTED BUTTER,25,11738.281893267529,BROOKSIDE DAIRY LIMITED,2,1,4
BROOKSIDE 250ML BUBBLE GUM,19,1043.0143084301135,BROOKSIDE DAIRY LIMITED,2,1,4
DAIMA 500G BUTTER SALTED,24,11268.750617536829,DEVYANI FOOD INDUSTRIES K LIMITED MILK AND YOGHURT,2,1,4
MF 800G D/PASTE ZESTY LEMON HH852,24,7660.800000000001,P Z CUSSONS EAST AFRICA  LTD HQ,2,1,4
BROOKSIDE 400ML WHIPPING CREAM CUP,19,5361.024536205865,BROOKSIDE DAIRY LIMITED,2,1,4
HEINZ 245GM MUSTARD,24,5740.8,HASBAH KENYA LTD,2,1,4
PRESTIGE 500G ORIGINAL MARGARINE,24,5270.832301303719,KAPA OIL REFINERIES LTD,2,1,4
DAIMA 240ML MILK DRINK STRAWBERRY,19,1043.0143084301135,DEVYANI FOOD INDUSTRIES K LIMITED MILK AND YOGHURT,2,1,4
EVERFRESH 1KG GHEE,23,18087.2,BROOKSIDE DAIRY LIMITED,2,1,4
TENA 80S FACIAL TISSUES BAMBOO,23,2300.0,AFRICAN COTTON INDUSTRIES LTD,2,1,4
PRAZIER 15S YELLOW YORK EGGS,23,7570.327803598747,PRAZIER POULTRIES,2,1,4
FAY POCKET HANDKERCHIEFS PINK SINGLES,23,349.6,KIM FAY EAST AFRICA LTD,2,1,4
DAIMA 240ML MILK DRINK VANILLA,18,988.118818512739,DEVYANI FOOD INDUSTRIES K LIMITED MILK AND YOGHURT,2,1,4
FLORA 4S TOILET ROLLS WHITE,23,8122.154071661238,AFRICAN COTTON INDUSTRIES LTD,2,1,4
FANTA BLACKCURRANT 1.25L PET,23,1223.376957937903,COCA COLA BEVERAGES KENYA LTD,2,1,4
CADBURY 225G DRINKING CHOCOLATE JAR,23,1948.9009052504525,HASBAH KENYA LTD CADBURY,2,1,4
BROOKSIDE 200ML WHIPPING CREAM,18,5078.865350089767,BROOKSIDE DAIRY LIMITED,2,1,4
ROYCO 4G 40S CHICKEN CUBES,22,1658.6950838975567,UNILEVER KENYA LIMITED,2,1,4
TROP HEAT 100G RICE CAKE BROWN,22,3168.0,TROPICAL HEAT LTD,2,1,4
EVEREADY 4S AA RED 1015BP4,22,3872.0,HASBAH KENYA LTD,2,1,4
TROPNUTS 50G CHILLI LEMON PEANUTS,22,1126.4,TROPICAL HEAT LTD,2,1,4
KNORR 4G 40S RICH MEATY SEASONING CUBES,21,1583.2998528113042,UNILEVER KENYA LIMITED,2,1,4
VIM 1KG LEMON FRESH POWDER,21,3108.0,UNILEVER KENYA LIMITED,2,1,4
VIM 500G LAVENDER FRESH POWDER,21,1680.0,UNILEVER KENYA LIMITED,2,1,4
TENA 80S FACIAL TISSUES FLORAL,21,2100.0,AFRICAN COTTON INDUSTRIES LTD,2,1,4
BUTTERFLY 500G POPCORN KERNELS,21,3343.2000000000003,SPICE WORLD LTD,2,1,4
KOTEX 16S REGULAR TAMPONS,21,3305.04347826087,KIM FAY EAST AFRICA LTD,2,1,4
VIM 1KG LAVENDER FRESH POWDER,21,3108.0,UNILEVER KENYA LIMITED,2,1,4
BLUE BAND 100G ORIGINAL,21,4611.9782636407535,SUPER SAVERS DISTRIBUTION LTD,2,1,4
DELAMERE 250G P/PPLE& COCONUT FRUIT YOGHURT CUP,16,1503.377655172414,BROOKSIDE DAIRY LIMITED,2,1,4
VIM 500G LEMON FRESH POWDER,20,1600.0,UNILEVER KENYA LIMITED,2,1,4
BUTTERFLY 1KG GREEN GRAM MUNG,20,4144.0,SPICE WORLD LTD,2,1,4
ALWAYS 14S MAXI THICK ROX LITE DUO,20,3147.660455486543,HASBAH KENYA LTD P AND G,2,1,4
DAIMA 480ML MILK DRINK STRAWBERRY FLV,16,878.3278386779903,DEVYANI FOOD INDUSTRIES K LIMITED MILK AND YOGHURT,2,1,4
SANTA MARIA 400ML COCONUT MILK ORIGINAL,16,929.7614050117799,DEBENHAM AND FEAR LTD,2,1,4
JIK BLEACH 250ML REGULAR,20,2704.0000000000005,TOWFIQ  K  LIMITED HQ,2,1,4
MONSTER 500ML ENERGY ULTRA,20,2584.678351492184,COCA COLA BEVERAGES KENYA LTD,2,1,4
FAY 30CMX5M FOIL,19,1976.0,KIM FAY EAST AFRICA LTD,2,1,4
SUNLIGHT 750ML LEMON D/WASHING LIQUID,19,4392.8,UNILEVER KENYA LIMITED,2,1,4
VELVEX 30CMX30M CLING FILM,19,2432.0,CHANDARIA INDUSTRIES  LTD,2,1,4
BUTTERFLY 1KG CHICK PEAS KABULI CHANA,19,6688.0,SPICE WORLD LTD,2,1,4
STONEY ZERO 350ML PET,19,1010.6157478617458,COCA COLA BEVERAGES KENYA LTD,2,1,4
MONSTER 500ML THE DOCTOR,19,2455.4444339175748,COCA COLA BEVERAGES KENYA LTD,2,1,4
FESTIVE 200G HALF POUNDCAKE SLICED BLUEBERRY,18,1900.8000000000002,DPL FESTIVE  LIMITED,2,1,4
PRIDE 5LT LEMON LIQ DETERGENT,18,12067.2,CANON CHEMICALS LTD,2,1,4
FIESTA TOILET ROLLS WHITE 4S,18,6356.468403908795,AFRICAN COTTON INDUSTRIES LTD,2,1,4
KCC 250G SALTED BUTTER (605),18,8451.56296315262,NEW KENYA COOP CREAMERIES  LTD,2,1,4
PRESTIGE 250G ORIGINAL MARGARINE,18,3953.124225977789,KAPA OIL REFINERIES LTD,2,1,4
BROOKSIDE 200ML DISNEY STRAWBRRY FLV MILK,14,768.5368588432415,BROOKSIDE DAIRY LIMITED,2,1,4
ARIEL 1KG DETERGENT FRESH SPRING CLEAN,18,6883.200000000001,HASBAH KENYA LTD P AND G,2,1,4
KCC BUTTER SALTED 500G TUB 600,17,7982.03168742192,NEW KENYA COOP CREAMERIES  LTD,2,1,4
TROP HEAT 150G CHEVDA ORIGINAL,17,844.2572075471699,TROPICAL HEAT LTD,2,1,4
MHARVEST 1KG BAG SUPERFAST OATS,17,5698.400000000001,HEALTHY U TWO THOUSAND LTD,2,1,4
BUTTERFLY 1KG MASOOR WHOLE(KAMANDE),17,6256.0,SPICE WORLD LTD,2,1,4
JAMAA 800G BAR SOAP WHITE,17,1598.7196231177413,KAPA OIL REFINERIES LTD,2,1,4
VIM 1KG SCOURER LEMON+1KG LVR,17,4746.4,UNILEVER KENYA LIMITED,2,1,4
BROOKSIDE 250ML CHOC 6PK,13,713.641368925867,BROOKSIDE DAIRY LIMITED,2,1,4
MHARVEST 500G BAG SUPERFAST OATS,16,3187.2000000000003,HEALTHY U TWO THOUSAND LTD,2,1,4
DAIMA 500G BUTTER UNSALTED,16,7512.500411691219,DEVYANI FOOD INDUSTRIES K LIMITED MILK AND YOGHURT,2,1,4
EVERFRESH 500G GHEE,16,7078.400000000001,BROOKSIDE DAIRY LIMITED,2,1,4
FANTA ORANGE 1.25L PET,16,851.0448403046281,COCA COLA BEVERAGES KENYA LTD,2,1,4
MANYATTA 300ML P/APPLE&MINT CIDER,16,2936.8636566531586,KENYA BREWERIES LTD,2,1,4
SUNRICE 500G RICE BASMATI,16,12760.506966810619,KRISH COMMODITIES LTD,2,1,4
MC 330G REAL  MAYONNAISE,16,5491.200000000001,BIO FOOD PRODUCTS LTD,2,1,4
VELVEX EXTRA 10S TOILET TISSUE UNWRAPPED,16,5650.194136807818,CHANDARIA INDUSTRIES  LTD,2,1,4
TROP HEAT 100G B/PEPPER GRND,16,4992.0,TROPICAL HEAT LTD,2,1,4
TROP HEAT 120G RICE CAKE SALTED,16,1792.0,TROPICAL HEAT LTD,2,1,4
BUTTERFLY 1KG MASOOR DAL,16,6003.200000000001,SPICE WORLD LTD,2,1,4
TOILEX WHITE TOILET SINGLE ROLL,16,5650.194136807818,CHANDARIA INDUSTRIES  LTD,2,1,4
BROOKSIDE 200ML DISNEY CHOCOLATE FLV MILK,12,658.7458790084927,BROOKSIDE DAIRY LIMITED,2,1,4
ALWAYS 14S ULTRA EXTRA LONG SLIM DUO,15,2360.7453416149074,HASBAH KENYA LTD P AND G,2,1,4
KERINGET 5LT MINERAL WATER,15,835.954892455092,COCA COLA BEVERAGES KENYA LTD,2,1,4
KCC BUTTER SALTED 250G TUB 601,15,7042.969135960518,NEW KENYA COOP CREAMERIES  LTD,2,1,4
JIAN 12 PACK YELLOW YOLK EGGS,14,4608.025619581846,JIAN CEREALS DEPOT,2,1,4
MF 800G ANTI-B D/WASHING PASTE ORANGE,14,4704.0,P Z CUSSONS EAST AFRICA  LTD HQ,2,1,4
MF 750ML ANT-B D/WASHING LIQUID ORANGE,14,3348.8,P Z CUSSONS EAST AFRICA  LTD HQ,2,1,4
KASUKU 500G COOKING FAT,14,2408.0,KAPA OIL REFINERIES LTD,2,1,4
PRIDE 1LT LEMON LIQ DETERGENT,14,2682.4000000000005,CANON CHEMICALS LTD,2,1,4
MONSTER 500ML ENERGY DRINK,14,1809.2748460445287,COCA COLA BEVERAGES KENYA LTD,2,1,4
ROSY WHITE TOILET SINGLE ROLL,13,4590.782736156352,CHANDARIA INDUSTRIES  LTD,2,1,4
DOWNY 900ML POUCH LAVENDER CALM,13,7259.2,HASBAH KENYA LTD P AND G,2,1,4
JIK BLEACH 1.5LT REGULAR PERFUMED,13,8299.2,TOWFIQ  K  LIMITED HQ,2,1,4
TROP HEAT 120G RICE CAKE UNSALTED,13,1456.0,TROPICAL HEAT LTD,2,1,4
BIO 350ML ACTIVE POWER YOGHURT DRINK NATURE,10,939.6110344827588,BIO FOOD PRODUCTS LTD,2,1,4
MSAFI 1KG WHITE DETERGENT LAVENDER SATCHETS,13,2485.6000000000004,BIDCO AFRICA LTD HQ,2,1,4
BUTTERFLY 1KG BLACK BEANS,13,2974.4,SPICE WORLD LTD,2,1,4
DAIMA 250ML CHOCOLATE FLAVOURED MILK PET,10,548.9548991737439,DEVYANI FOOD INDUSTRIES K LIMITED MILK AND YOGHURT,2,1,4
FAY 38CM X 10M BAKING PAPER,13,2392.0,KIM FAY EAST AFRICA LTD,2,1,4
BIO 90ML YOGHURT GUAVA/MORINGA,10,939.6110344827588,BIO FOOD PRODUCTS LTD,2,1,4
NUZIWA 1LT ALMOND MILK ORIGNAL,10,3840.0,JETLAK FOODS LTD,2,1,4
FESTIVE 200G CUPCAKE 8PC VANILLA,12,1267.2,DPL FESTIVE  LIMITED,2,1,4
DAIMA 250G BUTTER UNSALTED,12,5634.3753087684145,DEVYANI FOOD INDUSTRIES K LIMITED MILK AND YOGHURT,2,1,4
BUTTERFLY 1KG POPCORN KERNEL,12,3830.4000000000005,SPICE WORLD LTD,2,1,4
BLOOM 9S 3PLY LUXURY TOILET ROLLS,12,4237.645602605863,PROPACK KENYA LTD,2,1,4
ASTONISH 1LT JASMIN WBERRY FLOOR CLEANER,12,7632.0,SPARKLE BRANDS LIMITED,2,1,4
BROOKSIDE 150ML DISNEY DF STRWBRRY YOG,9,845.649931034483,BROOKSIDE DAIRY LIMITED,2,1,4
BROOKSIDE 250ML STRAWBERRY 6PK,9,494.0594092563695,BROOKSIDE DAIRY LIMITED,2,1,4
MF 400G ORIGINAL FRESH DISHWASHING PASTE,12,2496.0,P Z CUSSONS EAST AFRICA  LTD HQ,2,1,4
RELOAD 500ML ISOTONIC DRINK LEMON,12,1550.8070108953102,EXCEL CHEMICALS LTD,2,1,4
PRAZIER 6S KIENYEJI EGGS,11,3620.591558242879,PRAZIER POULTRIES,2,1,4
NIVEA 50ML IBNW MEN ROLL ON,11,4576.0,BEIERSDORF EAST AFRICA LTD HQ,2,1,4
LEADAV YELLOW YOLK EGGS 20PACK,11,3620.591558242879,LEADAV POULTRY FARM LTD,2,1,4
DOWNY 900ML POUCH SUNRISE FRESH,11,6142.4,HASBAH KENYA LTD P AND G,2,1,4
GREEN FARM 20PK Y/YORK EGGS,11,3620.591558242879,GREEN FARM POULTRY,2,1,4
MONTILL 15 PACK EGGS,11,3620.591558242879,MONTILL LIMITED,2,1,4
SOFTLEAF 2S TOILET PAPER,11,3884.508469055375,KAPA OIL REFINERIES LTD,2,1,4
QIKDRI PLAIN HAND PAPER TOWELS WHT,11,3388.0,CHANDARIA INDUSTRIES  LTD,2,1,4
VASELINE 240ML PURE PJELLY ORIGINAL,11,2983.2,UNILEVER KENYA LIMITED,2,1,4
NUTEEZ 400G PEANUT BUTTER SMOOTH,11,2596.0,JETLAK FOODS LTD,2,1,4
BUTTERFLY 1KG CHANNA DAL,11,3247.2,SPICE WORLD LTD,2,1,4
EVERFRESH 4KG GHEE,11,33519.200000000004,BROOKSIDE DAIRY LIMITED,2,1,4
FAY 30CMX30M CLING FILM,11,1408.0,KIM FAY EAST AFRICA LTD,2,1,4
SANTA MARIA 1LT EXTRA VIRGIN OLIVE OIL,11,24534.4,DEBENHAM AND FEAR LTD,2,1,4
FLORA 10S WHITE TOILET ROLL,11,3884.508469055375,AFRICAN COTTON INDUSTRIES LTD,2,1,4
BIO 500ML DAIRY WHIPPING CREAM,8,2257.2734889287854,BIO FOOD PRODUCTS LTD,2,1,4
FIESTA JUMBO TISSUE 100M,11,3884.508469055375,AFRICAN COTTON INDUSTRIES LTD,2,1,4
ENERGIZER 3V LITHIUM ECR 2032,10,1320.0,HASBAH KENYA LTD,2,1,4
MONTILL 12 PACK EGGS,10,3291.44687112989,MONTILL LIMITED,2,1,4
DELAMERE 450G PREM P/PPLE& COCONUT FRUIT YOGHURT CUP,8,751.688827586207,BROOKSIDE DAIRY LIMITED,2,1,4
ENERGIZER AA BATTERY 4+2 E91 BP6,10,6240.0,HASBAH KENYA LTD,2,1,4
FAY FACIAL 80S WHITE,10,1120.0,KIM FAY EAST AFRICA LTD,2,1,4
FESTIVE 200G HALF POUNDCAKE SLICED CHOCOLATE,10,1056.0,DPL FESTIVE  LIMITED,2,1,4
FAY MULTI PURPOSE JUMBO ROLL,10,3000.0,KIM FAY EAST AFRICA LTD,2,1,4
GILANI 250G M&E PET BILTONG DRY,10,10552.0,GILANI GOURMET LTD,2,1,4
MF 200G D/WASHING PASTE ZESTY LEMON,10,704.0,P Z CUSSONS EAST AFRICA  LTD HQ,2,1,4
TROP HEAT 150G KENYAN CHEVDA SWEET(TAMU),10,496.6218867924528,TROPICAL HEAT LTD,2,1,4
EVEREADY 4S BLACK 1215BP4,10,2240.0,HASBAH KENYA LTD,2,1,4
TH 150G RICE CAKE CHEESE,10,1680.0,TROPICAL HEAT LTD,2,1,4
TROP HEAT 150G KENYAN CHEVDA CHILLI LEMON,10,496.6218867924528,TROPICAL HEAT LTD,2,1,4
MHARVEST 500G JUMBO OATS BAG,10,1992.0000000000002,HEALTHY U TWO THOUSAND LTD,2,1,4
NIVEA DEO AQUA COOL ROLL ON 50ML(82886),10,4160.0,BEIERSDORF EAST AFRICA LTD HQ,2,1,4
AXE 150ML APOLLO AEROSOL PROMO,10,7200.0,UNILEVER KENYA LIMITED,2,1,4
BLOOM LUXURY 3PLY TOILET 4PK,10,3531.3713355048862,PROPACK KENYA LTD,2,1,4
CADBURY 125G DRINKING CHOCOLATE JAR,10,847.3482196741098,HASBAH KENYA LTD CADBURY,2,1,4
ENERGIZER AA BATTERY 2PK E91,10,3480.0,HASBAH KENYA LTD,2,1,4
BIO 150ML YOGHURT GUAVA/MORINGA,7,657.7277241379311,BIO FOOD PRODUCTS LTD,2,1,4
TENDER CARE 100S EARBUDS POLY,9,684.0,AFRICAN COTTON INDUSTRIES LTD,2,1,4
F/C FROZEN 500G (12M) BEEF MINCE,9,2268.0,FARMERS CHOICE LTD,2,1,4
RAHA 200G DRINKING CHOCOLATE,9,762.6133977066988,EXCEL CHEMICALS LTD,2,1,4
RAHA 400G DRINKING CHOCOLATE,9,762.6133977066988,EXCEL CHEMICALS LTD,2,1,4
MC 330G GARLIC MAYONNAISE,9,3088.8,BIO FOOD PRODUCTS LTD,2,1,4
BUTTERFLY 1KG MUNG DAL SPLIT,9,1706.4,SPICE WORLD LTD,2,1,4
SANTA MARIA 500ML EXTRA VIRGIN OLIVE OIL,9,12060.0,DEBENHAM AND FEAR LTD,2,1,4
VELVEX 300ML FURNITURE POLISH LEMON,9,2152.8,CHANDARIA INDUSTRIES  LTD,2,1,4
AQUACLEAR 1LT MINERAL WATER,9,501.57293547305517,DEVYANI FOOD INDUSTRIES K LIMITED MILK AND YOGHURT,2,1,4
NIVEA 50ML FRESH ACTIVE ROLL ON FOR MEN,9,3744.0,BEIERSDORF EAST AFRICA LTD HQ,2,1,4
BUTTERFLY 1KG MUNG DAL WASHED,9,2152.8,SPICE WORLD LTD,2,1,4
AMANA 1KG NDENGU,9,1476.0,UNGA LTD,2,1,4
MAXLITE 8S NON DRIP CANDLES W/FREE MATCH BOX,9,936.0,SPARKLE BRANDS LIMITED,2,1,4
ASTONISH 1LT LAVE FLOOR CLEANER,9,4680.0,SPARKLE BRANDS LIMITED,2,1,4
JIK 750ML REGULAR 2+1,8,5497.6,TOWFIQ  K  LIMITED HQ,2,1,4
NUTEEZ 400G PEANUT BUTTER CRUNCHY,8,1881.6000000000001,JETLAK FOODS LTD,2,1,4
PERSIL 3LT MACHINE WASH LIQUID GEL,8,17273.600000000002,CHANDARIA INDUSTRIES LTD HENKEL C BRANDS,2,1,4
ALWAYS PANTYLINERS N ECONOMY *40,8,1259.0641821946172,HASBAH KENYA LTD P AND G,2,1,4
BORGES 750ML EXTRA VIRGIN OIL,8,16480.0,DEBENHAM AND FEAR LTD,2,1,4
MF FLOWER FOR 1500/-,8,9600.0,ANDREW MUROKI GATHAGE,2,1,4
FESTIVE 200G HALF POUNDCAKE SLICED COFFEE,8,844.8000000000001,DPL FESTIVE  LIMITED,2,1,4
BIO 350ML ACTIVE POWER YOGHURT DRINK STRAWBERRY,6,563.7666206896553,BIO FOOD PRODUCTS LTD,2,1,4
FRESHA 500ML WHOLE MILK POUCH,508,23093.383894310566,GITHUNGURI DAIRY FARMERS,2,2,5
FESTIVE 600G FAMILY WHITE BREAD,619,49520.36375292155,DPL FESTIVE  LIMITED,2,2,5
NATURES 600G WHITE BREAD,469,37520.37125123685,DPL FESTIVE  LIMITED,2,2,5
JOGOO 2KG MAIZE MEAL,582,67515.03279524215,UNGA LTD,2,2,5
FRESHA MAISHA 250ML LONG LIFE MILK,434,10416.159247792684,GITHUNGURI DAIRY FARMERS,2,2,5
EXE 2KG ALL PURPOSE FLOUR,528,67632.48308452794,UNGA LTD,2,2,5
KABRAS 2KG WHITE SUGAR,511,130765.33797948575,WEST KENYA SUGAR COMPANY LTD,2,2,5
BIO 1L FRESH WHOLE MILK,302,41285.08953740283,BIO FOOD PRODUCTS LTD,2,2,5
KABRAS 1KG WHITE SUGAR,317,42440.282337405086,WEST KENYA SUGAR COMPANY LTD,2,2,5
MUMIAS 2KG SUGAR,291,74679.58517195175,Unknown,2,2,5
MUMIAS 1KG SUGAR,244,31599.90341042729,Unknown,2,2,5
FESTIVE 600G FAMILY BRWN BREAD,179,14320.035445544556,DPL FESTIVE  LIMITED,2,2,5
BIO 2L SEMI SKIMMED FRESH MILK,149,36428.92641559126,BIO FOOD PRODUCTS LTD,2,2,5
FESTIVE 400G FINEST SUPER SEEDED BREAD,144,14976.030967741935,DPL FESTIVE  LIMITED,2,2,5
NUTRAMEAL 1KG SUGAR,190,26195.078393881453,KAMILI PACKERS SUGAR ONLY,2,2,5
FRESHA 5L WHOLE MILK,137,54742.4332247557,GITHUNGURI DAIRY FARMERS,2,2,5
BROADWAY 400G WHITE SLICED BREAD,123,6396.0,BROADWAYS BAKERY LTD,2,2,5
FESTIVE 300G 6S PREM SESSAME SLICED BURGER BUNS,122,12688.0,DPL FESTIVE  LIMITED,2,2,5
NUTRAMEAL 2KG SUGAR,163,43483.5833782224,KAMILI PACKERS SUGAR ONLY,2,2,5
BIO 1L FRESH SEMI SKIMMED MILK,113,14200.165925925927,BIO FOOD PRODUCTS LTD,2,2,5
FESTIVE 300G 6S DELUXE ROLLS,112,10752.0,DPL FESTIVE  LIMITED,2,2,5
FESTIVE 300G 6S PREM PLAIN BURGER BUNS,109,10464.0,DPL FESTIVE  LIMITED,2,2,5
BROADWAY 400G NATURAL BROWN BREAD,89,4628.172313649565,BROADWAYS BAKERY LTD,2,2,5
RINSUN 5LT SUNFLOWER OIL,94,119565.37901371895,KAPA OIL REFINERIES LTD,2,2,5
KINGSMIL 400G KUBWA WAO WHITE BREAD,65,3380.0,KENAFRIC BAKERY LTD,2,2,5
RINSUN 2LT SUNFLOWER OIL,74,44851.596460176996,KAPA OIL REFINERIES LTD,2,2,5
BROADWAYS 600G WHITE BREAD,65,5148.297520661157,BROADWAYS BAKERY LTD,2,2,5
KINGSMIL 200G SLICED WHITE BREAD,60,1680.1368301026223,KENAFRIC BAKERY LTD,2,2,5
HOSTESS 2KG FLOUR,65,7877.945393423876,UNGA LTD,2,2,5
BIO 1L FRESH SKIMMED MILK,56,6894.02508250825,BIO FOOD PRODUCTS LTD,2,2,5
RINSUN 3LT SUNFLOWER OIL,63,55132.16620230163,KAPA OIL REFINERIES LTD,2,2,5
EXE 1KG ALL PURPOSE,62,4246.449658597145,UNGA LTD,2,2,5
FRESHA 2LT WHOLE MILK,55,9240.0,GITHUNGURI DAIRY FARMERS,2,2,5
FESTIVE 350G SLICED SUB ROLLS 4S,53,5936.0,DPL FESTIVE  LIMITED,2,2,5
EXE 2KG CHAPATI FLOUR,60,8126.237288135592,UNGA LTD,2,2,5
BIO 1L BARISTA FRESH MILK,51,7302.5625,BIO FOOD PRODUCTS LTD,2,2,5
BROADWAY 800G WHITE SANDWICH SLICED BREAD,46,4784.0569659442735,BROADWAYS BAKERY LTD,2,2,5
NATURES 600G BROWN BREAD,46,3680.0,DPL FESTIVE  LIMITED,2,2,5
KINGSMIL 400G KUBWA WAO BROWN BREAD,45,2340.0,KENAFRIC BAKERY LTD,2,2,5
EXE 2KG SELF RAISING,49,6862.569696969696,UNGA LTD,2,2,5
BROADWAY 400G 50/50 BREAD,8,640.0,BROADWAYS BAKERY LTD,2,2,5
KINGSMIL 400G SANDWICH WMEAL BREAD,8,640.0,KENAFRIC BAKERY LTD,2,2,5
KINGSMIL 400G RND TOP BROWN BREAD,7,560.0,KENAFRIC BAKERY LTD,2,2,5
WHITE CAP 500ML LAGER CANS,873,159504.2197283038,KENYA BREWERIES LTD,2,2,5
COKE PET 350ML,576,22396.846102696712,COCA COLA BEVERAGES KENYA LTD,2,2,5
BIO 200ML GREEK STYLE NATURE PLAIN YOGHURT,426,58913.299926245905,BIO FOOD PRODUCTS LTD,2,2,5
DUNHILL 20S SWITCH,540,203040.0,NOBLE OUTLOOK LIMITED,2,2,5
KERINGET 18.9LT MINERAL WATER REFIL,507,242806.9068483153,COCA COLA BEVERAGES KENYA LTD,2,2,5
EMBASSY BY DUNHILL BLUE 20S,487,179216.49299436327,NOBLE OUTLOOK LIMITED,2,2,5
COKE PET 500ML,484,25744.106419215,COCA COLA BEVERAGES KENYA LTD,2,2,5
TUSKER CAN 500ML BEER,474,80654.95902197085,KENYA BREWERIES LTD,2,2,5
AQUAMIST 500ML MINERAL WATER,451,17804.47672612802,AQUAMIST LIMITED,2,2,5
COKE ZERO 500ML PET,434,22628.902021174206,COCA COLA BEVERAGES KENYA LTD,2,2,5
COKE ZERO 330ML CAN,431,33298.010696523896,COCA COLA BEVERAGES KENYA LTD,2,2,5
TUSKER 500ML LAGER BEER,392,65542.40000000001,KENYA BREWERIES LTD,2,2,5
AQUAMIST 20LT MINERAL WATER,386,162883.36682942195,AQUAMIST LIMITED,2,2,5
KRACKLES PERFECTLY SALTED 30G,350,11565.785507246377,PROPACK KENYA LTD,2,2,5
COKE 330ML CAN,345,26925.115452930735,COCA COLA BEVERAGES KENYA LTD,2,2,5
AQUAMIST 1LTR SPARKLING WATER,346,26304.975119110648,AQUAMIST LIMITED,2,2,5
WHITE CAP 500ML LAGER BEER,340,65008.00000000001,KENYA BREWERIES LTD,2,2,5
AQUAMIST 500ML SPARKLING WATER,320,17637.681504226326,AQUAMIST LIMITED,2,2,5
SCHWEPPES SODA WATER 500ML PET,309,18705.72747098136,COCA COLA BEVERAGES KENYA LTD,2,2,5
BIO 150ML VANILLA YOGHURT,233,21671.955547240414,BIO FOOD PRODUCTS LTD,2,2,5
COCA COLA 300ML,304,9728.0,COCA COLA BEVERAGES KENYA LTD,2,2,5
COCA COLA 300ML EMPTY BOTTLE,304,3648.0,COCA COLA BEVERAGES KENYA LTD,2,2,5
SCHWEPPES TONIC WATER 500ML PET,302,18333.81701769166,COCA COLA BEVERAGES KENYA LTD,2,2,5
KRACKLES POTATO CRISP BBQ30G,280,12223.993808049536,PROPACK KENYA LTD,2,2,5
OLA 40G CHEESE CRUNCH TORTILA CHIPS,276,14224.109443954105,PROPACK KENYA LTD,2,2,5
SPRITE PET 350ML,271,10543.06021091582,COCA COLA BEVERAGES KENYA LTD,2,2,5
ISINYA 6S EGGS,269,26942.631218960036,ISINYA FEEDS LIMITED,2,2,5
SPRITE 330ML CAN REGULAR,265,20464.110111698996,COCA COLA BEVERAGES KENYA LTD,2,2,5
DASANI 500ML MINERAL WATER,264,7093.850878073255,COCA COLA BEVERAGES KENYA LTD,2,2,5
SPRITE PET 500ML,257,13588.741896173531,COCA COLA BEVERAGES KENYA LTD,2,2,5
PICK N PEEL 250ML MANGO,256,14492.197173886518,KEVIAN KENYA LTD,2,2,5
GUINNESS 500ML CAN,257,47018.93298850076,KENYA BREWERIES LTD,2,2,5
KRACKLES CHEESE & ONION 30G,254,11259.09984007311,PROPACK KENYA LTD,2,2,5
BALOZI 500ML CAN,253,41600.5207728923,KENYA BREWERIES LTD,2,2,5
KRACKLES BANG BANG CHILLI 30G,252,11108.007272727275,PROPACK KENYA LTD,2,2,5
TUSKER LITE 500ML CAN,251,51921.11957027464,KENYA BREWERIES LTD,2,2,5
OLA 40G MEXICAN CRUNCH TORTILA CHIPS,248,12789.933884297523,PROPACK KENYA LTD,2,2,5
ISINYA 30S EGGS,233,100895.14789356984,ISINYA FEEDS LIMITED,2,2,5
PICK N PEEL 250ML APPLE,230,13094.539419087138,KEVIAN KENYA LTD,2,2,5
PICK N PEEL 250ML TROPICAL MIX,230,13027.297872340425,KEVIAN KENYA LTD,2,2,5
FANTA ORANGE PET 350ML,227,8840.810607095927,COCA COLA BEVERAGES KENYA LTD,2,2,5
COKE PET 2LTS,221,29104.821082894112,COCA COLA BEVERAGES KENYA LTD,2,2,5
KERINGET 1LT SPARKLING MINERAL WATER,214,18031.879873105398,COCA COLA BEVERAGES KENYA LTD,2,2,5
VELVEX 100S WHITE SERVIETTES,208,19334.913941930423,CHANDARIA INDUSTRIES  LTD,2,2,5
KERINGET 1LT MINERAL WATER,207,14385.145205479454,COCA COLA BEVERAGES KENYA LTD,2,2,5
KRACKLES SALT&VINEGAR 30GM,198,8582.595571302038,PROPACK KENYA LTD,2,2,5
PREDATOR 400ML ENERGY DRINK PET,197,9923.358590011616,COCA COLA BEVERAGES KENYA LTD,2,2,5
FANTA ORANGE PET 500ML,195,10305.697177074424,COCA COLA BEVERAGES KENYA LTD,2,2,5
COKE ZERO SUGAR 300ML,194,6208.0,COCA COLA BEVERAGES KENYA LTD,2,2,5
COKE ZERO SUGAR 300ML EMPTY BOTTLE,194,2328.0,COCA COLA BEVERAGES KENYA LTD,2,2,5
COKE 1.25L PET,192,19632.14740280954,COCA COLA BEVERAGES KENYA LTD,2,2,5
AQUAMIST 1LT MINERAL WATER,191,11691.84945992041,AQUAMIST LIMITED,2,2,5
BIO 150ML NATURAL YOGHURT,144,13292.845714285715,BIO FOOD PRODUCTS LTD,2,2,5
BIO 150ML STRAWBERRY YOGHURT,143,13524.552076677315,BIO FOOD PRODUCTS LTD,2,2,5
TENA 10S WHITE TOILET ROLLS,189,68142.6506902264,AFRICAN COTTON INDUSTRIES LTD,2,2,5
DUNHILL 20S DOUBLE CAP,187,70312.0,NOBLE OUTLOOK LIMITED,2,2,5
ISINYA 15S EGGS,186,46159.47140547326,ISINYA FEEDS LIMITED,2,2,5
PICK N PEEL 250ML PINEAPPLE JUICE,182,10280.555033321642,KEVIAN KENYA LTD,2,2,5
PICK N PEEL 250ML ORANGE JUICE,182,13780.999698037245,KEVIAN KENYA LTD,2,2,5
DASANI 1L MINERAL WATER,181,8361.63117536141,COCA COLA BEVERAGES KENYA LTD,2,2,5
PILSNER 500ML LAGER BEER,175,29260.000000000004,KENYA BREWERIES LTD,2,2,5
FANTA BLACKCURRANT PET 500ML,173,9158.393623380936,COCA COLA BEVERAGES KENYA LTD,2,2,5
KNORR 51G 6S CHICKEN CUBES,171,12892.584515749191,UNILEVER KENYA LIMITED,2,2,5
SUNLIGHT 175G PURE SOAP YELLOW,171,9745.756156156156,UNILEVER KENYA LIMITED,2,2,5
PICK N PEEL 1L ORANGE JUICE,169,44172.56265631738,KEVIAN KENYA LTD,2,2,5
AQUAMIST 1.5LT MINERAL WATER,159,11734.48821752266,AQUAMIST LIMITED,2,2,5
VELVEX SNOW WHITE 10 PACK,158,57793.39728506787,CHANDARIA INDUSTRIES  LTD,2,2,5
ILARA 500ML TNC PLAIN CUP,118,11087.410206896553,BROOKSIDE DAIRY LIMITED,2,2,5
BIO 200ML GREEK STYLE YOGHURT VANILLA,116,15985.014814814816,BIO FOOD PRODUCTS LTD,2,2,5
FANTA ORANGE PET 2LTS,153,18786.268271057634,COCA COLA BEVERAGES KENYA LTD,2,2,5
COKE ZERO 2L PET,149,19737.027345844504,COCA COLA BEVERAGES KENYA LTD,2,2,5
AQUACLEAR 500ML MINERAL WATER,125,3127.8971255673227,DEVYANI FOOD INDUSTRIES K LIMITED MILK AND YOGHURT,2,2,5
AQUAMIST 5LT MINERAL WATER,124,21231.462391077024,AQUAMIST LIMITED,2,2,5
KCC 500ML FILPACK MALA,110,5709.302282254308,NEW KENYA COOP CREAMERIES  LTD,2,2,5
FANTA BLACK CURRANT 350ML PET,123,4780.825438887049,COCA COLA BEVERAGES KENYA LTD,2,2,5
KRAC KURLS 25G TANGY CHEESE,123,3846.4087336244543,PROPACK KENYA LTD,2,2,5
BALOZI 500ML BEER,122,20285.374520547943,KENYA BREWERIES LTD,2,2,5
BIO 150ML BERRY COCKTAIL YOGHURT,107,9543.90653343582,BIO FOOD PRODUCTS LTD,2,2,5
CARTOONS 30G TANGY TOMATO CRISPS,120,5404.184438040346,PROPACK KENYA LTD,2,2,5
SPRITE SODA PET 2LTS,120,14787.93036929761,COCA COLA BEVERAGES KENYA LTD,2,2,5
OREO 55.2G ORIGINAL COOKIES,117,6431.633153928957,HASBAH KENYA LTD CADBURY,2,2,5
ROTHMANS SWITCH BLUE 20S,115,33580.072929052716,NOBLE OUTLOOK LIMITED,2,2,5
AQUAMIST 20LT MINERAL WATER EMPTY BOTTLE,114,87100.57139287946,AQUAMIST LIMITED,2,2,5
BIO 150ML MANGO YOGHURT,97,9186.085823754789,BIO FOOD PRODUCTS LTD,2,2,5
KRAC KURLS 25G CHILLI LEMON,108,3377.0337113805253,PROPACK KENYA LTD,2,2,5
ISINYA 12S EGGS,107,21585.63292842701,ISINYA FEEDS LIMITED,2,2,5
BROOKSIDE 250G PROBIOTIC FRUIT CUP YOGHURT VANILLA,94,6984.150305002034,BROOKSIDE DAIRY LIMITED,2,2,5
DAIMA 500ML NATURAL PROBIOTIC CUP,93,8811.62827225131,DEVYANI FOOD INDUSTRIES K LIMITED MILK AND YOGHURT,2,2,5
BLUE BAND 500G MED FAT SPREAD,103,22620.655293095126,SUPER SAVERS DISTRIBUTION LTD,2,2,5
FANTA BLACKCURRANT PET 2LTS,103,12592.395740295431,COCA COLA BEVERAGES KENYA LTD,2,2,5
LEADAV YELLOW YOLK EGGS 30PACK TRAY,103,40212.97681940701,LEADAV POULTRY FARM LTD,2,2,5
FANTA PASSION 500ML PET,101,5374.497161470452,COCA COLA BEVERAGES KENYA LTD,2,2,5
BIO 90ML NATURAL Y0GHURT,86,5435.2,BIO FOOD PRODUCTS LTD,2,2,5
OXYRICH 1L SPRING WATER,96,3580.0996772111043,AQUAMIST LIMITED,2,2,5
PICK N PEEL 1LT APPLE,93,19236.307502885727,KEVIAN KENYA LTD,2,2,5
ROYCO 4G 40S BEEF CUBES,92,10099.899725526075,UNILEVER KENYA LIMITED,2,2,5
BIO 90ML VANILLA,79,4992.8,BIO FOOD PRODUCTS LTD,2,2,5
FC 200G (30D) FRESH SANDWICH HAM,79,18558.252083333336,FARMERS CHOICE LTD,2,2,5
QUENCHER 18L MIN WATER PET,89,36207.12268334281,EXCEL CHEMICALS LTD,2,2,5
FESTIVE TORTILLA WRAP 8 INCH,88,19322.326104417672,DPL FESTIVE  LIMITED,2,2,5
FANTA PASSION PET 2LTS,88,10751.454744833405,COCA COLA BEVERAGES KENYA LTD,2,2,5
KNORR 51G 6S BEEF CUBES,87,6529.049056603773,UNILEVER KENYA LIMITED,2,2,5
BROOKSIDE 250ML STRAWBERRY,77,4225.867330429372,BROOKSIDE DAIRY LIMITED,2,2,5
OREO 128G ORIGINAL,86,10661.530256410257,HASBAH KENYA LTD CADBURY,2,2,5
BLUE BAND 1KG MED FAT SPREAD,86,32929.32743104277,SUPER SAVERS DISTRIBUTION LTD,2,2,5
BROOKSIDE 250G NATURAL PROBIOTIC YOGHURT,75,5573.854811480022,BROOKSIDE DAIRY LIMITED,2,2,5
FC 1KG (14D) FRESH PORK VALUE PACK,75,42067.19524564184,FARMERS CHOICE LTD,2,2,5
JIAN 30 PACK YELLOW YOLK EGGS,84,33020.363546187225,JIAN CEREALS DEPOT,2,2,5
MINUTE MAID 400ML APPLE JUICE,83,5241.886276540653,COCA COLA BEVERAGES KENYA LTD,2,2,5
FC 500G (14D) FRESH CLASSIC PORK SAUSAGE,74,21784.191314693635,FARMERS CHOICE LTD,2,2,5
FC 200G (30D) FRESH STREAKY BACON,74,26288.038905775076,FARMERS CHOICE LTD,2,2,5
MINUTE MAID 1L APPLE JUICE,82,9457.03879310345,COCA COLA BEVERAGES KENYA LTD,2,2,5
GREEN FARM 30S Y/YORK EGGS,82,36743.96773883821,GREEN FARM POULTRY,2,2,5
CADBURY 90G DRINKING CHOCOLATE SACHET,82,6948.2554013277,HASBAH KENYA LTD CADBURY,2,2,5
LEADAV YELLOW YOLK EGGS 6PACK,80,26331.57496903912,LEADAV POULTRY FARM LTD,2,2,5
BROOKSIDE 250ML VANILLA,71,3898.5806012478733,BROOKSIDE DAIRY LIMITED,2,2,5
BROOKSIDE 1LT NATURAL YOGHURT,71,12780.0,BROOKSIDE DAIRY LIMITED,2,2,5
PICK N PEEL 1LT TROPICAL MIX,77,16029.434196891192,KEVIAN KENYA LTD,2,2,5
CADBURY 28G BUBBLY CHOCOLATE,76,5946.68583752696,HASBAH KENYA LTD CADBURY,2,2,5
TENA 100S SERVIETTES WHITE,75,5977.297297297299,AFRICAN COTTON INDUSTRIES LTD,2,2,5
TOILEX WHITE 10S,74,21845.887901990813,CHANDARIA INDUSTRIES  LTD,2,2,5
SOFTLEAF TWIN SERVIETTES,73,11011.758927311223,KAPA OIL REFINERIES LTD,2,2,5
NEPTUNE 10S BLENDED TOILET PAPER,74,21784.025531914896,KAPA OIL REFINERIES LTD,2,2,5
BIO 500ML COOKING CREAM LONG LIFE,65,18340.347097546382,BIO FOOD PRODUCTS LTD,2,2,5
STIMOROL 14G 10S WILD BERRY,73,3796.246859903382,HASBAH KENYA LTD CADBURY,2,2,5
QUENCHER 10LT MINERAL WATER PET,73,17461.600000000002,EXCEL CHEMICALS LTD,2,2,5
BROOKSIDE 250G PROBIOTIC FRUIT CUP YOGHURT STRAWBERRY,64,4743.719587628866,BROOKSIDE DAIRY LIMITED,2,2,5
BROOKSIDE 450ML NATURAL YOGHURT CUP,62,8377.492210526316,BROOKSIDE DAIRY LIMITED,2,2,5
FC 125G (30D) FRESH NYAMABITE,62,4569.257557436517,FARMERS CHOICE LTD,2,2,5
FC 400G (30D) FRESH STREAKY BACON,61,39009.28530020704,FARMERS CHOICE LTD,2,2,5
SPRITE 300ML,69,2208.0,COCA COLA BEVERAGES KENYA LTD,2,2,5
SPRITE 300ML EMPTY BOTTLE,69,828.0,COCA COLA BEVERAGES KENYA LTD,2,2,5
JAMAA 1KG BAR SOAP CREAM,69,6488.920823242597,KAPA OIL REFINERIES LTD,2,2,5
CADBURY 80G DAIRY MILK WHOLE NUT,69,14261.8979020979,HASBAH KENYA LTD CADBURY,2,2,5
MINUTE MAID 1L TROPICAL JUICE,68,7950.7284620737655,COCA COLA BEVERAGES KENYA LTD,2,2,5
KRAC KURLS 25G TOMATO,67,2094.7520000000004,PROPACK KENYA LTD,2,2,5
FESTIVE 400G POUNDCAKE SLICED VANILLA,67,9433.6,DPL FESTIVE  LIMITED,2,2,5
KRACKLES CURLS 15G CHEESY,66,1056.0281000532198,PROPACK KENYA LTD,2,2,5
CADBURY 80G DAIRY MILK,67,13945.898056155509,HASBAH KENYA LTD CADBURY,2,2,5
STONEY ZERO 500ML  PET,65,3457.3696637375515,COCA COLA BEVERAGES KENYA LTD,2,2,5
BROOKSIDE 450G NATURAL PROBIOTIC YOGHURT,57,7225.55294117647,BROOKSIDE DAIRY LIMITED,2,2,5
FAY TOILET PAPER WHITE 10S,64,23560.35629322269,KIM FAY EAST AFRICA LTD,2,2,5
QUENCHER LIFE 5LT PREMIUM DRINKING WATER,64,11434.477654723129,EXCEL CHEMICALS LTD,2,2,5
TROP HEAT 50G CHEVDA ORIGINAL,64,3178.380075471698,TROPICAL HEAT LTD,2,2,5
CADBURY 32G DAIRY MILK CHOCOLATE,63,6720.673307392996,HASBAH KENYA LTD CADBURY,2,2,5
BROOKSIDE 1L SWEETEND LALA BOTTLE,56,8019.200000000001,BROOKSIDE DAIRY LIMITED,2,2,5
ALWAYS 14S MAXI THICK EX/LONG DAY/NIGHT,63,9915.13043478261,HASBAH KENYA LTD P AND G,2,2,5
FC 200G (14D) FRESH PORK CHIPOLATA,56,10007.065477007549,FARMERS CHOICE LTD,2,2,5
BIO ACTIVE 350ML BLKBRRY N RSPBRRY YOG DRINK,56,6920.9273273273275,BIO FOOD PRODUCTS LTD,2,2,5
MINUTE MAID 400ML TROPICAL JUICE,63,3915.907751724138,COCA COLA BEVERAGES KENYA LTD,2,2,5
AQUAMIST 19L DISPOSABLE WATER,61,27624.680229226364,AQUAMIST LIMITED,2,2,5
FESTIVE TORTILLA WRAP 10 INCH,61,17538.368815592203,DPL FESTIVE  LIMITED,2,2,5
TROP HEAT 18G SAFARI CHEESE,61,976.0,TROPICAL HEAT LTD,2,2,5
OREO 31.3G ENROBED,61,3122.91604322527,HASBAH KENYA LTD CADBURY,2,2,5
SUNRICE 2KG RICE BASMATI,61,29899.443957164713,KRISH COMMODITIES LTD,2,2,5
BROOKSIDE 450G PROBIOTIC FRUIT CUP YOGHURT VANILLA,53,6713.220594633794,BROOKSIDE DAIRY LIMITED,2,2,5
ILARA 1LT MAZIWA LALA  PLASTIC BOTTLE,53,7080.799999999999,BROOKSIDE DAIRY LIMITED,2,2,5
KNORR 51G 6S BEEF CHILLI CUBES,59,4448.1686021505375,UNILEVER KENYA LIMITED,2,2,5
LEADAV YELLOW YOLK EGGS 15PACK,57,18761.247165440374,LEADAV POULTRY FARM LTD,2,2,5
OREO 26.25G ORIGINAL,57,2018.9793103448278,HASBAH KENYA LTD CADBURY,2,2,5
BROOKSIDE 250ML CHOCOLATE,51,2799.669985786094,BROOKSIDE DAIRY LIMITED,2,2,5
PRAZIER 6S YELLOW YORK EGGS,56,18432.102478327382,PRAZIER POULTRIES,2,2,5
BLUE BAND 250G MED FAT SPREAD,57,7215.842106157113,SUPER SAVERS DISTRIBUTION LTD,2,2,5
LEADAV YELLOW YOLK EGGS 12PACK,56,18432.102478327382,LEADAV POULTRY FARM LTD,2,2,5
SANTA MARIA 70G TOMATO PASTE SATCHET,53,1584.3532710280374,DEBENHAM AND FEAR LTD,2,2,5
SUNRICE 5KG RICE BASMATI,55,60769.97035347777,KRISH COMMODITIES LTD,2,2,5
EMBASSY BY DUNHILL RED 20S,54,19872.054664672727,NOBLE OUTLOOK LIMITED,2,2,5
SUNLIGHT 700G LONG BAR YELLOW,52,4890.201200124856,UNILEVER KENYA LIMITED,2,2,5
ISINYA 20S EGGS,52,17115.52372987543,ISINYA FEEDS LIMITED,2,2,5
TENA 15S TOILET ROLL WHITE WRAPPED,51,26418.03053892216,AFRICAN COTTON INDUSTRIES LTD,2,2,5
GREEN FARM 15PK Y/YORK EGGS,51,13661.478301158302,GREEN FARM POULTRY,2,2,5
BROOKSIDE 230ML COOKING CREAM CUP,45,12697.163375224418,BROOKSIDE DAIRY LIMITED,2,2,5
STONEY TANGAWIZI 500ML PET,50,2659.515125951963,COCA COLA BEVERAGES KENYA LTD,2,2,5
FESTIVE 200G HALF POUNDCAKE SLICED VANILLA,50,5280.0,DPL FESTIVE  LIMITED,2,2,5
VIM 500G POUCH LFRESH SCOURER,49,2744.0,UNILEVER KENYA LIMITED,2,2,5
LIBERTY CHOICE YELLOW YOLK EGG 6PACK,49,16128.08966853646,PAMULI POULTRY FARM,2,2,5
GILANI GOURMET 2KG ICE CUBE,41,6560.0,GILANI GOURMET LTD,2,2,5
GREEN FARM 6S Y/YORK EGGS,40,13165.78748451956,GREEN FARM POULTRY,2,2,5
ROSY TOILET TISSUE WHITE 10PACK,40,9536.55652173913,CHANDARIA INDUSTRIES  LTD,2,2,5
ALPRO 1LT ALMOND UNSWTENED DRINK,41,19647.2,HEALTHY U TWO THOUSAND LTD,2,2,5
FLORA 100S SERVIETTES WHITE,39,2795.9233460076043,AFRICAN COTTON INDUSTRIES LTD,2,2,5
LIBERTY CHOICE YELLOW YOLK EGG 15PACK,39,12836.642797406572,PAMULI POULTRY FARM,2,2,5
TENA 10S POCKET TISSUE 3PLY,39,624.0,AFRICAN COTTON INDUSTRIES LTD,2,2,5
VELVEX POCKET TISSUES WHITE 1S,39,624.0,CHANDARIA INDUSTRIES  LTD,2,2,5
HEINZ 570G TOMATO KETCHUP,37,17700.800000000003,HASBAH KENYA LTD,2,2,5
FLORA 1S TOILET ROLLS WHITE,37,13066.073941368079,AFRICAN COTTON INDUSTRIES LTD,2,2,5
PRAZIER 30S YELLOW YORK EGGS,36,11849.208736067605,PRAZIER POULTRIES,2,2,5
MF 750ML ZESTY LEMON D/WASHING LIQUID,36,8611.2,P Z CUSSONS EAST AFRICA  LTD HQ,2,2,5
JIAN 6 PACK YELLOW YOLK EGGS,36,11849.208736067605,JIAN CEREALS DEPOT,2,2,5
CADBURY 44G LUNCH BAR,36,4604.710017574693,HASBAH KENYA LTD CADBURY,2,2,5
KREST BITTER LEMON  500M PET,35,1861.660588166374,COCA COLA BEVERAGES KENYA LTD,2,2,5
VELVEX POCKET TISSUES BLUE 1S,35,560.0,CHANDARIA INDUSTRIES  LTD,2,2,5
JIAN 15 PACK YELLOW YOLK EGGS,37,12178.353423180593,JIAN CEREALS DEPOT,2,2,5
NUZIWA 1L OAT ORIGINAL MILK,36,13824.0,JETLAK FOODS LTD,2,2,5
ACACIA 200ML KIDS BLUE RASPBERRY,34,3034.244961293952,KEVIAN KENYA LTD,2,2,5
LIBERTY CHOICE YELLOW YOLK EGG 30PACK,34,11190.919361841627,PAMULI POULTRY FARM,2,2,5
GREEN FARM 12PK Y/YORK EGGS,34,11190.919361841627,GREEN FARM POULTRY,2,2,5
BUTTERFLY 1KG POLISH GREEN GRAM,33,6045.6,SPICE WORLD LTD,2,2,5
BROOKSIDE 150ML DOUBLE CREAM,35,9875.571514063437,BROOKSIDE DAIRY LIMITED,2,2,5
FIESTA TOILET ROLLS WHITE 10S,33,11653.525407166124,AFRICAN COTTON INDUSTRIES LTD,2,2,5
CADBURY 450G DRINKING CHOCOLATE JAR,33,2796.2491249245622,HASBAH KENYA LTD CADBURY,2,2,5
DAIMA 480ML MILK DRINK VANILLA FLV,34,1866.4466571907292,DEVYANI FOOD INDUSTRIES K LIMITED MILK AND YOGHURT,2,2,5
ARIEL 1KG DETERGENT FRESH LAVENDER CLEAN,33,9477.6,HASBAH KENYA LTD P AND G,2,2,5
SUNLIGHT 900G LONG BAR YELLOW,33,3103.3969154638507,UNILEVER KENYA LIMITED,2,2,5
KLEENEX POCKET HANKIES SINGLES,33,528.0,KIM FAY EAST AFRICA LTD,2,2,5
BROOKSIDE 400ML COOKING CREAM CUP,34,9593.412327947337,BROOKSIDE DAIRY LIMITED,2,2,5
KCC 500G BUTTER SALTED (604),31,14555.469547651735,NEW KENYA COOP CREAMERIES  LTD,2,2,5
VELVEX EXTRA 10S TOILET TISSUE UNWARAPPED,31,28659.246504268147,CHANDARIA INDUSTRIES  LTD,2,2,5
BROOKSIDE 250ML ASSORTED 6PK,32,1756.6556773559805,BROOKSIDE DAIRY LIMITED,2,2,5
MF 750ML ORIGINAL D/WASHING LIQUID,31,7415.200000000001,P Z CUSSONS EAST AFRICA  LTD HQ,2,2,5
BROOKSIDE 1KG GHEE,30,23592.000000000004,BROOKSIDE DAIRY LIMITED,2,2,5
ACACIA 200ML KIDS MANGO,30,2677.2749658476046,KEVIAN KENYA LTD,2,2,5
SPRITE 1.25L PET,29,3016.0,COCA COLA BEVERAGES KENYA LTD,2,2,5
KREST BITTER LEMON 300ML EMPTY BOTTLE,29,348.0,COCA COLA BEVERAGES KENYA LTD,2,2,5
CADBURY 32G DAIRY MILK HAZELNUTS,30,3217.386221294363,HASBAH KENYA LTD CADBURY,2,2,5
BROOKSIDE 500G UNSALTED BUTTER,28,13146.875720459633,BROOKSIDE DAIRY LIMITED,2,2,5
TROP HEAT 50G CHILLI CHEVDA KENYAN,28,1390.541283018868,TROPICAL HEAT LTD,2,2,5
TUSKER 330ML MALT LAGER BEER,28,5122.685306140161,KENYA BREWERIES LTD,2,2,5
BIO 1L WHOLE LONGLIFE MILK,29,2724.8720000000003,BIO FOOD PRODUCTS LTD,2,2,5
BROOKSIDE 500G SUPERFINE GHEE,27,12074.400000000001,BROOKSIDE DAIRY LIMITED,2,2,5
ARIEL 1KG DETERGENT FRESH FLORAL CLEAN,27,10130.400000000001,HASBAH KENYA LTD P AND G,2,2,5
DOWNY 900ML POUCH SWEET ELEGANCE,27,15076.8,HASBAH KENYA LTD P AND G,2,2,5
TENA 200S SERVIETTES WHITE,26,4160.160000000001,AFRICAN COTTON INDUSTRIES LTD,2,2,5
VELVEX 30CMX5M ALLUMINIUM FOIL,25,2600.0,CHANDARIA INDUSTRIES  LTD,2,2,5
PRESTIGE 1KG MARGARINE,25,5490.45031385804,KAPA OIL REFINERIES LTD,2,2,5
BROOKSIDE 250ML COFFEE,26,1427.282737851734,BROOKSIDE DAIRY LIMITED,2,2,5
DAIMA 250G BUTTER SALTED,25,11738.281893267529,DEVYANI FOOD INDUSTRIES K LIMITED MILK AND YOGHURT,2,2,5
BUTTERFLY 1KG YELLOW KIDNEY  BEANS,25,6360.0,SPICE WORLD LTD,2,2,5
BROOKSIDE 250ML BANANA,26,1427.282737851734,BROOKSIDE DAIRY LIMITED,2,2,5
MONTILL 6 PACK EGGS,25,8228.617177824724,MONTILL LIMITED,2,2,5
BROOKSIDE 250ML VANILLA 6PK,25,1372.3872479343597,BROOKSIDE DAIRY LIMITED,2,2,5
BROOKSIDE 250G UNSALTED BUTTER,24,11268.750617536829,BROOKSIDE DAIRY LIMITED,2,2,5
BROOKSIDE 250ML BUBBLE GUM,25,1372.3872479343597,BROOKSIDE DAIRY LIMITED,2,2,5
DAIMA 500G BUTTER SALTED,24,11268.750617536829,DEVYANI FOOD INDUSTRIES K LIMITED MILK AND YOGHURT,2,2,5
MF 800G D/PASTE ZESTY LEMON HH852,24,7660.800000000001,P Z CUSSONS EAST AFRICA  LTD HQ,2,2,5
BROOKSIDE 400ML WHIPPING CREAM CUP,25,7053.979652902454,BROOKSIDE DAIRY LIMITED,2,2,5
HEINZ 245GM MUSTARD,24,5740.8,HASBAH KENYA LTD,2,2,5
PRESTIGE 500G ORIGINAL MARGARINE,23,5051.214288749397,KAPA OIL REFINERIES LTD,2,2,5
DAIMA 240ML MILK DRINK STRAWBERRY,24,1317.4917580169854,DEVYANI FOOD INDUSTRIES K LIMITED MILK AND YOGHURT,2,2,5
EVERFRESH 1KG GHEE,23,18087.2,BROOKSIDE DAIRY LIMITED,2,2,5
TENA 80S FACIAL TISSUES BAMBOO,23,2300.0,AFRICAN COTTON INDUSTRIES LTD,2,2,5
PRAZIER 15S YELLOW YORK EGGS,23,7570.327803598747,PRAZIER POULTRIES,2,2,5
FAY POCKET HANDKERCHIEFS PINK SINGLES,23,349.6,KIM FAY EAST AFRICA LTD,2,2,5
DAIMA 240ML MILK DRINK VANILLA,23,1262.596268099611,DEVYANI FOOD INDUSTRIES K LIMITED MILK AND YOGHURT,2,2,5
FLORA 4S TOILET ROLLS WHITE,22,7769.01693811075,AFRICAN COTTON INDUSTRIES LTD,2,2,5
FANTA BLACKCURRANT 1.25L PET,22,1170.1866554188637,COCA COLA BEVERAGES KENYA LTD,2,2,5
CADBURY 225G DRINKING CHOCOLATE JAR,22,1864.1660832830416,HASBAH KENYA LTD CADBURY,2,2,5
BROOKSIDE 200ML WHIPPING CREAM,23,6489.661280670258,BROOKSIDE DAIRY LIMITED,2,2,5
ROYCO 4G 40S CHICKEN CUBES,22,1658.6950838975567,UNILEVER KENYA LIMITED,2,2,5
TROP HEAT 100G RICE CAKE BROWN,22,3168.0,TROPICAL HEAT LTD,2,2,5
EVEREADY 4S AA RED 1015BP4,22,3872.0,HASBAH KENYA LTD,2,2,5
TROPNUTS 50G CHILLI LEMON PEANUTS,22,1126.4,TROPICAL HEAT LTD,2,2,5
KNORR 4G 40S RICH MEATY SEASONING CUBES,21,1583.2998528113042,UNILEVER KENYA LIMITED,2,2,5
VIM 1KG LEMON FRESH POWDER,20,2960.0,UNILEVER KENYA LIMITED,2,2,5
VIM 500G LAVENDER FRESH POWDER,20,1600.0,UNILEVER KENYA LIMITED,2,2,5
TENA 80S FACIAL TISSUES FLORAL,20,2000.0,AFRICAN COTTON INDUSTRIES LTD,2,2,5
BUTTERFLY 500G POPCORN KERNELS,20,3184.0000000000005,SPICE WORLD LTD,2,2,5
KOTEX 16S REGULAR TAMPONS,20,3147.660455486543,KIM FAY EAST AFRICA LTD,2,2,5
VIM 1KG LAVENDER FRESH POWDER,20,2960.0,UNILEVER KENYA LIMITED,2,2,5
BLUE BAND 100G ORIGINAL,20,4392.360251086432,SUPER SAVERS DISTRIBUTION LTD,2,2,5
DELAMERE 250G P/PPLE& COCONUT FRUIT YOGHURT CUP,21,1973.1831724137935,BROOKSIDE DAIRY LIMITED,2,2,5
VIM 500G LEMON FRESH POWDER,20,1600.0,UNILEVER KENYA LIMITED,2,2,5
BUTTERFLY 1KG GREEN GRAM MUNG,20,4144.0,SPICE WORLD LTD,2,2,5
ALWAYS 14S MAXI THICK ROX LITE DUO,20,3147.660455486543,HASBAH KENYA LTD P AND G,2,2,5
DAIMA 480ML MILK DRINK STRAWBERRY FLV,20,1097.9097983474878,DEVYANI FOOD INDUSTRIES K LIMITED MILK AND YOGHURT,2,2,5
SANTA MARIA 400ML COCONUT MILK ORIGINAL,20,1162.2017562647247,DEBENHAM AND FEAR LTD,2,2,5
JIK BLEACH 250ML REGULAR,19,2568.8,TOWFIQ  K  LIMITED HQ,2,2,5
MONSTER 500ML ENERGY ULTRA,19,2455.4444339175748,COCA COLA BEVERAGES KENYA LTD,2,2,5
FAY 30CMX5M FOIL,19,1976.0,KIM FAY EAST AFRICA LTD,2,2,5
SUNLIGHT 750ML LEMON D/WASHING LIQUID,19,4392.8,UNILEVER KENYA LIMITED,2,2,5
VELVEX 30CMX30M CLING FILM,19,2432.0,CHANDARIA INDUSTRIES  LTD,2,2,5
BUTTERFLY 1KG CHICK PEAS KABULI CHANA,19,6688.0,SPICE WORLD LTD,2,2,5
STONEY ZERO 350ML PET,18,957.4254453427067,COCA COLA BEVERAGES KENYA LTD,2,2,5
MONSTER 500ML THE DOCTOR,18,2326.2105163429655,COCA COLA BEVERAGES KENYA LTD,2,2,5
FESTIVE 200G HALF POUNDCAKE SLICED BLUEBERRY,18,1900.8000000000002,DPL FESTIVE  LIMITED,2,2,5
PRIDE 5LT LEMON LIQ DETERGENT,18,12067.2,CANON CHEMICALS LTD,2,2,5
FIESTA TOILET ROLLS WHITE 4S,18,6356.468403908795,AFRICAN COTTON INDUSTRIES LTD,2,2,5
KCC 250G SALTED BUTTER (605),18,8451.56296315262,NEW KENYA COOP CREAMERIES  LTD,2,2,5
PRESTIGE 250G ORIGINAL MARGARINE,17,3733.506213423467,KAPA OIL REFINERIES LTD,2,2,5
BROOKSIDE 200ML DISNEY STRAWBRRY FLV MILK,18,988.118818512739,BROOKSIDE DAIRY LIMITED,2,2,5
ARIEL 1KG DETERGENT FRESH SPRING CLEAN,17,6500.8,HASBAH KENYA LTD P AND G,2,2,5
KCC BUTTER SALTED 500G TUB 600,17,7982.03168742192,NEW KENYA COOP CREAMERIES  LTD,2,2,5
TROP HEAT 150G CHEVDA ORIGINAL,17,844.2572075471699,TROPICAL HEAT LTD,2,2,5
MHARVEST 1KG BAG SUPERFAST OATS,17,5698.400000000001,HEALTHY U TWO THOUSAND LTD,2,2,5
BUTTERFLY 1KG MASOOR WHOLE(KAMANDE),17,6256.0,SPICE WORLD LTD,2,2,5
JAMAA 800G BAR SOAP WHITE,17,1598.7196231177413,KAPA OIL REFINERIES LTD,2,2,5
VIM 1KG SCOURER LEMON+1KG LVR,16,4467.2,UNILEVER KENYA LIMITED,2,2,5
BROOKSIDE 250ML CHOC 6PK,17,933.2233285953646,BROOKSIDE DAIRY LIMITED,2,2,5
MHARVEST 500G BAG SUPERFAST OATS,16,3187.2000000000003,HEALTHY U TWO THOUSAND LTD,2,2,5
DAIMA 500G BUTTER UNSALTED,16,7512.500411691219,DEVYANI FOOD INDUSTRIES K LIMITED MILK AND YOGHURT,2,2,5
EVERFRESH 500G GHEE,16,7078.400000000001,BROOKSIDE DAIRY LIMITED,2,2,5
FANTA ORANGE 1.25L PET,17,904.2351428236674,COCA COLA BEVERAGES KENYA LTD,2,2,5
MANYATTA 300ML P/APPLE&MINT CIDER,16,2936.8636566531586,KENYA BREWERIES LTD,2,2,5
SUNRICE 500G RICE BASMATI,16,12760.506966810619,KRISH COMMODITIES LTD,2,2,5
MC 330G REAL  MAYONNAISE,16,5491.200000000001,BIO FOOD PRODUCTS LTD,2,2,5
VELVEX EXTRA 10S TOILET TISSUE UNWRAPPED,15,5297.05700325733,CHANDARIA INDUSTRIES  LTD,2,2,5
TROP HEAT 100G B/PEPPER GRND,15,4680.0,TROPICAL HEAT LTD,2,2,5
TROP HEAT 120G RICE CAKE SALTED,15,1680.0,TROPICAL HEAT LTD,2,2,5
BUTTERFLY 1KG MASOOR DAL,15,5628.000000000001,SPICE WORLD LTD,2,2,5
TOILEX WHITE TOILET SINGLE ROLL,15,5297.05700325733,CHANDARIA INDUSTRIES  LTD,2,2,5
BROOKSIDE 200ML DISNEY CHOCOLATE FLV MILK,16,878.3278386779903,BROOKSIDE DAIRY LIMITED,2,2,5
ALWAYS 14S ULTRA EXTRA LONG SLIM DUO,15,2360.7453416149074,HASBAH KENYA LTD P AND G,2,2,5
KERINGET 5LT MINERAL WATER,15,835.954892455092,COCA COLA BEVERAGES KENYA LTD,2,2,5
KCC BUTTER SALTED 250G TUB 601,15,7042.969135960518,NEW KENYA COOP CREAMERIES  LTD,2,2,5
JIAN 12 PACK YELLOW YOLK EGGS,14,4608.025619581846,JIAN CEREALS DEPOT,2,2,5
MF 800G ANTI-B D/WASHING PASTE ORANGE,14,4704.0,P Z CUSSONS EAST AFRICA  LTD HQ,2,2,5
MF 750ML ANT-B D/WASHING LIQUID ORANGE,14,3348.8,P Z CUSSONS EAST AFRICA  LTD HQ,2,2,5
KASUKU 500G COOKING FAT,14,2408.0,KAPA OIL REFINERIES LTD,2,2,5
PRIDE 1LT LEMON LIQ DETERGENT,13,2490.8,CANON CHEMICALS LTD,2,2,5
MONSTER 500ML ENERGY DRINK,13,1680.0409284699194,COCA COLA BEVERAGES KENYA LTD,2,2,5
ROSY WHITE TOILET SINGLE ROLL,13,4590.782736156352,CHANDARIA INDUSTRIES  LTD,2,2,5
DOWNY 900ML POUCH LAVENDER CALM,13,7259.2,HASBAH KENYA LTD P AND G,2,2,5
JIK BLEACH 1.5LT REGULAR PERFUMED,13,8299.2,TOWFIQ  K  LIMITED HQ,2,2,5
TROP HEAT 120G RICE CAKE UNSALTED,13,1456.0,TROPICAL HEAT LTD,2,2,5
BIO 350ML ACTIVE POWER YOGHURT DRINK NATURE,13,1221.4943448275865,BIO FOOD PRODUCTS LTD,2,2,5
MSAFI 1KG WHITE DETERGENT LAVENDER SATCHETS,13,2485.6000000000004,BIDCO AFRICA LTD HQ,2,2,5
BUTTERFLY 1KG BLACK BEANS,13,2974.4,SPICE WORLD LTD,2,2,5
DAIMA 250ML CHOCOLATE FLAVOURED MILK PET,13,713.641368925867,DEVYANI FOOD INDUSTRIES K LIMITED MILK AND YOGHURT,2,2,5
FAY 38CM X 10M BAKING PAPER,12,2208.0,KIM FAY EAST AFRICA LTD,2,2,5
BIO 90ML YOGHURT GUAVA/MORINGA,13,1221.4943448275865,BIO FOOD PRODUCTS LTD,2,2,5
NUZIWA 1LT ALMOND MILK ORIGNAL,13,4992.0,JETLAK FOODS LTD,2,2,5
FESTIVE 200G CUPCAKE 8PC VANILLA,12,1267.2,DPL FESTIVE  LIMITED,2,2,5
DAIMA 250G BUTTER UNSALTED,12,5634.3753087684145,DEVYANI FOOD INDUSTRIES K LIMITED MILK AND YOGHURT,2,2,5
BUTTERFLY 1KG POPCORN KERNEL,12,3830.4000000000005,SPICE WORLD LTD,2,2,5
BLOOM 9S 3PLY LUXURY TOILET ROLLS,12,4237.645602605863,PROPACK KENYA LTD,2,2,5
ASTONISH 1LT JASMIN WBERRY FLOOR CLEANER,12,7632.0,SPARKLE BRANDS LIMITED,2,2,5
BROOKSIDE 150ML DISNEY DF STRWBRRY YOG,12,1127.5332413793105,BROOKSIDE DAIRY LIMITED,2,2,5
BROOKSIDE 250ML STRAWBERRY 6PK,12,658.7458790084927,BROOKSIDE DAIRY LIMITED,2,2,5
MF 400G ORIGINAL FRESH DISHWASHING PASTE,11,2288.0,P Z CUSSONS EAST AFRICA  LTD HQ,2,2,5
RELOAD 500ML ISOTONIC DRINK LEMON,11,1421.5730933207012,EXCEL CHEMICALS LTD,2,2,5
PRAZIER 6S KIENYEJI EGGS,11,3620.591558242879,PRAZIER POULTRIES,2,2,5
NIVEA 50ML IBNW MEN ROLL ON,11,4576.0,BEIERSDORF EAST AFRICA LTD HQ,2,2,5
LEADAV YELLOW YOLK EGGS 20PACK,11,3620.591558242879,LEADAV POULTRY FARM LTD,2,2,5
DOWNY 900ML POUCH SUNRISE FRESH,11,6142.4,HASBAH KENYA LTD P AND G,2,2,5
GREEN FARM 20PK Y/YORK EGGS,11,3620.591558242879,GREEN FARM POULTRY,2,2,5
MONTILL 15 PACK EGGS,11,3620.591558242879,MONTILL LIMITED,2,2,5
SOFTLEAF 2S TOILET PAPER,11,3884.508469055375,KAPA OIL REFINERIES LTD,2,2,5
QIKDRI PLAIN HAND PAPER TOWELS WHT,11,3388.0,CHANDARIA INDUSTRIES  LTD,2,2,5
VASELINE 240ML PURE PJELLY ORIGINAL,11,2983.2,UNILEVER KENYA LIMITED,2,2,5
NUTEEZ 400G PEANUT BUTTER SMOOTH,11,2596.0,JETLAK FOODS LTD,2,2,5
BUTTERFLY 1KG CHANNA DAL,11,3247.2,SPICE WORLD LTD,2,2,5
EVERFRESH 4KG GHEE,11,33519.200000000004,BROOKSIDE DAIRY LIMITED,2,2,5
FAY 30CMX30M CLING FILM,12,1536.0,KIM FAY EAST AFRICA LTD,2,2,5
SANTA MARIA 1LT EXTRA VIRGIN OLIVE OIL,10,22304.0,DEBENHAM AND FEAR LTD,2,2,5
FLORA 10S WHITE TOILET ROLL,10,3531.3713355048862,AFRICAN COTTON INDUSTRIES LTD,2,2,5
BIO 500ML DAIRY WHIPPING CREAM,11,3103.75104727708,BIO FOOD PRODUCTS LTD,2,2,5
FIESTA JUMBO TISSUE 100M,10,3531.3713355048862,AFRICAN COTTON INDUSTRIES LTD,2,2,5
ENERGIZER 3V LITHIUM ECR 2032,10,1320.0,HASBAH KENYA LTD,2,2,5
MONTILL 12 PACK EGGS,10,3291.44687112989,MONTILL LIMITED,2,2,5
DELAMERE 450G PREM P/PPLE& COCONUT FRUIT YOGHURT CUP,11,1033.5721379310346,BROOKSIDE DAIRY LIMITED,2,2,5
ENERGIZER AA BATTERY 4+2 E91 BP6,10,6240.0,HASBAH KENYA LTD,2,2,5
FAY FACIAL 80S WHITE,10,1120.0,KIM FAY EAST AFRICA LTD,2,2,5
FESTIVE 200G HALF POUNDCAKE SLICED CHOCOLATE,10,1056.0,DPL FESTIVE  LIMITED,2,2,5
FAY MULTI PURPOSE JUMBO ROLL,10,3000.0,KIM FAY EAST AFRICA LTD,2,2,5
GILANI 250G M&E PET BILTONG DRY,10,10552.0,GILANI GOURMET LTD,2,2,5
MF 200G D/WASHING PASTE ZESTY LEMON,10,704.0,P Z CUSSONS EAST AFRICA  LTD HQ,2,2,5
TROP HEAT 150G KENYAN CHEVDA SWEET(TAMU),10,496.6218867924528,TROPICAL HEAT LTD,2,2,5
EVEREADY 4S BLACK 1215BP4,10,2240.0,HASBAH KENYA LTD,2,2,5
TH 150G RICE CAKE CHEESE,10,1680.0,TROPICAL HEAT LTD,2,2,5
TROP HEAT 150G KENYAN CHEVDA CHILLI LEMON,10,496.6218867924528,TROPICAL HEAT LTD,2,2,5
MHARVEST 500G JUMBO OATS BAG,10,1992.0000000000002,HEALTHY U TWO THOUSAND LTD,2,2,5
NIVEA DEO AQUA COOL ROLL ON 50ML(82886),10,4160.0,BEIERSDORF EAST AFRICA LTD HQ,2,2,5
AXE 150ML APOLLO AEROSOL PROMO,10,7200.0,UNILEVER KENYA LIMITED,2,2,5
BLOOM LUXURY 3PLY TOILET 4PK,9,3178.2342019543976,PROPACK KENYA LTD,2,2,5
CADBURY 125G DRINKING CHOCOLATE JAR,9,762.6133977066988,HASBAH KENYA LTD CADBURY,2,2,5
ENERGIZER AA BATTERY 2PK E91,9,3132.0,HASBAH KENYA LTD,2,2,5
BIO 150ML YOGHURT GUAVA/MORINGA,10,939.6110344827588,BIO FOOD PRODUCTS LTD,2,2,5
TENDER CARE 100S EARBUDS POLY,9,684.0,AFRICAN COTTON INDUSTRIES LTD,2,2,5
F/C FROZEN 500G (12M) BEEF MINCE,9,2268.0,FARMERS CHOICE LTD,2,2,5
RAHA 200G DRINKING CHOCOLATE,9,762.6133977066988,EXCEL CHEMICALS LTD,2,2,5
RAHA 400G DRINKING CHOCOLATE,9,762.6133977066988,EXCEL CHEMICALS LTD,2,2,5
MC 330G GARLIC MAYONNAISE,9,3088.8,BIO FOOD PRODUCTS LTD,2,2,5
BUTTERFLY 1KG MUNG DAL SPLIT,9,1706.4,SPICE WORLD LTD,2,2,5
SANTA MARIA 500ML EXTRA VIRGIN OLIVE OIL,9,12060.0,DEBENHAM AND FEAR LTD,2,2,5
VELVEX 300ML FURNITURE POLISH LEMON,9,2152.8,CHANDARIA INDUSTRIES  LTD,2,2,5
AQUACLEAR 1LT MINERAL WATER,9,501.57293547305517,DEVYANI FOOD INDUSTRIES K LIMITED MILK AND YOGHURT,2,2,5
NIVEA 50ML FRESH ACTIVE ROLL ON FOR MEN,9,3744.0,BEIERSDORF EAST AFRICA LTD HQ,2,2,5
BUTTERFLY 1KG MUNG DAL WASHED,9,2152.8,SPICE WORLD LTD,2,2,5
AMANA 1KG NDENGU,9,1476.0,UNGA LTD,2,2,5
MAXLITE 8S NON DRIP CANDLES W/FREE MATCH BOX,8,832.0,SPARKLE BRANDS LIMITED,2,2,5
ASTONISH 1LT LAVE FLOOR CLEANER,8,4160.0,SPARKLE BRANDS LIMITED,2,2,5
JIK 750ML REGULAR 2+1,8,5497.6,TOWFIQ  K  LIMITED HQ,2,2,5
NUTEEZ 400G PEANUT BUTTER CRUNCHY,8,1881.6000000000001,JETLAK FOODS LTD,2,2,5
PERSIL 3LT MACHINE WASH LIQUID GEL,8,17273.600000000002,CHANDARIA INDUSTRIES LTD HENKEL C BRANDS,2,2,5
ALWAYS PANTYLINERS N ECONOMY *40,8,1259.0641821946172,HASBAH KENYA LTD P AND G,2,2,5
BORGES 750ML EXTRA VIRGIN OIL,8,16480.0,DEBENHAM AND FEAR LTD,2,2,5
MF FLOWER FOR 1500/-,8,9600.0,ANDREW MUROKI GATHAGE,2,2,5
FESTIVE 200G HALF POUNDCAKE SLICED COFFEE,8,844.8000000000001,DPL FESTIVE  LIMITED,2,2,5
BIO 350ML ACTIVE POWER YOGHURT DRINK STRAWBERRY,8,751.688827586207,BIO FOOD PRODUCTS LTD,2,2,5
FRESHA 500ML WHOLE MILK POUCH,503,22866.086808736643,GITHUNGURI DAIRY FARMERS,2,3,6
FESTIVE 600G FAMILY WHITE BREAD,614,49120.36081469116,DPL FESTIVE  LIMITED,2,3,6
NATURES 600G WHITE BREAD,465,37200.368084915,DPL FESTIVE  LIMITED,2,3,6
JOGOO 2KG MAIZE MEAL,571,66238.97547436987,UNGA LTD,2,3,6
FRESHA MAISHA 250ML LONG LIFE MILK,431,10344.158147001492,GITHUNGURI DAIRY FARMERS,2,3,6
EXE 2KG ALL PURPOSE FLOUR,518,66351.56484429067,UNGA LTD,2,3,6
KABRAS 2KG WHITE SUGAR,501,128206.32940845862,WEST KENYA SUGAR COMPANY LTD,2,3,6
BIO 1L FRESH WHOLE MILK,299,40874.9727539187,BIO FOOD PRODUCTS LTD,2,3,6
KABRAS 1KG WHITE SUGAR,310,41503.11521954441,WEST KENYA SUGAR COMPANY LTD,2,3,6
MUMIAS 2KG SUGAR,286,73396.43078755397,Unknown,2,3,6
MUMIAS 1KG SUGAR,239,30952.364406115255,Unknown,2,3,6
FESTIVE 600G FAMILY BRWN BREAD,177,14160.035049504952,DPL FESTIVE  LIMITED,2,3,6
BIO 2L SEMI SKIMMED FRESH MILK,148,36184.43697656045,BIO FOOD PRODUCTS LTD,2,3,6
FESTIVE 400G FINEST SUPER SEEDED BREAD,143,14872.030752688172,DPL FESTIVE  LIMITED,2,3,6
NUTRAMEAL 1KG SUGAR,186,25643.603059273424,KAMILI PACKERS SUGAR ONLY,2,3,6
FRESHA 5L WHOLE MILK,136,54342.85342019544,GITHUNGURI DAIRY FARMERS,2,3,6
BROADWAY 400G WHITE SLICED BREAD,122,6344.0,BROADWAYS BAKERY LTD,2,3,6
FESTIVE 300G 6S PREM SESSAME SLICED BURGER BUNS,121,12584.0,DPL FESTIVE  LIMITED,2,3,6
NUTRAMEAL 2KG SUGAR,160,42683.27202770297,KAMILI PACKERS SUGAR ONLY,2,3,6
BIO 1L FRESH SEMI SKIMMED MILK,112,14074.500740740741,BIO FOOD PRODUCTS LTD,2,3,6
FESTIVE 300G 6S DELUXE ROLLS,111,10656.0,DPL FESTIVE  LIMITED,2,3,6
FESTIVE 300G 6S PREM PLAIN BURGER BUNS,108,10368.0,DPL FESTIVE  LIMITED,2,3,6
BROADWAY 400G NATURAL BROWN BREAD,88,4576.170377541142,BROADWAYS BAKERY LTD,2,3,6
RINSUN 5LT SUNFLOWER OIL,92,117021.43477938451,KAPA OIL REFINERIES LTD,2,3,6
KINGSMIL 400G KUBWA WAO WHITE BREAD,65,3380.0,KENAFRIC BAKERY LTD,2,3,6
RINSUN 2LT SUNFLOWER OIL,73,44245.493805309736,KAPA OIL REFINERIES LTD,2,3,6
BROADWAYS 600G WHITE BREAD,64,5069.092943420216,BROADWAYS BAKERY LTD,2,3,6
KINGSMIL 200G SLICED WHITE BREAD,59,1652.1345496009121,KENAFRIC BAKERY LTD,2,3,6
HOSTESS 2KG FLOUR,63,7635.547073626219,UNGA LTD,2,3,6
BIO 1L FRESH SKIMMED MILK,55,6770.917491749175,BIO FOOD PRODUCTS LTD,2,3,6
RINSUN 3LT SUNFLOWER OIL,62,54257.05245305875,KAPA OIL REFINERIES LTD,2,3,6
EXE 1KG ALL PURPOSE,61,4177.958535071384,UNGA LTD,2,3,6
FRESHA 2LT WHOLE MILK,54,9072.0,GITHUNGURI DAIRY FARMERS,2,3,6
FESTIVE 350G SLICED SUB ROLLS 4S,52,5824.0,DPL FESTIVE  LIMITED,2,3,6
EXE 2KG CHAPATI FLOUR,58,7855.362711864406,UNGA LTD,2,3,6
BIO 1L BARISTA FRESH MILK,50,7159.375,BIO FOOD PRODUCTS LTD,2,3,6
BROADWAY 800G WHITE SANDWICH SLICED BREAD,46,4784.0569659442735,BROADWAYS BAKERY LTD,2,3,6
NATURES 600G BROWN BREAD,45,3600.0,DPL FESTIVE  LIMITED,2,3,6
KINGSMIL 400G KUBWA WAO BROWN BREAD,45,2340.0,KENAFRIC BAKERY LTD,2,3,6
EXE 2KG SELF RAISING,48,6722.517254174396,UNGA LTD,2,3,6
BROADWAY 400G 50/50 BREAD,8,640.0,BROADWAYS BAKERY LTD,2,3,6
KINGSMIL 400G SANDWICH WMEAL BREAD,8,640.0,KENAFRIC BAKERY LTD,2,3,6
KINGSMIL 400G RND TOP BROWN BREAD,7,560.0,KENAFRIC BAKERY LTD,2,3,6
WHITE CAP 500ML LAGER CANS,858,156763.59739620239,KENYA BREWERIES LTD,2,3,6
COKE PET 350ML,565,21969.128555596602,COCA COLA BEVERAGES KENYA LTD,2,3,6
BIO 200ML GREEK STYLE NATURE PLAIN YOGHURT,423,58498.41753239911,BIO FOOD PRODUCTS LTD,2,3,6
DUNHILL 20S SWITCH,530,199280.0,NOBLE OUTLOOK LIMITED,2,3,6
KERINGET 18.9LT MINERAL WATER REFIL,497,238017.815983457,COCA COLA BEVERAGES KENYA LTD,2,3,6
EMBASSY BY DUNHILL BLUE 20S,477,175536.48287127574,NOBLE OUTLOOK LIMITED,2,3,6
COKE PET 500ML,475,25265.393696543648,COCA COLA BEVERAGES KENYA LTD,2,3,6
TUSKER CAN 500ML BEER,465,79123.53574940178,KENYA BREWERIES LTD,2,3,6
AQUAMIST 500ML MINERAL WATER,442,17449.17674711438,AQUAMIST LIMITED,2,3,6
COKE ZERO 500ML PET,425,22159.639076034648,COCA COLA BEVERAGES KENYA LTD,2,3,6
COKE ZERO 330ML CAN,423,32679.950173154542,COCA COLA BEVERAGES KENYA LTD,2,3,6
TUSKER 500ML LAGER BEER,385,64372.00000000001,KENYA BREWERIES LTD,2,3,6
AQUAMIST 20LT MINERAL WATER,379,159929.52338951014,AQUAMIST LIMITED,2,3,6
KRACKLES PERFECTLY SALTED 30G,343,11334.46979710145,PROPACK KENYA LTD,2,3,6
COKE 330ML CAN,339,26456.85257548846,COCA COLA BEVERAGES KENYA LTD,2,3,6
AQUAMIST 1LTR SPARKLING WATER,340,25848.819481206992,AQUAMIST LIMITED,2,3,6
WHITE CAP 500ML LAGER BEER,333,63669.600000000006,KENYA BREWERIES LTD,2,3,6
AQUAMIST 500ML SPARKLING WATER,314,17306.974976022084,AQUAMIST LIMITED,2,3,6
SCHWEPPES SODA WATER 500ML PET,303,18342.509461836093,COCA COLA BEVERAGES KENYA LTD,2,3,6
BIO 150ML VANILLA YOGHURT,231,21485.9301777362,BIO FOOD PRODUCTS LTD,2,3,6
COCA COLA 300ML,299,9568.0,COCA COLA BEVERAGES KENYA LTD,2,3,6
COCA COLA 300ML EMPTY BOTTLE,299,3588.0,COCA COLA BEVERAGES KENYA LTD,2,3,6
SCHWEPPES TONIC WATER 500ML PET,296,17969.568997472623,COCA COLA BEVERAGES KENYA LTD,2,3,6
KRACKLES POTATO CRISP BBQ30G,274,11962.051083591332,PROPACK KENYA LTD,2,3,6
OLA 40G CHEESE CRUNCH TORTILA CHIPS,270,13914.889673433365,PROPACK KENYA LTD,2,3,6
SPRITE PET 350ML,266,10348.538804810361,COCA COLA BEVERAGES KENYA LTD,2,3,6
ISINYA 6S EGGS,263,26341.680336752746,ISINYA FEEDS LIMITED,2,3,6
SPRITE 330ML CAN REGULAR,260,20077.9948265726,COCA COLA BEVERAGES KENYA LTD,2,3,6
DASANI 500ML MINERAL WATER,259,6959.497641746111,COCA COLA BEVERAGES KENYA LTD,2,3,6
SPRITE PET 500ML,252,13324.36948574214,COCA COLA BEVERAGES KENYA LTD,2,3,6
PICK N PEEL 250ML MANGO,251,14209.146447834046,KEVIAN KENYA LTD,2,3,6
GUINNESS 500ML CAN,252,46104.16775526145,KENYA BREWERIES LTD,2,3,6
KRACKLES CHEESE & ONION 30G,249,11037.464016449623,PROPACK KENYA LTD,2,3,6
BALOZI 500ML CAN,249,40942.80502944736,KENYA BREWERIES LTD,2,3,6
KRACKLES BANG BANG CHILLI 30G,248,10931.689696969699,PROPACK KENYA LTD,2,3,6
TUSKER LITE 500ML CAN,246,50886.83431987076,KENYA BREWERIES LTD,2,3,6
OLA 40G MEXICAN CRUNCH TORTILA CHIPS,244,12583.644628099177,PROPACK KENYA LTD,2,3,6
ISINYA 30S EGGS,228,98730.01596452328,ISINYA FEEDS LIMITED,2,3,6
PICK N PEEL 250ML APPLE,226,12866.808298755188,KEVIAN KENYA LTD,2,3,6
PICK N PEEL 250ML TROPICAL MIX,225,12744.095744680852,KEVIAN KENYA LTD,2,3,6
FANTA ORANGE PET 350ML,223,8685.025398160316,COCA COLA BEVERAGES KENYA LTD,2,3,6
COKE PET 2LTS,216,28446.340967896507,COCA COLA BEVERAGES KENYA LTD,2,3,6
KERINGET 1LT SPARKLING MINERAL WATER,209,17610.574268593587,COCA COLA BEVERAGES KENYA LTD,2,3,6
VELVEX 100S WHITE SERVIETTES,203,18870.132356787864,CHANDARIA INDUSTRIES  LTD,2,3,6
KERINGET 1LT MINERAL WATER,203,14107.171385083715,COCA COLA BEVERAGES KENYA LTD,2,3,6
KRACKLES SALT&VINEGAR 30GM,195,8452.556244464127,PROPACK KENYA LTD,2,3,6
PREDATOR 400ML ENERGY DRINK PET,193,9721.869075493614,COCA COLA BEVERAGES KENYA LTD,2,3,6
FANTA ORANGE PET 500ML,191,10094.298260621616,COCA COLA BEVERAGES KENYA LTD,2,3,6
COKE ZERO SUGAR 300ML,191,6112.0,COCA COLA BEVERAGES KENYA LTD,2,3,6
COKE ZERO SUGAR 300ML EMPTY BOTTLE,191,2292.0,COCA COLA BEVERAGES KENYA LTD,2,3,6
COKE 1.25L PET,189,19325.395099640642,COCA COLA BEVERAGES KENYA LTD,2,3,6
AQUAMIST 1LT MINERAL WATER,187,11446.993973848777,AQUAMIST LIMITED,2,3,6
BIO 150ML NATURAL YOGHURT,142,13108.222857142859,BIO FOOD PRODUCTS LTD,2,3,6
BIO 150ML STRAWBERRY YOGHURT,142,13429.974789427824,BIO FOOD PRODUCTS LTD,2,3,6
TENA 10S WHITE TOILET ROLLS,185,66700.47818884594,AFRICAN COTTON INDUSTRIES LTD,2,3,6
DUNHILL 20S DOUBLE CAP,183,68808.0,NOBLE OUTLOOK LIMITED,2,3,6
ISINYA 15S EGGS,182,45166.794601054484,ISINYA FEEDS LIMITED,2,3,6
PICK N PEEL 250ML PINEAPPLE JUICE,179,10111.095334970187,KEVIAN KENYA LTD,2,3,6
PICK N PEEL 250ML ORANGE JUICE,178,13478.120583794667,KEVIAN KENYA LTD,2,3,6
DASANI 1L MINERAL WATER,178,8223.040603394093,COCA COLA BEVERAGES KENYA LTD,2,3,6
PILSNER 500ML LAGER BEER,172,28758.4,KENYA BREWERIES LTD,2,3,6
FANTA BLACKCURRANT PET 500ML,169,8946.638857522417,COCA COLA BEVERAGES KENYA LTD,2,3,6
KNORR 51G 6S CHICKEN CUBES,167,12591.00359140418,UNILEVER KENYA LIMITED,2,3,6
SUNLIGHT 175G PURE SOAP YELLOW,167,9517.785251918585,UNILEVER KENYA LIMITED,2,3,6
PICK N PEEL 1L ORANGE JUICE,166,43388.434325140144,KEVIAN KENYA LTD,2,3,6
AQUAMIST 1.5LT MINERAL WATER,156,11513.082779456194,AQUAMIST LIMITED,2,3,6
VELVEX SNOW WHITE 10 PACK,155,56696.054298642535,CHANDARIA INDUSTRIES  LTD,2,3,6
ILARA 500ML TNC PLAIN CUP,117,10993.449103448278,BROOKSIDE DAIRY LIMITED,2,3,6
BIO 200ML GREEK STYLE YOGHURT VANILLA,115,15847.212962962965,BIO FOOD PRODUCTS LTD,2,3,6
FANTA ORANGE PET 2LTS,150,18417.910069664347,COCA COLA BEVERAGES KENYA LTD,2,3,6
COKE ZERO 2L PET,146,19339.637533512065,COCA COLA BEVERAGES KENYA LTD,2,3,6
AQUACLEAR 500ML MINERAL WATER,123,3077.8507715582455,DEVYANI FOOD INDUSTRIES K LIMITED MILK AND YOGHURT,2,3,6
AQUAMIST 5LT MINERAL WATER,121,20717.797978389677,AQUAMIST LIMITED,2,3,6
KCC 500ML FILPACK MALA,109,5657.399534233815,NEW KENYA COOP CREAMERIES  LTD,2,3,6
FANTA BLACK CURRANT 350ML PET,121,4703.088439880756,COCA COLA BEVERAGES KENYA LTD,2,3,6
KRAC KURLS 25G TANGY CHEESE,120,3752.593886462882,PROPACK KENYA LTD,2,3,6
BALOZI 500ML BEER,119,19786.553835616436,KENYA BREWERIES LTD,2,3,6
BIO 150ML BERRY COCKTAIL YOGHURT,107,9543.90653343582,BIO FOOD PRODUCTS LTD,2,3,6
CARTOONS 30G TANGY TOMATO CRISPS,118,5314.11469740634,PROPACK KENYA LTD,2,3,6
SPRITE SODA PET 2LTS,118,14541.46486314265,COCA COLA BEVERAGES KENYA LTD,2,3,6
OREO 55.2G ORIGINAL COOKIES,114,6266.7194833153935,HASBAH KENYA LTD CADBURY,2,3,6
ROTHMANS SWITCH BLUE 20S,113,32996.07166072136,NOBLE OUTLOOK LIMITED,2,3,6
AQUAMIST 20LT MINERAL WATER EMPTY BOTTLE,112,85572.49119300439,AQUAMIST LIMITED,2,3,6
BIO 150ML MANGO YOGHURT,97,9186.085823754789,BIO FOOD PRODUCTS LTD,2,3,6
KRAC KURLS 25G CHILLI LEMON,105,3283.227219397733,PROPACK KENYA LTD,2,3,6
ISINYA 12S EGGS,105,21182.16315406389,ISINYA FEEDS LIMITED,2,3,6
BROOKSIDE 250G PROBIOTIC FRUIT CUP YOGHURT VANILLA,94,6984.150305002034,BROOKSIDE DAIRY LIMITED,2,3,6
DAIMA 500ML NATURAL PROBIOTIC CUP,93,8811.62827225131,DEVYANI FOOD INDUSTRIES K LIMITED MILK AND YOGHURT,2,3,6
BLUE BAND 500G MED FAT SPREAD,101,22181.419267986483,SUPER SAVERS DISTRIBUTION LTD,2,3,6
FANTA BLACKCURRANT PET 2LTS,101,12347.883201648918,COCA COLA BEVERAGES KENYA LTD,2,3,6
LEADAV YELLOW YOLK EGGS 30PACK TRAY,101,39432.142318059305,LEADAV POULTRY FARM LTD,2,3,6
FANTA PASSION 500ML PET,99,5268.0714751047,COCA COLA BEVERAGES KENYA LTD,2,3,6
BIO 90ML NATURAL Y0GHURT,86,5435.2,BIO FOOD PRODUCTS LTD,2,3,6
OXYRICH 1L SPRING WATER,94,3505.5142672692064,AQUAMIST LIMITED,2,3,6
PICK N PEEL 1LT APPLE,91,18822.623470565602,KEVIAN KENYA LTD,2,3,6
ROYCO 4G 40S BEEF CUBES,90,9880.336688014639,UNILEVER KENYA LIMITED,2,3,6
BIO 90ML VANILLA,79,4992.8,BIO FOOD PRODUCTS LTD,2,3,6
FC 200G (30D) FRESH SANDWICH HAM,79,18558.252083333336,FARMERS CHOICE LTD,2,3,6
QUENCHER 18L MIN WATER PET,87,35393.47947697555,EXCEL CHEMICALS LTD,2,3,6
FESTIVE TORTILLA WRAP 8 INCH,86,18883.18232931727,DPL FESTIVE  LIMITED,2,3,6
FANTA PASSION PET 2LTS,86,10507.103500632646,COCA COLA BEVERAGES KENYA LTD,2,3,6
KNORR 51G 6S BEEF CUBES,85,6378.955974842767,UNILEVER KENYA LIMITED,2,3,6
BROOKSIDE 250ML STRAWBERRY,76,4170.985936527692,BROOKSIDE DAIRY LIMITED,2,3,6
OREO 128G ORIGINAL,84,10413.587692307692,HASBAH KENYA LTD CADBURY,2,3,6
BLUE BAND 1KG MED FAT SPREAD,84,32163.52911869294,SUPER SAVERS DISTRIBUTION LTD,2,3,6
BROOKSIDE 250G NATURAL PROBIOTIC YOGHURT,75,5573.854811480022,BROOKSIDE DAIRY LIMITED,2,3,6
FC 1KG (14D) FRESH PORK VALUE PACK,74,41506.299309033275,FARMERS CHOICE LTD,2,3,6
JIAN 30 PACK YELLOW YOLK EGGS,82,32234.16441413515,JIAN CEREALS DEPOT,2,3,6
MINUTE MAID 400ML APPLE JUICE,82,5178.73102019679,COCA COLA BEVERAGES KENYA LTD,2,3,6
FC 500G (14D) FRESH CLASSIC PORK SAUSAGE,74,21784.191314693635,FARMERS CHOICE LTD,2,3,6
FC 200G (30D) FRESH STREAKY BACON,73,25932.795136778117,FARMERS CHOICE LTD,2,3,6
MINUTE MAID 1L APPLE JUICE,81,9341.709051724138,COCA COLA BEVERAGES KENYA LTD,2,3,6
GREEN FARM 30S Y/YORK EGGS,80,35847.7734037446,GREEN FARM POULTRY,2,3,6
CADBURY 90G DRINKING CHOCOLATE SACHET,80,6778.785757392879,HASBAH KENYA LTD CADBURY,2,3,6
LEADAV YELLOW YOLK EGGS 6PACK,79,26002.430281926132,LEADAV POULTRY FARM LTD,2,3,6
BROOKSIDE 250ML VANILLA,71,3898.5806012478733,BROOKSIDE DAIRY LIMITED,2,3,6
BROOKSIDE 1LT NATURAL YOGHURT,70,12600.0,BROOKSIDE DAIRY LIMITED,2,3,6
PICK N PEEL 1LT TROPICAL MIX,76,15821.259726801696,KEVIAN KENYA LTD,2,3,6
CADBURY 28G BUBBLY CHOCOLATE,75,5868.439971243712,HASBAH KENYA LTD CADBURY,2,3,6
TENA 100S SERVIETTES WHITE,73,5817.902702702705,AFRICAN COTTON INDUSTRIES LTD,2,3,6
TOILEX WHITE 10S,73,21550.67320061256,CHANDARIA INDUSTRIES  LTD,2,3,6
SOFTLEAF TWIN SERVIETTES,72,10860.912914608329,KAPA OIL REFINERIES LTD,2,3,6
NEPTUNE 10S BLENDED TOILET PAPER,72,21195.268085106385,KAPA OIL REFINERIES LTD,2,3,6
BIO 500ML COOKING CREAM LONG LIFE,64,18058.187911430283,BIO FOOD PRODUCTS LTD,2,3,6
STIMOROL 14G 10S WILD BERRY,72,3744.24347826087,HASBAH KENYA LTD CADBURY,2,3,6
QUENCHER 10LT MINERAL WATER PET,71,16983.2,EXCEL CHEMICALS LTD,2,3,6
BROOKSIDE 250G PROBIOTIC FRUIT CUP YOGHURT STRAWBERRY,63,4669.598969072165,BROOKSIDE DAIRY LIMITED,2,3,6
BROOKSIDE 450ML NATURAL YOGHURT CUP,62,8377.492210526316,BROOKSIDE DAIRY LIMITED,2,3,6
FC 125G (30D) FRESH NYAMABITE,62,4569.257557436517,FARMERS CHOICE LTD,2,3,6
FC 400G (30D) FRESH STREAKY BACON,61,39009.28530020704,FARMERS CHOICE LTD,2,3,6
SPRITE 300ML,67,2144.0,COCA COLA BEVERAGES KENYA LTD,2,3,6
SPRITE 300ML EMPTY BOTTLE,67,804.0,COCA COLA BEVERAGES KENYA LTD,2,3,6
JAMAA 1KG BAR SOAP CREAM,67,6300.836161699333,KAPA OIL REFINERIES LTD,2,3,6
CADBURY 80G DAIRY MILK WHOLE NUT,67,13848.509557109555,HASBAH KENYA LTD CADBURY,2,3,6
MINUTE MAID 1L TROPICAL JUICE,66,7716.883507306889,COCA COLA BEVERAGES KENYA LTD,2,3,6
KRAC KURLS 25G TOMATO,66,2063.4870447761195,PROPACK KENYA LTD,2,3,6
FESTIVE 400G POUNDCAKE SLICED VANILLA,65,9152.0,DPL FESTIVE  LIMITED,2,3,6
KRACKLES CURLS 15G CHEESY,65,1040.0276742948377,PROPACK KENYA LTD,2,3,6
CADBURY 80G DAIRY MILK,65,13529.602591792658,HASBAH KENYA LTD CADBURY,2,3,6
STONEY ZERO 500ML  PET,63,3350.9890586994734,COCA COLA BEVERAGES KENYA LTD,2,3,6
BROOKSIDE 450G NATURAL PROBIOTIC YOGHURT,57,7225.55294117647,BROOKSIDE DAIRY LIMITED,2,3,6
FAY TOILET PAPER WHITE 10S,63,23192.225726141085,KIM FAY EAST AFRICA LTD,2,3,6
QUENCHER LIFE 5LT PREMIUM DRINKING WATER,63,11255.81394136808,EXCEL CHEMICALS LTD,2,3,6
TROP HEAT 50G CHEVDA ORIGINAL,63,3128.7178867924526,TROPICAL HEAT LTD,2,3,6
CADBURY 32G DAIRY MILK CHOCOLATE,62,6613.995953307393,HASBAH KENYA LTD CADBURY,2,3,6
BROOKSIDE 1L SWEETEND LALA BOTTLE,56,8019.200000000001,BROOKSIDE DAIRY LIMITED,2,3,6
ALWAYS 14S MAXI THICK EX/LONG DAY/NIGHT,62,9757.747412008282,HASBAH KENYA LTD P AND G,2,3,6
FC 200G (14D) FRESH PORK CHIPOLATA,55,9828.367879203843,FARMERS CHOICE LTD,2,3,6
BIO ACTIVE 350ML BLKBRRY N RSPBRRY YOG DRINK,55,6797.339339339339,BIO FOOD PRODUCTS LTD,2,3,6
MINUTE MAID 400ML TROPICAL JUICE,61,3791.5932199233716,COCA COLA BEVERAGES KENYA LTD,2,3,6
AQUAMIST 19L DISPOSABLE WATER,60,27171.816618911176,AQUAMIST LIMITED,2,3,6
FESTIVE TORTILLA WRAP 10 INCH,60,17250.854572713644,DPL FESTIVE  LIMITED,2,3,6
TROP HEAT 18G SAFARI CHEESE,59,944.0,TROPICAL HEAT LTD,2,3,6
OREO 31.3G ENROBED,60,3071.7206982543644,HASBAH KENYA LTD CADBURY,2,3,6
SUNRICE 2KG RICE BASMATI,59,28919.134319224886,KRISH COMMODITIES LTD,2,3,6
BROOKSIDE 450G PROBIOTIC FRUIT CUP YOGHURT VANILLA,52,6586.556055112401,BROOKSIDE DAIRY LIMITED,2,3,6
ILARA 1LT MAZIWA LALA  PLASTIC BOTTLE,52,6947.2,BROOKSIDE DAIRY LIMITED,2,3,6
KNORR 51G 6S BEEF CHILLI CUBES,58,4372.775913978495,UNILEVER KENYA LIMITED,2,3,6
LEADAV YELLOW YOLK EGGS 15PACK,56,18432.102478327382,LEADAV POULTRY FARM LTD,2,3,6
OREO 26.25G ORIGINAL,56,1983.5586206896553,HASBAH KENYA LTD CADBURY,2,3,6
BROOKSIDE 250ML CHOCOLATE,50,2744.7744958687194,BROOKSIDE DAIRY LIMITED,2,3,6
PRAZIER 6S YELLOW YORK EGGS,55,18102.957791214394,PRAZIER POULTRIES,2,3,6
BLUE BAND 250G MED FAT SPREAD,55,6962.654663835811,SUPER SAVERS DISTRIBUTION LTD,2,3,6
LEADAV YELLOW YOLK EGGS 12PACK,54,17773.813104101406,LEADAV POULTRY FARM LTD,2,3,6
SANTA MARIA 70G TOMATO PASTE SATCHET,52,1554.4598130841123,DEBENHAM AND FEAR LTD,2,3,6
SUNRICE 5KG RICE BASMATI,54,59665.061801596356,KRISH COMMODITIES LTD,2,3,6
EMBASSY BY DUNHILL RED 20S,53,19504.05365236397,NOBLE OUTLOOK LIMITED,2,3,6
SUNLIGHT 700G LONG BAR YELLOW,51,4796.158869353224,UNILEVER KENYA LIMITED,2,3,6
ISINYA 20S EGGS,51,16786.37904276244,ISINYA FEEDS LIMITED,2,3,6
TENA 15S TOILET ROLL WHITE WRAPPED,50,25900.029940119766,AFRICAN COTTON INDUSTRIES LTD,2,3,6
GREEN FARM 15PK Y/YORK EGGS,50,13393.60617760618,GREEN FARM POULTRY,2,3,6
BROOKSIDE 230ML COOKING CREAM CUP,45,12697.163375224418,BROOKSIDE DAIRY LIMITED,2,3,6
STONEY TANGAWIZI 500ML PET,49,2606.3248234329235,COCA COLA BEVERAGES KENYA LTD,2,3,6
FESTIVE 200G HALF POUNDCAKE SLICED VANILLA,49,5174.400000000001,DPL FESTIVE  LIMITED,2,3,6
VIM 500G POUCH LFRESH SCOURER,48,2688.0,UNILEVER KENYA LIMITED,2,3,6
LIBERTY CHOICE YELLOW YOLK EGG 6PACK,48,15798.944981423472,PAMULI POULTRY FARM,2,3,6
GILANI GOURMET 2KG ICE CUBE,40,6400.0,GILANI GOURMET LTD,2,3,6
GREEN FARM 6S Y/YORK EGGS,40,13165.78748451956,GREEN FARM POULTRY,2,3,6
ROSY TOILET TISSUE WHITE 10PACK,39,9298.142608695653,CHANDARIA INDUSTRIES  LTD,2,3,6
ALPRO 1LT ALMOND UNSWTENED DRINK,40,19168.0,HEALTHY U TWO THOUSAND LTD,2,3,6
FLORA 100S SERVIETTES WHITE,38,2724.233003802281,AFRICAN COTTON INDUSTRIES LTD,2,3,6
LIBERTY CHOICE YELLOW YOLK EGG 15PACK,38,12507.498110293582,PAMULI POULTRY FARM,2,3,6
TENA 10S POCKET TISSUE 3PLY,38,608.0,AFRICAN COTTON INDUSTRIES LTD,2,3,6
VELVEX POCKET TISSUES WHITE 1S,38,608.0,CHANDARIA INDUSTRIES  LTD,2,3,6
HEINZ 570G TOMATO KETCHUP,37,17700.800000000003,HASBAH KENYA LTD,2,3,6
FLORA 1S TOILET ROLLS WHITE,36,12712.93680781759,AFRICAN COTTON INDUSTRIES LTD,2,3,6
PRAZIER 30S YELLOW YORK EGGS,35,11520.064048954615,PRAZIER POULTRIES,2,3,6
MF 750ML ZESTY LEMON D/WASHING LIQUID,35,8372.0,P Z CUSSONS EAST AFRICA  LTD HQ,2,3,6
JIAN 6 PACK YELLOW YOLK EGGS,35,11520.064048954615,JIAN CEREALS DEPOT,2,3,6
CADBURY 44G LUNCH BAR,35,4476.801405975396,HASBAH KENYA LTD CADBURY,2,3,6
KREST BITTER LEMON  500M PET,35,1861.660588166374,COCA COLA BEVERAGES KENYA LTD,2,3,6
VELVEX POCKET TISSUES BLUE 1S,34,544.0,CHANDARIA INDUSTRIES  LTD,2,3,6
JIAN 15 PACK YELLOW YOLK EGGS,36,11849.208736067605,JIAN CEREALS DEPOT,2,3,6
NUZIWA 1L OAT ORIGINAL MILK,36,13824.0,JETLAK FOODS LTD,2,3,6
ACACIA 200ML KIDS BLUE RASPBERRY,33,2945.002462432365,KEVIAN KENYA LTD,2,3,6
LIBERTY CHOICE YELLOW YOLK EGG 30PACK,33,10861.774674728636,PAMULI POULTRY FARM,2,3,6
GREEN FARM 12PK Y/YORK EGGS,33,10861.774674728636,GREEN FARM POULTRY,2,3,6
BUTTERFLY 1KG POLISH GREEN GRAM,33,6045.6,SPICE WORLD LTD,2,3,6
BROOKSIDE 150ML DOUBLE CREAM,34,9593.412327947337,BROOKSIDE DAIRY LIMITED,2,3,6
FIESTA TOILET ROLLS WHITE 10S,33,11653.525407166124,AFRICAN COTTON INDUSTRIES LTD,2,3,6
CADBURY 450G DRINKING CHOCOLATE JAR,33,2796.2491249245622,HASBAH KENYA LTD CADBURY,2,3,6
DAIMA 480ML MILK DRINK VANILLA FLV,34,1866.4466571907292,DEVYANI FOOD INDUSTRIES K LIMITED MILK AND YOGHURT,2,3,6
ARIEL 1KG DETERGENT FRESH LAVENDER CLEAN,32,9190.4,HASBAH KENYA LTD P AND G,2,3,6
SUNLIGHT 900G LONG BAR YELLOW,32,3009.354584692219,UNILEVER KENYA LIMITED,2,3,6
KLEENEX POCKET HANKIES SINGLES,32,512.0,KIM FAY EAST AFRICA LTD,2,3,6
BROOKSIDE 400ML COOKING CREAM CUP,34,9593.412327947337,BROOKSIDE DAIRY LIMITED,2,3,6
KCC 500G BUTTER SALTED (604),31,14555.469547651735,NEW KENYA COOP CREAMERIES  LTD,2,3,6
VELVEX EXTRA 10S TOILET TISSUE UNWARAPPED,30,27734.754681549817,CHANDARIA INDUSTRIES  LTD,2,3,6
BROOKSIDE 250ML ASSORTED 6PK,32,1756.6556773559805,BROOKSIDE DAIRY LIMITED,2,3,6
MF 750ML ORIGINAL D/WASHING LIQUID,30,7176.000000000001,P Z CUSSONS EAST AFRICA  LTD HQ,2,3,6
BROOKSIDE 1KG GHEE,30,23592.000000000004,BROOKSIDE DAIRY LIMITED,2,3,6
ACACIA 200ML KIDS MANGO,30,2677.2749658476046,KEVIAN KENYA LTD,2,3,6
SPRITE 1.25L PET,29,3016.0,COCA COLA BEVERAGES KENYA LTD,2,3,6
KREST BITTER LEMON 300ML EMPTY BOTTLE,28,336.0,COCA COLA BEVERAGES KENYA LTD,2,3,6
CADBURY 32G DAIRY MILK HAZELNUTS,29,3110.140013917884,HASBAH KENYA LTD CADBURY,2,3,6
BROOKSIDE 500G UNSALTED BUTTER,28,13146.875720459633,BROOKSIDE DAIRY LIMITED,2,3,6
TROP HEAT 50G CHILLI CHEVDA KENYAN,28,1390.541283018868,TROPICAL HEAT LTD,2,3,6
TUSKER 330ML MALT LAGER BEER,27,4939.732259492298,KENYA BREWERIES LTD,2,3,6
BIO 1L WHOLE LONGLIFE MILK,28,2630.9108965517244,BIO FOOD PRODUCTS LTD,2,3,6
BROOKSIDE 500G SUPERFINE GHEE,27,12074.400000000001,BROOKSIDE DAIRY LIMITED,2,3,6
ARIEL 1KG DETERGENT FRESH FLORAL CLEAN,26,9755.2,HASBAH KENYA LTD P AND G,2,3,6
DOWNY 900ML POUCH SWEET ELEGANCE,26,14518.4,HASBAH KENYA LTD P AND G,2,3,6
TENA 200S SERVIETTES WHITE,25,4000.1538461538466,AFRICAN COTTON INDUSTRIES LTD,2,3,6
VELVEX 30CMX5M ALLUMINIUM FOIL,25,2600.0,CHANDARIA INDUSTRIES  LTD,2,3,6
PRESTIGE 1KG MARGARINE,25,5490.45031385804,KAPA OIL REFINERIES LTD,2,3,6
BROOKSIDE 250ML COFFEE,26,1427.282737851734,BROOKSIDE DAIRY LIMITED,2,3,6
DAIMA 250G BUTTER SALTED,24,11268.750617536829,DEVYANI FOOD INDUSTRIES K LIMITED MILK AND YOGHURT,2,3,6
BUTTERFLY 1KG YELLOW KIDNEY  BEANS,24,6105.6,SPICE WORLD LTD,2,3,6
BROOKSIDE 250ML BANANA,25,1372.3872479343597,BROOKSIDE DAIRY LIMITED,2,3,6
MONTILL 6 PACK EGGS,24,7899.472490711736,MONTILL LIMITED,2,3,6
BROOKSIDE 250ML VANILLA 6PK,25,1372.3872479343597,BROOKSIDE DAIRY LIMITED,2,3,6
BROOKSIDE 250G UNSALTED BUTTER,24,11268.750617536829,BROOKSIDE DAIRY LIMITED,2,3,6
BROOKSIDE 250ML BUBBLE GUM,25,1372.3872479343597,BROOKSIDE DAIRY LIMITED,2,3,6
DAIMA 500G BUTTER SALTED,23,10799.219341806127,DEVYANI FOOD INDUSTRIES K LIMITED MILK AND YOGHURT,2,3,6
MF 800G D/PASTE ZESTY LEMON HH852,23,7341.600000000001,P Z CUSSONS EAST AFRICA  LTD HQ,2,3,6
BROOKSIDE 400ML WHIPPING CREAM CUP,24,6771.820466786356,BROOKSIDE DAIRY LIMITED,2,3,6
HEINZ 245GM MUSTARD,23,5501.6,HASBAH KENYA LTD,2,3,6
PRESTIGE 500G ORIGINAL MARGARINE,23,5051.214288749397,KAPA OIL REFINERIES LTD,2,3,6
DAIMA 240ML MILK DRINK STRAWBERRY,24,1317.4917580169854,DEVYANI FOOD INDUSTRIES K LIMITED MILK AND YOGHURT,2,3,6
EVERFRESH 1KG GHEE,22,17300.800000000003,BROOKSIDE DAIRY LIMITED,2,3,6
TENA 80S FACIAL TISSUES BAMBOO,22,2200.0,AFRICAN COTTON INDUSTRIES LTD,2,3,6
PRAZIER 15S YELLOW YORK EGGS,22,7241.183116485758,PRAZIER POULTRIES,2,3,6
FAY POCKET HANDKERCHIEFS PINK SINGLES,22,334.40000000000003,KIM FAY EAST AFRICA LTD,2,3,6
DAIMA 240ML MILK DRINK VANILLA,23,1262.596268099611,DEVYANI FOOD INDUSTRIES K LIMITED MILK AND YOGHURT,2,3,6
FLORA 4S TOILET ROLLS WHITE,22,7769.01693811075,AFRICAN COTTON INDUSTRIES LTD,2,3,6
FANTA BLACKCURRANT 1.25L PET,22,1170.1866554188637,COCA COLA BEVERAGES KENYA LTD,2,3,6
CADBURY 225G DRINKING CHOCOLATE JAR,22,1864.1660832830416,HASBAH KENYA LTD CADBURY,2,3,6
BROOKSIDE 200ML WHIPPING CREAM,23,6489.661280670258,BROOKSIDE DAIRY LIMITED,2,3,6
ROYCO 4G 40S CHICKEN CUBES,21,1583.2998528113042,UNILEVER KENYA LIMITED,2,3,6
TROP HEAT 100G RICE CAKE BROWN,21,3024.0,TROPICAL HEAT LTD,2,3,6
EVEREADY 4S AA RED 1015BP4,21,3696.0,HASBAH KENYA LTD,2,3,6
TROPNUTS 50G CHILLI LEMON PEANUTS,21,1075.2,TROPICAL HEAT LTD,2,3,6
KNORR 4G 40S RICH MEATY SEASONING CUBES,20,1507.9046217250516,UNILEVER KENYA LIMITED,2,3,6
VIM 1KG LEMON FRESH POWDER,20,2960.0,UNILEVER KENYA LIMITED,2,3,6
VIM 500G LAVENDER FRESH POWDER,20,1600.0,UNILEVER KENYA LIMITED,2,3,6
TENA 80S FACIAL TISSUES FLORAL,20,2000.0,AFRICAN COTTON INDUSTRIES LTD,2,3,6
BUTTERFLY 500G POPCORN KERNELS,20,3184.0000000000005,SPICE WORLD LTD,2,3,6
KOTEX 16S REGULAR TAMPONS,20,3147.660455486543,KIM FAY EAST AFRICA LTD,2,3,6
VIM 1KG LAVENDER FRESH POWDER,20,2960.0,UNILEVER KENYA LIMITED,2,3,6
BLUE BAND 100G ORIGINAL,20,4392.360251086432,SUPER SAVERS DISTRIBUTION LTD,2,3,6
DELAMERE 250G P/PPLE& COCONUT FRUIT YOGHURT CUP,20,1879.2220689655176,BROOKSIDE DAIRY LIMITED,2,3,6
VIM 500G LEMON FRESH POWDER,19,1520.0,UNILEVER KENYA LIMITED,2,3,6
BUTTERFLY 1KG GREEN GRAM MUNG,19,3936.8,SPICE WORLD LTD,2,3,6
ALWAYS 14S MAXI THICK ROX LITE DUO,19,2990.2774327122156,HASBAH KENYA LTD P AND G,2,3,6
DAIMA 480ML MILK DRINK STRAWBERRY FLV,20,1097.9097983474878,DEVYANI FOOD INDUSTRIES K LIMITED MILK AND YOGHURT,2,3,6
SANTA MARIA 400ML COCONUT MILK ORIGINAL,20,1162.2017562647247,DEBENHAM AND FEAR LTD,2,3,6
JIK BLEACH 250ML REGULAR,19,2568.8,TOWFIQ  K  LIMITED HQ,2,3,6
MONSTER 500ML ENERGY ULTRA,19,2455.4444339175748,COCA COLA BEVERAGES KENYA LTD,2,3,6
FAY 30CMX5M FOIL,19,1976.0,KIM FAY EAST AFRICA LTD,2,3,6
SUNLIGHT 750ML LEMON D/WASHING LIQUID,19,4392.8,UNILEVER KENYA LIMITED,2,3,6
VELVEX 30CMX30M CLING FILM,18,2304.0,CHANDARIA INDUSTRIES  LTD,2,3,6
BUTTERFLY 1KG CHICK PEAS KABULI CHANA,18,6336.0,SPICE WORLD LTD,2,3,6
STONEY ZERO 350ML PET,18,957.4254453427067,COCA COLA BEVERAGES KENYA LTD,2,3,6
MONSTER 500ML THE DOCTOR,18,2326.2105163429655,COCA COLA BEVERAGES KENYA LTD,2,3,6
FESTIVE 200G HALF POUNDCAKE SLICED BLUEBERRY,18,1900.8000000000002,DPL FESTIVE  LIMITED,2,3,6
PRIDE 5LT LEMON LIQ DETERGENT,17,11396.800000000001,CANON CHEMICALS LTD,2,3,6
FIESTA TOILET ROLLS WHITE 4S,17,6003.331270358306,AFRICAN COTTON INDUSTRIES LTD,2,3,6
KCC 250G SALTED BUTTER (605),17,7982.03168742192,NEW KENYA COOP CREAMERIES  LTD,2,3,6
PRESTIGE 250G ORIGINAL MARGARINE,17,3733.506213423467,KAPA OIL REFINERIES LTD,2,3,6
BROOKSIDE 200ML DISNEY STRAWBRRY FLV MILK,18,988.118818512739,BROOKSIDE DAIRY LIMITED,2,3,6
ARIEL 1KG DETERGENT FRESH SPRING CLEAN,17,6500.8,HASBAH KENYA LTD P AND G,2,3,6
KCC BUTTER SALTED 500G TUB 600,17,7982.03168742192,NEW KENYA COOP CREAMERIES  LTD,2,3,6
TROP HEAT 150G CHEVDA ORIGINAL,16,794.5950188679245,TROPICAL HEAT LTD,2,3,6
MHARVEST 1KG BAG SUPERFAST OATS,16,5363.200000000001,HEALTHY U TWO THOUSAND LTD,2,3,6
BUTTERFLY 1KG MASOOR WHOLE(KAMANDE),16,5888.0,SPICE WORLD LTD,2,3,6
JAMAA 800G BAR SOAP WHITE,16,1504.6772923461094,KAPA OIL REFINERIES LTD,2,3,6
VIM 1KG SCOURER LEMON+1KG LVR,16,4467.2,UNILEVER KENYA LIMITED,2,3,6
BROOKSIDE 250ML CHOC 6PK,17,933.2233285953646,BROOKSIDE DAIRY LIMITED,2,3,6
MHARVEST 500G BAG SUPERFAST OATS,16,3187.2000000000003,HEALTHY U TWO THOUSAND LTD,2,3,6
DAIMA 500G BUTTER UNSALTED,16,7512.500411691219,DEVYANI FOOD INDUSTRIES K LIMITED MILK AND YOGHURT,2,3,6
EVERFRESH 500G GHEE,15,6636.000000000001,BROOKSIDE DAIRY LIMITED,2,3,6
FANTA ORANGE 1.25L PET,16,851.0448403046281,COCA COLA BEVERAGES KENYA LTD,2,3,6
MANYATTA 300ML P/APPLE&MINT CIDER,15,2753.3096781123363,KENYA BREWERIES LTD,2,3,6
SUNRICE 500G RICE BASMATI,15,11962.975281384955,KRISH COMMODITIES LTD,2,3,6
MC 330G REAL  MAYONNAISE,15,5148.000000000001,BIO FOOD PRODUCTS LTD,2,3,6
VELVEX EXTRA 10S TOILET TISSUE UNWRAPPED,15,5297.05700325733,CHANDARIA INDUSTRIES  LTD,2,3,6
TROP HEAT 100G B/PEPPER GRND,15,4680.0,TROPICAL HEAT LTD,2,3,6
TROP HEAT 120G RICE CAKE SALTED,15,1680.0,TROPICAL HEAT LTD,2,3,6
BUTTERFLY 1KG MASOOR DAL,15,5628.000000000001,SPICE WORLD LTD,2,3,6
TOILEX WHITE TOILET SINGLE ROLL,15,5297.05700325733,CHANDARIA INDUSTRIES  LTD,2,3,6
BROOKSIDE 200ML DISNEY CHOCOLATE FLV MILK,16,878.3278386779903,BROOKSIDE DAIRY LIMITED,2,3,6
ALWAYS 14S ULTRA EXTRA LONG SLIM DUO,15,2360.7453416149074,HASBAH KENYA LTD P AND G,2,3,6
KERINGET 5LT MINERAL WATER,15,835.954892455092,COCA COLA BEVERAGES KENYA LTD,2,3,6
KCC BUTTER SALTED 250G TUB 601,14,6573.437860229817,NEW KENYA COOP CREAMERIES  LTD,2,3,6
JIAN 12 PACK YELLOW YOLK EGGS,14,4608.025619581846,JIAN CEREALS DEPOT,2,3,6
MF 800G ANTI-B D/WASHING PASTE ORANGE,13,4368.0,P Z CUSSONS EAST AFRICA  LTD HQ,2,3,6
MF 750ML ANT-B D/WASHING LIQUID ORANGE,13,3109.6000000000004,P Z CUSSONS EAST AFRICA  LTD HQ,2,3,6
KASUKU 500G COOKING FAT,13,2236.0,KAPA OIL REFINERIES LTD,2,3,6
PRIDE 1LT LEMON LIQ DETERGENT,13,2490.8,CANON CHEMICALS LTD,2,3,6
MONSTER 500ML ENERGY DRINK,13,1680.0409284699194,COCA COLA BEVERAGES KENYA LTD,2,3,6
ROSY WHITE TOILET SINGLE ROLL,13,4590.782736156352,CHANDARIA INDUSTRIES  LTD,2,3,6
DOWNY 900ML POUCH LAVENDER CALM,13,7259.2,HASBAH KENYA LTD P AND G,2,3,6
JIK BLEACH 1.5LT REGULAR PERFUMED,13,8299.2,TOWFIQ  K  LIMITED HQ,2,3,6
TROP HEAT 120G RICE CAKE UNSALTED,13,1456.0,TROPICAL HEAT LTD,2,3,6
BIO 350ML ACTIVE POWER YOGHURT DRINK NATURE,13,1221.4943448275865,BIO FOOD PRODUCTS LTD,2,3,6
MSAFI 1KG WHITE DETERGENT LAVENDER SATCHETS,13,2485.6000000000004,BIDCO AFRICA LTD HQ,2,3,6
BUTTERFLY 1KG BLACK BEANS,12,2745.6000000000004,SPICE WORLD LTD,2,3,6
DAIMA 250ML CHOCOLATE FLAVOURED MILK PET,13,713.641368925867,DEVYANI FOOD INDUSTRIES K LIMITED MILK AND YOGHURT,2,3,6
FAY 38CM X 10M BAKING PAPER,12,2208.0,KIM FAY EAST AFRICA LTD,2,3,6
BIO 90ML YOGHURT GUAVA/MORINGA,13,1221.4943448275865,BIO FOOD PRODUCTS LTD,2,3,6
NUZIWA 1LT ALMOND MILK ORIGNAL,13,4992.0,JETLAK FOODS LTD,2,3,6
FESTIVE 200G CUPCAKE 8PC VANILLA,12,1267.2,DPL FESTIVE  LIMITED,2,3,6
DAIMA 250G BUTTER UNSALTED,12,5634.3753087684145,DEVYANI FOOD INDUSTRIES K LIMITED MILK AND YOGHURT,2,3,6
BUTTERFLY 1KG POPCORN KERNEL,12,3830.4000000000005,SPICE WORLD LTD,2,3,6
BLOOM 9S 3PLY LUXURY TOILET ROLLS,12,4237.645602605863,PROPACK KENYA LTD,2,3,6
ASTONISH 1LT JASMIN WBERRY FLOOR CLEANER,12,7632.0,SPARKLE BRANDS LIMITED,2,3,6
BROOKSIDE 150ML DISNEY DF STRWBRRY YOG,12,1127.5332413793105,BROOKSIDE DAIRY LIMITED,2,3,6
BROOKSIDE 250ML STRAWBERRY 6PK,12,658.7458790084927,BROOKSIDE DAIRY LIMITED,2,3,6
MF 400G ORIGINAL FRESH DISHWASHING PASTE,11,2288.0,P Z CUSSONS EAST AFRICA  LTD HQ,2,3,6
RELOAD 500ML ISOTONIC DRINK LEMON,11,1421.5730933207012,EXCEL CHEMICALS LTD,2,3,6
PRAZIER 6S KIENYEJI EGGS,11,3620.591558242879,PRAZIER POULTRIES,2,3,6
NIVEA 50ML IBNW MEN ROLL ON,11,4576.0,BEIERSDORF EAST AFRICA LTD HQ,2,3,6
LEADAV YELLOW YOLK EGGS 20PACK,11,3620.591558242879,LEADAV POULTRY FARM LTD,2,3,6
DOWNY 900ML POUCH SUNRISE FRESH,11,6142.4,HASBAH KENYA LTD P AND G,2,3,6
GREEN FARM 20PK Y/YORK EGGS,11,3620.591558242879,GREEN FARM POULTRY,2,3,6
MONTILL 15 PACK EGGS,11,3620.591558242879,MONTILL LIMITED,2,3,6
SOFTLEAF 2S TOILET PAPER,11,3884.508469055375,KAPA OIL REFINERIES LTD,2,3,6
QIKDRI PLAIN HAND PAPER TOWELS WHT,11,3388.0,CHANDARIA INDUSTRIES  LTD,2,3,6
VASELINE 240ML PURE PJELLY ORIGINAL,10,2712.0,UNILEVER KENYA LIMITED,2,3,6
NUTEEZ 400G PEANUT BUTTER SMOOTH,10,2360.0,JETLAK FOODS LTD,2,3,6
BUTTERFLY 1KG CHANNA DAL,10,2952.0,SPICE WORLD LTD,2,3,6
EVERFRESH 4KG GHEE,10,30472.000000000004,BROOKSIDE DAIRY LIMITED,2,3,6
FAY 30CMX30M CLING FILM,11,1408.0,KIM FAY EAST AFRICA LTD,2,3,6
SANTA MARIA 1LT EXTRA VIRGIN OLIVE OIL,10,22304.0,DEBENHAM AND FEAR LTD,2,3,6
FLORA 10S WHITE TOILET ROLL,10,3531.3713355048862,AFRICAN COTTON INDUSTRIES LTD,2,3,6
BIO 500ML DAIRY WHIPPING CREAM,11,3103.75104727708,BIO FOOD PRODUCTS LTD,2,3,6
FIESTA JUMBO TISSUE 100M,10,3531.3713355048862,AFRICAN COTTON INDUSTRIES LTD,2,3,6
ENERGIZER 3V LITHIUM ECR 2032,10,1320.0,HASBAH KENYA LTD,2,3,6
MONTILL 12 PACK EGGS,10,3291.44687112989,MONTILL LIMITED,2,3,6
DELAMERE 450G PREM P/PPLE& COCONUT FRUIT YOGHURT CUP,11,1033.5721379310346,BROOKSIDE DAIRY LIMITED,2,3,6
ENERGIZER AA BATTERY 4+2 E91 BP6,10,6240.0,HASBAH KENYA LTD,2,3,6
FAY FACIAL 80S WHITE,10,1120.0,KIM FAY EAST AFRICA LTD,2,3,6
FESTIVE 200G HALF POUNDCAKE SLICED CHOCOLATE,10,1056.0,DPL FESTIVE  LIMITED,2,3,6
FAY MULTI PURPOSE JUMBO ROLL,10,3000.0,KIM FAY EAST AFRICA LTD,2,3,6
GILANI 250G M&E PET BILTONG DRY,10,10552.0,GILANI GOURMET LTD,2,3,6
MF 200G D/WASHING PASTE ZESTY LEMON,10,704.0,P Z CUSSONS EAST AFRICA  LTD HQ,2,3,6
TROP HEAT 150G KENYAN CHEVDA SWEET(TAMU),10,496.6218867924528,TROPICAL HEAT LTD,2,3,6
EVEREADY 4S BLACK 1215BP4,10,2240.0,HASBAH KENYA LTD,2,3,6
TH 150G RICE CAKE CHEESE,10,1680.0,TROPICAL HEAT LTD,2,3,6
TROP HEAT 150G KENYAN CHEVDA CHILLI LEMON,10,496.6218867924528,TROPICAL HEAT LTD,2,3,6
MHARVEST 500G JUMBO OATS BAG,9,1792.8000000000002,HEALTHY U TWO THOUSAND LTD,2,3,6
NIVEA DEO AQUA COOL ROLL ON 50ML(82886),9,3744.0,BEIERSDORF EAST AFRICA LTD HQ,2,3,6
AXE 150ML APOLLO AEROSOL PROMO,9,6480.0,UNILEVER KENYA LIMITED,2,3,6
BLOOM LUXURY 3PLY TOILET 4PK,9,3178.2342019543976,PROPACK KENYA LTD,2,3,6
CADBURY 125G DRINKING CHOCOLATE JAR,9,762.6133977066988,HASBAH KENYA LTD CADBURY,2,3,6
ENERGIZER AA BATTERY 2PK E91,9,3132.0,HASBAH KENYA LTD,2,3,6
BIO 150ML YOGHURT GUAVA/MORINGA,10,939.6110344827588,BIO FOOD PRODUCTS LTD,2,3,6
TENDER CARE 100S EARBUDS POLY,9,684.0,AFRICAN COTTON INDUSTRIES LTD,2,3,6
F/C FROZEN 500G (12M) BEEF MINCE,9,2268.0,FARMERS CHOICE LTD,2,3,6
RAHA 200G DRINKING CHOCOLATE,9,762.6133977066988,EXCEL CHEMICALS LTD,2,3,6
RAHA 400G DRINKING CHOCOLATE,9,762.6133977066988,EXCEL CHEMICALS LTD,2,3,6
MC 330G GARLIC MAYONNAISE,9,3088.8,BIO FOOD PRODUCTS LTD,2,3,6
BUTTERFLY 1KG MUNG DAL SPLIT,9,1706.4,SPICE WORLD LTD,2,3,6
SANTA MARIA 500ML EXTRA VIRGIN OLIVE OIL,8,10720.0,DEBENHAM AND FEAR LTD,2,3,6
VELVEX 300ML FURNITURE POLISH LEMON,8,1913.6000000000001,CHANDARIA INDUSTRIES  LTD,2,3,6
AQUACLEAR 1LT MINERAL WATER,8,445.8426093093824,DEVYANI FOOD INDUSTRIES K LIMITED MILK AND YOGHURT,2,3,6
NIVEA 50ML FRESH ACTIVE ROLL ON FOR MEN,8,3328.0,BEIERSDORF EAST AFRICA LTD HQ,2,3,6
BUTTERFLY 1KG MUNG DAL WASHED,8,1913.6000000000001,SPICE WORLD LTD,2,3,6
AMANA 1KG NDENGU,8,1312.0,UNGA LTD,2,3,6
MAXLITE 8S NON DRIP CANDLES W/FREE MATCH BOX,8,832.0,SPARKLE BRANDS LIMITED,2,3,6
ASTONISH 1LT LAVE FLOOR CLEANER,8,4160.0,SPARKLE BRANDS LIMITED,2,3,6
JIK 750ML REGULAR 2+1,8,5497.6,TOWFIQ  K  LIMITED HQ,2,3,6
NUTEEZ 400G PEANUT BUTTER CRUNCHY,8,1881.6000000000001,JETLAK FOODS LTD,2,3,6
PERSIL 3LT MACHINE WASH LIQUID GEL,8,17273.600000000002,CHANDARIA INDUSTRIES LTD HENKEL C BRANDS,2,3,6
ALWAYS PANTYLINERS N ECONOMY *40,8,1259.0641821946172,HASBAH KENYA LTD P AND G,2,3,6
BIO 350ML ACTIVE POWER YOGHURT DRINK STRAWBERRY,8,751.688827586207,BIO FOOD PRODUCTS LTD,2,3,6
BROADWAY 400G 50/50 BREAD,8,640.0,BROADWAYS BAKERY LTD,2,4,7
KINGSMIL 400G SANDWICH WMEAL BREAD,7,560.0,KENAFRIC BAKERY LTD,2,4,7
KINGSMIL 400G RND TOP BROWN BREAD,7,560.0,KENAFRIC BAKERY LTD,2,4,7
