sku,qty,est_cost,supplier,lead_time_days,day_generated,arrival_day
FESTIVE 600G FAMILY WHITE BREAD,527,42160.30968948248,DPL FESTIVE  LIMITED,2,1,4
FRESHA 500ML WHOLE MILK POUCH,412,18729.279851291245,GITHUNGURI DAIRY FARMERS,2,1,4
NATURES 600G WHITE BREAD,419,33520.33167221373,DPL FESTIVE  LIMITED,2,1,4
TUZO 450ML ESL WHOLE MILK 30DAYS,365,16205.946773605543,BROOKSIDE DAIRY LIMITED,2,1,4
EXE 2KG ALL PURPOSE FLOUR,617,79032.65542263965,UNGA LTD,2,1,4
FRESHA MAISHA 250ML LONG LIFE MILK,329,7896.1207201009065,GITHUNGURI DAIRY FARMERS,2,1,4
KABRAS 1KG WHITE SUGAR,535,71626.34400792341,WEST KENYA SUGAR COMPANY LTD,2,1,4
BIO 1L FRESH WHOLE MILK,262,35816.865757614374,BIO FOOD PRODUCTS LTD,2,1,4
JOGOO 2KG MAIZE MEAL,426,49418.219881053534,UNGA LTD,2,1,4
KABRAS 2KG WHITE SUGAR,399,102104.44198398202,WEST KENYA SUGAR COMPANY LTD,2,1,4
NUTRAMEAL 1KG SUGAR,367,50597.86195028681,KAMILI PACKERS SUGAR ONLY,2,1,4
NUTRAMEAL 2KG SUGAR,346,92302.57575990768,KAMILI PACKERS SUGAR ONLY,2,1,4
BIO 2L SEMI SKIMMED FRESH MILK,133,32517.09539109824,BIO FOOD PRODUCTS LTD,2,1,4
MUMIAS 2KG SUGAR,226,57998.57817478041,Unknown,2,1,4
FRESHA 5L WHOLE MILK,130,51945.374592833876,GITHUNGURI DAIRY FARMERS,2,1,4
FESTIVE 600G FAMILY BRWN BREAD,125,10000.024752475249,DPL FESTIVE  LIMITED,2,1,4
FESTIVE 400G FINEST SUPER SEEDED BREAD,122,12688.02623655914,DPL FESTIVE  LIMITED,2,1,4
FESTIVE 300G 6S PREM SESSAME SLICED BURGER BUNS,110,11440.0,DPL FESTIVE  LIMITED,2,1,4
FESTIVE 300G 6S DELUXE ROLLS,110,10560.0,DPL FESTIVE  LIMITED,2,1,4
BIO 1L FRESH SEMI SKIMMED MILK,100,12566.51851851852,BIO FOOD PRODUCTS LTD,2,1,4
BROADWAY 400G WHITE SLICED BREAD,95,4940.0,BROADWAYS BAKERY LTD,2,1,4
FESTIVE 300G 6S PREM PLAIN BURGER BUNS,94,9024.0,DPL FESTIVE  LIMITED,2,1,4
RINSUN 5LT SUNFLOWER OIL,162,206059.4829810901,KAPA OIL REFINERIES LTD,2,1,4
MUMIAS 1KG SUGAR,114,14763.889298314389,Unknown,2,1,4
BIO 1L BARISTA FRESH MILK,62,8877.625,BIO FOOD PRODUCTS LTD,2,1,4
BROADWAY 400G NATURAL BROWN BREAD,60,3120.116166505324,BROADWAYS BAKERY LTD,2,1,4
KINGSMIL 400G KUBWA WAO WHITE BREAD,55,2860.0,KENAFRIC BAKERY LTD,2,1,4
HOSTESS 2KG FLOUR,79,9574.733632007481,UNGA LTD,2,1,4
RINSUN 2LT SUNFLOWER OIL,77,46669.90442477876,KAPA OIL REFINERIES LTD,2,1,4
EXE 2KG CHAPATI FLOUR,73,9886.922033898303,UNGA LTD,2,1,4
KINGSMIL 200G SLICED WHITE BREAD,47,1316.1071835803875,KENAFRIC BAKERY LTD,2,1,4
RINSUN 3LT SUNFLOWER OIL,70,61257.96244700181,KAPA OIL REFINERIES LTD,2,1,4
BIO 1L FRESH SKIMMED MILK,45,5539.841584158416,BIO FOOD PRODUCTS LTD,2,1,4
KINGSMIL 400G KUBWA WAO BROWN BREAD,45,2340.0,KENAFRIC BAKERY LTD,2,1,4
EXE 1KG ALL PURPOSE,65,4451.923029174426,UNGA LTD,2,1,4
FESTIVE 350G SLICED SUB ROLLS 4S,43,4816.0,DPL FESTIVE  LIMITED,2,1,4
FRESHA 2LT WHOLE MILK,42,7056.0,GITHUNGURI DAIRY FARMERS,2,1,4
EXE 2KG SELF RAISING,65,9103.408781694496,UNGA LTD,2,1,4
BROADWAYS 600G WHITE BREAD,42,3326.592244119517,BROADWAYS BAKERY LTD,2,1,4
NATURES 600G BROWN BREAD,37,2960.0,DPL FESTIVE  LIMITED,2,1,4
BROADWAY 800G WHITE SANDWICH SLICED BREAD,34,3536.042105263158,BROADWAYS BAKERY LTD,2,1,4
WHITE CAP 500ML LAGER CANS,986,180150.24129680134,KENYA BREWERIES LTD,2,1,4
QUENCHER 500ML DRINKING WATER,719,15213.241520767711,EXCEL CHEMICALS LTD,2,1,4
COKE PET 350ML,612,23796.648984115258,COCA COLA BEVERAGES KENYA LTD,2,1,4
TUSKER CAN 500ML BEER,574,97670.77316162715,KENYA BREWERIES LTD,2,1,4
EMBASSY BY DUNHILL BLUE 20S,524,192832.53044978718,NOBLE OUTLOOK LIMITED,2,1,4
DUNHILL 20S SWITCH,516,194016.0,NOBLE OUTLOOK LIMITED,2,1,4
KERINGET 18.9LT MINERAL WATER REFIL,506,242327.99776182947,COCA COLA BEVERAGES KENYA LTD,2,1,4
COKE PET 500ML,483,25690.91611669596,COCA COLA BEVERAGES KENYA LTD,2,1,4
COKE ZERO 330ML CAN,479,37006.373836740015,COCA COLA BEVERAGES KENYA LTD,2,1,4
AQUAMIST 1LTR SPARKLING WATER,462,35123.98411858127,AQUAMIST LIMITED,2,1,4
KRACKLES PERFECTLY SALTED 30G,452,14936.385855072465,PROPACK KENYA LTD,2,1,4
COKE ZERO 500ML PET,441,22993.884311838305,COCA COLA BEVERAGES KENYA LTD,2,1,4
SCHWEPPES TONIC WATER 500ML PET,431,26165.149452401012,COCA COLA BEVERAGES KENYA LTD,2,1,4
TUSKER 500ML LAGER BEER,402,67214.40000000001,KENYA BREWERIES LTD,2,1,4
AQUAMIST 500ML SPARKLING WATER,399,21991.984125582203,AQUAMIST LIMITED,2,1,4
AQUAMIST 20LT MINERAL WATER,380,160351.50102378326,AQUAMIST LIMITED,2,1,4
COCA COLA 300ML,364,11648.0,COCA COLA BEVERAGES KENYA LTD,2,1,4
COCA COLA 300ML EMPTY BOTTLE,364,4368.0,COCA COLA BEVERAGES KENYA LTD,2,1,4
COKE 330ML CAN,350,27315.334517465963,COCA COLA BEVERAGES KENYA LTD,2,1,4
ISINYA 6S EGGS,341,34154.04180544748,ISINYA FEEDS LIMITED,2,1,4
KRACKLES BANG BANG CHILLI 30G,339,14942.914545454547,PROPACK KENYA LTD,2,1,4
KRACKLES POTATO CRISP BBQ30G,335,14625.13544891641,PROPACK KENYA LTD,2,1,4
BIO 150ML VANILLA YOGHURT,189,17579.397418147804,BIO FOOD PRODUCTS LTD,2,1,4
SPRITE PET 350ML,314,12215.944303422759,COCA COLA BEVERAGES KENYA LTD,2,1,4
SCHWEPPES SODA WATER 500ML PET,281,17010.710094970105,COCA COLA BEVERAGES KENYA LTD,2,1,4
OLA 40G CHEESE CRUNCH TORTILA CHIPS,281,14481.792586054724,PROPACK KENYA LTD,2,1,4
KRACKLES CHEESE & ONION 30G,280,12411.60612291524,PROPACK KENYA LTD,2,1,4
TUSKER LITE 500ML CAN,277,57299.4028723748,KENYA BREWERIES LTD,2,1,4
WHITE CAP 500ML LAGER BEER,276,52771.200000000004,KENYA BREWERIES LTD,2,1,4
ISINYA 30S EGGS,262,113452.9130820399,ISINYA FEEDS LIMITED,2,1,4
GUINNESS 500ML CAN,257,47018.93298850076,KENYA BREWERIES LTD,2,1,4
ISINYA 15S EGGS,257,63779.48468390661,ISINYA FEEDS LIMITED,2,1,4
COKE PET 2LTS,255,33582.48586487782,COCA COLA BEVERAGES KENYA LTD,2,1,4
VELVEX 100S WHITE SERVIETTES,247,22960.210306042376,CHANDARIA INDUSTRIES  LTD,2,1,4
FANTA ORANGE PET 350ML,245,9541.844047306176,COCA COLA BEVERAGES KENYA LTD,2,1,4
SPRITE PET 500ML,242,12795.624664879357,COCA COLA BEVERAGES KENYA LTD,2,1,4
AQUAMIST 1LT MINERAL WATER,241,14752.543035815805,AQUAMIST LIMITED,2,1,4
SPRITE 330ML CAN REGULAR,233,17992.97228689006,COCA COLA BEVERAGES KENYA LTD,2,1,4
BALOZI 500ML CAN,230,37818.65524808391,KENYA BREWERIES LTD,2,1,4
OLA 40G MEXICAN CRUNCH TORTILA CHIPS,228,11758.487603305788,PROPACK KENYA LTD,2,1,4
TENA 10S WHITE TOILET ROLLS,228,82203.8325786858,AFRICAN COTTON INDUSTRIES LTD,2,1,4
KERINGET 1LT MINERAL WATER,220,15288.560121765604,COCA COLA BEVERAGES KENYA LTD,2,1,4
PREDATOR 400ML ENERGY DRINK PET,218,10981.178541231127,COCA COLA BEVERAGES KENYA LTD,2,1,4
DUNHILL 20S DOUBLE CAP,217,81592.0,NOBLE OUTLOOK LIMITED,2,1,4
BIO 150ML STRAWBERRY YOGHURT,128,12105.89276793494,BIO FOOD PRODUCTS LTD,2,1,4
PICK N PEEL 250ML MANGO,216,12227.79136546675,KEVIAN KENYA LTD,2,1,4
DASANI 500ML MINERAL WATER,214,5750.318514801806,COCA COLA BEVERAGES KENYA LTD,2,1,4
KRACKLES SALT&VINEGAR 30GM,211,9146.099320932979,PROPACK KENYA LTD,2,1,4
PICK N PEEL 250ML TROPICAL MIX,207,11724.568085106383,KEVIAN KENYA LTD,2,1,4
COKE ZERO 2L PET,199,26360.190884718497,COCA COLA BEVERAGES KENYA LTD,2,1,4
KNORR 51G 6S CHICKEN CUBES,196,14777.465292905505,UNILEVER KENYA LIMITED,2,1,4
BIO 150ML NATURAL YOGHURT,116,10708.125714285716,BIO FOOD PRODUCTS LTD,2,1,4
PILSNER 500ML LAGER BEER,195,32604.000000000004,KENYA BREWERIES LTD,2,1,4
DASANI 1L MINERAL WATER,192,8869.796605908236,COCA COLA BEVERAGES KENYA LTD,2,1,4
FANTA ORANGE PET 2LTS,192,23574.924889170365,COCA COLA BEVERAGES KENYA LTD,2,1,4
ILARA 500ML TNC PLAIN CUP,112,10523.643586206897,BROOKSIDE DAIRY LIMITED,2,1,4
KRAC KURLS 25G TANGY CHEESE,187,5847.792139737991,PROPACK KENYA LTD,2,1,4
PICK N PEEL 250ML APPLE,184,10475.631535269711,KEVIAN KENYA LTD,2,1,4
VELVEX SNOW WHITE 10 PACK,183,66937.9221719457,CHANDARIA INDUSTRIES  LTD,2,1,4
FANTA ORANGE PET 500ML,181,9565.800969489594,COCA COLA BEVERAGES KENYA LTD,2,1,4
PICK N PEEL 250ML PINEAPPLE JUICE,177,9998.122202735884,KEVIAN KENYA LTD,2,1,4
KERINGET 1LT SPARKLING MINERAL WATER,175,14745.696157913291,COCA COLA BEVERAGES KENYA LTD,2,1,4
OREO 55.2G ORIGINAL COOKIES,175,9619.964119124508,HASBAH KENYA LTD CADBURY,2,1,4
SUNLIGHT 175G PURE SOAP YELLOW,174,9916.734334334335,UNILEVER KENYA LIMITED,2,1,4
COKE ZERO SUGAR 300ML,174,5568.0,COCA COLA BEVERAGES KENYA LTD,2,1,4
COKE ZERO SUGAR 300ML EMPTY BOTTLE,174,2088.0,COCA COLA BEVERAGES KENYA LTD,2,1,4
FANTA BLACK CURRANT 350ML PET,172,6685.38191454124,COCA COLA BEVERAGES KENYA LTD,2,1,4
KRAC KURLS 25G CHILLI LEMON,171,5346.970043019165,PROPACK KENYA LTD,2,1,4
COKE 1.25L PET,171,17484.881280627247,COCA COLA BEVERAGES KENYA LTD,2,1,4
SPRITE SODA PET 2LTS,168,20703.102517016654,COCA COLA BEVERAGES KENYA LTD,2,1,4
AQUACLEAR 500ML MINERAL WATER,168,4203.893736762482,DEVYANI FOOD INDUSTRIES K LIMITED MILK AND YOGHURT,2,1,4
BIO 150ML BERRY COCKTAIL YOGHURT,99,8830.343428132208,BIO FOOD PRODUCTS LTD,2,1,4
FANTA BLACKCURRANT PET 2LTS,165,20172.28443833734,COCA COLA BEVERAGES KENYA LTD,2,1,4
FANTA BLACKCURRANT PET 500ML,164,8681.945400199269,COCA COLA BEVERAGES KENYA LTD,2,1,4
AQUAMIST 1.5LT MINERAL WATER,137,10110.84833836858,AQUAMIST LIMITED,2,1,4
AQUAMIST 5LT MINERAL WATER,135,23114.898570930633,AQUAMIST LIMITED,2,1,4
PICK N PEEL 250ML ORANGE JUICE,132,9995.010770005034,KEVIAN KENYA LTD,2,1,4
CARTOONS 30G TANGY TOMATO CRISPS,131,5899.568011527378,PROPACK KENYA LTD,2,1,4
BROOKSIDE 250G PROBIOTIC FRUIT CUP YOGHURT VANILLA,91,6761.251891012607,BROOKSIDE DAIRY LIMITED,2,1,4
BIO 200ML GREEK STYLE YOGHURT VANILLA,86,11850.95925925926,BIO FOOD PRODUCTS LTD,2,1,4
ROTHMANS SWITCH BLUE 20S,122,35624.07736821244,NOBLE OUTLOOK LIMITED,2,1,4
OREO 31.3G ENROBED,119,6092.2460515378225,HASBAH KENYA LTD CADBURY,2,1,4
ISINYA 12S EGGS,118,23804.71668742418,ISINYA FEEDS LIMITED,2,1,4
BIO 90ML NATURAL Y0GHURT,82,5182.400000000001,BIO FOOD PRODUCTS LTD,2,1,4
JIAN 30 PACK YELLOW YOLK EGGS,110,43240.95226286422,JIAN CEREALS DEPOT,2,1,4
FANTA PASSION 500ML PET,110,5853.412750116333,COCA COLA BEVERAGES KENYA LTD,2,1,4
FANTA PASSION PET 2LTS,109,13317.142808941377,COCA COLA BEVERAGES KENYA LTD,2,1,4
BIO 150ML MANGO YOGHURT,76,7197.3455938697325,BIO FOOD PRODUCTS LTD,2,1,4
FESTIVE TORTILLA WRAP 8 INCH,108,23713.763855421686,DPL FESTIVE  LIMITED,2,1,4
ROYCO 4G 40S BEEF CUBES,107,11746.622506861848,UNILEVER KENYA LIMITED,2,1,4
FC 200G (30D) FRESH SANDWICH HAM,73,17148.764583333334,FARMERS CHOICE LTD,2,1,4
BIO 90ML VANILLA,72,4550.400000000001,BIO FOOD PRODUCTS LTD,2,1,4
DAIMA 500ML NATURAL PROBIOTIC CUP,73,6916.654450261781,DEVYANI FOOD INDUSTRIES K LIMITED MILK AND YOGHURT,2,1,4
KNORR 51G 6S BEEF CUBES,100,7504.654088050314,UNILEVER KENYA LIMITED,2,1,4
GREEN FARM 30S Y/YORK EGGS,100,44809.71675468075,GREEN FARM POULTRY,2,1,4
KRACKLES CURLS 15G CHEESY,99,1584.0421500798298,PROPACK KENYA LTD,2,1,4
BLUE BAND 500G MED FAT SPREAD,98,21522.56523032352,SUPER SAVERS DISTRIBUTION LTD,2,1,4
BLUE BAND 1KG MED FAT SPREAD,96,36758.31899279193,SUPER SAVERS DISTRIBUTION LTD,2,1,4
PICK N PEEL 1LT APPLE,95,19649.99153520585,KEVIAN KENYA LTD,2,1,4
PICK N PEEL 1L ORANGE JUICE,95,24830.730487278997,KEVIAN KENYA LTD,2,1,4
MINUTE MAID 400ML APPLE JUICE,95,5999.749352667013,COCA COLA BEVERAGES KENYA LTD,2,1,4
KCC 500ML FILPACK MALA,66,3425.5813693525847,NEW KENYA COOP CREAMERIES  LTD,2,1,4
ILARA 1LT MAZIWA LALA  PLASTIC BOTTLE,66,8817.6,BROOKSIDE DAIRY LIMITED,2,1,4
QUENCHER 18L MIN WATER PET,93,37834.40909607732,EXCEL CHEMICALS LTD,2,1,4
BROOKSIDE 1LT NATURAL YOGHURT,65,11700.0,BROOKSIDE DAIRY LIMITED,2,1,4
BALOZI 500ML BEER,93,15463.44123287671,KENYA BREWERIES LTD,2,1,4
MINUTE MAID 1L APPLE JUICE,93,10725.665948275862,COCA COLA BEVERAGES KENYA LTD,2,1,4
FC 200G (30D) FRESH STREAKY BACON,64,22735.601215805473,FARMERS CHOICE LTD,2,1,4
OREO 26.25G ORIGINAL,92,3258.7034482758622,HASBAH KENYA LTD CADBURY,2,1,4
BROOKSIDE 450G NATURAL PROBIOTIC YOGHURT,64,8112.901547987615,BROOKSIDE DAIRY LIMITED,2,1,4
OREO 128G ORIGINAL,90,11157.415384615384,HASBAH KENYA LTD CADBURY,2,1,4
TENA 100S SERVIETTES WHITE,90,7172.756756756759,AFRICAN COTTON INDUSTRIES LTD,2,1,4
BROOKSIDE 1L SWEETEND LALA BOTTLE,61,8735.2,BROOKSIDE DAIRY LIMITED,2,1,4
FIESTA TOILET ROLLS WHITE 10S,86,30369.79348534202,AFRICAN COTTON INDUSTRIES LTD,2,1,4
CADBURY 80G DAIRY MILK,86,17900.704967602593,HASBAH KENYA LTD CADBURY,2,1,4
FC 1KG (14D) FRESH PORK VALUE PACK,60,33653.75619651347,FARMERS CHOICE LTD,2,1,4
BROOKSIDE 250G NATURAL PROBIOTIC YOGHURT,59,4384.7657850309515,BROOKSIDE DAIRY LIMITED,2,1,4
CADBURY 32G DAIRY MILK CHOCOLATE,85,9067.575097276265,HASBAH KENYA LTD CADBURY,2,1,4
STIMOROL 14G 10S WILD BERRY,84,4368.284057971015,HASBAH KENYA LTD CADBURY,2,1,4
TOILEX WHITE 10S,84,24798.034915773354,CHANDARIA INDUSTRIES  LTD,2,1,4
BROOKSIDE 250ML VANILLA,58,3184.7559841179814,BROOKSIDE DAIRY LIMITED,2,1,4
ACACIA 200ML KIDS BLUE RASPBERRY,83,7407.1274055117065,KEVIAN KENYA LTD,2,1,4
KNORR 51G 6S BEEF CHILLI CUBES,82,6182.200430107527,UNILEVER KENYA LIMITED,2,1,4
FC 125G (30D) FRESH NYAMABITE,57,4200.769044740024,FARMERS CHOICE LTD,2,1,4
FC 500G (14D) FRESH CLASSIC PORK SAUSAGE,56,16485.333967876264,FARMERS CHOICE LTD,2,1,4
LEADAV YELLOW YOLK EGGS 30PACK TRAY,80,31233.38005390836,LEADAV POULTRY FARM LTD,2,1,4
PICK N PEEL 1LT TROPICAL MIX,80,16653.95760715968,KEVIAN KENYA LTD,2,1,4
CADBURY 90G DRINKING CHOCOLATE SACHET,80,6778.785757392879,HASBAH KENYA LTD CADBURY,2,1,4
AQUAMIST 19L DISPOSABLE WATER,80,36229.0888252149,AQUAMIST LIMITED,2,1,4
SOFTLEAF 10S VIRGIN TOILET PAPER,79,27293.69229086933,KAPA OIL REFINERIES LTD,2,1,4
CADBURY 28G BUBBLY CHOCOLATE,79,6181.423436376709,HASBAH KENYA LTD CADBURY,2,1,4
BROOKSIDE 250ML STRAWBERRY,55,3018.4766645924083,BROOKSIDE DAIRY LIMITED,2,1,4
QUENCHER LIFE 5LT PREMIUM DRINKING WATER,78,13935.769641693812,EXCEL CHEMICALS LTD,2,1,4
BROOKSIDE 250G PROBIOTIC FRUIT CUP YOGHURT STRAWBERRY,54,4002.5134020618557,BROOKSIDE DAIRY LIMITED,2,1,4
KRAC KURLS 25G TOMATO,78,2438.666507462687,PROPACK KENYA LTD,2,1,4
BROOKSIDE 450ML NATURAL YOGHURT CUP,54,7296.525473684211,BROOKSIDE DAIRY LIMITED,2,1,4
BIO 500ML COOKING CREAM LONG LIFE,54,15236.596050269301,BIO FOOD PRODUCTS LTD,2,1,4
ALWAYS 14S MAXI THICK EX/LONG DAY/NIGHT,76,11961.109730848862,HASBAH KENYA LTD P AND G,2,1,4
TROP HEAT 50G CHEVDA ORIGINAL,77,3823.9885283018866,TROPICAL HEAT LTD,2,1,4
CADBURY 80G DAIRY MILK WHOLE NUT,76,15708.757109557107,HASBAH KENYA LTD CADBURY,2,1,4
TENA 200S SERVIETTES WHITE,76,12160.467692307693,AFRICAN COTTON INDUSTRIES LTD,2,1,4
SANTA MARIA 70G TOMATO PASTE SATCHET,75,2242.0093457943926,DEBENHAM AND FEAR LTD,2,1,4
BROOKSIDE 450G PROBIOTIC FRUIT CUP YOGHURT VANILLA,52,6586.556055112401,BROOKSIDE DAIRY LIMITED,2,1,4
NEPTUNE 10S BLENDED TOILET PAPER,74,21784.025531914896,KAPA OIL REFINERIES LTD,2,1,4
QUENCHER 10LT MINERAL WATER PET,74,17700.800000000003,EXCEL CHEMICALS LTD,2,1,4
OXYRICH 1L SPRING WATER,72,2685.074757908328,AQUAMIST LIMITED,2,1,4
KREST BITTER LEMON  500M PET,71,3776.511478851787,COCA COLA BEVERAGES KENYA LTD,2,1,4
SPRITE 300ML,71,2272.0,COCA COLA BEVERAGES KENYA LTD,2,1,4
SPRITE 300ML EMPTY BOTTLE,71,852.0,COCA COLA BEVERAGES KENYA LTD,2,1,4
STONEY TANGAWIZI 500ML PET,70,3723.321176332748,COCA COLA BEVERAGES KENYA LTD,2,1,4
TROP HEAT 18G SAFARI CHEESE,69,1104.0,TROPICAL HEAT LTD,2,1,4
KLEENEX POCKET HANKIES SINGLES,69,1104.0,KIM FAY EAST AFRICA LTD,2,1,4
MINUTE MAID 400ML TROPICAL JUICE,68,4226.694081226054,COCA COLA BEVERAGES KENYA LTD,2,1,4
FC 200G (14D) FRESH PORK CHIPOLATA,46,8220.089498970487,FARMERS CHOICE LTD,2,1,4
FC 400G (30D) FRESH STREAKY BACON,47,30056.334575569363,FARMERS CHOICE LTD,2,1,4
MINUTE MAID 1L TROPICAL JUICE,64,7483.038552540014,COCA COLA BEVERAGES KENYA LTD,2,1,4
GREEN FARM 15PK Y/YORK EGGS,62,16608.07166023166,GREEN FARM POULTRY,2,1,4
FAY TOILET PAPER WHITE 10S,62,22824.09515905948,KIM FAY EAST AFRICA LTD,2,1,4
CADBURY 44G LUNCH BAR,62,7930.333919156416,HASBAH KENYA LTD CADBURY,2,1,4
FESTIVE 400G POUNDCAKE SLICED VANILLA,62,8729.6,DPL FESTIVE  LIMITED,2,1,4
BROOKSIDE 250ML CHOCOLATE,42,2305.6105765297243,BROOKSIDE DAIRY LIMITED,2,1,4
BIO ACTIVE 350ML BLKBRRY N RSPBRRY YOG DRINK,42,5190.695495495495,BIO FOOD PRODUCTS LTD,2,1,4
SPRITE 1.25L PET,60,6240.0,COCA COLA BEVERAGES KENYA LTD,2,1,4
TENA 10S POCKET TISSUE 3PLY,59,944.0,AFRICAN COTTON INDUSTRIES LTD,2,1,4
TENA 15S TOILET ROLL WHITE WRAPPED,58,30044.034730538926,AFRICAN COTTON INDUSTRIES LTD,2,1,4
BLUE BAND 250G MED FAT SPREAD,58,7342.435827317765,SUPER SAVERS DISTRIBUTION LTD,2,1,4
ROSY TOILET TISSUE WHITE 10PACK,57,13589.59304347826,CHANDARIA INDUSTRIES  LTD,2,1,4
SUNLIGHT 700G LONG BAR YELLOW,57,5360.412853983014,UNILEVER KENYA LIMITED,2,1,4
BROOKSIDE 230ML COOKING CREAM CUP,39,11004.20825852783,BROOKSIDE DAIRY LIMITED,2,1,4
SOFTLEAF TWIN SERVIETTES,55,8296.53069865914,KAPA OIL REFINERIES LTD,2,1,4
SUNRICE 5KG RICE BASMATI,55,60769.97035347777,KRISH COMMODITIES LTD,2,1,4
JIAN 6 PACK YELLOW YOLK EGGS,55,18102.957791214394,JIAN CEREALS DEPOT,2,1,4
ISINYA 20S EGGS,53,17444.668416988417,ISINYA FEEDS LIMITED,2,1,4
HEINZ 570G TOMATO KETCHUP,53,25355.2,HASBAH KENYA LTD,2,1,4
NUZIWA 1L OAT ORIGINAL MILK,36,13824.0,JETLAK FOODS LTD,2,1,4
CADBURY 450G DRINKING CHOCOLATE JAR,44,3728.3321665660833,HASBAH KENYA LTD CADBURY,2,1,4
ACACIA 200ML KIDS MANGO,44,3926.6699499098204,KEVIAN KENYA LTD,2,1,4
JIAN 15 PACK YELLOW YOLK EGGS,44,14482.366232971515,JIAN CEREALS DEPOT,2,1,4
GREEN FARM 6S Y/YORK EGGS,44,14482.366232971515,GREEN FARM POULTRY,2,1,4
CADBURY 32G DAIRY MILK HAZELNUTS,44,4718.833124565066,HASBAH KENYA LTD CADBURY,2,1,4
FESTIVE 200G HALF POUNDCAKE SLICED VANILLA,44,4646.400000000001,DPL FESTIVE  LIMITED,2,1,4
PRAZIER 6S YELLOW YORK EGGS,44,14482.366232971515,PRAZIER POULTRIES,2,1,4
SUNRICE 2KG RICE BASMATI,43,21076.657215706273,KRISH COMMODITIES LTD,2,1,4
EMBASSY BY DUNHILL RED 20S,43,15824.04352927643,NOBLE OUTLOOK LIMITED,2,1,4
JAMAA 1KG BAR SOAP CREAM,42,3949.7778924085374,KAPA OIL REFINERIES LTD,2,1,4
LEADAV YELLOW YOLK EGGS 6PACK,40,13165.78748451956,LEADAV POULTRY FARM LTD,2,1,4
FLORA 100S SERVIETTES WHITE,40,2867.6136882129276,AFRICAN COTTON INDUSTRIES LTD,2,1,4
FAY POCKET HANDKERCHIEFS PINK SINGLES,40,608.0,KIM FAY EAST AFRICA LTD,2,1,4
ALPRO 1LT ALMOND UNSWTENED DRINK,32,15334.400000000001,HEALTHY U TWO THOUSAND LTD,2,1,4
BUTTERFLY 1KG POLISH GREEN GRAM,38,6961.6,SPICE WORLD LTD,2,1,4
FLORA 1S TOILET ROLLS WHITE,38,13419.211074918567,AFRICAN COTTON INDUSTRIES LTD,2,1,4
SUNLIGHT 900G LONG BAR YELLOW,37,3479.566238550378,UNILEVER KENYA LIMITED,2,1,4
VELVEX POCKET TISSUES WHITE 1S,37,592.0,CHANDARIA INDUSTRIES  LTD,2,1,4
GREEN FARM 12PK Y/YORK EGGS,36,11849.208736067605,GREEN FARM POULTRY,2,1,4
BROOKSIDE 150ML DOUBLE CREAM,28,7900.4572112507485,BROOKSIDE DAIRY LIMITED,2,1,4
LEADAV YELLOW YOLK EGGS 15PACK,35,11520.064048954615,LEADAV POULTRY FARM LTD,2,1,4
MF 750ML ZESTY LEMON D/WASHING LIQUID,35,8372.0,P Z CUSSONS EAST AFRICA  LTD HQ,2,1,4
FESTIVE TORTILLA WRAP 10 INCH,35,10062.998500749625,DPL FESTIVE  LIMITED,2,1,4
GILANI GOURMET 2KG ICE CUBE,34,5440.0,GILANI GOURMET LTD,2,1,4
KCC 500G BUTTER SALTED (604),34,15964.06337484384,NEW KENYA COOP CREAMERIES  LTD,2,1,4
AQUAMIST 20LT MINERAL WATER EMPTY BOTTLE,34,25977.363397876332,AQUAMIST LIMITED,2,1,4
ARIEL 1KG DETERGENT FRESH LAVENDER CLEAN,33,9477.6,HASBAH KENYA LTD P AND G,2,1,4
DAIMA 250G BUTTER SALTED,33,15494.53209911314,DEVYANI FOOD INDUSTRIES K LIMITED MILK AND YOGHURT,2,1,4
DAIMA 500G BUTTER SALTED,32,15025.000823382437,DEVYANI FOOD INDUSTRIES K LIMITED MILK AND YOGHURT,2,1,4
VELVEX POCKET TISSUES BLUE 1S,32,512.0,CHANDARIA INDUSTRIES  LTD,2,1,4
STONEY ZERO 500ML  PET,32,1702.0896806092562,COCA COLA BEVERAGES KENYA LTD,2,1,4
FAY 30CMX5M FOIL,32,3328.0,KIM FAY EAST AFRICA LTD,2,1,4
BROOKSIDE 250ML BUBBLE GUM,25,1372.3872479343597,BROOKSIDE DAIRY LIMITED,2,1,4
TENA 80S FACIAL TISSUES FLORAL,31,3100.0,AFRICAN COTTON INDUSTRIES LTD,2,1,4
BROOKSIDE 400ML COOKING CREAM CUP,25,7053.979652902454,BROOKSIDE DAIRY LIMITED,2,1,4
ARIEL 1KG DETERGENT FRESH FLORAL CLEAN,31,11631.2,HASBAH KENYA LTD P AND G,2,1,4
BROOKSIDE 500G SUPERFINE GHEE,31,13863.2,BROOKSIDE DAIRY LIMITED,2,1,4
PRESTIGE 1KG MARGARINE,31,6808.15838918397,KAPA OIL REFINERIES LTD,2,1,4
BIO 1L WHOLE LONGLIFE MILK,24,2255.066482758621,BIO FOOD PRODUCTS LTD,2,1,4
VIM 1KG LEMON FRESH POWDER,30,4440.0,UNILEVER KENYA LIMITED,2,1,4
BROOKSIDE 250ML COFFEE,24,1317.4917580169854,BROOKSIDE DAIRY LIMITED,2,1,4
VELVEX 30CMX5M ALLUMINIUM FOIL,30,3120.0,CHANDARIA INDUSTRIES  LTD,2,1,4
LEADAV YELLOW YOLK EGGS 12PACK,30,9874.34061338967,LEADAV POULTRY FARM LTD,2,1,4
TROP HEAT 50G CHILLI CHEVDA KENYAN,30,1489.8656603773584,TROPICAL HEAT LTD,2,1,4
BROOKSIDE 500G UNSALTED BUTTER,29,13616.406996190333,BROOKSIDE DAIRY LIMITED,2,1,4
DOWNY 900ML POUCH SWEET ELEGANCE,28,15635.199999999999,HASBAH KENYA LTD P AND G,2,1,4
BROOKSIDE 200ML WHIPPING CREAM,23,6489.661280670258,BROOKSIDE DAIRY LIMITED,2,1,4
BROOKSIDE 1KG GHEE,28,22019.200000000004,BROOKSIDE DAIRY LIMITED,2,1,4
FANTA ORANGE 1.25L PET,28,1489.328470533099,COCA COLA BEVERAGES KENYA LTD,2,1,4
FLORA 4S TOILET ROLLS WHITE,28,9887.839739413681,AFRICAN COTTON INDUSTRIES LTD,2,1,4
PRAZIER 30S YELLOW YORK EGGS,28,9216.051239163691,PRAZIER POULTRIES,2,1,4
LIBERTY CHOICE YELLOW YOLK EGG 6PACK,28,9216.051239163691,PAMULI POULTRY FARM,2,1,4
TROP HEAT 100G RICE CAKE BROWN,27,3888.0,TROPICAL HEAT LTD,2,1,4
DAIMA 480ML MILK DRINK VANILLA FLV,22,1207.7007781822367,DEVYANI FOOD INDUSTRIES K LIMITED MILK AND YOGHURT,2,1,4
MF 750ML ORIGINAL D/WASHING LIQUID,27,6458.400000000001,P Z CUSSONS EAST AFRICA  LTD HQ,2,1,4
VIM 500G LEMON FRESH POWDER,27,2160.0,UNILEVER KENYA LIMITED,2,1,4
BROOKSIDE 250ML BANANA,21,1152.8052882648622,BROOKSIDE DAIRY LIMITED,2,1,4
PRESTIGE 500G ORIGINAL MARGARINE,27,5929.686338966683,KAPA OIL REFINERIES LTD,2,1,4
VIM 500G POUCH LFRESH SCOURER,26,1456.0,UNILEVER KENYA LIMITED,2,1,4
TUSKER 330ML MALT LAGER BEER,26,4756.779212844435,KENYA BREWERIES LTD,2,1,4
BUTTERFLY 500G POPCORN KERNELS,25,3980.0000000000005,SPICE WORLD LTD,2,1,4
BROOKSIDE 200ML DISNEY STRAWBRRY FLV MILK,20,1097.9097983474878,BROOKSIDE DAIRY LIMITED,2,1,4
MHARVEST 1KG BAG SUPERFAST OATS,25,8380.000000000002,HEALTHY U TWO THOUSAND LTD,2,1,4
TROP HEAT 150G CHEVDA ORIGINAL,25,1241.554716981132,TROPICAL HEAT LTD,2,1,4
KOTEX 16S REGULAR TAMPONS,25,3934.5755693581787,KIM FAY EAST AFRICA LTD,2,1,4
KNORR 4G 40S RICH MEATY SEASONING CUBES,25,1884.8807771563145,UNILEVER KENYA LIMITED,2,1,4
EVERFRESH 1KG GHEE,24,18873.600000000002,BROOKSIDE DAIRY LIMITED,2,1,4
VELVEX EXTRA 10S TOILET TISSUE UNWRAPPED,24,8475.291205211726,CHANDARIA INDUSTRIES  LTD,2,1,4
MONSTER 500ML ENERGY DRINK,24,3101.6140217906204,COCA COLA BEVERAGES KENYA LTD,2,1,4
BUTTERFLY 1KG YELLOW KIDNEY  BEANS,24,6105.6,SPICE WORLD LTD,2,1,4
HEINZ 245GM MUSTARD,24,5740.8,HASBAH KENYA LTD,2,1,4
BROOKSIDE 250ML VANILLA 6PK,19,1043.0143084301135,BROOKSIDE DAIRY LIMITED,2,1,4
CADBURY 225G DRINKING CHOCOLATE JAR,24,2033.6357272178634,HASBAH KENYA LTD CADBURY,2,1,4
BROOKSIDE 250ML ASSORTED 6PK,19,1043.0143084301135,BROOKSIDE DAIRY LIMITED,2,1,4
VELVEX 30CMX30M CLING FILM,23,2944.0,CHANDARIA INDUSTRIES  LTD,2,1,4
F/C FROZEN 500G (12M) BEEF MINCE,23,5796.0,FARMERS CHOICE LTD,2,1,4
BROOKSIDE 250G UNSALTED BUTTER,23,10799.219341806127,BROOKSIDE DAIRY LIMITED,2,1,4
SUNLIGHT 750ML LEMON D/WASHING LIQUID,23,5317.6,UNILEVER KENYA LIMITED,2,1,4
EVEREADY 4S AA RED 1015BP4,23,4048.0,HASBAH KENYA LTD,2,1,4
MONSTER 500ML ENERGY ULTRA,23,2972.3801042160117,COCA COLA BEVERAGES KENYA LTD,2,1,4
NUZIWA 1LT ALMOND MILK ORIGNAL,18,6912.0,JETLAK FOODS LTD,2,1,4
VIM 1KG LAVENDER FRESH POWDER,23,3404.0,UNILEVER KENYA LIMITED,2,1,4
BUTTERFLY 1KG CHICK PEAS KABULI CHANA,23,8096.0,SPICE WORLD LTD,2,1,4
MF 800G ANTI-B D/WASHING PASTE ORANGE,22,7392.0,P Z CUSSONS EAST AFRICA  LTD HQ,2,1,4
ROYCO 4G 40S CHICKEN CUBES,22,1658.6950838975567,UNILEVER KENYA LIMITED,2,1,4
BUTTERFLY 1KG MASOOR DAL,22,8254.400000000001,SPICE WORLD LTD,2,1,4
ALWAYS 14S MAXI THICK ROX LITE DUO,22,3462.4265010351974,HASBAH KENYA LTD P AND G,2,1,4
FANTA BLACKCURRANT 1.25L PET,22,1170.1866554188637,COCA COLA BEVERAGES KENYA LTD,2,1,4
KCC BUTTER SALTED 500G TUB 600,22,10329.688066075425,NEW KENYA COOP CREAMERIES  LTD,2,1,4
PRESTIGE 250G ORIGINAL MARGARINE,22,4831.596276195075,KAPA OIL REFINERIES LTD,2,1,4
MONSTER 500ML THE DOCTOR,22,2843.1461866414024,COCA COLA BEVERAGES KENYA LTD,2,1,4
KCC 250G SALTED BUTTER (605),21,9860.156790344725,NEW KENYA COOP CREAMERIES  LTD,2,1,4
VELVEX EXTRA 10S TOILET TISSUE UNWARAPPED,21,19414.328277084875,CHANDARIA INDUSTRIES  LTD,2,1,4
PRAZIER 15S YELLOW YORK EGGS,21,6912.038429372769,PRAZIER POULTRIES,2,1,4
ALWAYS 14S ULTRA EXTRA LONG SLIM DUO,21,3305.04347826087,HASBAH KENYA LTD P AND G,2,1,4
BROOKSIDE 400ML WHIPPING CREAM CUP,17,4796.7061639736685,BROOKSIDE DAIRY LIMITED,2,1,4
BLUE BAND 100G ORIGINAL,21,4611.9782636407535,SUPER SAVERS DISTRIBUTION LTD,2,1,4
FAY 38CM X 10M BAKING PAPER,21,3864.0,KIM FAY EAST AFRICA LTD,2,1,4
DELAMERE 250G P/PPLE& COCONUT FRUIT YOGHURT CUP,16,1503.377655172414,BROOKSIDE DAIRY LIMITED,2,1,4
JAMAA 800G BAR SOAP WHITE,20,1880.8466154326368,KAPA OIL REFINERIES LTD,2,1,4
ARIEL 1KG DETERGENT FRESH SPRING CLEAN,20,7648.000000000001,HASBAH KENYA LTD P AND G,2,1,4
REAL KIENYEJI EGGS 6PK,20,6582.89374225978,NDUMUNYA INVESTMENT SOLUTION,2,1,4
PRIDE 5LT LEMON LIQ DETERGENT,20,13408.000000000002,CANON CHEMICALS LTD,2,1,4
VIM 500G LAVENDER FRESH POWDER,19,1520.0,UNILEVER KENYA LIMITED,2,1,4
TROPNUTS 50G CHILLI LEMON PEANUTS,19,972.8000000000001,TROPICAL HEAT LTD,2,1,4
MONTILL 6 PACK EGGS,19,6253.749055146791,MONTILL LIMITED,2,1,4
EVERFRESH 500G GHEE,19,8405.6,BROOKSIDE DAIRY LIMITED,2,1,4
DAIMA 500G BUTTER UNSALTED,19,8921.094238883323,DEVYANI FOOD INDUSTRIES K LIMITED MILK AND YOGHURT,2,1,4
TROP HEAT 120G RICE CAKE SALTED,19,2128.0,TROPICAL HEAT LTD,2,1,4
MHARVEST 500G BAG SUPERFAST OATS,19,3784.8,HEALTHY U TWO THOUSAND LTD,2,1,4
TENA 80S FACIAL TISSUES BAMBOO,19,1900.0,AFRICAN COTTON INDUSTRIES LTD,2,1,4
BUTTERFLY 1KG MASOOR WHOLE(KAMANDE),19,6992.0,SPICE WORLD LTD,2,1,4
BUTTERFLY 1KG GREEN GRAM MUNG,18,3729.6000000000004,SPICE WORLD LTD,2,1,4
MAREMER 500G PEELED SHRIMPS 41/50 IND,18,27792.0,BRANDACTIV KENYA LTD SR,2,1,4
VIM 1KG SCOURER LEMON+1KG LVR,18,5025.599999999999,UNILEVER KENYA LIMITED,2,1,4
KASUKU 500G COOKING FAT,18,3096.0,KAPA OIL REFINERIES LTD,2,1,4
SUNRICE 500G RICE BASMATI,18,14355.570337661946,KRISH COMMODITIES LTD,2,1,4
MF 800G D/PASTE ZESTY LEMON HH852,18,5745.6,P Z CUSSONS EAST AFRICA  LTD HQ,2,1,4
MF 750ML ANT-B D/WASHING LIQUID ORANGE,17,4066.4,P Z CUSSONS EAST AFRICA  LTD HQ,2,1,4
MANYATTA 300ML P/APPLE&MINT CIDER,17,3120.417635193981,KENYA BREWERIES LTD,2,1,4
LIBERTY CHOICE YELLOW YOLK EGG 30PACK,17,5595.459680920813,PAMULI POULTRY FARM,2,1,4
FAY 30CMX30M CLING FILM,17,2176.0,KIM FAY EAST AFRICA LTD,2,1,4
DAIMA 240ML MILK DRINK STRAWBERRY,14,768.5368588432415,DEVYANI FOOD INDUSTRIES K LIMITED MILK AND YOGHURT,2,1,4
AQUACLEAR 1LT MINERAL WATER,17,947.4155447824376,DEVYANI FOOD INDUSTRIES K LIMITED MILK AND YOGHURT,2,1,4
KREST BITTER LEMON 300ML EMPTY BOTTLE,17,204.0,COCA COLA BEVERAGES KENYA LTD,2,1,4
FLORA 10S WHITE TOILET ROLL,17,6003.331270358306,AFRICAN COTTON INDUSTRIES LTD,2,1,4
MC 330G REAL  MAYONNAISE,17,5834.400000000001,BIO FOOD PRODUCTS LTD,2,1,4
TENA 150S FACIAL TISSUES FLORAL,17,2788.0,AFRICAN COTTON INDUSTRIES LTD,2,1,4
FIESTA TOILET ROLLS WHITE 4S,17,6003.331270358306,AFRICAN COTTON INDUSTRIES LTD,2,1,4
SANTA MARIA 1LT EXTRA VIRGIN OLIVE OIL,16,35686.4,DEBENHAM AND FEAR LTD,2,1,4
TROP HEAT 120G RICE CAKE UNSALTED,16,1792.0,TROPICAL HEAT LTD,2,1,4
LIBERTY CHOICE YELLOW YOLK EGG 15PACK,16,5266.314993807824,PAMULI POULTRY FARM,2,1,4
DAIMA 240ML MILK DRINK VANILLA,12,658.7458790084927,DEVYANI FOOD INDUSTRIES K LIMITED MILK AND YOGHURT,2,1,4
FESTIVE 200G HALF POUNDCAKE SLICED BLUEBERRY,15,1584.0000000000002,DPL FESTIVE  LIMITED,2,1,4
DOWNY 900ML POUCH LAVENDER CALM,15,8376.0,HASBAH KENYA LTD P AND G,2,1,4
TROP HEAT 100G B/PEPPER GRND,15,4680.0,TROPICAL HEAT LTD,2,1,4
REAL KIENYEJI EGGS 15PK,15,4937.170306694835,NDUMUNYA INVESTMENT SOLUTION,2,1,4
BROOKSIDE 250ML CHOC 6PK,12,658.7458790084927,BROOKSIDE DAIRY LIMITED,2,1,4
SANTA MARIA 400ML COCONUT MILK ORIGINAL,12,697.3210537588349,DEBENHAM AND FEAR LTD,2,1,4
BIO 90ML YOGHURT GUAVA/MORINGA,11,1033.5721379310346,BIO FOOD PRODUCTS LTD,2,1,4
MF FLOWER FOR 1500/-,15,18000.0,ANDREW MUROKI GATHAGE,2,1,4
DAIMA 480ML MILK DRINK STRAWBERRY FLV,11,603.8503890911184,DEVYANI FOOD INDUSTRIES K LIMITED MILK AND YOGHURT,2,1,4
TOILEX WHITE TOILET SINGLE ROLL,14,4943.9198697068405,CHANDARIA INDUSTRIES  LTD,2,1,4
BROOKSIDE 200ML DISNEY CHOCOLATE FLV MILK,11,603.8503890911184,BROOKSIDE DAIRY LIMITED,2,1,4
VASELINE 240ML PURE PJELLY ORIGINAL,14,3796.7999999999997,UNILEVER KENYA LIMITED,2,1,4
DELAMERE 450G PREM P/PPLE& COCONUT FRUIT YOGHURT CUP,11,1033.5721379310346,BROOKSIDE DAIRY LIMITED,2,1,4
DAIMA 250G BUTTER UNSALTED,14,6573.437860229817,DEVYANI FOOD INDUSTRIES K LIMITED MILK AND YOGHURT,2,1,4
PRIDE 1LT LEMON LIQ DETERGENT,14,2682.4000000000005,CANON CHEMICALS LTD,2,1,4
NUZIWA 1LT ALMOND MILK UNSWEETENED,11,4224.0,JETLAK FOODS LTD,2,1,4
ENERGIZER AA BATTERY 4+2 E91 BP6,14,8736.0,HASBAH KENYA LTD,2,1,4
CADBURY 125G DRINKING CHOCOLATE JAR,14,1186.2875075437537,HASBAH KENYA LTD CADBURY,2,1,4
EVEREADY 4S BLACK 1215BP4,13,2912.0,HASBAH KENYA LTD,2,1,4
TROP HEAT 150G KENYAN CHEVDA CHILLI LEMON,13,645.6084528301886,TROPICAL HEAT LTD,2,1,4
KCC BUTTER SALTED 250G TUB 601,13,6103.9065844991155,NEW KENYA COOP CREAMERIES  LTD,2,1,4
FESTIVE 200G CUPCAKE 8PC VANILLA,13,1372.8000000000002,DPL FESTIVE  LIMITED,2,1,4
ROSY WHITE TOILET SINGLE ROLL,13,4590.782736156352,CHANDARIA INDUSTRIES  LTD,2,1,4
BIO 350ML ACTIVE POWER YOGHURT DRINK NATURE,10,939.6110344827588,BIO FOOD PRODUCTS LTD,2,1,4
NUTEEZ 400G PEANUT BUTTER SMOOTH,13,3068.0,JETLAK FOODS LTD,2,1,4
BIO 150ML YOGHURT GUAVA/MORINGA,10,939.6110344827588,BIO FOOD PRODUCTS LTD,2,1,4
FAY FACIAL 80S WHITE,13,1456.0,KIM FAY EAST AFRICA LTD,2,1,4
JIAN 12 PACK YELLOW YOLK EGGS,13,4278.880932468857,JIAN CEREALS DEPOT,2,1,4
DOWNY 900ML POUCH SUNRISE FRESH,13,7259.2,HASBAH KENYA LTD P AND G,2,1,4
MAREMER 500G PEELED SHRIMPS 21/30 IND,12,21168.0,BRANDACTIV KENYA LTD SR,2,1,4
RELOAD 500ML ISOTONIC DRINK LEMON,12,1550.8070108953102,EXCEL CHEMICALS LTD,2,1,4
BLOOM 9S 3PLY LUXURY TOILET ROLLS,12,4237.645602605863,PROPACK KENYA LTD,2,1,4
BUTTERFLY 1KG CHANNA DAL,12,3542.3999999999996,SPICE WORLD LTD,2,1,4
GREEN FARM 20PK Y/YORK EGGS,12,3949.736245355868,GREEN FARM POULTRY,2,1,4
BLOOM LUXURY 3PLY TOILET 4PK,12,4237.645602605863,PROPACK KENYA LTD,2,1,4
MHARVEST 500G JUMBO OATS BAG,12,2390.4,HEALTHY U TWO THOUSAND LTD,2,1,4
ARIEL 3KG AUTO LS ORIGINAL,12,19190.4,HASBAH KENYA LTD P AND G,2,1,4
AXE 150ML APOLLO AEROSOL PROMO,12,8640.0,UNILEVER KENYA LIMITED,2,1,4
GILANI 250G M&E PET BILTONG DRY,12,12662.400000000001,GILANI GOURMET LTD,2,1,4
RAHA 400G DRINKING CHOCOLATE,12,1016.8178636089317,EXCEL CHEMICALS LTD,2,1,4
DAIMA 250ML CHOCOLATE FLAVOURED MILK PET,9,494.0594092563695,DEVYANI FOOD INDUSTRIES K LIMITED MILK AND YOGHURT,2,1,4
BIO 500ML DAIRY WHIPPING CREAM,9,2539.4326750448836,BIO FOOD PRODUCTS LTD,2,1,4
BROOKSIDE 250ML STRAWBERRY 6PK,9,494.0594092563695,BROOKSIDE DAIRY LIMITED,2,1,4
MF 200G D/WASHING PASTE ZESTY LEMON,12,844.8000000000001,P Z CUSSONS EAST AFRICA  LTD HQ,2,1,4
BUTTERFLY 1KG MUNG DAL SPLIT,12,2275.2000000000003,SPICE WORLD LTD,2,1,4
ALWAYS 16S MAXI THICK LONG DUO,11,1731.2132505175987,HASBAH KENYA LTD P AND G,2,1,4
TENDER CARE 100S EARBUDS POLY,11,836.0,AFRICAN COTTON INDUSTRIES LTD,2,1,4
SANTA MARIA 500ML EXTRA VIRGIN OLIVE OIL,11,14740.0,DEBENHAM AND FEAR LTD,2,1,4
TH 150G RICE CAKE CHEESE,11,1848.0,TROPICAL HEAT LTD,2,1,4
MONTILL 15 PACK EGGS,11,3620.591558242879,MONTILL LIMITED,2,1,4
BUTTERFLY 1KG POPCORN KERNEL,11,3511.2000000000007,SPICE WORLD LTD,2,1,4
KCC 500G  SUPERFINE GHEE(TIN)-885,11,5632.0,NEW KENYA COOP CREAMERIES  LTD,2,1,4
MC 330G GARLIC MAYONNAISE,11,3775.2000000000007,BIO FOOD PRODUCTS LTD,2,1,4
TROP HEAT 150G KENYAN CHEVDA SWEET(TAMU),11,546.2840754716981,TROPICAL HEAT LTD,2,1,4
ALWAYS 16S ULTRA THIN LONG DUO QUEEN,11,1731.2132505175987,HASBAH KENYA LTD P AND G,2,1,4
ENERGIZER 3V LITHIUM ECR 2032,11,1452.0,HASBAH KENYA LTD,2,1,4
CLEANROL 2S KITCHEN TOWEL,11,10169.4100499016,KAPA OIL REFINERIES LTD,2,1,4
FAY MULTI PURPOSE JUMBO ROLL,11,3300.0,KIM FAY EAST AFRICA LTD,2,1,4
KCC 1KG SUPERFINE GHEE  (TIN)-882,11,9504.0,NEW KENYA COOP CREAMERIES  LTD,2,1,4
IMPROVED KIENYEJI EGGS 6PK,11,3620.591558242879,NDUMUNYA INVESTMENT SOLUTION,2,1,4
QIKDRI PLAIN HAND PAPER TOWELS WHT,11,3388.0,CHANDARIA INDUSTRIES  LTD,2,1,4
MF 400G ORIGINAL FRESH DISHWASHING PASTE,11,2288.0,P Z CUSSONS EAST AFRICA  LTD HQ,2,1,4
VELVEX 300ML FURNITURE POLISH LEMON,10,2392.0,CHANDARIA INDUSTRIES  LTD,2,1,4
PERSIL 3LT MACHINE WASH LIQUID GEL,10,21592.000000000004,CHANDARIA INDUSTRIES LTD HENKEL C BRANDS,2,1,4
BIO 350ML ACTIVE POWER YOGHURT DRINK VANILLA,8,751.688827586207,BIO FOOD PRODUCTS LTD,2,1,4
EVERFRESH 4KG GHEE,10,30472.000000000004,BROOKSIDE DAIRY LIMITED,2,1,4
BLOOM LUXURY 3PLY VIRGIN WHITE 4PK,10,3531.3713355048862,PROPACK KENYA LTD,2,1,4
BUTTERFLY TOOR DAL 1KG WASHED,10,3320.0,SPICE WORLD LTD,2,1,4
BUTTERFLY 1KG BLACK BEANS,10,2288.0,SPICE WORLD LTD,2,1,4
KERINGET 5LT MINERAL WATER,10,557.3032616367279,COCA COLA BEVERAGES KENYA LTD,2,1,4
MONTILL 30 PACK EGGS,10,3291.44687112989,MONTILL LIMITED,2,1,4
GRANDE FRANCE 750ML ROSE SPARKLING WINE,10,27160.0,ALIMP GROUP LIMITED SR,2,1,4
FESTIVE 600G FAMILY WHITE BREAD,657,52560.38608347246,DPL FESTIVE  LIMITED,2,2,5
FRESHA 500ML WHOLE MILK POUCH,538,24457.166407754103,GITHUNGURI DAIRY FARMERS,2,2,5
NATURES 600G WHITE BREAD,522,41760.41320500135,DPL FESTIVE  LIMITED,2,2,5
TUZO 450ML ESL WHOLE MILK 30DAYS,456,20246.333503463364,BROOKSIDE DAIRY LIMITED,2,2,5
EXE 2KG ALL PURPOSE FLOUR,605,77495.55353435493,UNGA LTD,2,2,5
FRESHA MAISHA 250ML LONG LIFE MILK,410,9840.150441463136,GITHUNGURI DAIRY FARMERS,2,2,5
KABRAS 1KG WHITE SUGAR,526,70421.41485638825,WEST KENYA SUGAR COMPANY LTD,2,2,5
BIO 1L FRESH WHOLE MILK,328,44839.43499426533,BIO FOOD PRODUCTS LTD,2,2,5
JOGOO 2KG MAIZE MEAL,418,48490.17819314642,UNGA LTD,2,2,5
KABRAS 2KG WHITE SUGAR,391,100057.23512716033,WEST KENYA SUGAR COMPANY LTD,2,2,5
NUTRAMEAL 1KG SUGAR,360,49632.78011472276,KAMILI PACKERS SUGAR ONLY,2,2,5
NUTRAMEAL 2KG SUGAR,339,90435.18260869567,KAMILI PACKERS SUGAR ONLY,2,2,5
BIO 2L SEMI SKIMMED FRESH MILK,168,41074.225757176726,BIO FOOD PRODUCTS LTD,2,2,5
MUMIAS 2KG SUGAR,222,56972.054667262164,Unknown,2,2,5
FRESHA 5L WHOLE MILK,164,65531.087947882734,GITHUNGURI DAIRY FARMERS,2,2,5
FESTIVE 600G FAMILY BRWN BREAD,157,12560.031089108912,DPL FESTIVE  LIMITED,2,2,5
FESTIVE 400G FINEST SUPER SEEDED BREAD,154,16016.03311827957,DPL FESTIVE  LIMITED,2,2,5
FESTIVE 300G 6S PREM SESSAME SLICED BURGER BUNS,139,14456.0,DPL FESTIVE  LIMITED,2,2,5
FESTIVE 300G 6S DELUXE ROLLS,139,13344.0,DPL FESTIVE  LIMITED,2,2,5
BIO 1L FRESH SEMI SKIMMED MILK,126,15833.813333333335,BIO FOOD PRODUCTS LTD,2,2,5
BROADWAY 400G WHITE SLICED BREAD,120,6240.0,BROADWAYS BAKERY LTD,2,2,5
FESTIVE 300G 6S PREM PLAIN BURGER BUNS,119,11424.0,DPL FESTIVE  LIMITED,2,2,5
RINSUN 5LT SUNFLOWER OIL,159,202243.56662958843,KAPA OIL REFINERIES LTD,2,2,5
MUMIAS 1KG SUGAR,112,14504.873696589575,Unknown,2,2,5
BIO 1L BARISTA FRESH MILK,80,11455.0,BIO FOOD PRODUCTS LTD,2,2,5
BROADWAY 400G NATURAL BROWN BREAD,77,4004.1490803484994,BROADWAYS BAKERY LTD,2,2,5
KINGSMIL 400G KUBWA WAO WHITE BREAD,70,3640.0,KENAFRIC BAKERY LTD,2,2,5
HOSTESS 2KG FLOUR,77,9332.335312209823,UNGA LTD,2,2,5
RINSUN 2LT SUNFLOWER OIL,76,46063.80176991151,KAPA OIL REFINERIES LTD,2,2,5
EXE 2KG CHAPATI FLOUR,71,9616.047457627117,UNGA LTD,2,2,5
KINGSMIL 200G SLICED WHITE BREAD,61,1708.1391106043327,KENAFRIC BAKERY LTD,2,2,5
RINSUN 3LT SUNFLOWER OIL,68,59507.734948516045,KAPA OIL REFINERIES LTD,2,2,5
BIO 1L FRESH SKIMMED MILK,58,7140.240264026403,BIO FOOD PRODUCTS LTD,2,2,5
KINGSMIL 400G KUBWA WAO BROWN BREAD,58,3016.0,KENAFRIC BAKERY LTD,2,2,5
EXE 1KG ALL PURPOSE,64,4383.431905648666,UNGA LTD,2,2,5
FESTIVE 350G SLICED SUB ROLLS 4S,56,6272.0,DPL FESTIVE  LIMITED,2,2,5
FRESHA 2LT WHOLE MILK,55,9240.0,GITHUNGURI DAIRY FARMERS,2,2,5
EXE 2KG SELF RAISING,63,8823.303896103895,UNGA LTD,2,2,5
BROADWAYS 600G WHITE BREAD,55,4356.251748251749,BROADWAYS BAKERY LTD,2,2,5
NATURES 600G BROWN BREAD,48,3840.0,DPL FESTIVE  LIMITED,2,2,5
BROADWAY 800G WHITE SANDWICH SLICED BREAD,45,4680.0557275541805,BROADWAYS BAKERY LTD,2,2,5
KINGSMIL 400G RND TOP WHITE BREAD,16,1280.0,KENAFRIC BAKERY LTD,2,2,5
BROADWAY 400G 50/50 BREAD,9,720.0,BROADWAYS BAKERY LTD,2,2,5
KINGSMIL 400G SANDWICH WMEAL BREAD,9,720.0,KENAFRIC BAKERY LTD,2,2,5
KINGSMIL 400G RND TOP BROWN BREAD,8,640.0,KENAFRIC BAKERY LTD,2,2,5
WHITE CAP 500ML LAGER CANS,968,176861.49449827962,KENYA BREWERIES LTD,2,2,5
QUENCHER 500ML DRINKING WATER,706,14938.175957805292,EXCEL CHEMICALS LTD,2,2,5
COKE PET 350ML,601,23368.931437015148,COCA COLA BEVERAGES KENYA LTD,2,2,5
TUSKER CAN 500ML BEER,563,95799.03360626494,KENYA BREWERIES LTD,2,2,5
EMBASSY BY DUNHILL BLUE 20S,514,189152.52032669965,NOBLE OUTLOOK LIMITED,2,2,5
DUNHILL 20S SWITCH,506,190256.0,NOBLE OUTLOOK LIMITED,2,2,5
KERINGET 18.9LT MINERAL WATER REFIL,497,238017.815983457,COCA COLA BEVERAGES KENYA LTD,2,2,5
COKE PET 500ML,474,25212.203394024607,COCA COLA BEVERAGES KENYA LTD,2,2,5
COKE ZERO 330ML CAN,470,36311.05574794949,COCA COLA BEVERAGES KENYA LTD,2,2,5
AQUAMIST 1LTR SPARKLING WATER,453,34439.75066172579,AQUAMIST LIMITED,2,2,5
KRACKLES PERFECTLY SALTED 30G,443,14638.979942028986,PROPACK KENYA LTD,2,2,5
COKE ZERO 500ML PET,433,22576.761693936478,COCA COLA BEVERAGES KENYA LTD,2,2,5
SCHWEPPES TONIC WATER 500ML PET,423,25679.485425442293,COCA COLA BEVERAGES KENYA LTD,2,2,5
TUSKER 500ML LAGER BEER,394,65876.8,KENYA BREWERIES LTD,2,2,5
AQUAMIST 500ML SPARKLING WATER,391,21551.042087976544,AQUAMIST LIMITED,2,2,5
AQUAMIST 20LT MINERAL WATER,373,157397.65758387145,AQUAMIST LIMITED,2,2,5
COCA COLA 300ML,357,11424.0,COCA COLA BEVERAGES KENYA LTD,2,2,5
COCA COLA 300ML EMPTY BOTTLE,357,4284.0,COCA COLA BEVERAGES KENYA LTD,2,2,5
COKE 330ML CAN,343,26769.027827116643,COCA COLA BEVERAGES KENYA LTD,2,2,5
ISINYA 6S EGGS,334,33452.93244287231,ISINYA FEEDS LIMITED,2,2,5
KRACKLES BANG BANG CHILLI 30G,332,14634.35878787879,PROPACK KENYA LTD,2,2,5
KRACKLES POTATO CRISP BBQ30G,329,14363.192724458204,PROPACK KENYA LTD,2,2,5
BIO 150ML VANILLA YOGHURT,236,21950.993601496728,BIO FOOD PRODUCTS LTD,2,2,5
SPRITE PET 350ML,309,12021.422897317301,COCA COLA BEVERAGES KENYA LTD,2,2,5
SCHWEPPES SODA WATER 500ML PET,276,16708.02842068238,COCA COLA BEVERAGES KENYA LTD,2,2,5
OLA 40G CHEESE CRUNCH TORTILA CHIPS,276,14224.109443954105,PROPACK KENYA LTD,2,2,5
KRACKLES CHEESE & ONION 30G,275,12189.970299291754,PROPACK KENYA LTD,2,2,5
TUSKER LITE 500ML CAN,272,56265.11762197092,KENYA BREWERIES LTD,2,2,5
WHITE CAP 500ML LAGER BEER,270,51624.00000000001,KENYA BREWERIES LTD,2,2,5
ISINYA 30S EGGS,257,111287.78115299334,ISINYA FEEDS LIMITED,2,2,5
GUINNESS 500ML CAN,252,46104.16775526145,KENYA BREWERIES LTD,2,2,5
ISINYA 15S EGGS,252,62538.63867838313,ISINYA FEEDS LIMITED,2,2,5
COKE PET 2LTS,250,32924.00574988021,COCA COLA BEVERAGES KENYA LTD,2,2,5
VELVEX 100S WHITE SERVIETTES,242,22495.428720899818,CHANDARIA INDUSTRIES  LTD,2,2,5
FANTA ORANGE PET 350ML,240,9347.112536136663,COCA COLA BEVERAGES KENYA LTD,2,2,5
SPRITE PET 500ML,237,12531.252254447965,COCA COLA BEVERAGES KENYA LTD,2,2,5
AQUAMIST 1LT MINERAL WATER,236,14446.473678226266,AQUAMIST LIMITED,2,2,5
SPRITE 330ML CAN REGULAR,228,17606.857001763667,COCA COLA BEVERAGES KENYA LTD,2,2,5
BALOZI 500ML CAN,225,36996.51056877773,KENYA BREWERIES LTD,2,2,5
OLA 40G MEXICAN CRUNCH TORTILA CHIPS,223,11500.626033057853,PROPACK KENYA LTD,2,2,5
TENA 10S WHITE TOILET ROLLS,224,80761.66007730535,AFRICAN COTTON INDUSTRIES LTD,2,2,5
KERINGET 1LT MINERAL WATER,216,15010.586301369865,COCA COLA BEVERAGES KENYA LTD,2,2,5
PREDATOR 400ML ENERGY DRINK PET,214,10779.689026713126,COCA COLA BEVERAGES KENYA LTD,2,2,5
DUNHILL 20S DOUBLE CAP,213,80088.0,NOBLE OUTLOOK LIMITED,2,2,5
BIO 150ML STRAWBERRY YOGHURT,160,15132.365959918676,BIO FOOD PRODUCTS LTD,2,2,5
PICK N PEEL 250ML MANGO,212,12001.350784624772,KEVIAN KENYA LTD,2,2,5
DASANI 500ML MINERAL WATER,209,5615.965278474661,COCA COLA BEVERAGES KENYA LTD,2,2,5
KRACKLES SALT&VINEGAR 30GM,207,8972.713551815767,PROPACK KENYA LTD,2,2,5
PICK N PEEL 250ML TROPICAL MIX,203,11498.006382978723,KEVIAN KENYA LTD,2,2,5
COKE ZERO 2L PET,195,25830.337801608577,COCA COLA BEVERAGES KENYA LTD,2,2,5
KNORR 51G 6S CHICKEN CUBES,192,14475.884368560495,UNILEVER KENYA LIMITED,2,2,5
BIO 150ML NATURAL YOGHURT,144,13292.845714285715,BIO FOOD PRODUCTS LTD,2,2,5
PILSNER 500ML LAGER BEER,191,31935.200000000004,KENYA BREWERIES LTD,2,2,5
DASANI 1L MINERAL WATER,189,8731.206033940918,COCA COLA BEVERAGES KENYA LTD,2,2,5
FANTA ORANGE PET 2LTS,188,23083.780620645983,COCA COLA BEVERAGES KENYA LTD,2,2,5
ILARA 500ML TNC PLAIN CUP,139,13060.593379310347,BROOKSIDE DAIRY LIMITED,2,2,5
KRAC KURLS 25G TANGY CHEESE,184,5753.977292576419,PROPACK KENYA LTD,2,2,5
PICK N PEEL 250ML APPLE,181,10304.833195020748,KEVIAN KENYA LTD,2,2,5
VELVEX SNOW WHITE 10 PACK,180,65840.57918552036,CHANDARIA INDUSTRIES  LTD,2,2,5
FANTA ORANGE PET 500ML,178,9407.251782149986,COCA COLA BEVERAGES KENYA LTD,2,2,5
PICK N PEEL 250ML PINEAPPLE JUICE,174,9828.662504384427,KEVIAN KENYA LTD,2,2,5
KERINGET 1LT SPARKLING MINERAL WATER,172,14492.912795206206,COCA COLA BEVERAGES KENYA LTD,2,2,5
OREO 55.2G ORIGINAL COOKIES,171,9400.07922497309,HASBAH KENYA LTD CADBURY,2,2,5
SUNLIGHT 175G PURE SOAP YELLOW,171,9745.756156156156,UNILEVER KENYA LIMITED,2,2,5
COKE ZERO SUGAR 300ML,171,5472.0,COCA COLA BEVERAGES KENYA LTD,2,2,5
COKE ZERO SUGAR 300ML EMPTY BOTTLE,171,2052.0,COCA COLA BEVERAGES KENYA LTD,2,2,5
FANTA BLACK CURRANT 350ML PET,169,6568.776416031799,COCA COLA BEVERAGES KENYA LTD,2,2,5
KRAC KURLS 25G CHILLI LEMON,168,5253.163551036372,PROPACK KENYA LTD,2,2,5
COKE 1.25L PET,168,17178.12897745835,COCA COLA BEVERAGES KENYA LTD,2,2,5
SPRITE SODA PET 2LTS,165,20333.404257784212,COCA COLA BEVERAGES KENYA LTD,2,2,5
AQUACLEAR 500ML MINERAL WATER,165,4128.824205748866,DEVYANI FOOD INDUSTRIES K LIMITED MILK AND YOGHURT,2,2,5
BIO 150ML BERRY COCKTAIL YOGHURT,124,11060.228132205997,BIO FOOD PRODUCTS LTD,2,2,5
FANTA BLACKCURRANT PET 2LTS,162,19805.515630367572,COCA COLA BEVERAGES KENYA LTD,2,2,5
FANTA BLACKCURRANT PET 500ML,160,8470.19063434075,COCA COLA BEVERAGES KENYA LTD,2,2,5
AQUAMIST 1.5LT MINERAL WATER,134,9889.442900302116,AQUAMIST LIMITED,2,2,5
AQUAMIST 5LT MINERAL WATER,132,22601.234158243285,AQUAMIST LIMITED,2,2,5
PICK N PEEL 250ML ORANGE JUICE,129,9767.851434323102,KEVIAN KENYA LTD,2,2,5
CARTOONS 30G TANGY TOMATO CRISPS,129,5809.498270893372,PROPACK KENYA LTD,2,2,5
BROOKSIDE 250G PROBIOTIC FRUIT CUP YOGHURT VANILLA,113,8395.840260268402,BROOKSIDE DAIRY LIMITED,2,2,5
BIO 200ML GREEK STYLE YOGHURT VANILLA,108,14882.600000000002,BIO FOOD PRODUCTS LTD,2,2,5
ROTHMANS SWITCH BLUE 20S,120,35040.076099881095,NOBLE OUTLOOK LIMITED,2,2,5
OREO 31.3G ENROBED,117,5989.85536159601,HASBAH KENYA LTD CADBURY,2,2,5
ISINYA 12S EGGS,116,23401.24691306106,ISINYA FEEDS LIMITED,2,2,5
BIO 90ML NATURAL Y0GHURT,102,6446.400000000001,BIO FOOD PRODUCTS LTD,2,2,5
JIAN 30 PACK YELLOW YOLK EGGS,108,42454.75313081215,JIAN CEREALS DEPOT,2,2,5
FANTA PASSION 500ML PET,108,5746.987063750582,COCA COLA BEVERAGES KENYA LTD,2,2,5
FANTA PASSION PET 2LTS,107,13072.791564740617,COCA COLA BEVERAGES KENYA LTD,2,2,5
BIO 150ML MANGO YOGHURT,95,8996.681992337166,BIO FOOD PRODUCTS LTD,2,2,5
FESTIVE TORTILLA WRAP 8 INCH,106,23274.620080321285,DPL FESTIVE  LIMITED,2,2,5
ROYCO 4G 40S BEEF CUBES,105,11527.059469350412,UNILEVER KENYA LIMITED,2,2,5
FC 200G (30D) FRESH SANDWICH HAM,92,21612.14166666667,FARMERS CHOICE LTD,2,2,5
BIO 90ML VANILLA,91,5751.2,BIO FOOD PRODUCTS LTD,2,2,5
DAIMA 500ML NATURAL PROBIOTIC CUP,91,8622.130890052356,DEVYANI FOOD INDUSTRIES K LIMITED MILK AND YOGHURT,2,2,5
KNORR 51G 6S BEEF CUBES,98,7354.561006289308,UNILEVER KENYA LIMITED,2,2,5
GREEN FARM 30S Y/YORK EGGS,98,43913.522419587134,GREEN FARM POULTRY,2,2,5
KRACKLES CURLS 15G CHEESY,97,1552.0412985630655,PROPACK KENYA LTD,2,2,5
BLUE BAND 500G MED FAT SPREAD,96,21083.329205214875,SUPER SAVERS DISTRIBUTION LTD,2,2,5
BLUE BAND 1KG MED FAT SPREAD,94,35992.5206804421,SUPER SAVERS DISTRIBUTION LTD,2,2,5
PICK N PEEL 1LT APPLE,94,19443.149519045786,KEVIAN KENYA LTD,2,2,5
PICK N PEEL 1L ORANGE JUICE,93,24307.978266494178,KEVIAN KENYA LTD,2,2,5
MINUTE MAID 400ML APPLE JUICE,93,5873.438839979286,COCA COLA BEVERAGES KENYA LTD,2,2,5
KCC 500ML FILPACK MALA,83,4307.928085700978,NEW KENYA COOP CREAMERIES  LTD,2,2,5
ILARA 1LT MAZIWA LALA  PLASTIC BOTTLE,82,10955.199999999999,BROOKSIDE DAIRY LIMITED,2,2,5
QUENCHER 18L MIN WATER PET,92,37427.58749289369,EXCEL CHEMICALS LTD,2,2,5
BROOKSIDE 1LT NATURAL YOGHURT,82,14760.0,BROOKSIDE DAIRY LIMITED,2,2,5
BALOZI 500ML BEER,91,15130.894109589039,KENYA BREWERIES LTD,2,2,5
MINUTE MAID 1L APPLE JUICE,91,10495.006465517241,COCA COLA BEVERAGES KENYA LTD,2,2,5
FC 200G (30D) FRESH STREAKY BACON,81,28774.745288753802,FARMERS CHOICE LTD,2,2,5
OREO 26.25G ORIGINAL,90,3187.8620689655177,HASBAH KENYA LTD CADBURY,2,2,5
BROOKSIDE 450G NATURAL PROBIOTIC YOGHURT,80,10141.126934984519,BROOKSIDE DAIRY LIMITED,2,2,5
OREO 128G ORIGINAL,89,11033.444102564103,HASBAH KENYA LTD CADBURY,2,2,5
TENA 100S SERVIETTES WHITE,88,7013.362162162164,AFRICAN COTTON INDUSTRIES LTD,2,2,5
BROOKSIDE 1L SWEETEND LALA BOTTLE,76,10883.2,BROOKSIDE DAIRY LIMITED,2,2,5
FIESTA TOILET ROLLS WHITE 10S,85,30016.65635179153,AFRICAN COTTON INDUSTRIES LTD,2,2,5
CADBURY 80G DAIRY MILK,84,17484.40950323974,HASBAH KENYA LTD CADBURY,2,2,5
FC 1KG (14D) FRESH PORK VALUE PACK,75,42067.19524564184,FARMERS CHOICE LTD,2,2,5
BROOKSIDE 250G NATURAL PROBIOTIC YOGHURT,75,5573.854811480022,BROOKSIDE DAIRY LIMITED,2,2,5
CADBURY 32G DAIRY MILK CHOCOLATE,83,8854.220389105058,HASBAH KENYA LTD CADBURY,2,2,5
STIMOROL 14G 10S WILD BERRY,83,4316.2806763285025,HASBAH KENYA LTD CADBURY,2,2,5
TOILEX WHITE 10S,82,24207.605513016846,CHANDARIA INDUSTRIES  LTD,2,2,5
BROOKSIDE 250ML VANILLA,73,4008.3997731140107,BROOKSIDE DAIRY LIMITED,2,2,5
ACACIA 200ML KIDS BLUE RASPBERRY,82,7317.88490665012,KEVIAN KENYA LTD,2,2,5
KNORR 51G 6S BEEF CHILLI CUBES,80,6031.4150537634405,UNILEVER KENYA LIMITED,2,2,5
FC 125G (30D) FRESH NYAMABITE,71,5232.536880290205,FARMERS CHOICE LTD,2,2,5
FC 500G (14D) FRESH CLASSIC PORK SAUSAGE,70,20606.667459845332,FARMERS CHOICE LTD,2,2,5
LEADAV YELLOW YOLK EGGS 30PACK TRAY,79,30842.962803234503,LEADAV POULTRY FARM LTD,2,2,5
PICK N PEEL 1LT TROPICAL MIX,79,16445.783137070182,KEVIAN KENYA LTD,2,2,5
CADBURY 90G DRINKING CHOCOLATE SACHET,79,6694.050935425467,HASBAH KENYA LTD CADBURY,2,2,5
AQUAMIST 19L DISPOSABLE WATER,78,35323.361604584534,AQUAMIST LIMITED,2,2,5
SOFTLEAF 10S VIRGIN TOILET PAPER,77,26602.712739201754,KAPA OIL REFINERIES LTD,2,2,5
CADBURY 28G BUBBLY CHOCOLATE,77,6024.93170381021,HASBAH KENYA LTD CADBURY,2,2,5
BROOKSIDE 250ML STRAWBERRY,68,3731.93478531425,BROOKSIDE DAIRY LIMITED,2,2,5
QUENCHER LIFE 5LT PREMIUM DRINKING WATER,77,13757.105928338764,EXCEL CHEMICALS LTD,2,2,5
BROOKSIDE 250G PROBIOTIC FRUIT CUP YOGHURT STRAWBERRY,68,5040.20206185567,BROOKSIDE DAIRY LIMITED,2,2,5
KRAC KURLS 25G TOMATO,76,2376.136597014926,PROPACK KENYA LTD,2,2,5
BROOKSIDE 450ML NATURAL YOGHURT CUP,68,9188.217263157896,BROOKSIDE DAIRY LIMITED,2,2,5
BIO 500ML COOKING CREAM LONG LIFE,67,18904.665469778578,BIO FOOD PRODUCTS LTD,2,2,5
ALWAYS 14S MAXI THICK EX/LONG DAY/NIGHT,75,11803.726708074535,HASBAH KENYA LTD P AND G,2,2,5
TROP HEAT 50G CHEVDA ORIGINAL,76,3774.3263396226416,TROPICAL HEAT LTD,2,2,5
CADBURY 80G DAIRY MILK WHOLE NUT,74,15295.368764568764,HASBAH KENYA LTD CADBURY,2,2,5
TENA 200S SERVIETTES WHITE,74,11840.455384615387,AFRICAN COTTON INDUSTRIES LTD,2,2,5
SANTA MARIA 70G TOMATO PASTE SATCHET,75,2242.0093457943926,DEBENHAM AND FEAR LTD,2,2,5
BROOKSIDE 450G PROBIOTIC FRUIT CUP YOGHURT VANILLA,65,8233.195068890502,BROOKSIDE DAIRY LIMITED,2,2,5
NEPTUNE 10S BLENDED TOILET PAPER,73,21489.646808510643,KAPA OIL REFINERIES LTD,2,2,5
QUENCHER 10LT MINERAL WATER PET,72,17222.4,EXCEL CHEMICALS LTD,2,2,5
OXYRICH 1L SPRING WATER,71,2647.7820529373794,AQUAMIST LIMITED,2,2,5
KREST BITTER LEMON  500M PET,70,3723.321176332748,COCA COLA BEVERAGES KENYA LTD,2,2,5
SPRITE 300ML,69,2208.0,COCA COLA BEVERAGES KENYA LTD,2,2,5
SPRITE 300ML EMPTY BOTTLE,69,828.0,COCA COLA BEVERAGES KENYA LTD,2,2,5
STONEY TANGAWIZI 500ML PET,69,3670.1308738137086,COCA COLA BEVERAGES KENYA LTD,2,2,5
TROP HEAT 18G SAFARI CHEESE,68,1088.0,TROPICAL HEAT LTD,2,2,5
KLEENEX POCKET HANKIES SINGLES,68,1088.0,KIM FAY EAST AFRICA LTD,2,2,5
MINUTE MAID 400ML TROPICAL JUICE,67,4164.53681532567,COCA COLA BEVERAGES KENYA LTD,2,2,5
FC 200G (14D) FRESH PORK CHIPOLATA,58,10364.460672614961,FARMERS CHOICE LTD,2,2,5
FC 400G (30D) FRESH STREAKY BACON,58,37090.795859213256,FARMERS CHOICE LTD,2,2,5
MINUTE MAID 1L TROPICAL JUICE,62,7249.193597773139,COCA COLA BEVERAGES KENYA LTD,2,2,5
GREEN FARM 15PK Y/YORK EGGS,61,16340.199536679538,GREEN FARM POULTRY,2,2,5
FAY TOILET PAPER WHITE 10S,61,22455.964591977874,KIM FAY EAST AFRICA LTD,2,2,5
CADBURY 44G LUNCH BAR,61,7802.425307557119,HASBAH KENYA LTD CADBURY,2,2,5
FESTIVE 400G POUNDCAKE SLICED VANILLA,61,8588.800000000001,DPL FESTIVE  LIMITED,2,2,5
BROOKSIDE 250ML CHOCOLATE,53,2909.4609656208427,BROOKSIDE DAIRY LIMITED,2,2,5
BIO ACTIVE 350ML BLKBRRY N RSPBRRY YOG DRINK,53,6550.163363363364,BIO FOOD PRODUCTS LTD,2,2,5
SPRITE 1.25L PET,60,6240.0,COCA COLA BEVERAGES KENYA LTD,2,2,5
TENA 10S POCKET TISSUE 3PLY,58,928.0,AFRICAN COTTON INDUSTRIES LTD,2,2,5
TENA 15S TOILET ROLL WHITE WRAPPED,57,29526.03413173653,AFRICAN COTTON INDUSTRIES LTD,2,2,5
BLUE BAND 250G MED FAT SPREAD,57,7215.842106157113,SUPER SAVERS DISTRIBUTION LTD,2,2,5
ROSY TOILET TISSUE WHITE 10PACK,56,13351.179130434783,CHANDARIA INDUSTRIES  LTD,2,2,5
SUNLIGHT 700G LONG BAR YELLOW,56,5266.3705232113825,UNILEVER KENYA LIMITED,2,2,5
BROOKSIDE 230ML COOKING CREAM CUP,49,13825.80011968881,BROOKSIDE DAIRY LIMITED,2,2,5
SOFTLEAF TWIN SERVIETTES,54,8145.6846859562465,KAPA OIL REFINERIES LTD,2,2,5
SUNRICE 5KG RICE BASMATI,54,59665.061801596356,KRISH COMMODITIES LTD,2,2,5
JIAN 6 PACK YELLOW YOLK EGGS,54,17773.813104101406,JIAN CEREALS DEPOT,2,2,5
ISINYA 20S EGGS,52,17115.52372987543,ISINYA FEEDS LIMITED,2,2,5
HEINZ 570G TOMATO KETCHUP,52,24876.800000000003,HASBAH KENYA LTD,2,2,5
NUZIWA 1L OAT ORIGINAL MILK,46,17664.0,JETLAK FOODS LTD,2,2,5
CADBURY 450G DRINKING CHOCOLATE JAR,44,3728.3321665660833,HASBAH KENYA LTD CADBURY,2,2,5
ACACIA 200ML KIDS MANGO,43,3837.4274510482333,KEVIAN KENYA LTD,2,2,5
JIAN 15 PACK YELLOW YOLK EGGS,43,14153.221545858527,JIAN CEREALS DEPOT,2,2,5
GREEN FARM 6S Y/YORK EGGS,43,14153.221545858527,GREEN FARM POULTRY,2,2,5
CADBURY 32G DAIRY MILK HAZELNUTS,43,4611.586917188587,HASBAH KENYA LTD CADBURY,2,2,5
FESTIVE 200G HALF POUNDCAKE SLICED VANILLA,43,4540.8,DPL FESTIVE  LIMITED,2,2,5
PRAZIER 6S YELLOW YORK EGGS,43,14153.221545858527,PRAZIER POULTRIES,2,2,5
SUNRICE 2KG RICE BASMATI,42,20586.50239673636,KRISH COMMODITIES LTD,2,2,5
EMBASSY BY DUNHILL RED 20S,42,15456.042516967676,NOBLE OUTLOOK LIMITED,2,2,5
JAMAA 1KG BAR SOAP CREAM,41,3855.7355616369055,KAPA OIL REFINERIES LTD,2,2,5
LEADAV YELLOW YOLK EGGS 6PACK,39,12836.642797406572,LEADAV POULTRY FARM LTD,2,2,5
FLORA 100S SERVIETTES WHITE,39,2795.9233460076043,AFRICAN COTTON INDUSTRIES LTD,2,2,5
FAY POCKET HANDKERCHIEFS PINK SINGLES,39,592.8000000000001,KIM FAY EAST AFRICA LTD,2,2,5
ALPRO 1LT ALMOND UNSWTENED DRINK,40,19168.0,HEALTHY U TWO THOUSAND LTD,2,2,5
BUTTERFLY 1KG POLISH GREEN GRAM,38,6961.6,SPICE WORLD LTD,2,2,5
FLORA 1S TOILET ROLLS WHITE,38,13419.211074918567,AFRICAN COTTON INDUSTRIES LTD,2,2,5
SUNLIGHT 900G LONG BAR YELLOW,36,3385.5239077787464,UNILEVER KENYA LIMITED,2,2,5
VELVEX POCKET TISSUES WHITE 1S,37,592.0,CHANDARIA INDUSTRIES  LTD,2,2,5
GREEN FARM 12PK Y/YORK EGGS,35,11520.064048954615,GREEN FARM POULTRY,2,2,5
BROOKSIDE 150ML DOUBLE CREAM,36,10157.730700179534,BROOKSIDE DAIRY LIMITED,2,2,5
LEADAV YELLOW YOLK EGGS 15PACK,34,11190.919361841627,LEADAV POULTRY FARM LTD,2,2,5
MF 750ML ZESTY LEMON D/WASHING LIQUID,34,8132.8,P Z CUSSONS EAST AFRICA  LTD HQ,2,2,5
FESTIVE TORTILLA WRAP 10 INCH,34,9775.484257871063,DPL FESTIVE  LIMITED,2,2,5
GILANI GOURMET 2KG ICE CUBE,33,5280.0,GILANI GOURMET LTD,2,2,5
KCC 500G BUTTER SALTED (604),33,15494.53209911314,NEW KENYA COOP CREAMERIES  LTD,2,2,5
AQUAMIST 20LT MINERAL WATER EMPTY BOTTLE,33,25213.32329793879,AQUAMIST LIMITED,2,2,5
ARIEL 1KG DETERGENT FRESH LAVENDER CLEAN,33,9477.6,HASBAH KENYA LTD P AND G,2,2,5
DAIMA 250G BUTTER SALTED,32,15025.000823382437,DEVYANI FOOD INDUSTRIES K LIMITED MILK AND YOGHURT,2,2,5
DAIMA 500G BUTTER SALTED,32,15025.000823382437,DEVYANI FOOD INDUSTRIES K LIMITED MILK AND YOGHURT,2,2,5
VELVEX POCKET TISSUES BLUE 1S,31,496.0,CHANDARIA INDUSTRIES  LTD,2,2,5
STONEY ZERO 500ML  PET,31,1648.899378090217,COCA COLA BEVERAGES KENYA LTD,2,2,5
FAY 30CMX5M FOIL,31,3224.0,KIM FAY EAST AFRICA LTD,2,2,5
BROOKSIDE 250ML BUBBLE GUM,32,1756.6556773559805,BROOKSIDE DAIRY LIMITED,2,2,5
TENA 80S FACIAL TISSUES FLORAL,30,3000.0,AFRICAN COTTON INDUSTRIES LTD,2,2,5
BROOKSIDE 400ML COOKING CREAM CUP,31,8746.934769599044,BROOKSIDE DAIRY LIMITED,2,2,5
ARIEL 1KG DETERGENT FRESH FLORAL CLEAN,30,11256.000000000002,HASBAH KENYA LTD P AND G,2,2,5
BROOKSIDE 500G SUPERFINE GHEE,30,13416.000000000002,BROOKSIDE DAIRY LIMITED,2,2,5
PRESTIGE 1KG MARGARINE,30,6588.540376629649,KAPA OIL REFINERIES LTD,2,2,5
BIO 1L WHOLE LONGLIFE MILK,31,2912.794206896552,BIO FOOD PRODUCTS LTD,2,2,5
VIM 1KG LEMON FRESH POWDER,30,4440.0,UNILEVER KENYA LIMITED,2,2,5
BROOKSIDE 250ML COFFEE,31,1701.7601874386062,BROOKSIDE DAIRY LIMITED,2,2,5
VELVEX 30CMX5M ALLUMINIUM FOIL,29,3016.0,CHANDARIA INDUSTRIES  LTD,2,2,5
LEADAV YELLOW YOLK EGGS 12PACK,29,9545.195926276681,LEADAV POULTRY FARM LTD,2,2,5
TROP HEAT 50G CHILLI CHEVDA KENYAN,29,1440.2034716981132,TROPICAL HEAT LTD,2,2,5
BROOKSIDE 500G UNSALTED BUTTER,28,13146.875720459633,BROOKSIDE DAIRY LIMITED,2,2,5
DOWNY 900ML POUCH SWEET ELEGANCE,28,15635.199999999999,HASBAH KENYA LTD P AND G,2,2,5
BROOKSIDE 200ML WHIPPING CREAM,29,8182.616397366847,BROOKSIDE DAIRY LIMITED,2,2,5
BROOKSIDE 1KG GHEE,28,22019.200000000004,BROOKSIDE DAIRY LIMITED,2,2,5
FANTA ORANGE 1.25L PET,29,1542.5187730521384,COCA COLA BEVERAGES KENYA LTD,2,2,5
FLORA 4S TOILET ROLLS WHITE,27,9534.702605863193,AFRICAN COTTON INDUSTRIES LTD,2,2,5
PRAZIER 30S YELLOW YORK EGGS,27,8886.906552050703,PRAZIER POULTRIES,2,2,5
LIBERTY CHOICE YELLOW YOLK EGG 6PACK,27,8886.906552050703,PAMULI POULTRY FARM,2,2,5
TROP HEAT 100G RICE CAKE BROWN,27,3888.0,TROPICAL HEAT LTD,2,2,5
DAIMA 480ML MILK DRINK VANILLA FLV,28,1537.073717686483,DEVYANI FOOD INDUSTRIES K LIMITED MILK AND YOGHURT,2,2,5
MF 750ML ORIGINAL D/WASHING LIQUID,26,6219.200000000001,P Z CUSSONS EAST AFRICA  LTD HQ,2,2,5
VIM 500G LEMON FRESH POWDER,26,2080.0,UNILEVER KENYA LIMITED,2,2,5
BROOKSIDE 250ML BANANA,27,1482.1782277691086,BROOKSIDE DAIRY LIMITED,2,2,5
PRESTIGE 500G ORIGINAL MARGARINE,26,5710.068326412362,KAPA OIL REFINERIES LTD,2,2,5
VIM 500G POUCH LFRESH SCOURER,25,1400.0,UNILEVER KENYA LIMITED,2,2,5
TUSKER 330ML MALT LAGER BEER,25,4573.826166196573,KENYA BREWERIES LTD,2,2,5
BUTTERFLY 500G POPCORN KERNELS,24,3820.8,SPICE WORLD LTD,2,2,5
BROOKSIDE 200ML DISNEY STRAWBRRY FLV MILK,25,1372.3872479343597,BROOKSIDE DAIRY LIMITED,2,2,5
MHARVEST 1KG BAG SUPERFAST OATS,24,8044.800000000001,HEALTHY U TWO THOUSAND LTD,2,2,5
TROP HEAT 150G CHEVDA ORIGINAL,24,1191.8925283018868,TROPICAL HEAT LTD,2,2,5
KOTEX 16S REGULAR TAMPONS,24,3777.1925465838513,KIM FAY EAST AFRICA LTD,2,2,5
KNORR 4G 40S RICH MEATY SEASONING CUBES,24,1809.485546070062,UNILEVER KENYA LIMITED,2,2,5
EVERFRESH 1KG GHEE,24,18873.600000000002,BROOKSIDE DAIRY LIMITED,2,2,5
VELVEX EXTRA 10S TOILET TISSUE UNWRAPPED,24,8475.291205211726,CHANDARIA INDUSTRIES  LTD,2,2,5
MONSTER 500ML ENERGY DRINK,24,3101.6140217906204,COCA COLA BEVERAGES KENYA LTD,2,2,5
BUTTERFLY 1KG YELLOW KIDNEY  BEANS,24,6105.6,SPICE WORLD LTD,2,2,5
HEINZ 245GM MUSTARD,24,5740.8,HASBAH KENYA LTD,2,2,5
BROOKSIDE 250ML VANILLA 6PK,24,1317.4917580169854,BROOKSIDE DAIRY LIMITED,2,2,5
CADBURY 225G DRINKING CHOCOLATE JAR,23,1948.9009052504525,HASBAH KENYA LTD CADBURY,2,2,5
BROOKSIDE 250ML ASSORTED 6PK,24,1317.4917580169854,BROOKSIDE DAIRY LIMITED,2,2,5
VELVEX 30CMX30M CLING FILM,23,2944.0,CHANDARIA INDUSTRIES  LTD,2,2,5
F/C FROZEN 500G (12M) BEEF MINCE,23,5796.0,FARMERS CHOICE LTD,2,2,5
BROOKSIDE 250G UNSALTED BUTTER,23,10799.219341806127,BROOKSIDE DAIRY LIMITED,2,2,5
SUNLIGHT 750ML LEMON D/WASHING LIQUID,22,5086.400000000001,UNILEVER KENYA LIMITED,2,2,5
EVEREADY 4S AA RED 1015BP4,22,3872.0,HASBAH KENYA LTD,2,2,5
MONSTER 500ML ENERGY ULTRA,22,2843.1461866414024,COCA COLA BEVERAGES KENYA LTD,2,2,5
NUZIWA 1LT ALMOND MILK ORIGNAL,23,8832.0,JETLAK FOODS LTD,2,2,5
VIM 1KG LAVENDER FRESH POWDER,22,3256.0,UNILEVER KENYA LIMITED,2,2,5
BUTTERFLY 1KG CHICK PEAS KABULI CHANA,22,7744.0,SPICE WORLD LTD,2,2,5
MF 800G ANTI-B D/WASHING PASTE ORANGE,22,7392.0,P Z CUSSONS EAST AFRICA  LTD HQ,2,2,5
ROYCO 4G 40S CHICKEN CUBES,22,1658.6950838975567,UNILEVER KENYA LIMITED,2,2,5
BUTTERFLY 1KG MASOOR DAL,22,8254.400000000001,SPICE WORLD LTD,2,2,5
ALWAYS 14S MAXI THICK ROX LITE DUO,22,3462.4265010351974,HASBAH KENYA LTD P AND G,2,2,5
FANTA BLACKCURRANT 1.25L PET,22,1170.1866554188637,COCA COLA BEVERAGES KENYA LTD,2,2,5
KCC BUTTER SALTED 500G TUB 600,21,9860.156790344725,NEW KENYA COOP CREAMERIES  LTD,2,2,5
PRESTIGE 250G ORIGINAL MARGARINE,21,4611.9782636407535,KAPA OIL REFINERIES LTD,2,2,5
MONSTER 500ML THE DOCTOR,21,2713.912269066793,COCA COLA BEVERAGES KENYA LTD,2,2,5
KCC 250G SALTED BUTTER (605),21,9860.156790344725,NEW KENYA COOP CREAMERIES  LTD,2,2,5
VELVEX EXTRA 10S TOILET TISSUE UNWARAPPED,21,19414.328277084875,CHANDARIA INDUSTRIES  LTD,2,2,5
PRAZIER 15S YELLOW YORK EGGS,21,6912.038429372769,PRAZIER POULTRIES,2,2,5
ALWAYS 14S ULTRA EXTRA LONG SLIM DUO,21,3305.04347826087,HASBAH KENYA LTD P AND G,2,2,5
BROOKSIDE 400ML WHIPPING CREAM CUP,22,6207.50209455416,BROOKSIDE DAIRY LIMITED,2,2,5
BLUE BAND 100G ORIGINAL,20,4392.360251086432,SUPER SAVERS DISTRIBUTION LTD,2,2,5
FAY 38CM X 10M BAKING PAPER,20,3680.0,KIM FAY EAST AFRICA LTD,2,2,5
DELAMERE 250G P/PPLE& COCONUT FRUIT YOGHURT CUP,21,1973.1831724137935,BROOKSIDE DAIRY LIMITED,2,2,5
JAMAA 800G BAR SOAP WHITE,20,1880.8466154326368,KAPA OIL REFINERIES LTD,2,2,5
ARIEL 1KG DETERGENT FRESH SPRING CLEAN,20,7648.000000000001,HASBAH KENYA LTD P AND G,2,2,5
REAL KIENYEJI EGGS 6PK,19,6253.749055146791,NDUMUNYA INVESTMENT SOLUTION,2,2,5
PRIDE 5LT LEMON LIQ DETERGENT,19,12737.600000000002,CANON CHEMICALS LTD,2,2,5
VIM 500G LAVENDER FRESH POWDER,19,1520.0,UNILEVER KENYA LIMITED,2,2,5
TROPNUTS 50G CHILLI LEMON PEANUTS,18,921.6,TROPICAL HEAT LTD,2,2,5
MONTILL 6 PACK EGGS,18,5924.6043680338025,MONTILL LIMITED,2,2,5
EVERFRESH 500G GHEE,18,7963.200000000001,BROOKSIDE DAIRY LIMITED,2,2,5
DAIMA 500G BUTTER UNSALTED,18,8451.56296315262,DEVYANI FOOD INDUSTRIES K LIMITED MILK AND YOGHURT,2,2,5
TROP HEAT 120G RICE CAKE SALTED,18,2016.0,TROPICAL HEAT LTD,2,2,5
MHARVEST 500G BAG SUPERFAST OATS,18,3585.6000000000004,HEALTHY U TWO THOUSAND LTD,2,2,5
TENA 80S FACIAL TISSUES BAMBOO,18,1800.0,AFRICAN COTTON INDUSTRIES LTD,2,2,5
BUTTERFLY 1KG MASOOR WHOLE(KAMANDE),18,6624.0,SPICE WORLD LTD,2,2,5
BUTTERFLY 1KG GREEN GRAM MUNG,18,3729.6000000000004,SPICE WORLD LTD,2,2,5
MAREMER 500G PEELED SHRIMPS 41/50 IND,18,27792.0,BRANDACTIV KENYA LTD SR,2,2,5
VIM 1KG SCOURER LEMON+1KG LVR,18,5025.599999999999,UNILEVER KENYA LIMITED,2,2,5
KASUKU 500G COOKING FAT,18,3096.0,KAPA OIL REFINERIES LTD,2,2,5
SUNRICE 500G RICE BASMATI,17,13558.038652236282,KRISH COMMODITIES LTD,2,2,5
MF 800G D/PASTE ZESTY LEMON HH852,17,5426.400000000001,P Z CUSSONS EAST AFRICA  LTD HQ,2,2,5
MF 750ML ANT-B D/WASHING LIQUID ORANGE,17,4066.4,P Z CUSSONS EAST AFRICA  LTD HQ,2,2,5
MANYATTA 300ML P/APPLE&MINT CIDER,17,3120.417635193981,KENYA BREWERIES LTD,2,2,5
LIBERTY CHOICE YELLOW YOLK EGG 30PACK,17,5595.459680920813,PAMULI POULTRY FARM,2,2,5
FAY 30CMX30M CLING FILM,17,2176.0,KIM FAY EAST AFRICA LTD,2,2,5
DAIMA 240ML MILK DRINK STRAWBERRY,18,988.118818512739,DEVYANI FOOD INDUSTRIES K LIMITED MILK AND YOGHURT,2,2,5
AQUACLEAR 1LT MINERAL WATER,17,947.4155447824376,DEVYANI FOOD INDUSTRIES K LIMITED MILK AND YOGHURT,2,2,5
KREST BITTER LEMON 300ML EMPTY BOTTLE,17,204.0,COCA COLA BEVERAGES KENYA LTD,2,2,5
FLORA 10S WHITE TOILET ROLL,18,6356.468403908795,AFRICAN COTTON INDUSTRIES LTD,2,2,5
MC 330G REAL  MAYONNAISE,16,5491.200000000001,BIO FOOD PRODUCTS LTD,2,2,5
TENA 150S FACIAL TISSUES FLORAL,16,2624.0,AFRICAN COTTON INDUSTRIES LTD,2,2,5
FIESTA TOILET ROLLS WHITE 4S,16,5650.194136807818,AFRICAN COTTON INDUSTRIES LTD,2,2,5
SANTA MARIA 1LT EXTRA VIRGIN OLIVE OIL,16,35686.4,DEBENHAM AND FEAR LTD,2,2,5
TROP HEAT 120G RICE CAKE UNSALTED,16,1792.0,TROPICAL HEAT LTD,2,2,5
LIBERTY CHOICE YELLOW YOLK EGG 15PACK,15,4937.170306694835,PAMULI POULTRY FARM,2,2,5
DAIMA 240ML MILK DRINK VANILLA,16,878.3278386779903,DEVYANI FOOD INDUSTRIES K LIMITED MILK AND YOGHURT,2,2,5
FESTIVE 200G HALF POUNDCAKE SLICED BLUEBERRY,15,1584.0000000000002,DPL FESTIVE  LIMITED,2,2,5
DOWNY 900ML POUCH LAVENDER CALM,15,8376.0,HASBAH KENYA LTD P AND G,2,2,5
TROP HEAT 100G B/PEPPER GRND,15,4680.0,TROPICAL HEAT LTD,2,2,5
REAL KIENYEJI EGGS 15PK,15,4937.170306694835,NDUMUNYA INVESTMENT SOLUTION,2,2,5
BROOKSIDE 250ML CHOC 6PK,15,823.4323487606159,BROOKSIDE DAIRY LIMITED,2,2,5
SANTA MARIA 400ML COCONUT MILK ORIGINAL,15,871.6513171985437,DEBENHAM AND FEAR LTD,2,2,5
BIO 90ML YOGHURT GUAVA/MORINGA,15,1409.4165517241381,BIO FOOD PRODUCTS LTD,2,2,5
MF FLOWER FOR 1500/-,14,16800.0,ANDREW MUROKI GATHAGE,2,2,5
DAIMA 480ML MILK DRINK STRAWBERRY FLV,15,823.4323487606159,DEVYANI FOOD INDUSTRIES K LIMITED MILK AND YOGHURT,2,2,5
TOILEX WHITE TOILET SINGLE ROLL,14,4943.9198697068405,CHANDARIA INDUSTRIES  LTD,2,2,5
BROOKSIDE 200ML DISNEY CHOCOLATE FLV MILK,14,768.5368588432415,BROOKSIDE DAIRY LIMITED,2,2,5
VASELINE 240ML PURE PJELLY ORIGINAL,14,3796.7999999999997,UNILEVER KENYA LIMITED,2,2,5
DELAMERE 450G PREM P/PPLE& COCONUT FRUIT YOGHURT CUP,14,1315.4554482758622,BROOKSIDE DAIRY LIMITED,2,2,5
DAIMA 250G BUTTER UNSALTED,14,6573.437860229817,DEVYANI FOOD INDUSTRIES K LIMITED MILK AND YOGHURT,2,2,5
PRIDE 1LT LEMON LIQ DETERGENT,14,2682.4000000000005,CANON CHEMICALS LTD,2,2,5
NUZIWA 1LT ALMOND MILK UNSWEETENED,14,5376.0,JETLAK FOODS LTD,2,2,5
ENERGIZER AA BATTERY 4+2 E91 BP6,13,8112.0,HASBAH KENYA LTD,2,2,5
CADBURY 125G DRINKING CHOCOLATE JAR,13,1101.5526855763428,HASBAH KENYA LTD CADBURY,2,2,5
EVEREADY 4S BLACK 1215BP4,13,2912.0,HASBAH KENYA LTD,2,2,5
TROP HEAT 150G KENYAN CHEVDA CHILLI LEMON,13,645.6084528301886,TROPICAL HEAT LTD,2,2,5
KCC BUTTER SALTED 250G TUB 601,13,6103.9065844991155,NEW KENYA COOP CREAMERIES  LTD,2,2,5
FESTIVE 200G CUPCAKE 8PC VANILLA,13,1372.8000000000002,DPL FESTIVE  LIMITED,2,2,5
ROSY WHITE TOILET SINGLE ROLL,13,4590.782736156352,CHANDARIA INDUSTRIES  LTD,2,2,5
BIO 350ML ACTIVE POWER YOGHURT DRINK NATURE,13,1221.4943448275865,BIO FOOD PRODUCTS LTD,2,2,5
NUTEEZ 400G PEANUT BUTTER SMOOTH,13,3068.0,JETLAK FOODS LTD,2,2,5
BIO 150ML YOGHURT GUAVA/MORINGA,13,1221.4943448275865,BIO FOOD PRODUCTS LTD,2,2,5
FAY FACIAL 80S WHITE,12,1344.0,KIM FAY EAST AFRICA LTD,2,2,5
JIAN 12 PACK YELLOW YOLK EGGS,12,3949.736245355868,JIAN CEREALS DEPOT,2,2,5
DOWNY 900ML POUCH SUNRISE FRESH,12,6700.799999999999,HASBAH KENYA LTD P AND G,2,2,5
MAREMER 500G PEELED SHRIMPS 21/30 IND,12,21168.0,BRANDACTIV KENYA LTD SR,2,2,5
RELOAD 500ML ISOTONIC DRINK LEMON,12,1550.8070108953102,EXCEL CHEMICALS LTD,2,2,5
BLOOM 9S 3PLY LUXURY TOILET ROLLS,12,4237.645602605863,PROPACK KENYA LTD,2,2,5
BUTTERFLY 1KG CHANNA DAL,12,3542.3999999999996,SPICE WORLD LTD,2,2,5
GREEN FARM 20PK Y/YORK EGGS,12,3949.736245355868,GREEN FARM POULTRY,2,2,5
BLOOM LUXURY 3PLY TOILET 4PK,12,4237.645602605863,PROPACK KENYA LTD,2,2,5
MHARVEST 500G JUMBO OATS BAG,12,2390.4,HEALTHY U TWO THOUSAND LTD,2,2,5
ARIEL 3KG AUTO LS ORIGINAL,12,19190.4,HASBAH KENYA LTD P AND G,2,2,5
AXE 150ML APOLLO AEROSOL PROMO,12,8640.0,UNILEVER KENYA LIMITED,2,2,5
GILANI 250G M&E PET BILTONG DRY,11,11607.2,GILANI GOURMET LTD,2,2,5
RAHA 400G DRINKING CHOCOLATE,11,932.0830416415208,EXCEL CHEMICALS LTD,2,2,5
DAIMA 250ML CHOCOLATE FLAVOURED MILK PET,12,658.7458790084927,DEVYANI FOOD INDUSTRIES K LIMITED MILK AND YOGHURT,2,2,5
BIO 500ML DAIRY WHIPPING CREAM,12,3385.910233393178,BIO FOOD PRODUCTS LTD,2,2,5
BROOKSIDE 250ML STRAWBERRY 6PK,12,658.7458790084927,BROOKSIDE DAIRY LIMITED,2,2,5
MF 200G D/WASHING PASTE ZESTY LEMON,12,844.8000000000001,P Z CUSSONS EAST AFRICA  LTD HQ,2,2,5
BUTTERFLY 1KG MUNG DAL SPLIT,11,2085.6000000000004,SPICE WORLD LTD,2,2,5
ALWAYS 16S MAXI THICK LONG DUO,11,1731.2132505175987,HASBAH KENYA LTD P AND G,2,2,5
TENDER CARE 100S EARBUDS POLY,11,836.0,AFRICAN COTTON INDUSTRIES LTD,2,2,5
SANTA MARIA 500ML EXTRA VIRGIN OLIVE OIL,11,14740.0,DEBENHAM AND FEAR LTD,2,2,5
TH 150G RICE CAKE CHEESE,11,1848.0,TROPICAL HEAT LTD,2,2,5
MONTILL 15 PACK EGGS,11,3620.591558242879,MONTILL LIMITED,2,2,5
BUTTERFLY 1KG POPCORN KERNEL,11,3511.2000000000007,SPICE WORLD LTD,2,2,5
KCC 500G  SUPERFINE GHEE(TIN)-885,11,5632.0,NEW KENYA COOP CREAMERIES  LTD,2,2,5
MC 330G GARLIC MAYONNAISE,11,3775.2000000000007,BIO FOOD PRODUCTS LTD,2,2,5
TROP HEAT 150G KENYAN CHEVDA SWEET(TAMU),11,546.2840754716981,TROPICAL HEAT LTD,2,2,5
ALWAYS 16S ULTRA THIN LONG DUO QUEEN,11,1731.2132505175987,HASBAH KENYA LTD P AND G,2,2,5
ENERGIZER 3V LITHIUM ECR 2032,11,1452.0,HASBAH KENYA LTD,2,2,5
CLEANROL 2S KITCHEN TOWEL,11,10169.4100499016,KAPA OIL REFINERIES LTD,2,2,5
FAY MULTI PURPOSE JUMBO ROLL,10,3000.0,KIM FAY EAST AFRICA LTD,2,2,5
KCC 1KG SUPERFINE GHEE  (TIN)-882,10,8640.0,NEW KENYA COOP CREAMERIES  LTD,2,2,5
IMPROVED KIENYEJI EGGS 6PK,10,3291.44687112989,NDUMUNYA INVESTMENT SOLUTION,2,2,5
QIKDRI PLAIN HAND PAPER TOWELS WHT,10,3080.0,CHANDARIA INDUSTRIES  LTD,2,2,5
MF 400G ORIGINAL FRESH DISHWASHING PASTE,10,2080.0,P Z CUSSONS EAST AFRICA  LTD HQ,2,2,5
VELVEX 300ML FURNITURE POLISH LEMON,10,2392.0,CHANDARIA INDUSTRIES  LTD,2,2,5
PERSIL 3LT MACHINE WASH LIQUID GEL,10,21592.000000000004,CHANDARIA INDUSTRIES LTD HENKEL C BRANDS,2,2,5
BIO 350ML ACTIVE POWER YOGHURT DRINK VANILLA,11,1033.5721379310346,BIO FOOD PRODUCTS LTD,2,2,5
EVERFRESH 4KG GHEE,10,30472.000000000004,BROOKSIDE DAIRY LIMITED,2,2,5
BLOOM LUXURY 3PLY VIRGIN WHITE 4PK,10,3531.3713355048862,PROPACK KENYA LTD,2,2,5
BUTTERFLY TOOR DAL 1KG WASHED,10,3320.0,SPICE WORLD LTD,2,2,5
BUTTERFLY 1KG BLACK BEANS,10,2288.0,SPICE WORLD LTD,2,2,5
KERINGET 5LT MINERAL WATER,10,557.3032616367279,COCA COLA BEVERAGES KENYA LTD,2,2,5
MONTILL 30 PACK EGGS,10,3291.44687112989,MONTILL LIMITED,2,2,5
GRANDE FRANCE 750ML ROSE SPARKLING WINE,10,27160.0,ALIMP GROUP LIMITED SR,2,2,5
FESTIVE 600G FAMILY WHITE BREAD,652,52160.38314524208,DPL FESTIVE  LIMITED,2,3,6
FRESHA 500ML WHOLE MILK POUCH,533,24229.86932218018,GITHUNGURI DAIRY FARMERS,2,3,6
NATURES 600G WHITE BREAD,518,41440.4100386795,DPL FESTIVE  LIMITED,2,3,6
TUZO 450ML ESL WHOLE MILK 30DAYS,452,20068.734086766315,BROOKSIDE DAIRY LIMITED,2,3,6
EXE 2KG ALL PURPOSE FLOUR,593,75958.4516460702,UNGA LTD,2,3,6
FRESHA MAISHA 250ML LONG LIFE MILK,407,9768.149340671942,GITHUNGURI DAIRY FARMERS,2,3,6
KABRAS 1KG WHITE SUGAR,516,69082.60468801585,WEST KENYA SUGAR COMPANY LTD,2,3,6
BIO 1L FRESH WHOLE MILK,325,44429.318210781195,BIO FOOD PRODUCTS LTD,2,3,6
JOGOO 2KG MAIZE MEAL,410,47562.136505239316,UNGA LTD,2,3,6
KABRAS 2KG WHITE SUGAR,384,98265.92912744134,WEST KENYA SUGAR COMPANY LTD,2,3,6
NUTRAMEAL 1KG SUGAR,353,48667.6982791587,KAMILI PACKERS SUGAR ONLY,2,3,6
NUTRAMEAL 2KG SUGAR,333,88834.5599076568,KAMILI PACKERS SUGAR ONLY,2,3,6
BIO 2L SEMI SKIMMED FRESH MILK,167,40829.73631814591,BIO FOOD PRODUCTS LTD,2,3,6
MUMIAS 2KG SUGAR,217,55688.90028286437,Unknown,2,3,6
FRESHA 5L WHOLE MILK,162,64731.92833876221,GITHUNGURI DAIRY FARMERS,2,3,6
FESTIVE 600G FAMILY BRWN BREAD,157,12560.031089108912,DPL FESTIVE  LIMITED,2,3,6
FESTIVE 400G FINEST SUPER SEEDED BREAD,153,15912.032903225807,DPL FESTIVE  LIMITED,2,3,6
FESTIVE 300G 6S PREM SESSAME SLICED BURGER BUNS,138,14352.0,DPL FESTIVE  LIMITED,2,3,6
FESTIVE 300G 6S DELUXE ROLLS,138,13248.0,DPL FESTIVE  LIMITED,2,3,6
BIO 1L FRESH SEMI SKIMMED MILK,125,15708.14814814815,BIO FOOD PRODUCTS LTD,2,3,6
BROADWAY 400G WHITE SLICED BREAD,119,6188.0,BROADWAYS BAKERY LTD,2,3,6
FESTIVE 300G 6S PREM PLAIN BURGER BUNS,118,11328.0,DPL FESTIVE  LIMITED,2,3,6
RINSUN 5LT SUNFLOWER OIL,155,197155.67816091955,KAPA OIL REFINERIES LTD,2,3,6
MUMIAS 1KG SUGAR,110,14245.858094864761,Unknown,2,3,6
BIO 1L BARISTA FRESH MILK,79,11311.8125,BIO FOOD PRODUCTS LTD,2,3,6
BROADWAY 400G NATURAL BROWN BREAD,76,3952.1471442400775,BROADWAYS BAKERY LTD,2,3,6
KINGSMIL 400G KUBWA WAO WHITE BREAD,70,3640.0,KENAFRIC BAKERY LTD,2,3,6
HOSTESS 2KG FLOUR,75,9089.936992412166,UNGA LTD,2,3,6
RINSUN 2LT SUNFLOWER OIL,74,44851.596460176996,KAPA OIL REFINERIES LTD,2,3,6
EXE 2KG CHAPATI FLOUR,70,9480.610169491525,UNGA LTD,2,3,6
KINGSMIL 200G SLICED WHITE BREAD,60,1680.1368301026223,KENAFRIC BAKERY LTD,2,3,6
RINSUN 3LT SUNFLOWER OIL,67,58632.62119927316,KAPA OIL REFINERIES LTD,2,3,6
BIO 1L FRESH SKIMMED MILK,58,7140.240264026403,BIO FOOD PRODUCTS LTD,2,3,6
KINGSMIL 400G KUBWA WAO BROWN BREAD,58,3016.0,KENAFRIC BAKERY LTD,2,3,6
EXE 1KG ALL PURPOSE,62,4246.449658597145,UNGA LTD,2,3,6
FESTIVE 350G SLICED SUB ROLLS 4S,55,6160.0,DPL FESTIVE  LIMITED,2,3,6
FRESHA 2LT WHOLE MILK,55,9240.0,GITHUNGURI DAIRY FARMERS,2,3,6
EXE 2KG SELF RAISING,62,8683.251453308596,UNGA LTD,2,3,6
BROADWAYS 600G WHITE BREAD,54,4277.047171010808,BROADWAYS BAKERY LTD,2,3,6
NATURES 600G BROWN BREAD,48,3840.0,DPL FESTIVE  LIMITED,2,3,6
BROADWAY 800G WHITE SANDWICH SLICED BREAD,45,4680.0557275541805,BROADWAYS BAKERY LTD,2,3,6
KINGSMIL 400G RND TOP WHITE BREAD,15,1200.0,KENAFRIC BAKERY LTD,2,3,6
BROADWAY 400G 50/50 BREAD,9,720.0,BROADWAYS BAKERY LTD,2,3,6
KINGSMIL 400G SANDWICH WMEAL BREAD,9,720.0,KENAFRIC BAKERY LTD,2,3,6
KINGSMIL 400G RND TOP BROWN BREAD,8,640.0,KENAFRIC BAKERY LTD,2,3,6
WHITE CAP 500ML LAGER CANS,949,173390.03954428446,KENYA BREWERIES LTD,2,3,6
QUENCHER 500ML DRINKING WATER,693,14663.11039484287,EXCEL CHEMICALS LTD,2,3,6
COKE PET 350ML,589,22902.330476542298,COCA COLA BEVERAGES KENYA LTD,2,3,6
TUSKER CAN 500ML BEER,552,93927.29405090275,KENYA BREWERIES LTD,2,3,6
EMBASSY BY DUNHILL BLUE 20S,504,185472.5102036121,NOBLE OUTLOOK LIMITED,2,3,6
DUNHILL 20S SWITCH,498,187248.0,NOBLE OUTLOOK LIMITED,2,3,6
KERINGET 18.9LT MINERAL WATER REFIL,488,233707.63420508456,COCA COLA BEVERAGES KENYA LTD,2,3,6
COKE PET 500ML,465,24733.490671353255,COCA COLA BEVERAGES KENYA LTD,2,3,6
COKE ZERO 330ML CAN,463,35770.25279000131,COCA COLA BEVERAGES KENYA LTD,2,3,6
AQUAMIST 1LTR SPARKLING WATER,444,33755.51720487031,AQUAMIST LIMITED,2,3,6
KRACKLES PERFECTLY SALTED 30G,435,14374.619130434783,PROPACK KENYA LTD,2,3,6
COKE ZERO 500ML PET,424,22107.49874879692,COCA COLA BEVERAGES KENYA LTD,2,3,6
SCHWEPPES TONIC WATER 500ML PET,415,25193.821398483575,COCA COLA BEVERAGES KENYA LTD,2,3,6
TUSKER 500ML LAGER BEER,387,64706.40000000001,KENYA BREWERIES LTD,2,3,6
AQUAMIST 500ML SPARKLING WATER,384,21165.217805071592,AQUAMIST LIMITED,2,3,6
AQUAMIST 20LT MINERAL WATER,365,154021.83650968655,AQUAMIST LIMITED,2,3,6
COCA COLA 300ML,350,11200.0,COCA COLA BEVERAGES KENYA LTD,2,3,6
COCA COLA 300ML EMPTY BOTTLE,350,4200.0,COCA COLA BEVERAGES KENYA LTD,2,3,6
COKE 330ML CAN,338,26378.808762581415,COCA COLA BEVERAGES KENYA LTD,2,3,6
ISINYA 6S EGGS,328,32851.98156066502,ISINYA FEEDS LIMITED,2,3,6
KRACKLES BANG BANG CHILLI 30G,326,14369.882424242427,PROPACK KENYA LTD,2,3,6
KRACKLES POTATO CRISP BBQ30G,323,14101.25,PROPACK KENYA LTD,2,3,6
BIO 150ML VANILLA YOGHURT,234,21764.968231992516,BIO FOOD PRODUCTS LTD,2,3,6
SPRITE PET 350ML,303,11787.99720999075,COCA COLA BEVERAGES KENYA LTD,2,3,6
SCHWEPPES SODA WATER 500ML PET,271,16405.346746394658,COCA COLA BEVERAGES KENYA LTD,2,3,6
OLA 40G CHEESE CRUNCH TORTILA CHIPS,271,13966.426301853488,PROPACK KENYA LTD,2,3,6
KRACKLES CHEESE & ONION 30G,270,11968.334475668267,PROPACK KENYA LTD,2,3,6
TUSKER LITE 500ML CAN,267,55230.83237156705,KENYA BREWERIES LTD,2,3,6
WHITE CAP 500ML LAGER BEER,265,50668.00000000001,KENYA BREWERIES LTD,2,3,6
ISINYA 30S EGGS,252,109122.64922394678,ISINYA FEEDS LIMITED,2,3,6
GUINNESS 500ML CAN,247,45189.40252202214,KENYA BREWERIES LTD,2,3,6
ISINYA 15S EGGS,248,61545.96187396435,ISINYA FEEDS LIMITED,2,3,6
COKE PET 2LTS,246,32397.22165788213,COCA COLA BEVERAGES KENYA LTD,2,3,6
VELVEX 100S WHITE SERVIETTES,238,22123.603452785774,CHANDARIA INDUSTRIES  LTD,2,3,6
FANTA ORANGE PET 350ML,236,9191.327327201052,COCA COLA BEVERAGES KENYA LTD,2,3,6
SPRITE PET 500ML,232,12266.879844016574,COCA COLA BEVERAGES KENYA LTD,2,3,6
AQUAMIST 1LT MINERAL WATER,232,14201.618192154634,AQUAMIST LIMITED,2,3,6
SPRITE 330ML CAN REGULAR,224,17297.96477366255,COCA COLA BEVERAGES KENYA LTD,2,3,6
BALOZI 500ML CAN,221,36338.7948253328,KENYA BREWERIES LTD,2,3,6
OLA 40G MEXICAN CRUNCH TORTILA CHIPS,219,11294.336776859507,PROPACK KENYA LTD,2,3,6
TENA 10S WHITE TOILET ROLLS,220,79319.4875759249,AFRICAN COTTON INDUSTRIES LTD,2,3,6
KERINGET 1LT MINERAL WATER,212,14732.612480974127,COCA COLA BEVERAGES KENYA LTD,2,3,6
PREDATOR 400ML ENERGY DRINK PET,209,10527.827133565623,COCA COLA BEVERAGES KENYA LTD,2,3,6
DUNHILL 20S DOUBLE CAP,209,78584.0,NOBLE OUTLOOK LIMITED,2,3,6
BIO 150ML STRAWBERRY YOGHURT,159,15037.788672669183,BIO FOOD PRODUCTS LTD,2,3,6
PICK N PEEL 250ML MANGO,208,11774.910203782796,KEVIAN KENYA LTD,2,3,6
DASANI 500ML MINERAL WATER,205,5508.482689412945,COCA COLA BEVERAGES KENYA LTD,2,3,6
KRACKLES SALT&VINEGAR 30GM,203,8799.327782698554,PROPACK KENYA LTD,2,3,6
PICK N PEEL 250ML TROPICAL MIX,199,11271.444680851064,KEVIAN KENYA LTD,2,3,6
COKE ZERO 2L PET,191,25300.48471849866,COCA COLA BEVERAGES KENYA LTD,2,3,6
KNORR 51G 6S CHICKEN CUBES,188,14174.303444215486,UNILEVER KENYA LIMITED,2,3,6
BIO 150ML NATURAL YOGHURT,143,13200.534285714286,BIO FOOD PRODUCTS LTD,2,3,6
PILSNER 500ML LAGER BEER,187,31266.4,KENYA BREWERIES LTD,2,3,6
DASANI 1L MINERAL WATER,185,8546.418604651164,COCA COLA BEVERAGES KENYA LTD,2,3,6
FANTA ORANGE PET 2LTS,185,22715.422419252696,COCA COLA BEVERAGES KENYA LTD,2,3,6
ILARA 500ML TNC PLAIN CUP,138,12966.632275862072,BROOKSIDE DAIRY LIMITED,2,3,6
KRAC KURLS 25G TANGY CHEESE,181,5660.162445414847,PROPACK KENYA LTD,2,3,6
PICK N PEEL 250ML APPLE,177,10077.102074688797,KEVIAN KENYA LTD,2,3,6
VELVEX SNOW WHITE 10 PACK,176,64377.45520361991,CHANDARIA INDUSTRIES  LTD,2,3,6
FANTA ORANGE PET 500ML,175,9248.70259481038,COCA COLA BEVERAGES KENYA LTD,2,3,6
PICK N PEEL 250ML PINEAPPLE JUICE,171,9659.202806032972,KEVIAN KENYA LTD,2,3,6
KERINGET 1LT SPARKLING MINERAL WATER,168,14155.86831159676,COCA COLA BEVERAGES KENYA LTD,2,3,6
OREO 55.2G ORIGINAL COOKIES,168,9235.165554359528,HASBAH KENYA LTD CADBURY,2,3,6
SUNLIGHT 175G PURE SOAP YELLOW,168,9574.77797797798,UNILEVER KENYA LIMITED,2,3,6
COKE ZERO SUGAR 300ML,167,5344.0,COCA COLA BEVERAGES KENYA LTD,2,3,6
COKE ZERO SUGAR 300ML EMPTY BOTTLE,167,2004.0,COCA COLA BEVERAGES KENYA LTD,2,3,6
FANTA BLACK CURRANT 350ML PET,166,6452.17091752236,COCA COLA BEVERAGES KENYA LTD,2,3,6
KRAC KURLS 25G CHILLI LEMON,165,5159.35705905358,PROPACK KENYA LTD,2,3,6
COKE 1.25L PET,164,16769.12590656648,COCA COLA BEVERAGES KENYA LTD,2,3,6
SPRITE SODA PET 2LTS,162,19963.705998551774,COCA COLA BEVERAGES KENYA LTD,2,3,6
AQUACLEAR 500ML MINERAL WATER,162,4053.7546747352503,DEVYANI FOOD INDUSTRIES K LIMITED MILK AND YOGHURT,2,3,6
BIO 150ML BERRY COCKTAIL YOGHURT,123,10971.032744043045,BIO FOOD PRODUCTS LTD,2,3,6
FANTA BLACKCURRANT PET 2LTS,159,19438.746822397803,COCA COLA BEVERAGES KENYA LTD,2,3,6
FANTA BLACKCURRANT PET 500ML,157,8311.374559946862,COCA COLA BEVERAGES KENYA LTD,2,3,6
AQUAMIST 1.5LT MINERAL WATER,131,9668.03746223565,AQUAMIST LIMITED,2,3,6
AQUAMIST 5LT MINERAL WATER,130,22258.79121645172,AQUAMIST LIMITED,2,3,6
PICK N PEEL 250ML ORANGE JUICE,127,9616.411877201814,KEVIAN KENYA LTD,2,3,6
CARTOONS 30G TANGY TOMATO CRISPS,126,5674.393659942363,PROPACK KENYA LTD,2,3,6
BROOKSIDE 250G PROBIOTIC FRUIT CUP YOGHURT VANILLA,112,8321.540788938593,BROOKSIDE DAIRY LIMITED,2,3,6
BIO 200ML GREEK STYLE YOGHURT VANILLA,107,14744.79814814815,BIO FOOD PRODUCTS LTD,2,3,6
ROTHMANS SWITCH BLUE 20S,117,34164.07419738406,NOBLE OUTLOOK LIMITED,2,3,6
OREO 31.3G ENROBED,114,5836.269326683292,HASBAH KENYA LTD CADBURY,2,3,6
ISINYA 12S EGGS,113,22796.042251516377,ISINYA FEEDS LIMITED,2,3,6
BIO 90ML NATURAL Y0GHURT,101,6383.200000000001,BIO FOOD PRODUCTS LTD,2,3,6
JIAN 30 PACK YELLOW YOLK EGGS,106,41668.55399876007,JIAN CEREALS DEPOT,2,3,6
FANTA PASSION 500ML PET,105,5587.348534201955,COCA COLA BEVERAGES KENYA LTD,2,3,6
FANTA PASSION PET 2LTS,105,12828.440320539858,COCA COLA BEVERAGES KENYA LTD,2,3,6
BIO 150ML MANGO YOGHURT,94,8901.980076628353,BIO FOOD PRODUCTS LTD,2,3,6
FESTIVE TORTILLA WRAP 8 INCH,103,22615.904417670685,DPL FESTIVE  LIMITED,2,3,6
ROYCO 4G 40S BEEF CUBES,102,11197.714913083257,UNILEVER KENYA LIMITED,2,3,6
FC 200G (30D) FRESH SANDWICH HAM,91,21377.227083333335,FARMERS CHOICE LTD,2,3,6
BIO 90ML VANILLA,90,5688.0,BIO FOOD PRODUCTS LTD,2,3,6
DAIMA 500ML NATURAL PROBIOTIC CUP,90,8527.38219895288,DEVYANI FOOD INDUSTRIES K LIMITED MILK AND YOGHURT,2,3,6
KNORR 51G 6S BEEF CUBES,96,7204.467924528302,UNILEVER KENYA LIMITED,2,3,6
GREEN FARM 30S Y/YORK EGGS,96,43017.32808449352,GREEN FARM POULTRY,2,3,6
KRACKLES CURLS 15G CHEESY,95,1520.040447046301,PROPACK KENYA LTD,2,3,6
BLUE BAND 500G MED FAT SPREAD,94,20644.093180106232,SUPER SAVERS DISTRIBUTION LTD,2,3,6
BLUE BAND 1KG MED FAT SPREAD,93,35609.62152426718,SUPER SAVERS DISTRIBUTION LTD,2,3,6
PICK N PEEL 1LT APPLE,92,19029.465486725665,KEVIAN KENYA LTD,2,3,6
PICK N PEEL 1L ORANGE JUICE,92,24046.602156101766,KEVIAN KENYA LTD,2,3,6
MINUTE MAID 400ML APPLE JUICE,91,5747.12832729156,COCA COLA BEVERAGES KENYA LTD,2,3,6
KCC 500ML FILPACK MALA,82,4256.025337680484,NEW KENYA COOP CREAMERIES  LTD,2,3,6
ILARA 1LT MAZIWA LALA  PLASTIC BOTTLE,82,10955.199999999999,BROOKSIDE DAIRY LIMITED,2,3,6
QUENCHER 18L MIN WATER PET,90,36613.944286526435,EXCEL CHEMICALS LTD,2,3,6
BROOKSIDE 1LT NATURAL YOGHURT,81,14580.0,BROOKSIDE DAIRY LIMITED,2,3,6
BALOZI 500ML BEER,90,14964.620547945204,KENYA BREWERIES LTD,2,3,6
MINUTE MAID 1L APPLE JUICE,89,10264.346982758621,COCA COLA BEVERAGES KENYA LTD,2,3,6
FC 200G (30D) FRESH STREAKY BACON,80,28419.501519756843,FARMERS CHOICE LTD,2,3,6
OREO 26.25G ORIGINAL,89,3152.441379310345,HASBAH KENYA LTD CADBURY,2,3,6
BROOKSIDE 450G NATURAL PROBIOTIC YOGHURT,80,10141.126934984519,BROOKSIDE DAIRY LIMITED,2,3,6
OREO 128G ORIGINAL,87,10785.501538461538,HASBAH KENYA LTD CADBURY,2,3,6
TENA 100S SERVIETTES WHITE,86,6853.96756756757,AFRICAN COTTON INDUSTRIES LTD,2,3,6
BROOKSIDE 1L SWEETEND LALA BOTTLE,75,10740.000000000002,BROOKSIDE DAIRY LIMITED,2,3,6
FIESTA TOILET ROLLS WHITE 10S,83,29310.382084690555,AFRICAN COTTON INDUSTRIES LTD,2,3,6
CADBURY 80G DAIRY MILK,83,17276.261771058318,HASBAH KENYA LTD CADBURY,2,3,6
FC 1KG (14D) FRESH PORK VALUE PACK,74,41506.299309033275,FARMERS CHOICE LTD,2,3,6
BROOKSIDE 250G NATURAL PROBIOTIC YOGHURT,74,5499.536747326956,BROOKSIDE DAIRY LIMITED,2,3,6
CADBURY 32G DAIRY MILK CHOCOLATE,81,8640.865680933852,HASBAH KENYA LTD CADBURY,2,3,6
STIMOROL 14G 10S WILD BERRY,81,4212.273913043478,HASBAH KENYA LTD CADBURY,2,3,6
TOILEX WHITE 10S,81,23912.390811638594,CHANDARIA INDUSTRIES  LTD,2,3,6
BROOKSIDE 250ML VANILLA,72,3953.490187180942,BROOKSIDE DAIRY LIMITED,2,3,6
ACACIA 200ML KIDS BLUE RASPBERRY,81,7228.642407788533,KEVIAN KENYA LTD,2,3,6
KNORR 51G 6S BEEF CHILLI CUBES,78,5880.629677419354,UNILEVER KENYA LIMITED,2,3,6
FC 125G (30D) FRESH NYAMABITE,71,5232.536880290205,FARMERS CHOICE LTD,2,3,6
FC 500G (14D) FRESH CLASSIC PORK SAUSAGE,69,20312.286496133256,FARMERS CHOICE LTD,2,3,6
LEADAV YELLOW YOLK EGGS 30PACK TRAY,77,30062.128301886794,LEADAV POULTRY FARM LTD,2,3,6
PICK N PEEL 1LT TROPICAL MIX,77,16029.434196891192,KEVIAN KENYA LTD,2,3,6
CADBURY 90G DRINKING CHOCOLATE SACHET,77,6524.5812914906455,HASBAH KENYA LTD CADBURY,2,3,6
AQUAMIST 19L DISPOSABLE WATER,76,34417.63438395416,AQUAMIST LIMITED,2,3,6
SOFTLEAF 10S VIRGIN TOILET PAPER,76,26257.222963367964,KAPA OIL REFINERIES LTD,2,3,6
CADBURY 28G BUBBLY CHOCOLATE,76,5946.68583752696,HASBAH KENYA LTD CADBURY,2,3,6
BROOKSIDE 250ML STRAWBERRY,68,3731.93478531425,BROOKSIDE DAIRY LIMITED,2,3,6
QUENCHER LIFE 5LT PREMIUM DRINKING WATER,75,13399.778501628667,EXCEL CHEMICALS LTD,2,3,6
BROOKSIDE 250G PROBIOTIC FRUIT CUP YOGHURT STRAWBERRY,67,4966.081443298969,BROOKSIDE DAIRY LIMITED,2,3,6
KRAC KURLS 25G TOMATO,75,2344.871641791045,PROPACK KENYA LTD,2,3,6
BROOKSIDE 450ML NATURAL YOGHURT CUP,67,9053.096421052633,BROOKSIDE DAIRY LIMITED,2,3,6
BIO 500ML COOKING CREAM LONG LIFE,67,18904.665469778578,BIO FOOD PRODUCTS LTD,2,3,6
ALWAYS 14S MAXI THICK EX/LONG DAY/NIGHT,74,11646.34368530021,HASBAH KENYA LTD P AND G,2,3,6
TROP HEAT 50G CHEVDA ORIGINAL,74,3675.0019622641507,TROPICAL HEAT LTD,2,3,6
CADBURY 80G DAIRY MILK WHOLE NUT,73,15088.67459207459,HASBAH KENYA LTD CADBURY,2,3,6
TENA 200S SERVIETTES WHITE,73,11680.449230769233,AFRICAN COTTON INDUSTRIES LTD,2,3,6
SANTA MARIA 70G TOMATO PASTE SATCHET,73,2182.222429906542,DEBENHAM AND FEAR LTD,2,3,6
BROOKSIDE 450G PROBIOTIC FRUIT CUP YOGHURT VANILLA,65,8233.195068890502,BROOKSIDE DAIRY LIMITED,2,3,6
NEPTUNE 10S BLENDED TOILET PAPER,71,20900.88936170213,KAPA OIL REFINERIES LTD,2,3,6
QUENCHER 10LT MINERAL WATER PET,71,16983.2,EXCEL CHEMICALS LTD,2,3,6
OXYRICH 1L SPRING WATER,69,2573.1966429954814,AQUAMIST LIMITED,2,3,6
KREST BITTER LEMON  500M PET,69,3670.1308738137086,COCA COLA BEVERAGES KENYA LTD,2,3,6
SPRITE 300ML,68,2176.0,COCA COLA BEVERAGES KENYA LTD,2,3,6
SPRITE 300ML EMPTY BOTTLE,68,816.0,COCA COLA BEVERAGES KENYA LTD,2,3,6
STONEY TANGAWIZI 500ML PET,68,3616.9405712946696,COCA COLA BEVERAGES KENYA LTD,2,3,6
TROP HEAT 18G SAFARI CHEESE,66,1056.0,TROPICAL HEAT LTD,2,3,6
KLEENEX POCKET HANKIES SINGLES,66,1056.0,KIM FAY EAST AFRICA LTD,2,3,6
MINUTE MAID 400ML TROPICAL JUICE,65,4040.2222835249045,COCA COLA BEVERAGES KENYA LTD,2,3,6
FC 200G (14D) FRESH PORK CHIPOLATA,58,10364.460672614961,FARMERS CHOICE LTD,2,3,6
FC 400G (30D) FRESH STREAKY BACON,58,37090.795859213256,FARMERS CHOICE LTD,2,3,6
MINUTE MAID 1L TROPICAL JUICE,61,7132.2711203897015,COCA COLA BEVERAGES KENYA LTD,2,3,6
GREEN FARM 15PK Y/YORK EGGS,60,16072.327413127416,GREEN FARM POULTRY,2,3,6
FAY TOILET PAPER WHITE 10S,60,22087.83402489627,KIM FAY EAST AFRICA LTD,2,3,6
CADBURY 44G LUNCH BAR,60,7674.516695957822,HASBAH KENYA LTD CADBURY,2,3,6
FESTIVE 400G POUNDCAKE SLICED VANILLA,60,8448.0,DPL FESTIVE  LIMITED,2,3,6
BROOKSIDE 250ML CHOCOLATE,53,2909.4609656208427,BROOKSIDE DAIRY LIMITED,2,3,6
BIO ACTIVE 350ML BLKBRRY N RSPBRRY YOG DRINK,52,6426.575375375375,BIO FOOD PRODUCTS LTD,2,3,6
SPRITE 1.25L PET,58,6032.0,COCA COLA BEVERAGES KENYA LTD,2,3,6
TENA 10S POCKET TISSUE 3PLY,57,912.0,AFRICAN COTTON INDUSTRIES LTD,2,3,6
TENA 15S TOILET ROLL WHITE WRAPPED,56,29008.033532934136,AFRICAN COTTON INDUSTRIES LTD,2,3,6
BLUE BAND 250G MED FAT SPREAD,55,6962.654663835811,SUPER SAVERS DISTRIBUTION LTD,2,3,6
ROSY TOILET TISSUE WHITE 10PACK,55,13112.765217391305,CHANDARIA INDUSTRIES  LTD,2,3,6
SUNLIGHT 700G LONG BAR YELLOW,55,5172.328192439752,UNILEVER KENYA LIMITED,2,3,6
BROOKSIDE 230ML COOKING CREAM CUP,49,13825.80011968881,BROOKSIDE DAIRY LIMITED,2,3,6
SOFTLEAF TWIN SERVIETTES,53,7994.838673253354,KAPA OIL REFINERIES LTD,2,3,6
SUNRICE 5KG RICE BASMATI,53,58560.153249714946,KRISH COMMODITIES LTD,2,3,6
JIAN 6 PACK YELLOW YOLK EGGS,53,17444.668416988417,JIAN CEREALS DEPOT,2,3,6
ISINYA 20S EGGS,51,16786.37904276244,ISINYA FEEDS LIMITED,2,3,6
HEINZ 570G TOMATO KETCHUP,51,24398.4,HASBAH KENYA LTD,2,3,6
NUZIWA 1L OAT ORIGINAL MILK,45,17280.0,JETLAK FOODS LTD,2,3,6
CADBURY 450G DRINKING CHOCOLATE JAR,43,3643.597344598672,HASBAH KENYA LTD CADBURY,2,3,6
ACACIA 200ML KIDS MANGO,43,3837.4274510482333,KEVIAN KENYA LTD,2,3,6
JIAN 15 PACK YELLOW YOLK EGGS,42,13824.076858745539,JIAN CEREALS DEPOT,2,3,6
GREEN FARM 6S Y/YORK EGGS,42,13824.076858745539,GREEN FARM POULTRY,2,3,6
CADBURY 32G DAIRY MILK HAZELNUTS,42,4504.340709812108,HASBAH KENYA LTD CADBURY,2,3,6
FESTIVE 200G HALF POUNDCAKE SLICED VANILLA,42,4435.200000000001,DPL FESTIVE  LIMITED,2,3,6
PRAZIER 6S YELLOW YORK EGGS,42,13824.076858745539,PRAZIER POULTRIES,2,3,6
SUNRICE 2KG RICE BASMATI,42,20586.50239673636,KRISH COMMODITIES LTD,2,3,6
EMBASSY BY DUNHILL RED 20S,41,15088.041504658922,NOBLE OUTLOOK LIMITED,2,3,6
JAMAA 1KG BAR SOAP CREAM,40,3761.6932308652736,KAPA OIL REFINERIES LTD,2,3,6
LEADAV YELLOW YOLK EGGS 6PACK,39,12836.642797406572,LEADAV POULTRY FARM LTD,2,3,6
FLORA 100S SERVIETTES WHITE,39,2795.9233460076043,AFRICAN COTTON INDUSTRIES LTD,2,3,6
FAY POCKET HANDKERCHIEFS PINK SINGLES,38,577.6,KIM FAY EAST AFRICA LTD,2,3,6
ALPRO 1LT ALMOND UNSWTENED DRINK,40,19168.0,HEALTHY U TWO THOUSAND LTD,2,3,6
BUTTERFLY 1KG POLISH GREEN GRAM,37,6778.400000000001,SPICE WORLD LTD,2,3,6
FLORA 1S TOILET ROLLS WHITE,37,13066.073941368079,AFRICAN COTTON INDUSTRIES LTD,2,3,6
SUNLIGHT 900G LONG BAR YELLOW,35,3291.4815770071145,UNILEVER KENYA LIMITED,2,3,6
VELVEX POCKET TISSUES WHITE 1S,36,576.0,CHANDARIA INDUSTRIES  LTD,2,3,6
GREEN FARM 12PK Y/YORK EGGS,35,11520.064048954615,GREEN FARM POULTRY,2,3,6
BROOKSIDE 150ML DOUBLE CREAM,35,9875.571514063437,BROOKSIDE DAIRY LIMITED,2,3,6
LEADAV YELLOW YOLK EGGS 15PACK,34,11190.919361841627,LEADAV POULTRY FARM LTD,2,3,6
MF 750ML ZESTY LEMON D/WASHING LIQUID,34,8132.8,P Z CUSSONS EAST AFRICA  LTD HQ,2,3,6
FESTIVE TORTILLA WRAP 10 INCH,33,9487.970014992503,DPL FESTIVE  LIMITED,2,3,6
GILANI GOURMET 2KG ICE CUBE,32,5120.0,GILANI GOURMET LTD,2,3,6
KCC 500G BUTTER SALTED (604),32,15025.000823382437,NEW KENYA COOP CREAMERIES  LTD,2,3,6
AQUAMIST 20LT MINERAL WATER EMPTY BOTTLE,32,24449.283198001252,AQUAMIST LIMITED,2,3,6
ARIEL 1KG DETERGENT FRESH LAVENDER CLEAN,32,9190.4,HASBAH KENYA LTD P AND G,2,3,6
DAIMA 250G BUTTER SALTED,31,14555.469547651735,DEVYANI FOOD INDUSTRIES K LIMITED MILK AND YOGHURT,2,3,6
DAIMA 500G BUTTER SALTED,31,14555.469547651735,DEVYANI FOOD INDUSTRIES K LIMITED MILK AND YOGHURT,2,3,6
VELVEX POCKET TISSUES BLUE 1S,31,496.0,CHANDARIA INDUSTRIES  LTD,2,3,6
STONEY ZERO 500ML  PET,31,1648.899378090217,COCA COLA BEVERAGES KENYA LTD,2,3,6
FAY 30CMX5M FOIL,31,3224.0,KIM FAY EAST AFRICA LTD,2,3,6
BROOKSIDE 250ML BUBBLE GUM,32,1756.6556773559805,BROOKSIDE DAIRY LIMITED,2,3,6
TENA 80S FACIAL TISSUES FLORAL,30,3000.0,AFRICAN COTTON INDUSTRIES LTD,2,3,6
BROOKSIDE 400ML COOKING CREAM CUP,31,8746.934769599044,BROOKSIDE DAIRY LIMITED,2,3,6
ARIEL 1KG DETERGENT FRESH FLORAL CLEAN,30,11256.000000000002,HASBAH KENYA LTD P AND G,2,3,6
BROOKSIDE 500G SUPERFINE GHEE,30,13416.000000000002,BROOKSIDE DAIRY LIMITED,2,3,6
PRESTIGE 1KG MARGARINE,29,6368.922364075327,KAPA OIL REFINERIES LTD,2,3,6
BIO 1L WHOLE LONGLIFE MILK,31,2912.794206896552,BIO FOOD PRODUCTS LTD,2,3,6
VIM 1KG LEMON FRESH POWDER,29,4292.0,UNILEVER KENYA LIMITED,2,3,6
BROOKSIDE 250ML COFFEE,30,1646.8646975212318,BROOKSIDE DAIRY LIMITED,2,3,6
VELVEX 30CMX5M ALLUMINIUM FOIL,29,3016.0,CHANDARIA INDUSTRIES  LTD,2,3,6
LEADAV YELLOW YOLK EGGS 12PACK,28,9216.051239163691,LEADAV POULTRY FARM LTD,2,3,6
TROP HEAT 50G CHILLI CHEVDA KENYAN,28,1390.541283018868,TROPICAL HEAT LTD,2,3,6
BROOKSIDE 500G UNSALTED BUTTER,27,12677.344444728931,BROOKSIDE DAIRY LIMITED,2,3,6
DOWNY 900ML POUCH SWEET ELEGANCE,27,15076.8,HASBAH KENYA LTD P AND G,2,3,6
BROOKSIDE 200ML WHIPPING CREAM,29,8182.616397366847,BROOKSIDE DAIRY LIMITED,2,3,6
BROOKSIDE 1KG GHEE,27,21232.800000000003,BROOKSIDE DAIRY LIMITED,2,3,6
FANTA ORANGE 1.25L PET,28,1489.328470533099,COCA COLA BEVERAGES KENYA LTD,2,3,6
FLORA 4S TOILET ROLLS WHITE,27,9534.702605863193,AFRICAN COTTON INDUSTRIES LTD,2,3,6
PRAZIER 30S YELLOW YORK EGGS,27,8886.906552050703,PRAZIER POULTRIES,2,3,6
LIBERTY CHOICE YELLOW YOLK EGG 6PACK,26,8557.761864937715,PAMULI POULTRY FARM,2,3,6
TROP HEAT 100G RICE CAKE BROWN,26,3744.0,TROPICAL HEAT LTD,2,3,6
DAIMA 480ML MILK DRINK VANILLA FLV,28,1537.073717686483,DEVYANI FOOD INDUSTRIES K LIMITED MILK AND YOGHURT,2,3,6
MF 750ML ORIGINAL D/WASHING LIQUID,26,6219.200000000001,P Z CUSSONS EAST AFRICA  LTD HQ,2,3,6
VIM 500G LEMON FRESH POWDER,26,2080.0,UNILEVER KENYA LIMITED,2,3,6
BROOKSIDE 250ML BANANA,27,1482.1782277691086,BROOKSIDE DAIRY LIMITED,2,3,6
PRESTIGE 500G ORIGINAL MARGARINE,25,5490.45031385804,KAPA OIL REFINERIES LTD,2,3,6
VIM 500G POUCH LFRESH SCOURER,25,1400.0,UNILEVER KENYA LIMITED,2,3,6
TUSKER 330ML MALT LAGER BEER,25,4573.826166196573,KENYA BREWERIES LTD,2,3,6
BUTTERFLY 500G POPCORN KERNELS,24,3820.8,SPICE WORLD LTD,2,3,6
BROOKSIDE 200ML DISNEY STRAWBRRY FLV MILK,25,1372.3872479343597,BROOKSIDE DAIRY LIMITED,2,3,6
MHARVEST 1KG BAG SUPERFAST OATS,24,8044.800000000001,HEALTHY U TWO THOUSAND LTD,2,3,6
TROP HEAT 150G CHEVDA ORIGINAL,24,1191.8925283018868,TROPICAL HEAT LTD,2,3,6
KOTEX 16S REGULAR TAMPONS,24,3777.1925465838513,KIM FAY EAST AFRICA LTD,2,3,6
KNORR 4G 40S RICH MEATY SEASONING CUBES,24,1809.485546070062,UNILEVER KENYA LIMITED,2,3,6
EVERFRESH 1KG GHEE,23,18087.2,BROOKSIDE DAIRY LIMITED,2,3,6
VELVEX EXTRA 10S TOILET TISSUE UNWRAPPED,23,8122.154071661238,CHANDARIA INDUSTRIES  LTD,2,3,6
MONSTER 500ML ENERGY DRINK,23,2972.3801042160117,COCA COLA BEVERAGES KENYA LTD,2,3,6
BUTTERFLY 1KG YELLOW KIDNEY  BEANS,23,5851.2,SPICE WORLD LTD,2,3,6
HEINZ 245GM MUSTARD,23,5501.6,HASBAH KENYA LTD,2,3,6
BROOKSIDE 250ML VANILLA 6PK,24,1317.4917580169854,BROOKSIDE DAIRY LIMITED,2,3,6
CADBURY 225G DRINKING CHOCOLATE JAR,23,1948.9009052504525,HASBAH KENYA LTD CADBURY,2,3,6
BROOKSIDE 250ML ASSORTED 6PK,24,1317.4917580169854,BROOKSIDE DAIRY LIMITED,2,3,6
VELVEX 30CMX30M CLING FILM,22,2816.0,CHANDARIA INDUSTRIES  LTD,2,3,6
F/C FROZEN 500G (12M) BEEF MINCE,22,5544.0,FARMERS CHOICE LTD,2,3,6
BROOKSIDE 250G UNSALTED BUTTER,22,10329.688066075425,BROOKSIDE DAIRY LIMITED,2,3,6
SUNLIGHT 750ML LEMON D/WASHING LIQUID,22,5086.400000000001,UNILEVER KENYA LIMITED,2,3,6
EVEREADY 4S AA RED 1015BP4,22,3872.0,HASBAH KENYA LTD,2,3,6
MONSTER 500ML ENERGY ULTRA,22,2843.1461866414024,COCA COLA BEVERAGES KENYA LTD,2,3,6
NUZIWA 1LT ALMOND MILK ORIGNAL,23,8832.0,JETLAK FOODS LTD,2,3,6
VIM 1KG LAVENDER FRESH POWDER,22,3256.0,UNILEVER KENYA LIMITED,2,3,6
BUTTERFLY 1KG CHICK PEAS KABULI CHANA,22,7744.0,SPICE WORLD LTD,2,3,6
MF 800G ANTI-B D/WASHING PASTE ORANGE,21,7056.0,P Z CUSSONS EAST AFRICA  LTD HQ,2,3,6
ROYCO 4G 40S CHICKEN CUBES,21,1583.2998528113042,UNILEVER KENYA LIMITED,2,3,6
BUTTERFLY 1KG MASOOR DAL,21,7879.200000000001,SPICE WORLD LTD,2,3,6
ALWAYS 14S MAXI THICK ROX LITE DUO,21,3305.04347826087,HASBAH KENYA LTD P AND G,2,3,6
FANTA BLACKCURRANT 1.25L PET,21,1116.9963528998244,COCA COLA BEVERAGES KENYA LTD,2,3,6
KCC BUTTER SALTED 500G TUB 600,21,9860.156790344725,NEW KENYA COOP CREAMERIES  LTD,2,3,6
PRESTIGE 250G ORIGINAL MARGARINE,21,4611.9782636407535,KAPA OIL REFINERIES LTD,2,3,6
MONSTER 500ML THE DOCTOR,21,2713.912269066793,COCA COLA BEVERAGES KENYA LTD,2,3,6
KCC 250G SALTED BUTTER (605),21,9860.156790344725,NEW KENYA COOP CREAMERIES  LTD,2,3,6
VELVEX EXTRA 10S TOILET TISSUE UNWARAPPED,20,18489.836454366545,CHANDARIA INDUSTRIES  LTD,2,3,6
PRAZIER 15S YELLOW YORK EGGS,20,6582.89374225978,PRAZIER POULTRIES,2,3,6
ALWAYS 14S ULTRA EXTRA LONG SLIM DUO,20,3147.660455486543,HASBAH KENYA LTD P AND G,2,3,6
BROOKSIDE 400ML WHIPPING CREAM CUP,21,5925.342908438061,BROOKSIDE DAIRY LIMITED,2,3,6
BLUE BAND 100G ORIGINAL,20,4392.360251086432,SUPER SAVERS DISTRIBUTION LTD,2,3,6
FAY 38CM X 10M BAKING PAPER,20,3680.0,KIM FAY EAST AFRICA LTD,2,3,6
DELAMERE 250G P/PPLE& COCONUT FRUIT YOGHURT CUP,21,1973.1831724137935,BROOKSIDE DAIRY LIMITED,2,3,6
JAMAA 800G BAR SOAP WHITE,20,1880.8466154326368,KAPA OIL REFINERIES LTD,2,3,6
ARIEL 1KG DETERGENT FRESH SPRING CLEAN,19,7265.6,HASBAH KENYA LTD P AND G,2,3,6
REAL KIENYEJI EGGS 6PK,19,6253.749055146791,NDUMUNYA INVESTMENT SOLUTION,2,3,6
PRIDE 5LT LEMON LIQ DETERGENT,19,12737.600000000002,CANON CHEMICALS LTD,2,3,6
VIM 500G LAVENDER FRESH POWDER,18,1440.0,UNILEVER KENYA LIMITED,2,3,6
TROPNUTS 50G CHILLI LEMON PEANUTS,18,921.6,TROPICAL HEAT LTD,2,3,6
MONTILL 6 PACK EGGS,18,5924.6043680338025,MONTILL LIMITED,2,3,6
EVERFRESH 500G GHEE,18,7963.200000000001,BROOKSIDE DAIRY LIMITED,2,3,6
DAIMA 500G BUTTER UNSALTED,18,8451.56296315262,DEVYANI FOOD INDUSTRIES K LIMITED MILK AND YOGHURT,2,3,6
TROP HEAT 120G RICE CAKE SALTED,18,2016.0,TROPICAL HEAT LTD,2,3,6
MHARVEST 500G BAG SUPERFAST OATS,18,3585.6000000000004,HEALTHY U TWO THOUSAND LTD,2,3,6
TENA 80S FACIAL TISSUES BAMBOO,18,1800.0,AFRICAN COTTON INDUSTRIES LTD,2,3,6
BUTTERFLY 1KG MASOOR WHOLE(KAMANDE),18,6624.0,SPICE WORLD LTD,2,3,6
BUTTERFLY 1KG GREEN GRAM MUNG,18,3729.6000000000004,SPICE WORLD LTD,2,3,6
MAREMER 500G PEELED SHRIMPS 41/50 IND,17,26248.0,BRANDACTIV KENYA LTD SR,2,3,6
VIM 1KG SCOURER LEMON+1KG LVR,17,4746.4,UNILEVER KENYA LIMITED,2,3,6
KASUKU 500G COOKING FAT,17,2924.0,KAPA OIL REFINERIES LTD,2,3,6
SUNRICE 500G RICE BASMATI,17,13558.038652236282,KRISH COMMODITIES LTD,2,3,6
MF 800G D/PASTE ZESTY LEMON HH852,17,5426.400000000001,P Z CUSSONS EAST AFRICA  LTD HQ,2,3,6
MF 750ML ANT-B D/WASHING LIQUID ORANGE,17,4066.4,P Z CUSSONS EAST AFRICA  LTD HQ,2,3,6
MANYATTA 300ML P/APPLE&MINT CIDER,17,3120.417635193981,KENYA BREWERIES LTD,2,3,6
LIBERTY CHOICE YELLOW YOLK EGG 30PACK,17,5595.459680920813,PAMULI POULTRY FARM,2,3,6
FAY 30CMX30M CLING FILM,16,2048.0,KIM FAY EAST AFRICA LTD,2,3,6
DAIMA 240ML MILK DRINK STRAWBERRY,17,933.2233285953646,DEVYANI FOOD INDUSTRIES K LIMITED MILK AND YOGHURT,2,3,6
AQUACLEAR 1LT MINERAL WATER,16,891.6852186187648,DEVYANI FOOD INDUSTRIES K LIMITED MILK AND YOGHURT,2,3,6
KREST BITTER LEMON 300ML EMPTY BOTTLE,16,192.0,COCA COLA BEVERAGES KENYA LTD,2,3,6
FLORA 10S WHITE TOILET ROLL,17,6003.331270358306,AFRICAN COTTON INDUSTRIES LTD,2,3,6
MC 330G REAL  MAYONNAISE,16,5491.200000000001,BIO FOOD PRODUCTS LTD,2,3,6
TENA 150S FACIAL TISSUES FLORAL,16,2624.0,AFRICAN COTTON INDUSTRIES LTD,2,3,6
FIESTA TOILET ROLLS WHITE 4S,16,5650.194136807818,AFRICAN COTTON INDUSTRIES LTD,2,3,6
SANTA MARIA 1LT EXTRA VIRGIN OLIVE OIL,15,33456.0,DEBENHAM AND FEAR LTD,2,3,6
TROP HEAT 120G RICE CAKE UNSALTED,15,1680.0,TROPICAL HEAT LTD,2,3,6
LIBERTY CHOICE YELLOW YOLK EGG 15PACK,15,4937.170306694835,PAMULI POULTRY FARM,2,3,6
DAIMA 240ML MILK DRINK VANILLA,16,878.3278386779903,DEVYANI FOOD INDUSTRIES K LIMITED MILK AND YOGHURT,2,3,6
FESTIVE 200G HALF POUNDCAKE SLICED BLUEBERRY,15,1584.0000000000002,DPL FESTIVE  LIMITED,2,3,6
DOWNY 900ML POUCH LAVENDER CALM,15,8376.0,HASBAH KENYA LTD P AND G,2,3,6
TROP HEAT 100G B/PEPPER GRND,15,4680.0,TROPICAL HEAT LTD,2,3,6
REAL KIENYEJI EGGS 15PK,14,4608.025619581846,NDUMUNYA INVESTMENT SOLUTION,2,3,6
BROOKSIDE 250ML CHOC 6PK,15,823.4323487606159,BROOKSIDE DAIRY LIMITED,2,3,6
SANTA MARIA 400ML COCONUT MILK ORIGINAL,15,871.6513171985437,DEBENHAM AND FEAR LTD,2,3,6
BIO 90ML YOGHURT GUAVA/MORINGA,15,1409.4165517241381,BIO FOOD PRODUCTS LTD,2,3,6
MF FLOWER FOR 1500/-,14,16800.0,ANDREW MUROKI GATHAGE,2,3,6
DAIMA 480ML MILK DRINK STRAWBERRY FLV,14,768.5368588432415,DEVYANI FOOD INDUSTRIES K LIMITED MILK AND YOGHURT,2,3,6
TOILEX WHITE TOILET SINGLE ROLL,14,4943.9198697068405,CHANDARIA INDUSTRIES  LTD,2,3,6
BROOKSIDE 200ML DISNEY CHOCOLATE FLV MILK,14,768.5368588432415,BROOKSIDE DAIRY LIMITED,2,3,6
VASELINE 240ML PURE PJELLY ORIGINAL,13,3525.6,UNILEVER KENYA LIMITED,2,3,6
DELAMERE 450G PREM P/PPLE& COCONUT FRUIT YOGHURT CUP,14,1315.4554482758622,BROOKSIDE DAIRY LIMITED,2,3,6
DAIMA 250G BUTTER UNSALTED,13,6103.9065844991155,DEVYANI FOOD INDUSTRIES K LIMITED MILK AND YOGHURT,2,3,6
PRIDE 1LT LEMON LIQ DETERGENT,13,2490.8,CANON CHEMICALS LTD,2,3,6
NUZIWA 1LT ALMOND MILK UNSWEETENED,14,5376.0,JETLAK FOODS LTD,2,3,6
ENERGIZER AA BATTERY 4+2 E91 BP6,13,8112.0,HASBAH KENYA LTD,2,3,6
CADBURY 125G DRINKING CHOCOLATE JAR,13,1101.5526855763428,HASBAH KENYA LTD CADBURY,2,3,6
EVEREADY 4S BLACK 1215BP4,13,2912.0,HASBAH KENYA LTD,2,3,6
TROP HEAT 150G KENYAN CHEVDA CHILLI LEMON,13,645.6084528301886,TROPICAL HEAT LTD,2,3,6
KCC BUTTER SALTED 250G TUB 601,13,6103.9065844991155,NEW KENYA COOP CREAMERIES  LTD,2,3,6
FESTIVE 200G CUPCAKE 8PC VANILLA,13,1372.8000000000002,DPL FESTIVE  LIMITED,2,3,6
ROSY WHITE TOILET SINGLE ROLL,13,4590.782736156352,CHANDARIA INDUSTRIES  LTD,2,3,6
BIO 350ML ACTIVE POWER YOGHURT DRINK NATURE,13,1221.4943448275865,BIO FOOD PRODUCTS LTD,2,3,6
NUTEEZ 400G PEANUT BUTTER SMOOTH,12,2832.0,JETLAK FOODS LTD,2,3,6
BIO 150ML YOGHURT GUAVA/MORINGA,13,1221.4943448275865,BIO FOOD PRODUCTS LTD,2,3,6
FAY FACIAL 80S WHITE,12,1344.0,KIM FAY EAST AFRICA LTD,2,3,6
JIAN 12 PACK YELLOW YOLK EGGS,12,3949.736245355868,JIAN CEREALS DEPOT,2,3,6
DOWNY 900ML POUCH SUNRISE FRESH,12,6700.799999999999,HASBAH KENYA LTD P AND G,2,3,6
MAREMER 500G PEELED SHRIMPS 21/30 IND,12,21168.0,BRANDACTIV KENYA LTD SR,2,3,6
RELOAD 500ML ISOTONIC DRINK LEMON,12,1550.8070108953102,EXCEL CHEMICALS LTD,2,3,6
BLOOM 9S 3PLY LUXURY TOILET ROLLS,11,3884.508469055375,PROPACK KENYA LTD,2,3,6
BUTTERFLY 1KG CHANNA DAL,11,3247.2,SPICE WORLD LTD,2,3,6
GREEN FARM 20PK Y/YORK EGGS,11,3620.591558242879,GREEN FARM POULTRY,2,3,6
BLOOM LUXURY 3PLY TOILET 4PK,11,3884.508469055375,PROPACK KENYA LTD,2,3,6
MHARVEST 500G JUMBO OATS BAG,11,2191.2000000000003,HEALTHY U TWO THOUSAND LTD,2,3,6
ARIEL 3KG AUTO LS ORIGINAL,11,17591.2,HASBAH KENYA LTD P AND G,2,3,6
AXE 150ML APOLLO AEROSOL PROMO,11,7920.0,UNILEVER KENYA LIMITED,2,3,6
GILANI 250G M&E PET BILTONG DRY,11,11607.2,GILANI GOURMET LTD,2,3,6
RAHA 400G DRINKING CHOCOLATE,11,932.0830416415208,EXCEL CHEMICALS LTD,2,3,6
DAIMA 250ML CHOCOLATE FLAVOURED MILK PET,12,658.7458790084927,DEVYANI FOOD INDUSTRIES K LIMITED MILK AND YOGHURT,2,3,6
BIO 500ML DAIRY WHIPPING CREAM,12,3385.910233393178,BIO FOOD PRODUCTS LTD,2,3,6
BROOKSIDE 250ML STRAWBERRY 6PK,12,658.7458790084927,BROOKSIDE DAIRY LIMITED,2,3,6
MF 200G D/WASHING PASTE ZESTY LEMON,12,844.8000000000001,P Z CUSSONS EAST AFRICA  LTD HQ,2,3,6
BUTTERFLY 1KG MUNG DAL SPLIT,11,2085.6000000000004,SPICE WORLD LTD,2,3,6
ALWAYS 16S MAXI THICK LONG DUO,11,1731.2132505175987,HASBAH KENYA LTD P AND G,2,3,6
TENDER CARE 100S EARBUDS POLY,11,836.0,AFRICAN COTTON INDUSTRIES LTD,2,3,6
SANTA MARIA 500ML EXTRA VIRGIN OLIVE OIL,11,14740.0,DEBENHAM AND FEAR LTD,2,3,6
TH 150G RICE CAKE CHEESE,11,1848.0,TROPICAL HEAT LTD,2,3,6
MONTILL 15 PACK EGGS,11,3620.591558242879,MONTILL LIMITED,2,3,6
BUTTERFLY 1KG POPCORN KERNEL,11,3511.2000000000007,SPICE WORLD LTD,2,3,6
KCC 500G  SUPERFINE GHEE(TIN)-885,11,5632.0,NEW KENYA COOP CREAMERIES  LTD,2,3,6
MC 330G GARLIC MAYONNAISE,11,3775.2000000000007,BIO FOOD PRODUCTS LTD,2,3,6
TROP HEAT 150G KENYAN CHEVDA SWEET(TAMU),11,546.2840754716981,TROPICAL HEAT LTD,2,3,6
ALWAYS 16S ULTRA THIN LONG DUO QUEEN,10,1573.8302277432715,HASBAH KENYA LTD P AND G,2,3,6
ENERGIZER 3V LITHIUM ECR 2032,10,1320.0,HASBAH KENYA LTD,2,3,6
CLEANROL 2S KITCHEN TOWEL,10,9244.918227183272,KAPA OIL REFINERIES LTD,2,3,6
FAY MULTI PURPOSE JUMBO ROLL,10,3000.0,KIM FAY EAST AFRICA LTD,2,3,6
KCC 1KG SUPERFINE GHEE  (TIN)-882,10,8640.0,NEW KENYA COOP CREAMERIES  LTD,2,3,6
IMPROVED KIENYEJI EGGS 6PK,10,3291.44687112989,NDUMUNYA INVESTMENT SOLUTION,2,3,6
QIKDRI PLAIN HAND PAPER TOWELS WHT,10,3080.0,CHANDARIA INDUSTRIES  LTD,2,3,6
MF 400G ORIGINAL FRESH DISHWASHING PASTE,10,2080.0,P Z CUSSONS EAST AFRICA  LTD HQ,2,3,6
VELVEX 300ML FURNITURE POLISH LEMON,10,2392.0,CHANDARIA INDUSTRIES  LTD,2,3,6
PERSIL 3LT MACHINE WASH LIQUID GEL,10,21592.000000000004,CHANDARIA INDUSTRIES LTD HENKEL C BRANDS,2,3,6
BIO 350ML ACTIVE POWER YOGHURT DRINK VANILLA,11,1033.5721379310346,BIO FOOD PRODUCTS LTD,2,3,6
EVERFRESH 4KG GHEE,10,30472.000000000004,BROOKSIDE DAIRY LIMITED,2,3,6
BLOOM LUXURY 3PLY VIRGIN WHITE 4PK,10,3531.3713355048862,PROPACK KENYA LTD,2,3,6
BUTTERFLY TOOR DAL 1KG WASHED,10,3320.0,SPICE WORLD LTD,2,3,6
BUTTERFLY 1KG BLACK BEANS,9,2059.2000000000003,SPICE WORLD LTD,2,3,6
KERINGET 5LT MINERAL WATER,9,501.57293547305517,COCA COLA BEVERAGES KENYA LTD,2,3,6
MONTILL 30 PACK EGGS,9,2962.3021840169013,MONTILL LIMITED,2,3,6
GRANDE FRANCE 750ML ROSE SPARKLING WINE,9,24444.0,ALIMP GROUP LIMITED SR,2,3,6
KINGSMIL 400G RND TOP WHITE BREAD,15,1200.0,KENAFRIC BAKERY LTD,2,4,7
BROADWAY 400G 50/50 BREAD,8,640.0,BROADWAYS BAKERY LTD,2,4,7
KINGSMIL 400G SANDWICH WMEAL BREAD,8,640.0,KENAFRIC BAKERY LTD,2,4,7
KINGSMIL 400G RND TOP BROWN BREAD,8,640.0,KENAFRIC BAKERY LTD,2,4,7
