sku,qty,est_cost,supplier,day_generated
BROOKSIDE 500ML DAIRY BEST (POUCH),4479,195963.2160332206,BROOKSIDE DAIRY LIMITED,7
ILARA FRESH MILK 500ML SATCHET,1327,59685.674424501245,BROOKSIDE DAIRY LIMITED,7
TUZO 500ML FRESH MILK (POUCH),724,34172.83747290784,BROOKSIDE DAIRY LIMITED,7
BROOKSIDE 500ML TR FRESH MILK,676,35136.93345227476,BROOKSIDE DAIRY LIMITED,7
FESTIVE 400G MILKY WHITE SLICED,394,20488.091272369264,DPL FESTIVE  LIMITED,7
BIO 2L WHOLE FRESH MILK,379,96530.29907209137,BIO FOOD PRODUCTS LTD,7
BROOKSIDE 1LT UHT WHOLE MILK,372,46247.26126394052,BROOKSIDE DAIRY LIMITED,7
FESTIVE 800G WHITE MILKY BREAD,351,36504.0,DPL FESTIVE  LIMITED,7
FRESHA 500ML WHOLE MILK POUCH,347,15774.417738830249,GITHUNGURI DAIRY FARMERS,7
TUZO 500ML WHOLE MILK (FINO PACK) 180DAYS,341,13946.740828675156,BROOKSIDE DAIRY LIMITED,7
FESTIVE 600G FAMILY WHITE BREAD,336,26880.197449081807,DPL FESTIVE  LIMITED,7
NATURES 400G GOLD WHITE,329,17108.09226670406,DPL FESTIVE  LIMITED,7
TUZO 450ML ESL WHOLE MILK 90DAYS,312,11466.614226669566,BROOKSIDE DAIRY LIMITED,7
SOKO 2KG MAIZE MEAL,305,35659.80748365558,CAPWELL INDUSTRIES LTD,7
BROOKSIDE 500ML LACTOSE FREE UHT MILK FINO,299,18089.356755030345,BROOKSIDE DAIRY LIMITED,7
DAIMA 500ML WHOLE ESL POUCH,284,11120.807580692923,DEVYANI FOOD INDUSTRIES K LIMITED MILK AND YOGHURT,7
AJAB 2KG HOME BAKING FLOUR,259,33085.39238526446,GRAIN INDUSTRIES LIMITED,7
DAIMA 500ML FINO MAZIWA BORA,256,9760.11212333567,DEVYANI FOOD INDUSTRIES K LIMITED MILK AND YOGHURT,7
NATURES 600G WHITE BREAD,253,20240.200269856978,DPL FESTIVE  LIMITED,7
BROOKSIDE 250ML UHT WHOLE MILK,250,8400.096366965405,BROOKSIDE DAIRY LIMITED,7
DAIMA 450ML ESL MAZIWA BORA,236,8449.107260891338,DEVYANI FOOD INDUSTRIES K LIMITED MILK AND YOGHURT,7
EXE 2KG ALL PURPOSE FLOUR,229,29333.02770143352,UNGA LTD,7
TUZO 450ML ESL WHOLE MILK 30DAYS,227,10078.76689755742,BROOKSIDE DAIRY LIMITED,7
FRESHA MAISHA 250ML LONG LIFE MILK,203,4872.074486870772,GITHUNGURI DAIRY FARMERS,7
FRESHA MAISHA 500ML LONG LIFE MILK,186,8251.527125902361,GITHUNGURI DAIRY FARMERS,7
BIO 1L FRESH WHOLE MILK,175,23923.47903657449,BIO FOOD PRODUCTS LTD,7
JOGOO 2KG MAIZE MEAL,163,18908.84939110734,UNGA LTD,7
KABRAS 2KG WHITE SUGAR,153,39152.83113671491,WEST KENYA SUGAR COMPANY LTD,7
GOLD CROWN 500ML WHOLE MILK LONGLIFE FINO TFA 20,151,6603.943933054394,NEW KENYA COOP CREAMERIES  LTD,7
KCC 500ML FRESH WHOLE MILK TFA 21,150,6348.892128279884,NEW KENYA COOP CREAMERIES  LTD,7
NUTRAMEAL 1KG SUGAR,149,20542.45621414914,KAMILI PACKERS SUGAR ONLY,7
KCC 500ML FRESH W/MILK (POUCH)-84,148,6676.795399361023,NEW KENYA COOP CREAMERIES  LTD,7
ILARA  POUCH FRESH MILK 1LTR,138,12921.446868214467,BROOKSIDE DAIRY LIMITED,7
BROOKSIDE 2LTR FRESH MILK STANDARD BOTTLE,135,27750.06613226453,BROOKSIDE DAIRY LIMITED,7
KABRAS 1KG WHITE SUGAR,131,17538.413205678444,WEST KENYA SUGAR COMPANY LTD,7
PEMBE 2KG MAIZE MEAL,130,15288.512697938455,PEMBE FLOUR MILLS,7
NUTRAMEAL 2KG SUGAR,120,32012.454020777226,KAMILI PACKERS SUGAR ONLY,7
KCC 500ML GOLD CROWN  (POUCH)-55,116,5332.115564435565,NEW KENYA COOP CREAMERIES  LTD,7
BROOKSIDE 2LTR FRESH MILK WHOLE BOTTLE,108,22200.86455906822,BROOKSIDE DAIRY LIMITED,7
FESTIVE 400G WHOLE MEAL,103,5356.035919790759,DPL FESTIVE  LIMITED,7
BROOKSIDE 1LTR FRESH MILK STANDARD,102,10606.709735712673,BROOKSIDE DAIRY LIMITED,7
NATURES 800G WHITE BREAD,96,9984.15630936228,DPL FESTIVE  LIMITED,7
FESTIVE 600G FAMILY BRWN BREAD,89,7120.017623762376,DPL FESTIVE  LIMITED,7
BIO 2L SEMI SKIMMED FRESH MILK,87,21270.581195680803,BIO FOOD PRODUCTS LTD,7
BROOKSIDE 1L FARM FRESH MILK,86,8944.0,BROOKSIDE DAIRY LIMITED,7
BROOKSIDE 1L LACTOSE FREE UHT MILK,84,11707.523694568355,BROOKSIDE DAIRY LIMITED,7
FESTIVE 800G SUPREME WHOLE MEAL,84,8736.0,DPL FESTIVE  LIMITED,7
FESTIVE 400G FINEST SUPER SEEDED BREAD,83,8632.017849462365,DPL FESTIVE  LIMITED,7
FRESHA 5L WHOLE MILK,83,33165.12377850163,GITHUNGURI DAIRY FARMERS,7
SUPA 400G BUTTER TOAST BREAD,79,4108.142142254709,MINI BAKERIES NBI  LTD,7
BROOKSIDE 200ML  WHOLE MILK TCA,76,1945.6364617691156,BROOKSIDE DAIRY LIMITED,7
FESTIVE 300G 6S DELUXE ROLLS,73,7008.0,DPL FESTIVE  LIMITED,7
BROOKSIDE 1LT UHT LOWFAT MILK,72,8807.841059602648,BROOKSIDE DAIRY LIMITED,7
FESTIVE 400G WHITE SLICED,69,3477.7088757396455,DPL FESTIVE  LIMITED,7
BIO 1L FRESH SEMI SKIMMED MILK,69,8670.897777777778,BIO FOOD PRODUCTS LTD,7
SUPA 400G WHITE SLICED BREAD CT,68,3536.0,MINI BAKERIES NBI  LTD,7
MOLO UHT MILK 500ML ESL 90DAYS,67,2513.4059362403814,BROOKSIDE DAIRY LIMITED,7
FESTIVE 300G 6S PREM PLAIN BURGER BUNS,66,6336.0,DPL FESTIVE  LIMITED,7
FRESHA 500ML ASEPTIC WHOLE MILK,65,2808.0174438108024,GITHUNGURI DAIRY FARMERS,7
BROADWAY 400G WHITE SLICED BREAD,65,3380.0,BROADWAYS BAKERY LTD,7
AJAB 2KG MAIZE MEAL FLOUR,63,7825.175020016013,GRAIN INDUSTRIES LIMITED,7
AMAIZE 2KG PREMIUM MAIZE FLOUR,63,9231.365091610414,CAPWELL INDUSTRIES LTD,7
PEMBE 2KG HOMEBAKING,62,7570.228914057295,PEMBE FLOUR MILLS,7
DAIMA 200ML WHOLE MILK FINO TETRA 180DAYS,59,1208.920954907162,DEVYANI FOOD INDUSTRIES K LIMITED MILK AND YOGHURT,7
RINSUN 5LT SUNFLOWER OIL,54,68686.49432703004,KAPA OIL REFINERIES LTD,7
SUPA LOAF WHITE BREAD 600G,50,4000.0,MINI BAKERIES NBI  LTD,7
MUMIAS 2KG SUGAR,49,12574.912967098406,Unknown,7
BROADWAY 400G NATURAL BROWN BREAD,48,2496.0929332042597,BROADWAYS BAKERY LTD,7
NATURES 400G GOLD  BROWN,46,2392.0891472868216,DPL FESTIVE  LIMITED,7
SUPA 600G WHITE BUTTER TOAST,45,3600.0,MINI BAKERIES NBI  LTD,7
BUTTERFLY 1KG SOOJI (SEMOLINA),40,6646.25141562854,SPICE WORLD LTD,7
BIO 1L BARISTA FRESH MILK,40,5727.5,BIO FOOD PRODUCTS LTD,7
HOSTESS 2KG FLOUR,40,4847.9663959531545,UNGA LTD,7
KINGSMIL 400G KUBWA WAO WHITE BREAD,40,2080.0,KENAFRIC BAKERY LTD,7
MUMIAS 1KG SUGAR,39,5050.80423363387,Unknown,7
SOKO 1KG MAIZE MEAL FLOUR,38,2409.247522847523,CAPWELL INDUSTRIES LTD,7
RINA 5LT VEGETABLE OIL,38,37007.05605536332,KAPA OIL REFINERIES LTD,7
RINSUN 3LT SUNFLOWER OIL,37,32379.208721986673,KAPA OIL REFINERIES LTD,7
RINSUN 2LT SUNFLOWER OIL,37,22425.798230088498,KAPA OIL REFINERIES LTD,7
EXE 2KG CHAPATI FLOUR,37,5011.179661016949,UNGA LTD,7
KINGSMIL 200G SLICED WHITE BREAD,36,1008.0820980615734,KENAFRIC BAKERY LTD,7
TUZO 250ML UHT WHOLE MILK,35,1120.0,BROOKSIDE DAIRY LIMITED,7
BROADWAYS 600G WHITE BREAD,35,2772.1602034329308,BROADWAYS BAKERY LTD,7
EXE 2KG SELF RAISING,35,4901.835497835497,UNGA LTD,7
GOLD CROWN 500ML LACTOSE FREE MILK TFA,35,1553.9948960991617,NEW KENYA COOP CREAMERIES  LTD,7
EXE 1KG ALL PURPOSE,34,2328.698199875854,UNGA LTD,7
FRESHA 2LT WHOLE MILK,33,5544.0,GITHUNGURI DAIRY FARMERS,7
SUPA 800G SWICH WHITE BREAD,33,3432.0,MINI BAKERIES NBI  LTD,7
BROOKSIDE 250ML UHT LOW FAT MILK,33,1108.8,BROOKSIDE DAIRY LIMITED,7
BIO 1L FRESH SKIMMED MILK,32,3939.442904290429,BIO FOOD PRODUCTS LTD,7
DAIMA 200ML MILK FINO BORA,32,639.4362853039731,DEVYANI FOOD INDUSTRIES K LIMITED MILK AND YOGHURT,7
FESTIVE 350G SLICED SUB ROLLS 4S,31,3472.0,DPL FESTIVE  LIMITED,7
KINGSMIL 400G KUBWA WAO BROWN BREAD,31,1612.0,KENAFRIC BAKERY LTD,7
NATURES 600G BROWN BREAD,30,2400.0,DPL FESTIVE  LIMITED,7
SUPA 400G BARREL WHITE BREAD,29,1508.0361089494168,MINI BAKERIES NBI  LTD,7
BROADWAY 800G WHITE SANDWICH SLICED BREAD,29,3016.035913312694,BROADWAYS BAKERY LTD,7
FESTIVE 350G LONG SLICED ROLLS 4S,28,2240.0,DPL FESTIVE  LIMITED,7
DAIMA 500ML UHT PLAIN FINO 180DAYS,28,1170.918124207858,DEVYANI FOOD INDUSTRIES K LIMITED MILK AND YOGHURT,7
AJAB 1KG HOME BAKING FLOUR,28,3393.5764771672084,GRAIN INDUSTRIES LIMITED,7
BROOKSIDE 3L FARM FRESH MILK,27,1198.7960627050675,BROOKSIDE DAIRY LIMITED,7
RINSUN 1LT SUNFLOWER OIL,26,24036.78739067651,KAPA OIL REFINERIES LTD,7
SOKO 2KG HOMEBAKING FLOUR,26,3127.7441894892677,CAPWELL INDUSTRIES LTD,7
TUZO 200ML UHT WHOLE MILK,25,1109.996354356544,BROOKSIDE DAIRY LIMITED,7
SUPA 800G WHITE BUTTER TOAST,24,1920.0,MINI BAKERIES NBI  LTD,7
AMAIZE 2KG SIFTED MAIZE FLOUR,24,2908.779837571893,CAPWELL INDUSTRIES LTD,7
KINGSMIL 200G SLICED BROWN BREAD,24,1920.0,KENAFRIC BAKERY LTD,7
BROADWAY 200G WHITE KADOGO  BREAD,24,1920.0,BROADWAYS BAKERY LTD,7
NUTRAMEAL 5KG SUGAR,23,4528.351443679274,KAMILI PACKERS SUGAR ONLY,7
FAMILA 1KG PURE WIMBI FLOUR,22,2666.381517774235,UNGA LTD,7
EXE 1KG SELF RAISING,22,2666.381517774235,UNGA LTD,7
FRESH FRI 250ML COOKING OIL,21,19414.328277084875,PWANI OIL PRODUCTS LTD.,7
EXE 2KG MANDAZI FLOUR,21,2545.182357875406,UNGA LTD,7
TUZO 1L UHT WHOLE MILK,20,887.9970834852352,BROOKSIDE DAIRY LIMITED,7
BROOKSIDE 500ML PLUS+ LOW FAT UHT MILK TFA,18,799.1973751367117,BROOKSIDE DAIRY LIMITED,7
SUPA 200G SWEET BREAD,18,1440.0,MIBISCO LTD,7
SUPA 600G BARREL WHITE BREAD,18,1440.0,MINI BAKERIES NBI  LTD,7
NESCAFE GOLD 12.5G CAPPUCCINO REDUCED SUGAR STICK,17,3347.0423714151157,NESTLE KENYA LTD,7
RINA 1LT VEGETABLE OIL JERRICAN,16,14791.869163493237,KAPA OIL REFINERIES LTD,7
KINGSMIL 400G SWICH WHITE BREAD,16,1280.0,KENAFRIC BAKERY LTD,7
RINSUN 500ML SUNFLOWER OIL,16,14791.869163493237,KAPA OIL REFINERIES LTD,7
RINA 2L VEGETABLE OIL JERRICAN,15,13867.377340774909,KAPA OIL REFINERIES LTD,7
BROADWAY 800G BROWN SANDWICH SLICED BREAD,15,1200.0,BROADWAYS BAKERY LTD,7
FESTIVE 400G ZERO WHITE BREAD SF,15,1200.0,DPL FESTIVE  LIMITED,7
BROADWAYS 600G BROWN BREAD,14,1120.0,BROADWAYS BAKERY LTD,7
KINGSMIL 800G SWICH WHITE BREAD,14,1120.0,KENAFRIC BAKERY LTD,7
KINGSMIL 600G SWICH WHITE BREAD,14,1120.0,KENAFRIC BAKERY LTD,7
KCC 450ML ASCEPTIC WHOLE MILK 30,13,577.1981042654029,NEW KENYA COOP CREAMERIES  LTD,7
BUTTERFLY 2KG ATTA MARK 1 FLOUR,13,1575.5890786847754,SPICE WORLD LTD,7
JOGOO 1KG MAIZE MEAL,13,1575.5890786847754,UNGA LTD,7
CAPTAIN COOK 5L PURE CORN OIL,12,11093.901872619928,KAPA OIL REFINERIES LTD,7
RINSUN 750ML SUNFLOWER OIL,12,11093.901872619928,KAPA OIL REFINERIES LTD,7
AJAB 2KG MANDAZI FLOUR,12,1454.3899187859465,GRAIN INDUSTRIES LIMITED,7
FRESH FRI 1LT COOKING OIL,12,11093.901872619928,PWANI OIL PRODUCTS LTD.,7
BUTTERFLY 1KG ATTA MARK 1 FLOUR,12,1454.3899187859465,SPICE WORLD LTD,7
FESTIVE 1.5KG WHITE MILKY BREAD,12,960.0,DPL FESTIVE  LIMITED,7
BROOKSIDE 1LT PLUS+ FAT FREE UHT MILK TBA,12,532.7982500911412,BROOKSIDE DAIRY LIMITED,7
VELVEX EXTRA 10S TOILET TISSUE UNWARAPPED,12,11093.901872619928,CHANDARIA INDUSTRIES  LTD,7
BROOKSIDE 500ML PLUS+ FAT FREE UHT MILK TFA,12,532.7982500911412,BROOKSIDE DAIRY LIMITED,7
FRESH FRI 2LT COOKING OIL,12,11093.901872619928,PWANI OIL PRODUCTS LTD.,7
RINA 500ML VEGETABLE OIL,11,10169.4100499016,KAPA OIL REFINERIES LTD,7
PEMBE 5KG MAIZE MEAL,11,1333.1907588871175,PEMBE FLOUR MILLS,7
RINA 3LT VEGETABLE  OIL,11,10169.4100499016,KAPA OIL REFINERIES LTD,7
BUTTERFLY 1KG GRAM FLOUR,10,1211.9915989882886,SPICE WORLD LTD,7
KINGSMIL 600G SWICH BROWN BREAD,10,800.0,KENAFRIC BAKERY LTD,7
FESTIVE 400G SILINDA WHITE BREAD,10,800.0,DPL FESTIVE  LIMITED,7
FESTIVE 400GM BROWN SLICED,10,800.0,DPL FESTIVE  LIMITED,7
CLOVERS 500G CASTER SUGAR,9,1771.9636083962378,TRI CLOVER INDUSTRIES LTD,7
SOKO 2KG NUTRIGO WHOLE GRAIN MAIZE MEAL,9,1090.7924390894598,CAPWELL INDUSTRIES LTD,7
SOKO 5KG MAIZE MEAL BAG,8,969.5932791906309,CAPWELL INDUSTRIES LTD,7
BROADWAYS 200G MANDO BITES 4S,8,640.0,BROADWAYS BAKERY LTD,7
SUPA 1.5KG BUTTER TOAST BREAD,8,640.0,MINI BAKERIES NBI  LTD,7
AJAB 2KG SELF RAISING FLOUR,8,969.5932791906309,GRAIN INDUSTRIES LIMITED,7
KINGSMIL 250G SCONES,8,640.0,KENAFRIC BAKERY LTD,7
FESTIVE 400G SILINDA  BROWN BREAD,8,640.0,DPL FESTIVE  LIMITED,7
SUPA 500G BREAD CRUMBS,8,640.0,MIBISCO LTD,7
KINGSMIL 800G SWICH BROWN BREAD,8,640.0,KENAFRIC BAKERY LTD,7
BROADWAY 400G PREMIUM SANDWICH BREAD,8,640.0,BROADWAYS BAKERY LTD,7
SUPA 600G BARREL BROWN BREAD,7,560.0,MINI BAKERIES NBI  LTD,7
SUPA 500G LARGE SCONES,7,560.0,MIBISCO LTD,7
BROADWAY 400G 50/50 BREAD,7,560.0,BROADWAYS BAKERY LTD,7
SUPA 350G MEDIUM SCONES,7,560.0,MIBISCO LTD,7
JOGOO 2KG WIMBI MEAL,7,848.3941192918021,UNGA LTD,7
AVENA 5L VEGETABLE OIL,4,3697.967290873309,GOLDEN AFRICA K LTD,7
RHARVEST 400G WHITE BREAD CLASSIC,6,480.0,RABAI FOODS LIMITED,7
SUPA 400G SUPA SWEET BREAD,6,480.0,MIBISCO LTD,7
NATURES 800G BROWN BREAD,6,480.0,DPL FESTIVE  LIMITED,7
SUPA 1.5KG WHITE SLICED BREAD,6,480.0,MINI BAKERIES NBI  LTD,7
FESTIVE 300G 6S PREM BROWN BURGER BUNS,6,480.0,DPL FESTIVE  LIMITED,7
EXE 2KG ATTA MARK 1,6,727.1949593929733,UNGA LTD,7
SUPA 220G SMALL SCONES,5,400.0,MIBISCO LTD,7
SUPA LOAF 400G SUPA NUTRI BREAD,5,400.0,MINI BAKERIES NBI  LTD,7
BROOKSIDE 1L FUNCTIONAL UHT MILK VIT A & D,5,221.9992708713088,BROOKSIDE DAIRY LIMITED,7
PEMBE 1KG PURE WIMBI PORRIDGE,4,484.79663959531547,PEMBE FLOUR MILLS,7
SIMPLIFINE 600G WHOLEMEAL LOAF,4,320.0,BIGCOLD KENYA SIMPLIFINE SHELF BREAD,7
FESTIVE 1.5KG BROWN BREAD,5,400.0,DPL FESTIVE  LIMITED,7
HUSEINI 400G BREAD CRUMBS,3,240.0,HUSEINI BAKERY LTD,7
SIMPLIFINE 800G WHITE FAMILY LOAF,4,320.0,BIGCOLD KENYA SIMPLIFINE SHELF BREAD,7
SOKO 1KG HOMEBAKING FLOUR,3,363.59747969648663,CAPWELL INDUSTRIES LTD,7
SIMPLIFINE 800G WHOLEMEAL LOAF,4,320.0,BIGCOLD KENYA SIMPLIFINE SHELF BREAD,7
RHARVEST 400G WHOLE GRAIN BREAD BROWN LONG,2,160.0,RABAI FOODS LIMITED,7
SUPA 250G BREADCRUMBS,3,240.0,MIBISCO LTD,7
RHARVEST 600G WHITE TOAST BREAD,3,240.0,RABAI FOODS LIMITED,7
BROADWAY 200G MAICHO DONUTS 4PC,3,240.0,BROADWAYS BAKERY LTD,7
TOTAL,48293,4180064.0278042913,Total,7
V22 BAG 10 X 15 X 22 30G,578,4625.120457614999,POLYTHENE INDUSTRIES LIMITED,7
V25 CARRIER BAG,521,8336.947441611697,POLYTHENE INDUSTRIES LIMITED,7
WHITE CAP 500ML LAGER CANS,374,68332.85014706258,KENYA BREWERIES LTD,7
QUENCHER 300ML DRINKING WATER,360,5551.975458486162,EXCEL CHEMICALS LTD,7
AQUAMIST 300ML MINERAL WATER,328,8049.374781112027,AQUAMIST LIMITED,7
QUENCHER 500ML DRINKING WATER,305,6453.461284887555,EXCEL CHEMICALS LTD,7
QUENCHER 1LT DRINKING WATER,274,10561.837674525064,EXCEL CHEMICALS LTD,7
KERINGET 500ML MINERAL WATER,253,11363.928638153679,COCA COLA BEVERAGES KENYA LTD,7
COKE PET 350ML,240,9332.019209456965,COCA COLA BEVERAGES KENYA LTD,7
BIO 200ML GREEK STYLE NATURE PLAIN YOGHURT,222,30701.29714466336,BIO FOOD PRODUCTS LTD,7
AQUAMIST 500ML MINERAL WATER,216,8527.199496327388,AQUAMIST LIMITED,7
DUNHILL 20S SWITCH,205,77080.0,NOBLE OUTLOOK LIMITED,7
TUSKER CAN 500ML BEER,204,34712.26084489885,KENYA BREWERIES LTD,7
EMBASSY BY DUNHILL BLUE 20S,200,73600.20246175084,NOBLE OUTLOOK LIMITED,7
KERINGET 18.9LT MINERAL WATER REFIL,193,92429.453691765,COCA COLA BEVERAGES KENYA LTD,7
COKE PET 500ML,188,9999.77687357938,COCA COLA BEVERAGES KENYA LTD,7
COKE ZERO 330ML CAN,175,13520.073948704598,COCA COLA BEVERAGES KENYA LTD,7
COKE ZERO 500ML PET,171,8915.995957651588,COCA COLA BEVERAGES KENYA LTD,7
AQUAMIST 1LTR SPARKLING WATER,166,12620.305982001062,AQUAMIST LIMITED,7
SCHWEPPES TONIC WATER 500ML PET,157,9531.15652906487,COCA COLA BEVERAGES KENYA LTD,7
AQUAMIST 20LT MINERAL WATER,146,61608.73460387462,AQUAMIST LIMITED,7
BROOKSIDE 500ML NATURAL LALA BOTTLE,138,9936.295088539928,BROOKSIDE DAIRY LIMITED,7
COKE 330ML CAN,137,10692.002368265248,COCA COLA BEVERAGES KENYA LTD,7
DL 37G FILLED CHOCOLATES MINT CHOC,137,7637.0769674627345,GLACIER PRODUCTS LTD 2ND,7
MAYERS 1L SPARKLING WATER PLASTIC,132,10162.252201039862,MALACHITE LIMITED,7
SAFARI 300ML LEMONADE LIME DRINK,130,5051.577708549672,BOUNTY LIMITED,7
NUTFIELDS 20G CASHEW NUTS ROASTED AND SALTED,130,7280.0,KENYA NUT COMPANY,7
MAGGI 4G 28S CUBE FORTIFIED,129,10948.961681598897,NESTLE KENYA LTD,7
TUSKER 500ML LAGER BEER,128,21401.600000000002,KENYA BREWERIES LTD,7
COCA COLA 300ML,128,4096.0,COCA COLA BEVERAGES KENYA LTD,7
COCA COLA 300ML EMPTY BOTTLE,128,1536.0,COCA COLA BEVERAGES KENYA LTD,7
NUTFIELD 20G MAC NUTS LOCAL,128,6553.6,KENYA NUT COMPANY,7
AQUAMIST 500ML SPARKLING WATER,127,6999.954846989824,AQUAMIST LIMITED,7
NUTFIELDS 20G MIXED NUTS,124,5456.0,KENYA NUT COMPANY,7
WHITE CAP 500ML LAGER BEER,124,23708.800000000003,KENYA BREWERIES LTD,7
ISINYA 6S EGGS,123,12319.493085249384,ISINYA FEEDS LIMITED,7
BIO 150ML VANILLA YOGHURT,121,11254.534855004678,BIO FOOD PRODUCTS LTD,7
SPRITE PET 350ML,117,4551.800902867716,COCA COLA BEVERAGES KENYA LTD,7
SCHWEPPES SODA WATER 500ML PET,117,7082.751178332748,COCA COLA BEVERAGES KENYA LTD,7
KRACKLES BANG BANG CHILLI 30G,114,5025.05090909091,PROPACK KENYA LTD,7
GUINNESS 500ML CAN,113,20673.694271208507,KENYA BREWERIES LTD,7
KRACKLES POTATO CRISP BBQ30G,113,4933.254643962849,PROPACK KENYA LTD,7
NESTLE 41.5G KITKAT 4 FINGER MILK,113,15103.677597840759,GLACIER PRODUCTS LTD 2ND,7
BALOZI 500ML CAN,108,17758.32507301331,KENYA BREWERIES LTD,7
HIGHLANDS 500ML MINERAL WATER,106,2120.036016139308,HIGHLANDS DRINKS LIMITED,7
TUSKER LITE 500ML CAN,105,21719.990258481423,KENYA BREWERIES LTD,7
ILARA 500ML MAZIWA LALA,104,7488.0,BROOKSIDE DAIRY LIMITED,7
ISINYA 30S EGGS,100,43302.63858093126,ISINYA FEEDS LIMITED,7
KRACKLES CHEESE & ONION 30G,100,4432.716472469729,PROPACK KENYA LTD,7
OLA 40G CHEESE CRUNCH TORTILA CHIPS,99,5102.126213592233,PROPACK KENYA LTD,7
URBAN STIX 35G BARBEQUE SNACKS,99,2772.0,NORDA INDUSTRIES LTD.,7
GOLD CROWN 500ML ASEPTIC LONG LIFE 24,99,3863.7446375582876,NEW KENYA COOP CREAMERIES  LTD,7
SPRITE PET 500ML,98,5181.699244455277,COCA COLA BEVERAGES KENYA LTD,7
COKE PET 2LTS,95,12511.122184954482,COCA COLA BEVERAGES KENYA LTD,7
MAYERS 500ML SPARKLING WATER PLASTIC,93,5530.417563739377,MALACHITE LIMITED,7
WRIGLEYS ORBIT 10S PEPPERMINT SF,92,5048.390927835052,RADBONE CLARK LIMITED MARS,7
WRIGLEYS P.K 10S CHEWING GUM PEPPERMINT,91,1941.8225057412608,RADBONE CLARK LIMITED MARS,7
KABARNET 300ML MINERAL WATER,89,1355.3810460901088,KHETIA DRAPERS LTD,7
FANTA ORANGE PET 350ML,88,3427.2745965834433,COCA COLA BEVERAGES KENYA LTD,7
SPRITE 330ML CAN REGULAR,87,6718.405961199293,COCA COLA BEVERAGES KENYA LTD,7
WRIGLEYS JUICY FRUIT 10S CLASSIC,87,1855.9819735819738,RADBONE CLARK LIMITED MARS,7
KERINGET 1LT MINERAL WATER,86,5976.437138508372,COCA COLA BEVERAGES KENYA LTD,7
DASANI 500ML MINERAL WATER,85,2284.005017561465,COCA COLA BEVERAGES KENYA LTD,7
AQUAMIST 1LT MINERAL WATER,85,5203.179079022172,AQUAMIST LIMITED,7
ISINYA 15S EGGS,85,21094.382093899072,ISINYA FEEDS LIMITED,7
OLA 40G MEXICAN CRUNCH TORTILA CHIPS,85,4383.646694214877,PROPACK KENYA LTD,7
PICK N PEEL 250ML MANGO,85,4811.862342892008,KEVIAN KENYA LTD,7
TENA 10S WHITE TOILET ROLLS,85,30646.16565433462,AFRICAN COTTON INDUSTRIES LTD,7
WRIGLEYS ORBIT 10S BUBBLEMINT SF,81,4453.570723404255,RADBONE CLARK LIMITED MARS,7
DUNHILL 20S DOUBLE CAP,80,30080.0,NOBLE OUTLOOK LIMITED,7
BIO 150ML STRAWBERRY YOGHURT,80,7566.182979959338,BIO FOOD PRODUCTS LTD,7
FANTA ORANGE PET 500ML,80,4227.978329056174,COCA COLA BEVERAGES KENYA LTD,7
PICK N PEEL 250ML TROPICAL MIX,79,4474.593617021276,KEVIAN KENYA LTD,7
MAYERS 1LT SPRING MINERAL WATER,79,4451.088912504429,MALACHITE LIMITED,7
PREDATOR 400ML ENERGY DRINK PET,78,3929.0455331010457,COCA COLA BEVERAGES KENYA LTD,7
VELVEX 100S WHITE SERVIETTES,78,7250.592728223908,CHANDARIA INDUSTRIES  LTD,7
KNORR 51G 6S CHICKEN CUBES,78,5880.828024727702,UNILEVER KENYA LIMITED,7
MENENGAI CREAM 1KG SOAP,75,12299.92171372931,MENENGAI O REFINERIES LTD,7
BIO 150ML NATURAL YOGHURT,75,6923.357142857143,BIO FOOD PRODUCTS LTD,7
KRACKLES SALT&VINEGAR 30GM,75,3250.983170947741,PROPACK KENYA LTD,7
WRIGLEYS P.K 10S CHEWING GUM MENTHOL,74,1576.7897172236505,RADBONE CLARK LIMITED MARS,7
COKE 1.25L PET,72,7362.0552760535775,COCA COLA BEVERAGES KENYA LTD,7
PICK N PEEL 250ML APPLE,71,4042.2273858921167,KEVIAN KENYA LTD,7
PICK N PEEL 250ML PINEAPPLE JUICE,70,3954.059628200632,KEVIAN KENYA LTD,7
AQUAMIST 1.5LT MINERAL WATER,70,5166.126888217523,AQUAMIST LIMITED,7
FANTA ORANGE PET 2LTS,70,8595.024699176696,COCA COLA BEVERAGES KENYA LTD,7
COKE ZERO SUGAR 300ML,69,2208.0,COCA COLA BEVERAGES KENYA LTD,7
COKE ZERO SUGAR 300ML EMPTY BOTTLE,69,828.0,COCA COLA BEVERAGES KENYA LTD,7
BROOKSIDE 500ML SWEET LALA BOTTLE,69,5244.019375219375,BROOKSIDE DAIRY LIMITED,7
FANTA BLACKCURRANT PET 500ML,69,3652.7697110594486,COCA COLA BEVERAGES KENYA LTD,7
COKE ZERO 2L PET,69,9139.965683646113,COCA COLA BEVERAGES KENYA LTD,7
AQUACLEAR 500ML MINERAL WATER,68,1701.5760363086235,DEVYANI FOOD INDUSTRIES K LIMITED MILK AND YOGHURT,7
DASANI 1L MINERAL WATER,68,3141.3862979258333,COCA COLA BEVERAGES KENYA LTD,7
ILARA 500ML TNC PLAIN CUP,67,6295.393931034484,BROOKSIDE DAIRY LIMITED,7
KERINGET 1LT SPARKLING MINERAL WATER,67,5645.495100458232,COCA COLA BEVERAGES KENYA LTD,7
SUNLIGHT 175G PURE SOAP YELLOW,66,3761.51991991992,UNILEVER KENYA LIMITED,7
MAYERS 500ML STILL MINERAL WATER,65,2489.178812655528,MALACHITE LIMITED,7
KIRICHWA 2KG ICE CUBES,65,10400.0,KIRICHWA WATER LIMITED,7
SPRITE SODA PET 2LTS,65,8010.128950036205,COCA COLA BEVERAGES KENYA LTD,7
BROOKSIDE 1L NATURAL LALA BOTTLE,65,8580.054794520549,BROOKSIDE DAIRY LIMITED,7
SMIRNOFF 330ML PINEAPPLE PUNCH ICE CAN,64,10346.909342192692,UDV KENYA LIMITED,7
MR.BERRYS KING KUBWA XXL STRAWBERRY LOLLIPOP,63,829.0011976047905,MZURI SWEETS LIMITED,7
BIO 200ML GREEK STYLE YOGHURT VANILLA,62,8543.714814814815,BIO FOOD PRODUCTS LTD,7
FANTA BLACK CURRANT 350ML PET,62,2409.846969195098,COCA COLA BEVERAGES KENYA LTD,7
SNICKERS 40G SINGLE CHOCO BAR,62,8131.851728553136,RADBONE CLARK LIMITED MARS,7
CARTOONS 30G TANGY TOMATO CRISPS,62,2792.1619596541786,PROPACK KENYA LTD,7
AQUAMIST 5LT MINERAL WATER,62,10615.731195538512,AQUAMIST LIMITED,7
FANTA BLACKCURRANT PET 2LTS,62,7579.88869804191,COCA COLA BEVERAGES KENYA LTD,7
OREO 55.2G ORIGINAL COOKIES,61,3353.2446358091142,HASBAH KENYA LTD CADBURY,7
VELVEX SNOW WHITE 10 PACK,61,22312.640723981902,CHANDARIA INDUSTRIES  LTD,7
PILSNER 500ML LAGER BEER,61,10199.2,KENYA BREWERIES LTD,7
BIO 150ML BERRY COCKTAIL YOGHURT,60,5351.7232897770955,BIO FOOD PRODUCTS LTD,7
KRAC KURLS 25G TANGY CHEESE,60,1876.296943231441,PROPACK KENYA LTD,7
ROTHMANS SWITCH BLUE 20S,58,16936.036781609193,NOBLE OUTLOOK LIMITED,7
BROOKSIDE 500G SALTED BUTTER,57,34252.0678288431,BROOKSIDE DAIRY LIMITED,7
ISINYA 12S EGGS,56,11297.153682167407,ISINYA FEEDS LIMITED,7
PICK N PEEL 250ML ORANGE JUICE,56,4240.307599396076,KEVIAN KENYA LTD,7
MR.BERRYS KING KUBWA XXL PASSION LOLLIPOP,56,742.8260211800302,MZURI SWEETS LIMITED,7
FELIX 85G CAT CHICKEN,55,8380.014833127321,MERIT AFRICA LTD,7
FC 100G (30D) COLLAR BACON,55,7892.313224131043,FARMERS CHOICE LTD,7
HEINEKEN 500ML CAN BEER,55,12523.373134328358,KENYA WINE AGENCIES KWAL,7
BIO 90ML NATURAL Y0GHURT,53,3349.6000000000004,BIO FOOD PRODUCTS LTD,7
PICK N PEEL 1L ORANGE JUICE,53,13852.933850797757,KEVIAN KENYA LTD,7
FC 500G (14D) FRESH SAFARI BEEF SAUSAGE,52,15233.281618887015,FARMERS CHOICE LTD,7
PICK N PEEL 1LT APPLE,52,10755.784840323202,KEVIAN KENYA LTD,7
KRAC KURLS 25G CHILLI LEMON,52,1625.979194368401,PROPACK KENYA LTD,7
DAIMA 500ML NATURAL PROBIOTIC CUP,51,4832.1832460732985,DEVYANI FOOD INDUSTRIES K LIMITED MILK AND YOGHURT,7
FANTA PASSION PET 2LTS,51,6230.956727119359,COCA COLA BEVERAGES KENYA LTD,7
MENENGAI CREAM 800G SOAP,50,6554.596774193548,MENENGAI O REFINERIES LTD,7
BIO 150ML MANGO YOGHURT,49,4640.393869731801,BIO FOOD PRODUCTS LTD,7
LYONS 60ML TOFF N CHOCO W NUTS STICKLINE,49,2694.071578947369,RAZCO LTD,7
ROYCO 4G 40S BEEF CUBES,49,5379.294419030192,UNILEVER KENYA LIMITED,7
KCC 500ML FILPACK MALA,48,2491.331904983698,NEW KENYA COOP CREAMERIES  LTD,7
FANTA PASSION 500ML PET,47,2501.0036295951604,COCA COLA BEVERAGES KENYA LTD,7
OREO 31.3G ENROBED,47,2406.1812136325852,HASBAH KENYA LTD CADBURY,7
BLUE BAND 500G MED FAT SPREAD,46,10102.428577498795,SUPER SAVERS DISTRIBUTION LTD,7
DL 70ML MINI FIESTA CLASSIC,45,2485.506646971935,GLACIER PRODUCTS LTD G P,7
GREEN FARM 30S Y/YORK EGGS,45,20164.37253960634,GREEN FARM POULTRY,7
MINUTE MAID 400ML APPLE JUICE,45,2841.986535473848,COCA COLA BEVERAGES KENYA LTD,7
FESTIVE TORTILLA WRAP 8 INCH,45,9880.734939759037,DPL FESTIVE  LIMITED,7
MARS SINGLE BARS 40G,44,6186.317570252626,RADBONE CLARK LIMITED MARS,7
SOFTLEAF 10S VIRGIN TOILET PAPER,44,15201.550136686716,KAPA OIL REFINERIES LTD,7
SAVANA DRY PREMIUM CIDER 340ML,44,9973.660268317853,KENYA WINE AGENCIES KWAL,7
FC 200G (30D) FRESH SANDWICH HAM,44,10336.241666666667,FARMERS CHOICE LTD,7
KNORR 51G 6S BEEF CUBES,44,3302.047798742138,UNILEVER KENYA LIMITED,7
BLUE BAND 1KG MED FAT SPREAD,43,16464.663715521387,SUPER SAVERS DISTRIBUTION LTD,7
URBAN STIX 35G THAI SWEET CHILLI SNACKS,43,1204.0,NORDA INDUSTRIES LTD.,7
FC 200G (30D) FRESH STREAKY BACON,43,15275.482066869303,FARMERS CHOICE LTD,7
MR BERRYS TOOGOODY TOFFEE BARS,43,344.93209144792553,MZURI SWEETS LIMITED,7
PICK N PEEL 1LT TROPICAL MIX,43,8951.502213848327,KEVIAN KENYA LTD,7
OREO 26.25G ORIGINAL,42,1487.6689655172415,HASBAH KENYA LTD CADBURY,7
KETEPA 500G FAHARI YA KENYA,42,8128.943416181915,KENYA TEA PACKERS KETEPA,7
MINUTE MAID 1L APPLE JUICE,42,4843.849137931034,COCA COLA BEVERAGES KENYA LTD,7
BIO 90ML VANILLA,42,2654.4,BIO FOOD PRODUCTS LTD,7
MILL BAKERS 300G  ENGLISH MUFFINS,42,4435.200000000001,MILL BAKERS LIMITED,7
BROOKSIDE 250ML VANILLA,42,2306.202609188883,BROOKSIDE DAIRY LIMITED,7
MAYERS 750ML GLASS SPARKLING WATER,41,3247.2000000000003,MALACHITE LIMITED,7
MAYERS 750ML GLASS SPARKLING EMPTY BOTTLE,41,3116.0,MALACHITE LIMITED,7
MACCOFFEE 15G WHITE 3 IN 1 COFFEE,41,652.830017055145,CHANDARIA INDUSTRIES LTD MACCOFFEE,7
STIMOROL 14G 10S WILD BERRY,41,2132.1386473429952,HASBAH KENYA LTD CADBURY,7
DL 70ML MINI FIESTA CARAMEL N NUTS,41,2264.195499738357,GLACIER PRODUCTS LTD G P,7
FC 1KG (14D) FRESH PORK VALUE PACK,41,22996.73340095087,FARMERS CHOICE LTD,7
HANAN 10PK TISSUE PAPER,41,14478.622475570033,ZENKO KENYA LIMITED,7
LAKI LAKI 150ML GREEK YOGHURT NATURAL,40,3680.0,LAKI LAKI LIMITED,7
QUENCHER 18L MIN WATER PET,40,16272.864127345083,EXCEL CHEMICALS LTD,7
JIAN 30 PACK YELLOW YOLK EGGS,40,15723.982641041537,JIAN CEREALS DEPOT,7
BROOKSIDE 1LT NATURAL YOGHURT,40,7200.0,BROOKSIDE DAIRY LIMITED,7
URBAN STIX 35G KUKU CHOMA SNACK,39,1092.0371649791543,NORDA INDUSTRIES LTD.,7
BALOZI 500ML BEER,39,6484.668904109588,KENYA BREWERIES LTD,7
KABARNET 500ML MINERAL WATER,39,843.7940425531915,KHETIA DRAPERS LTD,7
OREO 128G ORIGINAL,39,4834.88,HASBAH KENYA LTD CADBURY,7
TENA 100S SERVIETTES WHITE,39,3108.194594594596,AFRICAN COTTON INDUSTRIES LTD,7
BROOKSIDE 250G SALTED BUTTER,39,13187.814150417831,BROOKSIDE DAIRY LIMITED,7
BROOKSIDE 250ML STRAWBERRY,39,2140.374362165526,BROOKSIDE DAIRY LIMITED,7
FELIX 85G CAT BEEF,38,5893.480949623625,MERIT AFRICA LTD,7
BROOKSIDE 250G NATURAL PROBIOTIC YOGHURT,38,2824.0864378165447,BROOKSIDE DAIRY LIMITED,7
FC 125G (30D) FRESH NYAMABITE,38,2800.5126964933493,FARMERS CHOICE LTD,7
FC 500G (14D) FRESH CLASSIC PORK SAUSAGE,38,11186.476621058893,FARMERS CHOICE LTD,7
DELAMERE 250ML PREM WILD BERRIES YOG CUP,38,2632.981634615385,BROOKSIDE DAIRY LIMITED,7
KRACKLES CURLS 15G CHEESY,38,608.0161788185205,PROPACK KENYA LTD,7
KABARNET 500ML SPARKLING WATER,37,1450.4,KHETIA DRAPERS LTD,7
OXYRICH 1L SPRING WATER,37,1379.830083925113,AQUAMIST LIMITED,7
CADBURY 90G DRINKING CHOCOLATE SACHET,37,3135.188412794206,HASBAH KENYA LTD CADBURY,7
ZESTA 100G BI-CARBONATE OF SODA,37,651.2192332683562,TRUFOODS LIMITED T F,7
BROOKSIDE 450G NATURAL PROBIOTIC YOGHURT,37,4690.27120743034,BROOKSIDE DAIRY LIMITED,7
LEADAV YELLOW YOLK EGGS 30PACK TRAY,36,14055.021024258762,LEADAV POULTRY FARM LTD,7
BROOKSIDE 1L SWEETEND LALA BOTTLE,36,5155.200000000001,BROOKSIDE DAIRY LIMITED,7
FC 1KG (14D) BEEF VALUE SAUSAGES,36,20483.711830388693,FARMERS CHOICE LTD,7
KRAC KURLS 25G TOMATO,35,1094.273432835821,PROPACK KENYA LTD,7
QUENCHER 10LT MINERAL WATER PET,35,8372.0,EXCEL CHEMICALS LTD,7
BIO 500ML COOKING CREAM LONG LIFE,35,9875.571514063437,BIO FOOD PRODUCTS LTD,7
FAY TOILET PAPER WHITE 10S,35,12884.569847856157,KIM FAY EAST AFRICA LTD,7
CHROME 250ML VODKA,34,6893.810844892812,UDV KENYA LIMITED,7
NEPTUNE 10S BLENDED TOILET PAPER,34,10008.876595744683,KAPA OIL REFINERIES LTD,7
ILARA 1LT MAZIWA LALA  PLASTIC BOTTLE,34,4542.4,BROOKSIDE DAIRY LIMITED,7
SPRITE 300ML,34,1088.0,COCA COLA BEVERAGES KENYA LTD,7
SPRITE 300ML EMPTY BOTTLE,34,408.0,COCA COLA BEVERAGES KENYA LTD,7
QUENCHER LIFE 5LT PREMIUM DRINKING WATER,34,6074.566254071662,EXCEL CHEMICALS LTD,7
STREPSILS REGULAR 2S,34,1224.0,HARLEYS LTD,7
CADBURY 80G DAIRY MILK,34,7077.022894168467,HASBAH KENYA LTD CADBURY,7
AQUAMIST 20LT MINERAL WATER EMPTY BOTTLE,34,25977.363397876332,AQUAMIST LIMITED,7
BROWNS 250G GREEK YOGHURT,34,7696.397146932953,SUNPOWER PRODUCTS LTD,7
BROOKSIDE 450ML NATURAL YOGHURT CUP,34,4594.108631578948,BROOKSIDE DAIRY LIMITED,7
SIRIMON 250G CHEDDAR CHEESE,33,13335.749416342414,MORANI LIMITED,7
SOFTLEAF TWIN SERVIETTES,33,4977.918419195485,KAPA OIL REFINERIES LTD,7
ALWAYS 14S MAXI THICK EX/LONG DAY/NIGHT,33,5193.639751552796,HASBAH KENYA LTD P AND G,7
KENYLON 420G CHICK PEAS,33,4698.236756756757,TRUFOODS LIMITED T F,7
FC 400G (30D) FRESH STREAKY BACON,33,21103.383850931677,FARMERS CHOICE LTD,7
TOILEX WHITE 10S,32,9446.870444104135,CHANDARIA INDUSTRIES  LTD,7
FC 200G (14D) FRESH PORK CHIPOLATA,32,5718.323129718599,FARMERS CHOICE LTD,7
AQUAMIST 19L DISPOSABLE WATER,32,14491.635530085961,AQUAMIST LIMITED,7
MANJI 45G MILKSTAR BISCUITS,32,1759.0791532113385,MANJI FOOD INDUSTRIES LTD,7
BIO ACTIVE 350ML BLKBRRY N RSPBRRY YOG DRINK,32,3954.8156156156156,BIO FOOD PRODUCTS LTD,7
KNORR 51G 6S BEEF CHILLI CUBES,32,2412.5660215053763,UNILEVER KENYA LIMITED,7
FELIX 85G CAT SALMON,32,4868.229113067029,MERIT AFRICA LTD,7
CADBURY 80G DAIRY MILK WHOLE NUT,32,6614.213519813519,HASBAH KENYA LTD CADBURY,7
HANAN FLUSHABLE WATER WIPES 72PCS,31,4444.460095173352,ZENKO KENYA LIMITED,7
CADBURY 28G BUBBLY CHOCOLATE,31,2425.621854780734,HASBAH KENYA LTD CADBURY,7
TROP HEAT 18G SAFARI CHEESE,31,496.0,TROPICAL HEAT LTD,7
FELIX 85G CAT TROUT,31,4543.469411764707,MERIT AFRICA LTD,7
TROP HEAT 50G CHEVDA ORIGINAL,31,1539.5278490566038,TROPICAL HEAT LTD,7
MINUTE MAID 400ML TROPICAL JUICE,31,1926.8752429118774,COCA COLA BEVERAGES KENYA LTD,7
FESTIVE 400G POUNDCAKE SLICED VANILLA,31,4364.8,DPL FESTIVE  LIMITED,7
CADBURY 32G DAIRY MILK CHOCOLATE,31,3306.9979766536967,HASBAH KENYA LTD CADBURY,7
MINUTE MAID 1L TROPICAL JUICE,31,3624.5967988865696,COCA COLA BEVERAGES KENYA LTD,7
SIRIMON 250G EVERYDAY CHEESE,30,11829.707462686567,MORANI LIMITED,7
CLOVERS 100G BI-CARBONATE OF SODA BOX PACK,30,590.8412256267411,TRI CLOVER INDUSTRIES LTD,7
MILL BAKERS 260G QUEEN CAKE,30,2376.0,MILL BAKERS LIMITED,7
SPRITE 1.25L PET,29,3016.0,COCA COLA BEVERAGES KENYA LTD,7
DELAMERE 250ML VANILLA FRUIT YOG CUP,29,2724.8720000000003,BROOKSIDE DAIRY LIMITED,7
TENA 15S TOILET ROLL WHITE WRAPPED,29,15022.017365269463,AFRICAN COTTON INDUSTRIES LTD,7
KERICHO GOLD 200G TEA BAGS 100S,29,2899.036285888821,GOLD CROWN BEVERAGES K LTD,7
BIO 1L MAZIWA LALA NATURE PLAIN,29,2724.8720000000003,BIO FOOD PRODUCTS LTD,7
DELAMERE 250ML SBERRY FRUIT YOG CUP,29,2724.8720000000003,BROOKSIDE DAIRY LIMITED,7
TENA 200S SERVIETTES WHITE,28,4480.172307692308,AFRICAN COTTON INDUSTRIES LTD,7
BLUE BAND 250G MED FAT SPREAD,28,3544.6241924982314,SUPER SAVERS DISTRIBUTION LTD,7
FESTIVE TORTILLA WRAP 10 INCH,28,8050.3988005997,DPL FESTIVE  LIMITED,7
BIO ACTIVE 350ML CUCUMBER N MINT YOG DRINK,28,2630.9108965517244,BIO FOOD PRODUCTS LTD,7
FIESTA TOILET ROLLS WHITE 10S,28,9887.839739413681,AFRICAN COTTON INDUSTRIES LTD,7
DELAMERE 250ML LEMON BISCUIT FRUIT YOG CUP,28,2630.9108965517244,BROOKSIDE DAIRY LIMITED,7
SANTA MARIA 70G TOMATO PASTE SATCHET,28,837.0168224299066,DEBENHAM AND FEAR LTD,7
BROOKSIDE 230ML COOKING CREAM CUP,28,7900.4572112507485,BROOKSIDE DAIRY LIMITED,7
ROSY TOILET TISSUE WHITE 10PACK,27,6437.1756521739135,CHANDARIA INDUSTRIES  LTD,7
ISINYA 20S EGGS,27,8886.906552050703,ISINYA FEEDS LIMITED,7
GREEN FARM 15PK Y/YORK EGGS,27,7232.547335907337,GREEN FARM POULTRY,7
BIO 1LT GREEK YOGHURT NATURE PLAIN,27,2536.949793103449,BIO FOOD PRODUCTS LTD,7
MAYERS 18.9L STILL MINERAL WATER,27,1504.7188064191655,MALACHITE LIMITED,7
MCVITIES 400G DIGESTIVE BISCUIT,27,1484.2230355220668,WORLD BRANDS K LTD,7
ACACIA 200ML KIDS BLUE RASPBERRY,27,2409.547469262844,KEVIAN KENYA LTD,7
URBAN BITES 30G NYAM CHOM LTD EDITION,27,1190.1436363636365,NORDA INDUSTRIES LTD.,7
FELIX 85G CAT TUNA,27,4113.8254635352305,MERIT AFRICA LTD,7
FELIX 85G CHICKEN JUNIOR,27,4132.563582089552,MERIT AFRICA LTD,7
SKITTLES 38G FRUITY CANDY,27,3608.843319838057,RADBONE CLARK LIMITED MARS,7
SCHWEPPES 330ML GINGER ALE CAN,27,4365.102378737542,COCA COLA BEVERAGES KENYA LTD,7
VELVEX SERVIETTES 200S VALUE PACK,27,2509.8205597698143,CHANDARIA INDUSTRIES  LTD,7
BROOKSIDE 250ML CHOCOLATE,27,1482.1782277691086,BROOKSIDE DAIRY LIMITED,7
GREEN FARM 6S Y/YORK EGGS,27,8886.906552050703,GREEN FARM POULTRY,7
JAMAA 1KG BAR SOAP CREAM,27,2539.14293083406,KAPA OIL REFINERIES LTD,7
SUNLIGHT 700G LONG BAR YELLOW,27,2539.14293083406,UNILEVER KENYA LIMITED,7
MILL BAKERS 200G QUEEN CAKE,26,2745.6000000000004,MILL BAKERS LIMITED,7
ZENTA 1KG CREAM SOAP,26,2445.100600062428,GOLDEN AFRICA K LTD,7
PICK N PEEL 1LT PINEAPPLE JUICE,26,1826.3357718779046,KEVIAN KENYA LTD,7
CLUB SODA 350ML LEMONADE,26,1382.9478654950208,HIGHLANDS DRINKS LIMITED,7
MINUTE MAID 1L PULPY ORANGE,26,2320.3049704012574,COCA COLA BEVERAGES KENYA LTD,7
FLORA 100S SERVIETTES WHITE,26,1863.948897338403,AFRICAN COTTON INDUSTRIES LTD,7
LYONS 55ML RED DEVIL LOLLY,26,1435.831292517007,RAZCO LTD,7
ORCHID VALLEY 1L TROPICAL DELIGHT,26,1826.3357718779046,PREMIER FOODS  LIMITED,7
SUNLIGHT 1KG 2IN1 SPRING SENSATIONS,26,2250.464140204824,UNILEVER KENYA LIMITED,7
TUZO 500G MAZIWA LALA SATCHET,26,2442.988689655173,BROOKSIDE DAIRY LIMITED,7
PRAZIER 6S YELLOW YORK EGGS,26,8557.761864937715,PRAZIER POULTRIES,7
LAKI LAKI 700ML GREEK YOGHURT NATURAL GLS,25,2349.027586206897,LAKI LAKI LIMITED,7
SOFTLEAF SINGLE SERVIETTES,25,2323.9079257127914,KAPA OIL REFINERIES LTD,7
PEP 700G PREMIUM TOMATO KETCHUP,25,2163.9078271200233,PREMIER FOODS  LIMITED,7
TAMU TAMU 25G TUTTI FRUTY,25,1101.9848484848487,NORDA INDUSTRIES LTD.,7
VELVEX 140S PREM SILVER FACIAL TISSUES,25,2163.9078271200233,CHANDARIA INDUSTRIES  LTD,7
NESCAFE 1.5G CLASSIC SACHET,25,182.76335261670926,NESTLE KENYA LTD,7
TENA WHITE TOILET ROLL,25,8828.428338762214,AFRICAN COTTON INDUSTRIES LTD,7
KERICHO GOLD 100S ROUND TB,25,2499.1692119731215,GOLD CROWN BEVERAGES K LTD,7
KLEENEX SERVIETES 1 PLYX100S WHITE,25,2323.9079257127914,KIM FAY EAST AFRICA LTD,7
LEADAV YELLOW YOLK EGGS 6PACK,25,8228.617177824724,LEADAV POULTRY FARM LTD,7
WANPY 100G CHICKEN RAWHIDE CD10H,25,2163.9078271200233,BRAND ROYALTY LTD,7
HIGHLANDS 1.5LT MINERAL WATER,25,1393.25815409182,HIGHLANDS DRINKS LIMITED,7
LYONS 60ML CHOC STICK STICKLINE,25,1380.6070120355835,RAZCO LTD,7
GELX GEL PEN BLUE,25,408.0691209616829,ARGUS TRADING  CO LIMITED,7
FESTIVE 200G HALF POUNDCAKE SLICED VANILLA,25,2640.0,DPL FESTIVE  LIMITED,7
HEINZ 570G TOMATO KETCHUP,25,2163.9078271200233,HASBAH KENYA LTD,7
LAKI LAKI 100ML GREEK YOGHURT NATURAL,24,2255.066482758621,LAKI LAKI LIMITED,7
CADBURY 26.25G OREO CHOCOLATE,24,1319.309364908504,HASBAH KENYA LTD CADBURY,7
HC 220G CHEESE PORTION MOZZARELLA,24,9581.24640919914,HAPPY COW LIMITED,7
CARTOONS 30G TUTTI FRUTTI CRISPS,24,1057.9054545454546,PROPACK KENYA LTD,7
TROP HEAT 100G PAPRIKA JAR,24,2077.3515140352224,TROPICAL HEAT LTD,7
MAGIC 300ML SODA WATER,24,1276.5672604569422,KHETIA DRAPERS LTD,7
GILANI GOURMET 2KG ICE CUBE,24,3840.0,GILANI GOURMET LTD,7
EMBASSY BY DUNHILL RED 20S,24,8832.024295410101,NOBLE OUTLOOK LIMITED,7
TAMU TAMU 25G TOMATO KETCHUP,24,1057.9054545454546,NORDA INDUSTRIES LTD.,7
GOFRUT 1LT LEMON MINT MOJITO FRUIT DRINK,24,1685.8484048103735,EXCEL CHEMICALS LTD,7
KCC 1L PLAIN MALA  BOTTLE 69,24,2255.066482758621,NEW KENYA COOP CREAMERIES  LTD,7
KERICHO GOLD 100S TEA BAGS ENVELOPE,24,2399.202443494197,GOLD CROWN BEVERAGES K LTD,7
CIL 2KG RICE PISHORI,23,18343.228764790263,CAPWELL INDUSTRIES LTD,7
BROOKSIDE 500ML DAIRY BEST (POUCH),4479,195963.2160332206,BROOKSIDE DAIRY LIMITED,14
ILARA FRESH MILK 500ML SATCHET,1327,59685.674424501245,BROOKSIDE DAIRY LIMITED,14
TUZO 500ML FRESH MILK (POUCH),724,34172.83747290784,BROOKSIDE DAIRY LIMITED,14
BROOKSIDE 500ML TR FRESH MILK,676,35136.93345227476,BROOKSIDE DAIRY LIMITED,14
FESTIVE 400G MILKY WHITE SLICED,394,20488.091272369264,DPL FESTIVE  LIMITED,14
BIO 2L WHOLE FRESH MILK,379,96530.29907209137,BIO FOOD PRODUCTS LTD,14
BROOKSIDE 1LT UHT WHOLE MILK,372,46247.26126394052,BROOKSIDE DAIRY LIMITED,14
FESTIVE 800G WHITE MILKY BREAD,351,36504.0,DPL FESTIVE  LIMITED,14
FRESHA 500ML WHOLE MILK POUCH,347,15774.417738830249,GITHUNGURI DAIRY FARMERS,14
TUZO 500ML WHOLE MILK (FINO PACK) 180DAYS,341,13946.740828675156,BROOKSIDE DAIRY LIMITED,14
FESTIVE 600G FAMILY WHITE BREAD,336,26880.197449081807,DPL FESTIVE  LIMITED,14
NATURES 400G GOLD WHITE,329,17108.09226670406,DPL FESTIVE  LIMITED,14
TUZO 450ML ESL WHOLE MILK 90DAYS,312,11466.614226669566,BROOKSIDE DAIRY LIMITED,14
SOKO 2KG MAIZE MEAL,305,35659.80748365558,CAPWELL INDUSTRIES LTD,14
BROOKSIDE 500ML LACTOSE FREE UHT MILK FINO,299,18089.356755030345,BROOKSIDE DAIRY LIMITED,14
DAIMA 500ML WHOLE ESL POUCH,284,11120.807580692923,DEVYANI FOOD INDUSTRIES K LIMITED MILK AND YOGHURT,14
AJAB 2KG HOME BAKING FLOUR,259,33085.39238526446,GRAIN INDUSTRIES LIMITED,14
DAIMA 500ML FINO MAZIWA BORA,256,9760.11212333567,DEVYANI FOOD INDUSTRIES K LIMITED MILK AND YOGHURT,14
NATURES 600G WHITE BREAD,253,20240.200269856978,DPL FESTIVE  LIMITED,14
BROOKSIDE 250ML UHT WHOLE MILK,250,8400.096366965405,BROOKSIDE DAIRY LIMITED,14
DAIMA 450ML ESL MAZIWA BORA,236,8449.107260891338,DEVYANI FOOD INDUSTRIES K LIMITED MILK AND YOGHURT,14
EXE 2KG ALL PURPOSE FLOUR,229,29333.02770143352,UNGA LTD,14
TUZO 450ML ESL WHOLE MILK 30DAYS,227,10078.76689755742,BROOKSIDE DAIRY LIMITED,14
FRESHA MAISHA 250ML LONG LIFE MILK,203,4872.074486870772,GITHUNGURI DAIRY FARMERS,14
FRESHA MAISHA 500ML LONG LIFE MILK,186,8251.527125902361,GITHUNGURI DAIRY FARMERS,14
BIO 1L FRESH WHOLE MILK,175,23923.47903657449,BIO FOOD PRODUCTS LTD,14
JOGOO 2KG MAIZE MEAL,163,18908.84939110734,UNGA LTD,14
KABRAS 2KG WHITE SUGAR,153,39152.83113671491,WEST KENYA SUGAR COMPANY LTD,14
GOLD CROWN 500ML WHOLE MILK LONGLIFE FINO TFA 20,151,6603.943933054394,NEW KENYA COOP CREAMERIES  LTD,14
KCC 500ML FRESH WHOLE MILK TFA 21,150,6348.892128279884,NEW KENYA COOP CREAMERIES  LTD,14
NUTRAMEAL 1KG SUGAR,149,20542.45621414914,KAMILI PACKERS SUGAR ONLY,14
KCC 500ML FRESH W/MILK (POUCH)-84,148,6676.795399361023,NEW KENYA COOP CREAMERIES  LTD,14
ILARA  POUCH FRESH MILK 1LTR,138,12921.446868214467,BROOKSIDE DAIRY LIMITED,14
BROOKSIDE 2LTR FRESH MILK STANDARD BOTTLE,135,27750.06613226453,BROOKSIDE DAIRY LIMITED,14
KABRAS 1KG WHITE SUGAR,131,17538.413205678444,WEST KENYA SUGAR COMPANY LTD,14
PEMBE 2KG MAIZE MEAL,130,15288.512697938455,PEMBE FLOUR MILLS,14
NUTRAMEAL 2KG SUGAR,120,32012.454020777226,KAMILI PACKERS SUGAR ONLY,14
KCC 500ML GOLD CROWN  (POUCH)-55,116,5332.115564435565,NEW KENYA COOP CREAMERIES  LTD,14
BROOKSIDE 2LTR FRESH MILK WHOLE BOTTLE,108,22200.86455906822,BROOKSIDE DAIRY LIMITED,14
FESTIVE 400G WHOLE MEAL,103,5356.035919790759,DPL FESTIVE  LIMITED,14
BROOKSIDE 1LTR FRESH MILK STANDARD,102,10606.709735712673,BROOKSIDE DAIRY LIMITED,14
NATURES 800G WHITE BREAD,96,9984.15630936228,DPL FESTIVE  LIMITED,14
FESTIVE 600G FAMILY BRWN BREAD,89,7120.017623762376,DPL FESTIVE  LIMITED,14
BIO 2L SEMI SKIMMED FRESH MILK,87,21270.581195680803,BIO FOOD PRODUCTS LTD,14
BROOKSIDE 1L FARM FRESH MILK,86,8944.0,BROOKSIDE DAIRY LIMITED,14
BROOKSIDE 1L LACTOSE FREE UHT MILK,84,11707.523694568355,BROOKSIDE DAIRY LIMITED,14
FESTIVE 800G SUPREME WHOLE MEAL,84,8736.0,DPL FESTIVE  LIMITED,14
FESTIVE 400G FINEST SUPER SEEDED BREAD,83,8632.017849462365,DPL FESTIVE  LIMITED,14
FRESHA 5L WHOLE MILK,83,33165.12377850163,GITHUNGURI DAIRY FARMERS,14
SUPA 400G BUTTER TOAST BREAD,79,4108.142142254709,MINI BAKERIES NBI  LTD,14
BROOKSIDE 200ML  WHOLE MILK TCA,76,1945.6364617691156,BROOKSIDE DAIRY LIMITED,14
FESTIVE 300G 6S DELUXE ROLLS,73,7008.0,DPL FESTIVE  LIMITED,14
BROOKSIDE 1LT UHT LOWFAT MILK,72,8807.841059602648,BROOKSIDE DAIRY LIMITED,14
FESTIVE 400G WHITE SLICED,69,3477.7088757396455,DPL FESTIVE  LIMITED,14
BIO 1L FRESH SEMI SKIMMED MILK,69,8670.897777777778,BIO FOOD PRODUCTS LTD,14
SUPA 400G WHITE SLICED BREAD CT,68,3536.0,MINI BAKERIES NBI  LTD,14
MOLO UHT MILK 500ML ESL 90DAYS,67,2513.4059362403814,BROOKSIDE DAIRY LIMITED,14
FESTIVE 300G 6S PREM PLAIN BURGER BUNS,66,6336.0,DPL FESTIVE  LIMITED,14
FRESHA 500ML ASEPTIC WHOLE MILK,65,2808.0174438108024,GITHUNGURI DAIRY FARMERS,14
BROADWAY 400G WHITE SLICED BREAD,65,3380.0,BROADWAYS BAKERY LTD,14
AJAB 2KG MAIZE MEAL FLOUR,63,7825.175020016013,GRAIN INDUSTRIES LIMITED,14
AMAIZE 2KG PREMIUM MAIZE FLOUR,63,9231.365091610414,CAPWELL INDUSTRIES LTD,14
PEMBE 2KG HOMEBAKING,62,7570.228914057295,PEMBE FLOUR MILLS,14
DAIMA 200ML WHOLE MILK FINO TETRA 180DAYS,59,1208.920954907162,DEVYANI FOOD INDUSTRIES K LIMITED MILK AND YOGHURT,14
RINSUN 5LT SUNFLOWER OIL,54,68686.49432703004,KAPA OIL REFINERIES LTD,14
SUPA LOAF WHITE BREAD 600G,50,4000.0,MINI BAKERIES NBI  LTD,14
MUMIAS 2KG SUGAR,49,12574.912967098406,Unknown,14
BROADWAY 400G NATURAL BROWN BREAD,48,2496.0929332042597,BROADWAYS BAKERY LTD,14
NATURES 400G GOLD  BROWN,46,2392.0891472868216,DPL FESTIVE  LIMITED,14
SUPA 600G WHITE BUTTER TOAST,45,3600.0,MINI BAKERIES NBI  LTD,14
BUTTERFLY 1KG SOOJI (SEMOLINA),40,6646.25141562854,SPICE WORLD LTD,14
BIO 1L BARISTA FRESH MILK,40,5727.5,BIO FOOD PRODUCTS LTD,14
HOSTESS 2KG FLOUR,40,4847.9663959531545,UNGA LTD,14
KINGSMIL 400G KUBWA WAO WHITE BREAD,40,2080.0,KENAFRIC BAKERY LTD,14
MUMIAS 1KG SUGAR,39,5050.80423363387,Unknown,14
SOKO 1KG MAIZE MEAL FLOUR,38,2409.247522847523,CAPWELL INDUSTRIES LTD,14
RINA 5LT VEGETABLE OIL,38,37007.05605536332,KAPA OIL REFINERIES LTD,14
RINSUN 3LT SUNFLOWER OIL,37,32379.208721986673,KAPA OIL REFINERIES LTD,14
RINSUN 2LT SUNFLOWER OIL,37,22425.798230088498,KAPA OIL REFINERIES LTD,14
EXE 2KG CHAPATI FLOUR,37,5011.179661016949,UNGA LTD,14
KINGSMIL 200G SLICED WHITE BREAD,36,1008.0820980615734,KENAFRIC BAKERY LTD,14
TUZO 250ML UHT WHOLE MILK,35,1120.0,BROOKSIDE DAIRY LIMITED,14
BROADWAYS 600G WHITE BREAD,35,2772.1602034329308,BROADWAYS BAKERY LTD,14
EXE 2KG SELF RAISING,35,4901.835497835497,UNGA LTD,14
GOLD CROWN 500ML LACTOSE FREE MILK TFA,35,1553.9948960991617,NEW KENYA COOP CREAMERIES  LTD,14
EXE 1KG ALL PURPOSE,34,2328.698199875854,UNGA LTD,14
FRESHA 2LT WHOLE MILK,33,5544.0,GITHUNGURI DAIRY FARMERS,14
SUPA 800G SWICH WHITE BREAD,33,3432.0,MINI BAKERIES NBI  LTD,14
BROOKSIDE 250ML UHT LOW FAT MILK,33,1108.8,BROOKSIDE DAIRY LIMITED,14
BIO 1L FRESH SKIMMED MILK,32,3939.442904290429,BIO FOOD PRODUCTS LTD,14
DAIMA 200ML MILK FINO BORA,32,639.4362853039731,DEVYANI FOOD INDUSTRIES K LIMITED MILK AND YOGHURT,14
FESTIVE 350G SLICED SUB ROLLS 4S,31,3472.0,DPL FESTIVE  LIMITED,14
KINGSMIL 400G KUBWA WAO BROWN BREAD,31,1612.0,KENAFRIC BAKERY LTD,14
NATURES 600G BROWN BREAD,30,2400.0,DPL FESTIVE  LIMITED,14
SUPA 400G BARREL WHITE BREAD,29,1508.0361089494168,MINI BAKERIES NBI  LTD,14
BROADWAY 800G WHITE SANDWICH SLICED BREAD,29,3016.035913312694,BROADWAYS BAKERY LTD,14
FESTIVE 350G LONG SLICED ROLLS 4S,28,2240.0,DPL FESTIVE  LIMITED,14
DAIMA 500ML UHT PLAIN FINO 180DAYS,28,1170.918124207858,DEVYANI FOOD INDUSTRIES K LIMITED MILK AND YOGHURT,14
AJAB 1KG HOME BAKING FLOUR,28,3393.5764771672084,GRAIN INDUSTRIES LIMITED,14
BROOKSIDE 3L FARM FRESH MILK,27,1198.7960627050675,BROOKSIDE DAIRY LIMITED,14
RINSUN 1LT SUNFLOWER OIL,26,24036.78739067651,KAPA OIL REFINERIES LTD,14
SOKO 2KG HOMEBAKING FLOUR,26,3127.7441894892677,CAPWELL INDUSTRIES LTD,14
TUZO 200ML UHT WHOLE MILK,25,1109.996354356544,BROOKSIDE DAIRY LIMITED,14
SUPA 800G WHITE BUTTER TOAST,24,1920.0,MINI BAKERIES NBI  LTD,14
AMAIZE 2KG SIFTED MAIZE FLOUR,24,2908.779837571893,CAPWELL INDUSTRIES LTD,14
KINGSMIL 200G SLICED BROWN BREAD,24,1920.0,KENAFRIC BAKERY LTD,14
BROADWAY 200G WHITE KADOGO  BREAD,24,1920.0,BROADWAYS BAKERY LTD,14
NUTRAMEAL 5KG SUGAR,23,4528.351443679274,KAMILI PACKERS SUGAR ONLY,14
FAMILA 1KG PURE WIMBI FLOUR,22,2666.381517774235,UNGA LTD,14
EXE 1KG SELF RAISING,22,2666.381517774235,UNGA LTD,14
FRESH FRI 250ML COOKING OIL,21,19414.328277084875,PWANI OIL PRODUCTS LTD.,14
EXE 2KG MANDAZI FLOUR,21,2545.182357875406,UNGA LTD,14
TUZO 1L UHT WHOLE MILK,20,887.9970834852352,BROOKSIDE DAIRY LIMITED,14
BROOKSIDE 500ML PLUS+ LOW FAT UHT MILK TFA,18,799.1973751367117,BROOKSIDE DAIRY LIMITED,14
SUPA 200G SWEET BREAD,18,1440.0,MIBISCO LTD,14
SUPA 600G BARREL WHITE BREAD,18,1440.0,MINI BAKERIES NBI  LTD,14
NESCAFE GOLD 12.5G CAPPUCCINO REDUCED SUGAR STICK,17,3347.0423714151157,NESTLE KENYA LTD,14
RINA 1LT VEGETABLE OIL JERRICAN,16,14791.869163493237,KAPA OIL REFINERIES LTD,14
KINGSMIL 400G SWICH WHITE BREAD,16,1280.0,KENAFRIC BAKERY LTD,14
RINSUN 500ML SUNFLOWER OIL,16,14791.869163493237,KAPA OIL REFINERIES LTD,14
RINA 2L VEGETABLE OIL JERRICAN,15,13867.377340774909,KAPA OIL REFINERIES LTD,14
BROADWAY 800G BROWN SANDWICH SLICED BREAD,15,1200.0,BROADWAYS BAKERY LTD,14
FESTIVE 400G ZERO WHITE BREAD SF,15,1200.0,DPL FESTIVE  LIMITED,14
BROADWAYS 600G BROWN BREAD,14,1120.0,BROADWAYS BAKERY LTD,14
KINGSMIL 800G SWICH WHITE BREAD,14,1120.0,KENAFRIC BAKERY LTD,14
KINGSMIL 600G SWICH WHITE BREAD,14,1120.0,KENAFRIC BAKERY LTD,14
KCC 450ML ASCEPTIC WHOLE MILK 30,13,577.1981042654029,NEW KENYA COOP CREAMERIES  LTD,14
BUTTERFLY 2KG ATTA MARK 1 FLOUR,13,1575.5890786847754,SPICE WORLD LTD,14
JOGOO 1KG MAIZE MEAL,13,1575.5890786847754,UNGA LTD,14
CAPTAIN COOK 5L PURE CORN OIL,12,11093.901872619928,KAPA OIL REFINERIES LTD,14
RINSUN 750ML SUNFLOWER OIL,12,11093.901872619928,KAPA OIL REFINERIES LTD,14
AJAB 2KG MANDAZI FLOUR,12,1454.3899187859465,GRAIN INDUSTRIES LIMITED,14
FRESH FRI 1LT COOKING OIL,12,11093.901872619928,PWANI OIL PRODUCTS LTD.,14
BUTTERFLY 1KG ATTA MARK 1 FLOUR,12,1454.3899187859465,SPICE WORLD LTD,14
FESTIVE 1.5KG WHITE MILKY BREAD,12,960.0,DPL FESTIVE  LIMITED,14
BROOKSIDE 1LT PLUS+ FAT FREE UHT MILK TBA,12,532.7982500911412,BROOKSIDE DAIRY LIMITED,14
VELVEX EXTRA 10S TOILET TISSUE UNWARAPPED,12,11093.901872619928,CHANDARIA INDUSTRIES  LTD,14
BROOKSIDE 500ML PLUS+ FAT FREE UHT MILK TFA,12,532.7982500911412,BROOKSIDE DAIRY LIMITED,14
FRESH FRI 2LT COOKING OIL,12,11093.901872619928,PWANI OIL PRODUCTS LTD.,14
RINA 500ML VEGETABLE OIL,11,10169.4100499016,KAPA OIL REFINERIES LTD,14
PEMBE 5KG MAIZE MEAL,11,1333.1907588871175,PEMBE FLOUR MILLS,14
RINA 3LT VEGETABLE  OIL,11,10169.4100499016,KAPA OIL REFINERIES LTD,14
BUTTERFLY 1KG GRAM FLOUR,10,1211.9915989882886,SPICE WORLD LTD,14
KINGSMIL 600G SWICH BROWN BREAD,10,800.0,KENAFRIC BAKERY LTD,14
FESTIVE 400G SILINDA WHITE BREAD,10,800.0,DPL FESTIVE  LIMITED,14
FESTIVE 400GM BROWN SLICED,10,800.0,DPL FESTIVE  LIMITED,14
CLOVERS 500G CASTER SUGAR,9,1771.9636083962378,TRI CLOVER INDUSTRIES LTD,14
SOKO 2KG NUTRIGO WHOLE GRAIN MAIZE MEAL,9,1090.7924390894598,CAPWELL INDUSTRIES LTD,14
SOKO 5KG MAIZE MEAL BAG,8,969.5932791906309,CAPWELL INDUSTRIES LTD,14
BROADWAYS 200G MANDO BITES 4S,8,640.0,BROADWAYS BAKERY LTD,14
SUPA 1.5KG BUTTER TOAST BREAD,8,640.0,MINI BAKERIES NBI  LTD,14
AJAB 2KG SELF RAISING FLOUR,8,969.5932791906309,GRAIN INDUSTRIES LIMITED,14
KINGSMIL 250G SCONES,8,640.0,KENAFRIC BAKERY LTD,14
FESTIVE 400G SILINDA  BROWN BREAD,8,640.0,DPL FESTIVE  LIMITED,14
SUPA 500G BREAD CRUMBS,8,640.0,MIBISCO LTD,14
KINGSMIL 800G SWICH BROWN BREAD,8,640.0,KENAFRIC BAKERY LTD,14
BROADWAY 400G PREMIUM SANDWICH BREAD,8,640.0,BROADWAYS BAKERY LTD,14
SUPA 600G BARREL BROWN BREAD,7,560.0,MINI BAKERIES NBI  LTD,14
SUPA 500G LARGE SCONES,7,560.0,MIBISCO LTD,14
BROADWAY 400G 50/50 BREAD,7,560.0,BROADWAYS BAKERY LTD,14
SUPA 350G MEDIUM SCONES,7,560.0,MIBISCO LTD,14
JOGOO 2KG WIMBI MEAL,7,848.3941192918021,UNGA LTD,14
AVENA 5L VEGETABLE OIL,6,5546.950936309964,GOLDEN AFRICA K LTD,14
RHARVEST 400G WHITE BREAD CLASSIC,6,480.0,RABAI FOODS LIMITED,14
SUPA 400G SUPA SWEET BREAD,6,480.0,MIBISCO LTD,14
NATURES 800G BROWN BREAD,6,480.0,DPL FESTIVE  LIMITED,14
SUPA 1.5KG WHITE SLICED BREAD,6,480.0,MINI BAKERIES NBI  LTD,14
FESTIVE 300G 6S PREM BROWN BURGER BUNS,6,480.0,DPL FESTIVE  LIMITED,14
EXE 2KG ATTA MARK 1,6,727.1949593929733,UNGA LTD,14
SUPA 220G SMALL SCONES,5,400.0,MIBISCO LTD,14
SUPA LOAF 400G SUPA NUTRI BREAD,5,400.0,MINI BAKERIES NBI  LTD,14
BROOKSIDE 1L FUNCTIONAL UHT MILK VIT A & D,5,221.9992708713088,BROOKSIDE DAIRY LIMITED,14
PEMBE 1KG PURE WIMBI PORRIDGE,5,605.9957994941443,PEMBE FLOUR MILLS,14
SIMPLIFINE 600G WHOLEMEAL LOAF,5,400.0,BIGCOLD KENYA SIMPLIFINE SHELF BREAD,14
FESTIVE 1.5KG BROWN BREAD,5,400.0,DPL FESTIVE  LIMITED,14
HUSEINI 400G BREAD CRUMBS,5,400.0,HUSEINI BAKERY LTD,14
SIMPLIFINE 800G WHITE FAMILY LOAF,5,400.0,BIGCOLD KENYA SIMPLIFINE SHELF BREAD,14
SOKO 1KG HOMEBAKING FLOUR,5,605.9957994941443,CAPWELL INDUSTRIES LTD,14
AVENA 3L VEGETABLE OIL,3,2773.475468154982,GOLDEN AFRICA K LTD,14
SIMPLIFINE 800G WHOLEMEAL LOAF,4,320.0,BIGCOLD KENYA SIMPLIFINE SHELF BREAD,14
RHARVEST 400G WHOLE GRAIN BREAD BROWN LONG,4,320.0,RABAI FOODS LIMITED,14
CAPTAIN COOK 1LT CORN OIL,3,2773.475468154982,KAPA OIL REFINERIES LTD,14
KINGSMIL 300G CLUSTER BUNS,4,320.0,KENAFRIC BAKERY LTD,14
SUPA 250G BREADCRUMBS,4,320.0,MIBISCO LTD,14
SIMPLIFINE 600G BROWN LOAF,4,320.0,BIGCOLD KENYA SIMPLIFINE SHELF BREAD,14
RHARVEST 600G WHITE TOAST BREAD,4,320.0,RABAI FOODS LIMITED,14
BROADWAY 200G MAICHO DONUTS 4PC,4,320.0,BROADWAYS BAKERY LTD,14
CLOVERS 1KG BROWN SUGAR,4,787.539381509439,TRI CLOVER INDUSTRIES LTD,14
SUPA 300G LONG BUNS,4,320.0,MIBISCO LTD,14
SUPA 325G SIMSIM BUNS,4,320.0,MIBISCO LTD,14
SUPA 300G ROUND BUNS,3,240.0,MIBISCO LTD,14
KINGSMIL 380G WHOLEMEAL SLICED BURGER 6S,2,160.0,KENAFRIC BAKERY LTD,14
TOTAL,48293,4180064.0278042913,Total,14
V22 BAG 10 X 15 X 22 30G,578,4625.120457614999,POLYTHENE INDUSTRIES LIMITED,14
V25 CARRIER BAG,521,8336.947441611697,POLYTHENE INDUSTRIES LIMITED,14
WHITE CAP 500ML LAGER CANS,374,68332.85014706258,KENYA BREWERIES LTD,14
QUENCHER 300ML DRINKING WATER,360,5551.975458486162,EXCEL CHEMICALS LTD,14
AQUAMIST 300ML MINERAL WATER,328,8049.374781112027,AQUAMIST LIMITED,14
QUENCHER 500ML DRINKING WATER,305,6453.461284887555,EXCEL CHEMICALS LTD,14
QUENCHER 1LT DRINKING WATER,274,10561.837674525064,EXCEL CHEMICALS LTD,14
KERINGET 500ML MINERAL WATER,253,11363.928638153679,COCA COLA BEVERAGES KENYA LTD,14
COKE PET 350ML,240,9332.019209456965,COCA COLA BEVERAGES KENYA LTD,14
BIO 200ML GREEK STYLE NATURE PLAIN YOGHURT,222,30701.29714466336,BIO FOOD PRODUCTS LTD,14
AQUAMIST 500ML MINERAL WATER,216,8527.199496327388,AQUAMIST LIMITED,14
DUNHILL 20S SWITCH,205,77080.0,NOBLE OUTLOOK LIMITED,14
TUSKER CAN 500ML BEER,204,34712.26084489885,KENYA BREWERIES LTD,14
EMBASSY BY DUNHILL BLUE 20S,200,73600.20246175084,NOBLE OUTLOOK LIMITED,14
KERINGET 18.9LT MINERAL WATER REFIL,193,92429.453691765,COCA COLA BEVERAGES KENYA LTD,14
COKE PET 500ML,188,9999.77687357938,COCA COLA BEVERAGES KENYA LTD,14
COKE ZERO 330ML CAN,175,13520.073948704598,COCA COLA BEVERAGES KENYA LTD,14
COKE ZERO 500ML PET,171,8915.995957651588,COCA COLA BEVERAGES KENYA LTD,14
AQUAMIST 1LTR SPARKLING WATER,166,12620.305982001062,AQUAMIST LIMITED,14
SCHWEPPES TONIC WATER 500ML PET,157,9531.15652906487,COCA COLA BEVERAGES KENYA LTD,14
AQUAMIST 20LT MINERAL WATER,146,61608.73460387462,AQUAMIST LIMITED,14
BROOKSIDE 500ML NATURAL LALA BOTTLE,138,9936.295088539928,BROOKSIDE DAIRY LIMITED,14
COKE 330ML CAN,137,10692.002368265248,COCA COLA BEVERAGES KENYA LTD,14
DL 37G FILLED CHOCOLATES MINT CHOC,137,7637.0769674627345,GLACIER PRODUCTS LTD 2ND,14
MAYERS 1L SPARKLING WATER PLASTIC,132,10162.252201039862,MALACHITE LIMITED,14
SAFARI 300ML LEMONADE LIME DRINK,130,5051.577708549672,BOUNTY LIMITED,14
NUTFIELDS 20G CASHEW NUTS ROASTED AND SALTED,130,7280.0,KENYA NUT COMPANY,14
MAGGI 4G 28S CUBE FORTIFIED,129,10948.961681598897,NESTLE KENYA LTD,14
TUSKER 500ML LAGER BEER,128,21401.600000000002,KENYA BREWERIES LTD,14
COCA COLA 300ML,128,4096.0,COCA COLA BEVERAGES KENYA LTD,14
COCA COLA 300ML EMPTY BOTTLE,128,1536.0,COCA COLA BEVERAGES KENYA LTD,14
NUTFIELD 20G MAC NUTS LOCAL,128,6553.6,KENYA NUT COMPANY,14
AQUAMIST 500ML SPARKLING WATER,127,6999.954846989824,AQUAMIST LIMITED,14
NUTFIELDS 20G MIXED NUTS,124,5456.0,KENYA NUT COMPANY,14
WHITE CAP 500ML LAGER BEER,124,23708.800000000003,KENYA BREWERIES LTD,14
ISINYA 6S EGGS,123,12319.493085249384,ISINYA FEEDS LIMITED,14
BIO 150ML VANILLA YOGHURT,121,11254.534855004678,BIO FOOD PRODUCTS LTD,14
SPRITE PET 350ML,117,4551.800902867716,COCA COLA BEVERAGES KENYA LTD,14
SCHWEPPES SODA WATER 500ML PET,117,7082.751178332748,COCA COLA BEVERAGES KENYA LTD,14
KRACKLES BANG BANG CHILLI 30G,114,5025.05090909091,PROPACK KENYA LTD,14
GUINNESS 500ML CAN,113,20673.694271208507,KENYA BREWERIES LTD,14
KRACKLES POTATO CRISP BBQ30G,113,4933.254643962849,PROPACK KENYA LTD,14
NESTLE 41.5G KITKAT 4 FINGER MILK,113,15103.677597840759,GLACIER PRODUCTS LTD 2ND,14
BALOZI 500ML CAN,108,17758.32507301331,KENYA BREWERIES LTD,14
HIGHLANDS 500ML MINERAL WATER,106,2120.036016139308,HIGHLANDS DRINKS LIMITED,14
TUSKER LITE 500ML CAN,105,21719.990258481423,KENYA BREWERIES LTD,14
ILARA 500ML MAZIWA LALA,104,7488.0,BROOKSIDE DAIRY LIMITED,14
ISINYA 30S EGGS,100,43302.63858093126,ISINYA FEEDS LIMITED,14
KRACKLES CHEESE & ONION 30G,100,4432.716472469729,PROPACK KENYA LTD,14
OLA 40G CHEESE CRUNCH TORTILA CHIPS,99,5102.126213592233,PROPACK KENYA LTD,14
URBAN STIX 35G BARBEQUE SNACKS,99,2772.0,NORDA INDUSTRIES LTD.,14
GOLD CROWN 500ML ASEPTIC LONG LIFE 24,99,3863.7446375582876,NEW KENYA COOP CREAMERIES  LTD,14
SPRITE PET 500ML,98,5181.699244455277,COCA COLA BEVERAGES KENYA LTD,14
COKE PET 2LTS,95,12511.122184954482,COCA COLA BEVERAGES KENYA LTD,14
MAYERS 500ML SPARKLING WATER PLASTIC,93,5530.417563739377,MALACHITE LIMITED,14
WRIGLEYS ORBIT 10S PEPPERMINT SF,92,5048.390927835052,RADBONE CLARK LIMITED MARS,14
WRIGLEYS P.K 10S CHEWING GUM PEPPERMINT,91,1941.8225057412608,RADBONE CLARK LIMITED MARS,14
KABARNET 300ML MINERAL WATER,89,1355.3810460901088,KHETIA DRAPERS LTD,14
FANTA ORANGE PET 350ML,88,3427.2745965834433,COCA COLA BEVERAGES KENYA LTD,14
SPRITE 330ML CAN REGULAR,87,6718.405961199293,COCA COLA BEVERAGES KENYA LTD,14
WRIGLEYS JUICY FRUIT 10S CLASSIC,87,1855.9819735819738,RADBONE CLARK LIMITED MARS,14
KERINGET 1LT MINERAL WATER,86,5976.437138508372,COCA COLA BEVERAGES KENYA LTD,14
DASANI 500ML MINERAL WATER,85,2284.005017561465,COCA COLA BEVERAGES KENYA LTD,14
AQUAMIST 1LT MINERAL WATER,85,5203.179079022172,AQUAMIST LIMITED,14
ISINYA 15S EGGS,85,21094.382093899072,ISINYA FEEDS LIMITED,14
OLA 40G MEXICAN CRUNCH TORTILA CHIPS,85,4383.646694214877,PROPACK KENYA LTD,14
PICK N PEEL 250ML MANGO,85,4811.862342892008,KEVIAN KENYA LTD,14
TENA 10S WHITE TOILET ROLLS,85,30646.16565433462,AFRICAN COTTON INDUSTRIES LTD,14
WRIGLEYS ORBIT 10S BUBBLEMINT SF,81,4453.570723404255,RADBONE CLARK LIMITED MARS,14
DUNHILL 20S DOUBLE CAP,80,30080.0,NOBLE OUTLOOK LIMITED,14
BIO 150ML STRAWBERRY YOGHURT,80,7566.182979959338,BIO FOOD PRODUCTS LTD,14
FANTA ORANGE PET 500ML,80,4227.978329056174,COCA COLA BEVERAGES KENYA LTD,14
PICK N PEEL 250ML TROPICAL MIX,79,4474.593617021276,KEVIAN KENYA LTD,14
MAYERS 1LT SPRING MINERAL WATER,79,4451.088912504429,MALACHITE LIMITED,14
PREDATOR 400ML ENERGY DRINK PET,78,3929.0455331010457,COCA COLA BEVERAGES KENYA LTD,14
VELVEX 100S WHITE SERVIETTES,78,7250.592728223908,CHANDARIA INDUSTRIES  LTD,14
KNORR 51G 6S CHICKEN CUBES,78,5880.828024727702,UNILEVER KENYA LIMITED,14
MENENGAI CREAM 1KG SOAP,75,12299.92171372931,MENENGAI O REFINERIES LTD,14
BIO 150ML NATURAL YOGHURT,75,6923.357142857143,BIO FOOD PRODUCTS LTD,14
KRACKLES SALT&VINEGAR 30GM,75,3250.983170947741,PROPACK KENYA LTD,14
WRIGLEYS P.K 10S CHEWING GUM MENTHOL,74,1576.7897172236505,RADBONE CLARK LIMITED MARS,14
COKE 1.25L PET,72,7362.0552760535775,COCA COLA BEVERAGES KENYA LTD,14
PICK N PEEL 250ML APPLE,71,4042.2273858921167,KEVIAN KENYA LTD,14
PICK N PEEL 250ML PINEAPPLE JUICE,70,3954.059628200632,KEVIAN KENYA LTD,14
AQUAMIST 1.5LT MINERAL WATER,70,5166.126888217523,AQUAMIST LIMITED,14
FANTA ORANGE PET 2LTS,70,8595.024699176696,COCA COLA BEVERAGES KENYA LTD,14
COKE ZERO SUGAR 300ML,69,2208.0,COCA COLA BEVERAGES KENYA LTD,14
COKE ZERO SUGAR 300ML EMPTY BOTTLE,69,828.0,COCA COLA BEVERAGES KENYA LTD,14
BROOKSIDE 500ML SWEET LALA BOTTLE,69,5244.019375219375,BROOKSIDE DAIRY LIMITED,14
FANTA BLACKCURRANT PET 500ML,69,3652.7697110594486,COCA COLA BEVERAGES KENYA LTD,14
COKE ZERO 2L PET,69,9139.965683646113,COCA COLA BEVERAGES KENYA LTD,14
AQUACLEAR 500ML MINERAL WATER,68,1701.5760363086235,DEVYANI FOOD INDUSTRIES K LIMITED MILK AND YOGHURT,14
DASANI 1L MINERAL WATER,68,3141.3862979258333,COCA COLA BEVERAGES KENYA LTD,14
ILARA 500ML TNC PLAIN CUP,67,6295.393931034484,BROOKSIDE DAIRY LIMITED,14
KERINGET 1LT SPARKLING MINERAL WATER,67,5645.495100458232,COCA COLA BEVERAGES KENYA LTD,14
SUNLIGHT 175G PURE SOAP YELLOW,66,3761.51991991992,UNILEVER KENYA LIMITED,14
MAYERS 500ML STILL MINERAL WATER,65,2489.178812655528,MALACHITE LIMITED,14
KIRICHWA 2KG ICE CUBES,65,10400.0,KIRICHWA WATER LIMITED,14
SPRITE SODA PET 2LTS,65,8010.128950036205,COCA COLA BEVERAGES KENYA LTD,14
BROOKSIDE 1L NATURAL LALA BOTTLE,65,8580.054794520549,BROOKSIDE DAIRY LIMITED,14
SMIRNOFF 330ML PINEAPPLE PUNCH ICE CAN,64,10346.909342192692,UDV KENYA LIMITED,14
MR.BERRYS KING KUBWA XXL STRAWBERRY LOLLIPOP,63,829.0011976047905,MZURI SWEETS LIMITED,14
BIO 200ML GREEK STYLE YOGHURT VANILLA,62,8543.714814814815,BIO FOOD PRODUCTS LTD,14
FANTA BLACK CURRANT 350ML PET,62,2409.846969195098,COCA COLA BEVERAGES KENYA LTD,14
SNICKERS 40G SINGLE CHOCO BAR,62,8131.851728553136,RADBONE CLARK LIMITED MARS,14
CARTOONS 30G TANGY TOMATO CRISPS,62,2792.1619596541786,PROPACK KENYA LTD,14
AQUAMIST 5LT MINERAL WATER,62,10615.731195538512,AQUAMIST LIMITED,14
FANTA BLACKCURRANT PET 2LTS,62,7579.88869804191,COCA COLA BEVERAGES KENYA LTD,14
OREO 55.2G ORIGINAL COOKIES,61,3353.2446358091142,HASBAH KENYA LTD CADBURY,14
VELVEX SNOW WHITE 10 PACK,61,22312.640723981902,CHANDARIA INDUSTRIES  LTD,14
PILSNER 500ML LAGER BEER,61,10199.2,KENYA BREWERIES LTD,14
BIO 150ML BERRY COCKTAIL YOGHURT,60,5351.7232897770955,BIO FOOD PRODUCTS LTD,14
KRAC KURLS 25G TANGY CHEESE,60,1876.296943231441,PROPACK KENYA LTD,14
ROTHMANS SWITCH BLUE 20S,58,16936.036781609193,NOBLE OUTLOOK LIMITED,14
BROOKSIDE 500G SALTED BUTTER,57,34252.0678288431,BROOKSIDE DAIRY LIMITED,14
ISINYA 12S EGGS,56,11297.153682167407,ISINYA FEEDS LIMITED,14
PICK N PEEL 250ML ORANGE JUICE,56,4240.307599396076,KEVIAN KENYA LTD,14
MR.BERRYS KING KUBWA XXL PASSION LOLLIPOP,56,742.8260211800302,MZURI SWEETS LIMITED,14
FELIX 85G CAT CHICKEN,55,8380.014833127321,MERIT AFRICA LTD,14
FC 100G (30D) COLLAR BACON,55,7892.313224131043,FARMERS CHOICE LTD,14
HEINEKEN 500ML CAN BEER,55,12523.373134328358,KENYA WINE AGENCIES KWAL,14
BIO 90ML NATURAL Y0GHURT,53,3349.6000000000004,BIO FOOD PRODUCTS LTD,14
PICK N PEEL 1L ORANGE JUICE,53,13852.933850797757,KEVIAN KENYA LTD,14
FC 500G (14D) FRESH SAFARI BEEF SAUSAGE,52,15233.281618887015,FARMERS CHOICE LTD,14
PICK N PEEL 1LT APPLE,52,10755.784840323202,KEVIAN KENYA LTD,14
KRAC KURLS 25G CHILLI LEMON,52,1625.979194368401,PROPACK KENYA LTD,14
DAIMA 500ML NATURAL PROBIOTIC CUP,51,4832.1832460732985,DEVYANI FOOD INDUSTRIES K LIMITED MILK AND YOGHURT,14
FANTA PASSION PET 2LTS,51,6230.956727119359,COCA COLA BEVERAGES KENYA LTD,14
MENENGAI CREAM 800G SOAP,50,6554.596774193548,MENENGAI O REFINERIES LTD,14
BIO 150ML MANGO YOGHURT,49,4640.393869731801,BIO FOOD PRODUCTS LTD,14
LYONS 60ML TOFF N CHOCO W NUTS STICKLINE,49,2694.071578947369,RAZCO LTD,14
ROYCO 4G 40S BEEF CUBES,49,5379.294419030192,UNILEVER KENYA LIMITED,14
KCC 500ML FILPACK MALA,48,2491.331904983698,NEW KENYA COOP CREAMERIES  LTD,14
FANTA PASSION 500ML PET,47,2501.0036295951604,COCA COLA BEVERAGES KENYA LTD,14
OREO 31.3G ENROBED,47,2406.1812136325852,HASBAH KENYA LTD CADBURY,14
BLUE BAND 500G MED FAT SPREAD,46,10102.428577498795,SUPER SAVERS DISTRIBUTION LTD,14
DL 70ML MINI FIESTA CLASSIC,45,2485.506646971935,GLACIER PRODUCTS LTD G P,14
GREEN FARM 30S Y/YORK EGGS,45,20164.37253960634,GREEN FARM POULTRY,14
MINUTE MAID 400ML APPLE JUICE,45,2841.986535473848,COCA COLA BEVERAGES KENYA LTD,14
FESTIVE TORTILLA WRAP 8 INCH,45,9880.734939759037,DPL FESTIVE  LIMITED,14
MARS SINGLE BARS 40G,44,6186.317570252626,RADBONE CLARK LIMITED MARS,14
SOFTLEAF 10S VIRGIN TOILET PAPER,44,15201.550136686716,KAPA OIL REFINERIES LTD,14
SAVANA DRY PREMIUM CIDER 340ML,44,9973.660268317853,KENYA WINE AGENCIES KWAL,14
FC 200G (30D) FRESH SANDWICH HAM,44,10336.241666666667,FARMERS CHOICE LTD,14
KNORR 51G 6S BEEF CUBES,44,3302.047798742138,UNILEVER KENYA LIMITED,14
BLUE BAND 1KG MED FAT SPREAD,43,16464.663715521387,SUPER SAVERS DISTRIBUTION LTD,14
URBAN STIX 35G THAI SWEET CHILLI SNACKS,43,1204.0,NORDA INDUSTRIES LTD.,14
FC 200G (30D) FRESH STREAKY BACON,43,15275.482066869303,FARMERS CHOICE LTD,14
MR BERRYS TOOGOODY TOFFEE BARS,43,344.93209144792553,MZURI SWEETS LIMITED,14
PICK N PEEL 1LT TROPICAL MIX,43,8951.502213848327,KEVIAN KENYA LTD,14
OREO 26.25G ORIGINAL,42,1487.6689655172415,HASBAH KENYA LTD CADBURY,14
KETEPA 500G FAHARI YA KENYA,42,8128.943416181915,KENYA TEA PACKERS KETEPA,14
MINUTE MAID 1L APPLE JUICE,42,4843.849137931034,COCA COLA BEVERAGES KENYA LTD,14
BIO 90ML VANILLA,42,2654.4,BIO FOOD PRODUCTS LTD,14
MILL BAKERS 300G  ENGLISH MUFFINS,42,4435.200000000001,MILL BAKERS LIMITED,14
BROOKSIDE 250ML VANILLA,42,2306.202609188883,BROOKSIDE DAIRY LIMITED,14
MAYERS 750ML GLASS SPARKLING WATER,41,3247.2000000000003,MALACHITE LIMITED,14
MAYERS 750ML GLASS SPARKLING EMPTY BOTTLE,41,3116.0,MALACHITE LIMITED,14
MACCOFFEE 15G WHITE 3 IN 1 COFFEE,41,652.830017055145,CHANDARIA INDUSTRIES LTD MACCOFFEE,14
STIMOROL 14G 10S WILD BERRY,41,2132.1386473429952,HASBAH KENYA LTD CADBURY,14
DL 70ML MINI FIESTA CARAMEL N NUTS,41,2264.195499738357,GLACIER PRODUCTS LTD G P,14
FC 1KG (14D) FRESH PORK VALUE PACK,41,22996.73340095087,FARMERS CHOICE LTD,14
HANAN 10PK TISSUE PAPER,41,14478.622475570033,ZENKO KENYA LIMITED,14
LAKI LAKI 150ML GREEK YOGHURT NATURAL,40,3680.0,LAKI LAKI LIMITED,14
QUENCHER 18L MIN WATER PET,40,16272.864127345083,EXCEL CHEMICALS LTD,14
JIAN 30 PACK YELLOW YOLK EGGS,40,15723.982641041537,JIAN CEREALS DEPOT,14
BROOKSIDE 1LT NATURAL YOGHURT,40,7200.0,BROOKSIDE DAIRY LIMITED,14
URBAN STIX 35G KUKU CHOMA SNACK,39,1092.0371649791543,NORDA INDUSTRIES LTD.,14
BALOZI 500ML BEER,39,6484.668904109588,KENYA BREWERIES LTD,14
KABARNET 500ML MINERAL WATER,39,843.7940425531915,KHETIA DRAPERS LTD,14
OREO 128G ORIGINAL,39,4834.88,HASBAH KENYA LTD CADBURY,14
TENA 100S SERVIETTES WHITE,39,3108.194594594596,AFRICAN COTTON INDUSTRIES LTD,14
BROOKSIDE 250G SALTED BUTTER,39,13187.814150417831,BROOKSIDE DAIRY LIMITED,14
BROOKSIDE 250ML STRAWBERRY,39,2140.374362165526,BROOKSIDE DAIRY LIMITED,14
FELIX 85G CAT BEEF,38,5893.480949623625,MERIT AFRICA LTD,14
BROOKSIDE 250G NATURAL PROBIOTIC YOGHURT,38,2824.0864378165447,BROOKSIDE DAIRY LIMITED,14
FC 125G (30D) FRESH NYAMABITE,38,2800.5126964933493,FARMERS CHOICE LTD,14
FC 500G (14D) FRESH CLASSIC PORK SAUSAGE,38,11186.476621058893,FARMERS CHOICE LTD,14
DELAMERE 250ML PREM WILD BERRIES YOG CUP,38,2632.981634615385,BROOKSIDE DAIRY LIMITED,14
KRACKLES CURLS 15G CHEESY,38,608.0161788185205,PROPACK KENYA LTD,14
KABARNET 500ML SPARKLING WATER,37,1450.4,KHETIA DRAPERS LTD,14
OXYRICH 1L SPRING WATER,37,1379.830083925113,AQUAMIST LIMITED,14
CADBURY 90G DRINKING CHOCOLATE SACHET,37,3135.188412794206,HASBAH KENYA LTD CADBURY,14
ZESTA 100G BI-CARBONATE OF SODA,37,651.2192332683562,TRUFOODS LIMITED T F,14
BROOKSIDE 450G NATURAL PROBIOTIC YOGHURT,37,4690.27120743034,BROOKSIDE DAIRY LIMITED,14
LEADAV YELLOW YOLK EGGS 30PACK TRAY,36,14055.021024258762,LEADAV POULTRY FARM LTD,14
BROOKSIDE 1L SWEETEND LALA BOTTLE,36,5155.200000000001,BROOKSIDE DAIRY LIMITED,14
FC 1KG (14D) BEEF VALUE SAUSAGES,36,20483.711830388693,FARMERS CHOICE LTD,14
KRAC KURLS 25G TOMATO,35,1094.273432835821,PROPACK KENYA LTD,14
QUENCHER 10LT MINERAL WATER PET,35,8372.0,EXCEL CHEMICALS LTD,14
BIO 500ML COOKING CREAM LONG LIFE,35,9875.571514063437,BIO FOOD PRODUCTS LTD,14
FAY TOILET PAPER WHITE 10S,35,12884.569847856157,KIM FAY EAST AFRICA LTD,14
CHROME 250ML VODKA,34,6893.810844892812,UDV KENYA LIMITED,14
NEPTUNE 10S BLENDED TOILET PAPER,34,10008.876595744683,KAPA OIL REFINERIES LTD,14
ILARA 1LT MAZIWA LALA  PLASTIC BOTTLE,34,4542.4,BROOKSIDE DAIRY LIMITED,14
SPRITE 300ML,34,1088.0,COCA COLA BEVERAGES KENYA LTD,14
SPRITE 300ML EMPTY BOTTLE,34,408.0,COCA COLA BEVERAGES KENYA LTD,14
QUENCHER LIFE 5LT PREMIUM DRINKING WATER,34,6074.566254071662,EXCEL CHEMICALS LTD,14
STREPSILS REGULAR 2S,34,1224.0,HARLEYS LTD,14
CADBURY 80G DAIRY MILK,34,7077.022894168467,HASBAH KENYA LTD CADBURY,14
AQUAMIST 20LT MINERAL WATER EMPTY BOTTLE,34,25977.363397876332,AQUAMIST LIMITED,14
BROWNS 250G GREEK YOGHURT,34,7696.397146932953,SUNPOWER PRODUCTS LTD,14
BROOKSIDE 450ML NATURAL YOGHURT CUP,34,4594.108631578948,BROOKSIDE DAIRY LIMITED,14
SIRIMON 250G CHEDDAR CHEESE,33,13335.749416342414,MORANI LIMITED,14
SOFTLEAF TWIN SERVIETTES,33,4977.918419195485,KAPA OIL REFINERIES LTD,14
ALWAYS 14S MAXI THICK EX/LONG DAY/NIGHT,33,5193.639751552796,HASBAH KENYA LTD P AND G,14
KENYLON 420G CHICK PEAS,33,4698.236756756757,TRUFOODS LIMITED T F,14
FC 400G (30D) FRESH STREAKY BACON,33,21103.383850931677,FARMERS CHOICE LTD,14
TOILEX WHITE 10S,32,9446.870444104135,CHANDARIA INDUSTRIES  LTD,14
FC 200G (14D) FRESH PORK CHIPOLATA,32,5718.323129718599,FARMERS CHOICE LTD,14
AQUAMIST 19L DISPOSABLE WATER,32,14491.635530085961,AQUAMIST LIMITED,14
MANJI 45G MILKSTAR BISCUITS,32,1759.0791532113385,MANJI FOOD INDUSTRIES LTD,14
BIO ACTIVE 350ML BLKBRRY N RSPBRRY YOG DRINK,32,3954.8156156156156,BIO FOOD PRODUCTS LTD,14
KNORR 51G 6S BEEF CHILLI CUBES,32,2412.5660215053763,UNILEVER KENYA LIMITED,14
FELIX 85G CAT SALMON,32,4868.229113067029,MERIT AFRICA LTD,14
CADBURY 80G DAIRY MILK WHOLE NUT,32,6614.213519813519,HASBAH KENYA LTD CADBURY,14
HANAN FLUSHABLE WATER WIPES 72PCS,31,4444.460095173352,ZENKO KENYA LIMITED,14
CADBURY 28G BUBBLY CHOCOLATE,31,2425.621854780734,HASBAH KENYA LTD CADBURY,14
TROP HEAT 18G SAFARI CHEESE,31,496.0,TROPICAL HEAT LTD,14
FELIX 85G CAT TROUT,31,4543.469411764707,MERIT AFRICA LTD,14
TROP HEAT 50G CHEVDA ORIGINAL,31,1539.5278490566038,TROPICAL HEAT LTD,14
MINUTE MAID 400ML TROPICAL JUICE,31,1926.8752429118774,COCA COLA BEVERAGES KENYA LTD,14
FESTIVE 400G POUNDCAKE SLICED VANILLA,31,4364.8,DPL FESTIVE  LIMITED,14
CADBURY 32G DAIRY MILK CHOCOLATE,31,3306.9979766536967,HASBAH KENYA LTD CADBURY,14
MINUTE MAID 1L TROPICAL JUICE,31,3624.5967988865696,COCA COLA BEVERAGES KENYA LTD,14
SIRIMON 250G EVERYDAY CHEESE,30,11829.707462686567,MORANI LIMITED,14
CLOVERS 100G BI-CARBONATE OF SODA BOX PACK,30,590.8412256267411,TRI CLOVER INDUSTRIES LTD,14
MILL BAKERS 260G QUEEN CAKE,30,2376.0,MILL BAKERS LIMITED,14
SPRITE 1.25L PET,29,3016.0,COCA COLA BEVERAGES KENYA LTD,14
DELAMERE 250ML VANILLA FRUIT YOG CUP,29,2724.8720000000003,BROOKSIDE DAIRY LIMITED,14
TENA 15S TOILET ROLL WHITE WRAPPED,29,15022.017365269463,AFRICAN COTTON INDUSTRIES LTD,14
KERICHO GOLD 200G TEA BAGS 100S,29,2899.036285888821,GOLD CROWN BEVERAGES K LTD,14
BIO 1L MAZIWA LALA NATURE PLAIN,29,2724.8720000000003,BIO FOOD PRODUCTS LTD,14
DELAMERE 250ML SBERRY FRUIT YOG CUP,29,2724.8720000000003,BROOKSIDE DAIRY LIMITED,14
TENA 200S SERVIETTES WHITE,28,4480.172307692308,AFRICAN COTTON INDUSTRIES LTD,14
BLUE BAND 250G MED FAT SPREAD,28,3544.6241924982314,SUPER SAVERS DISTRIBUTION LTD,14
FESTIVE TORTILLA WRAP 10 INCH,28,8050.3988005997,DPL FESTIVE  LIMITED,14
BIO ACTIVE 350ML CUCUMBER N MINT YOG DRINK,28,2630.9108965517244,BIO FOOD PRODUCTS LTD,14
FIESTA TOILET ROLLS WHITE 10S,28,9887.839739413681,AFRICAN COTTON INDUSTRIES LTD,14
DELAMERE 250ML LEMON BISCUIT FRUIT YOG CUP,28,2630.9108965517244,BROOKSIDE DAIRY LIMITED,14
SANTA MARIA 70G TOMATO PASTE SATCHET,28,837.0168224299066,DEBENHAM AND FEAR LTD,14
BROOKSIDE 230ML COOKING CREAM CUP,28,7900.4572112507485,BROOKSIDE DAIRY LIMITED,14
ROSY TOILET TISSUE WHITE 10PACK,27,6437.1756521739135,CHANDARIA INDUSTRIES  LTD,14
ISINYA 20S EGGS,27,8886.906552050703,ISINYA FEEDS LIMITED,14
GREEN FARM 15PK Y/YORK EGGS,27,7232.547335907337,GREEN FARM POULTRY,14
BIO 1LT GREEK YOGHURT NATURE PLAIN,27,2536.949793103449,BIO FOOD PRODUCTS LTD,14
MAYERS 18.9L STILL MINERAL WATER,27,1504.7188064191655,MALACHITE LIMITED,14
MCVITIES 400G DIGESTIVE BISCUIT,27,1484.2230355220668,WORLD BRANDS K LTD,14
ACACIA 200ML KIDS BLUE RASPBERRY,27,2409.547469262844,KEVIAN KENYA LTD,14
URBAN BITES 30G NYAM CHOM LTD EDITION,27,1190.1436363636365,NORDA INDUSTRIES LTD.,14
FELIX 85G CAT TUNA,27,4113.8254635352305,MERIT AFRICA LTD,14
FELIX 85G CHICKEN JUNIOR,27,4132.563582089552,MERIT AFRICA LTD,14
SKITTLES 38G FRUITY CANDY,27,3608.843319838057,RADBONE CLARK LIMITED MARS,14
SCHWEPPES 330ML GINGER ALE CAN,27,4365.102378737542,COCA COLA BEVERAGES KENYA LTD,14
VELVEX SERVIETTES 200S VALUE PACK,27,2509.8205597698143,CHANDARIA INDUSTRIES  LTD,14
BROOKSIDE 250ML CHOCOLATE,27,1482.1782277691086,BROOKSIDE DAIRY LIMITED,14
GREEN FARM 6S Y/YORK EGGS,27,8886.906552050703,GREEN FARM POULTRY,14
JAMAA 1KG BAR SOAP CREAM,27,2539.14293083406,KAPA OIL REFINERIES LTD,14
SUNLIGHT 700G LONG BAR YELLOW,27,2539.14293083406,UNILEVER KENYA LIMITED,14
MILL BAKERS 200G QUEEN CAKE,26,2745.6000000000004,MILL BAKERS LIMITED,14
ZENTA 1KG CREAM SOAP,26,2445.100600062428,GOLDEN AFRICA K LTD,14
PICK N PEEL 1LT PINEAPPLE JUICE,26,1826.3357718779046,KEVIAN KENYA LTD,14
CLUB SODA 350ML LEMONADE,26,1382.9478654950208,HIGHLANDS DRINKS LIMITED,14
MINUTE MAID 1L PULPY ORANGE,26,2320.3049704012574,COCA COLA BEVERAGES KENYA LTD,14
FLORA 100S SERVIETTES WHITE,26,1863.948897338403,AFRICAN COTTON INDUSTRIES LTD,14
LYONS 55ML RED DEVIL LOLLY,26,1435.831292517007,RAZCO LTD,14
ORCHID VALLEY 1L TROPICAL DELIGHT,26,1826.3357718779046,PREMIER FOODS  LIMITED,14
SUNLIGHT 1KG 2IN1 SPRING SENSATIONS,26,2250.464140204824,UNILEVER KENYA LIMITED,14
TUZO 500G MAZIWA LALA SATCHET,26,2442.988689655173,BROOKSIDE DAIRY LIMITED,14
PRAZIER 6S YELLOW YORK EGGS,26,8557.761864937715,PRAZIER POULTRIES,14
LAKI LAKI 700ML GREEK YOGHURT NATURAL GLS,25,2349.027586206897,LAKI LAKI LIMITED,14
SOFTLEAF SINGLE SERVIETTES,25,2323.9079257127914,KAPA OIL REFINERIES LTD,14
PEP 700G PREMIUM TOMATO KETCHUP,25,2163.9078271200233,PREMIER FOODS  LIMITED,14
TAMU TAMU 25G TUTTI FRUTY,25,1101.9848484848487,NORDA INDUSTRIES LTD.,14
VELVEX 140S PREM SILVER FACIAL TISSUES,25,2163.9078271200233,CHANDARIA INDUSTRIES  LTD,14
NESCAFE 1.5G CLASSIC SACHET,25,182.76335261670926,NESTLE KENYA LTD,14
TENA WHITE TOILET ROLL,25,8828.428338762214,AFRICAN COTTON INDUSTRIES LTD,14
KERICHO GOLD 100S ROUND TB,25,2499.1692119731215,GOLD CROWN BEVERAGES K LTD,14
KLEENEX SERVIETES 1 PLYX100S WHITE,25,2323.9079257127914,KIM FAY EAST AFRICA LTD,14
LEADAV YELLOW YOLK EGGS 6PACK,25,8228.617177824724,LEADAV POULTRY FARM LTD,14
WANPY 100G CHICKEN RAWHIDE CD10H,25,2163.9078271200233,BRAND ROYALTY LTD,14
HIGHLANDS 1.5LT MINERAL WATER,25,1393.25815409182,HIGHLANDS DRINKS LIMITED,14
LYONS 60ML CHOC STICK STICKLINE,25,1380.6070120355835,RAZCO LTD,14
GELX GEL PEN BLUE,25,408.0691209616829,ARGUS TRADING  CO LIMITED,14
FESTIVE 200G HALF POUNDCAKE SLICED VANILLA,25,2640.0,DPL FESTIVE  LIMITED,14
HEINZ 570G TOMATO KETCHUP,25,2163.9078271200233,HASBAH KENYA LTD,14
LAKI LAKI 100ML GREEK YOGHURT NATURAL,24,2255.066482758621,LAKI LAKI LIMITED,14
CADBURY 26.25G OREO CHOCOLATE,24,1319.309364908504,HASBAH KENYA LTD CADBURY,14
HC 220G CHEESE PORTION MOZZARELLA,24,9581.24640919914,HAPPY COW LIMITED,14
CARTOONS 30G TUTTI FRUTTI CRISPS,24,1057.9054545454546,PROPACK KENYA LTD,14
TROP HEAT 100G PAPRIKA JAR,24,2077.3515140352224,TROPICAL HEAT LTD,14
MAGIC 300ML SODA WATER,24,1276.5672604569422,KHETIA DRAPERS LTD,14
GILANI GOURMET 2KG ICE CUBE,24,3840.0,GILANI GOURMET LTD,14
EMBASSY BY DUNHILL RED 20S,24,8832.024295410101,NOBLE OUTLOOK LIMITED,14
TAMU TAMU 25G TOMATO KETCHUP,24,1057.9054545454546,NORDA INDUSTRIES LTD.,14
GOFRUT 1LT LEMON MINT MOJITO FRUIT DRINK,24,1685.8484048103735,EXCEL CHEMICALS LTD,14
KCC 1L PLAIN MALA  BOTTLE 69,24,2255.066482758621,NEW KENYA COOP CREAMERIES  LTD,14
KERICHO GOLD 100S TEA BAGS ENVELOPE,24,2399.202443494197,GOLD CROWN BEVERAGES K LTD,14
CIL 2KG RICE PISHORI,23,18343.228764790263,CAPWELL INDUSTRIES LTD,14
BROOKSIDE 500ML DAIRY BEST (POUCH),4479,195963.2160332206,BROOKSIDE DAIRY LIMITED,21
ILARA FRESH MILK 500ML SATCHET,1327,59685.674424501245,BROOKSIDE DAIRY LIMITED,21
TUZO 500ML FRESH MILK (POUCH),724,34172.83747290784,BROOKSIDE DAIRY LIMITED,21
BROOKSIDE 500ML TR FRESH MILK,676,35136.93345227476,BROOKSIDE DAIRY LIMITED,21
FESTIVE 400G MILKY WHITE SLICED,394,20488.091272369264,DPL FESTIVE  LIMITED,21
BIO 2L WHOLE FRESH MILK,379,96530.29907209137,BIO FOOD PRODUCTS LTD,21
BROOKSIDE 1LT UHT WHOLE MILK,372,46247.26126394052,BROOKSIDE DAIRY LIMITED,21
FESTIVE 800G WHITE MILKY BREAD,351,36504.0,DPL FESTIVE  LIMITED,21
FRESHA 500ML WHOLE MILK POUCH,347,15774.417738830249,GITHUNGURI DAIRY FARMERS,21
TUZO 500ML WHOLE MILK (FINO PACK) 180DAYS,341,13946.740828675156,BROOKSIDE DAIRY LIMITED,21
FESTIVE 600G FAMILY WHITE BREAD,336,26880.197449081807,DPL FESTIVE  LIMITED,21
NATURES 400G GOLD WHITE,329,17108.09226670406,DPL FESTIVE  LIMITED,21
TUZO 450ML ESL WHOLE MILK 90DAYS,312,11466.614226669566,BROOKSIDE DAIRY LIMITED,21
SOKO 2KG MAIZE MEAL,305,35659.80748365558,CAPWELL INDUSTRIES LTD,21
BROOKSIDE 500ML LACTOSE FREE UHT MILK FINO,299,18089.356755030345,BROOKSIDE DAIRY LIMITED,21
DAIMA 500ML WHOLE ESL POUCH,284,11120.807580692923,DEVYANI FOOD INDUSTRIES K LIMITED MILK AND YOGHURT,21
AJAB 2KG HOME BAKING FLOUR,259,33085.39238526446,GRAIN INDUSTRIES LIMITED,21
DAIMA 500ML FINO MAZIWA BORA,256,9760.11212333567,DEVYANI FOOD INDUSTRIES K LIMITED MILK AND YOGHURT,21
NATURES 600G WHITE BREAD,253,20240.200269856978,DPL FESTIVE  LIMITED,21
BROOKSIDE 250ML UHT WHOLE MILK,250,8400.096366965405,BROOKSIDE DAIRY LIMITED,21
DAIMA 450ML ESL MAZIWA BORA,236,8449.107260891338,DEVYANI FOOD INDUSTRIES K LIMITED MILK AND YOGHURT,21
EXE 2KG ALL PURPOSE FLOUR,229,29333.02770143352,UNGA LTD,21
TUZO 450ML ESL WHOLE MILK 30DAYS,227,10078.76689755742,BROOKSIDE DAIRY LIMITED,21
FRESHA MAISHA 250ML LONG LIFE MILK,203,4872.074486870772,GITHUNGURI DAIRY FARMERS,21
FRESHA MAISHA 500ML LONG LIFE MILK,186,8251.527125902361,GITHUNGURI DAIRY FARMERS,21
BIO 1L FRESH WHOLE MILK,175,23923.47903657449,BIO FOOD PRODUCTS LTD,21
JOGOO 2KG MAIZE MEAL,163,18908.84939110734,UNGA LTD,21
KABRAS 2KG WHITE SUGAR,153,39152.83113671491,WEST KENYA SUGAR COMPANY LTD,21
GOLD CROWN 500ML WHOLE MILK LONGLIFE FINO TFA 20,151,6603.943933054394,NEW KENYA COOP CREAMERIES  LTD,21
KCC 500ML FRESH WHOLE MILK TFA 21,150,6348.892128279884,NEW KENYA COOP CREAMERIES  LTD,21
NUTRAMEAL 1KG SUGAR,149,20542.45621414914,KAMILI PACKERS SUGAR ONLY,21
KCC 500ML FRESH W/MILK (POUCH)-84,148,6676.795399361023,NEW KENYA COOP CREAMERIES  LTD,21
ILARA  POUCH FRESH MILK 1LTR,138,12921.446868214467,BROOKSIDE DAIRY LIMITED,21
BROOKSIDE 2LTR FRESH MILK STANDARD BOTTLE,135,27750.06613226453,BROOKSIDE DAIRY LIMITED,21
KABRAS 1KG WHITE SUGAR,131,17538.413205678444,WEST KENYA SUGAR COMPANY LTD,21
PEMBE 2KG MAIZE MEAL,130,15288.512697938455,PEMBE FLOUR MILLS,21
NUTRAMEAL 2KG SUGAR,120,32012.454020777226,KAMILI PACKERS SUGAR ONLY,21
KCC 500ML GOLD CROWN  (POUCH)-55,116,5332.115564435565,NEW KENYA COOP CREAMERIES  LTD,21
BROOKSIDE 2LTR FRESH MILK WHOLE BOTTLE,108,22200.86455906822,BROOKSIDE DAIRY LIMITED,21
FESTIVE 400G WHOLE MEAL,103,5356.035919790759,DPL FESTIVE  LIMITED,21
BROOKSIDE 1LTR FRESH MILK STANDARD,102,10606.709735712673,BROOKSIDE DAIRY LIMITED,21
NATURES 800G WHITE BREAD,96,9984.15630936228,DPL FESTIVE  LIMITED,21
FESTIVE 600G FAMILY BRWN BREAD,89,7120.017623762376,DPL FESTIVE  LIMITED,21
BIO 2L SEMI SKIMMED FRESH MILK,87,21270.581195680803,BIO FOOD PRODUCTS LTD,21
BROOKSIDE 1L FARM FRESH MILK,86,8944.0,BROOKSIDE DAIRY LIMITED,21
BROOKSIDE 1L LACTOSE FREE UHT MILK,84,11707.523694568355,BROOKSIDE DAIRY LIMITED,21
FESTIVE 800G SUPREME WHOLE MEAL,84,8736.0,DPL FESTIVE  LIMITED,21
FESTIVE 400G FINEST SUPER SEEDED BREAD,83,8632.017849462365,DPL FESTIVE  LIMITED,21
FRESHA 5L WHOLE MILK,83,33165.12377850163,GITHUNGURI DAIRY FARMERS,21
SUPA 400G BUTTER TOAST BREAD,79,4108.142142254709,MINI BAKERIES NBI  LTD,21
BROOKSIDE 200ML  WHOLE MILK TCA,76,1945.6364617691156,BROOKSIDE DAIRY LIMITED,21
FESTIVE 300G 6S DELUXE ROLLS,73,7008.0,DPL FESTIVE  LIMITED,21
BROOKSIDE 1LT UHT LOWFAT MILK,72,8807.841059602648,BROOKSIDE DAIRY LIMITED,21
FESTIVE 400G WHITE SLICED,69,3477.7088757396455,DPL FESTIVE  LIMITED,21
BIO 1L FRESH SEMI SKIMMED MILK,69,8670.897777777778,BIO FOOD PRODUCTS LTD,21
SUPA 400G WHITE SLICED BREAD CT,68,3536.0,MINI BAKERIES NBI  LTD,21
MOLO UHT MILK 500ML ESL 90DAYS,67,2513.4059362403814,BROOKSIDE DAIRY LIMITED,21
FESTIVE 300G 6S PREM PLAIN BURGER BUNS,66,6336.0,DPL FESTIVE  LIMITED,21
FRESHA 500ML ASEPTIC WHOLE MILK,65,2808.0174438108024,GITHUNGURI DAIRY FARMERS,21
BROADWAY 400G WHITE SLICED BREAD,65,3380.0,BROADWAYS BAKERY LTD,21
AJAB 2KG MAIZE MEAL FLOUR,63,7825.175020016013,GRAIN INDUSTRIES LIMITED,21
AMAIZE 2KG PREMIUM MAIZE FLOUR,63,9231.365091610414,CAPWELL INDUSTRIES LTD,21
PEMBE 2KG HOMEBAKING,62,7570.228914057295,PEMBE FLOUR MILLS,21
DAIMA 200ML WHOLE MILK FINO TETRA 180DAYS,59,1208.920954907162,DEVYANI FOOD INDUSTRIES K LIMITED MILK AND YOGHURT,21
RINSUN 5LT SUNFLOWER OIL,54,68686.49432703004,KAPA OIL REFINERIES LTD,21
SUPA LOAF WHITE BREAD 600G,50,4000.0,MINI BAKERIES NBI  LTD,21
MUMIAS 2KG SUGAR,49,12574.912967098406,Unknown,21
BROADWAY 400G NATURAL BROWN BREAD,48,2496.0929332042597,BROADWAYS BAKERY LTD,21
NATURES 400G GOLD  BROWN,46,2392.0891472868216,DPL FESTIVE  LIMITED,21
SUPA 600G WHITE BUTTER TOAST,45,3600.0,MINI BAKERIES NBI  LTD,21
BUTTERFLY 1KG SOOJI (SEMOLINA),40,6646.25141562854,SPICE WORLD LTD,21
BIO 1L BARISTA FRESH MILK,40,5727.5,BIO FOOD PRODUCTS LTD,21
HOSTESS 2KG FLOUR,40,4847.9663959531545,UNGA LTD,21
KINGSMIL 400G KUBWA WAO WHITE BREAD,40,2080.0,KENAFRIC BAKERY LTD,21
MUMIAS 1KG SUGAR,39,5050.80423363387,Unknown,21
SOKO 1KG MAIZE MEAL FLOUR,38,2409.247522847523,CAPWELL INDUSTRIES LTD,21
RINA 5LT VEGETABLE OIL,38,37007.05605536332,KAPA OIL REFINERIES LTD,21
RINSUN 3LT SUNFLOWER OIL,37,32379.208721986673,KAPA OIL REFINERIES LTD,21
RINSUN 2LT SUNFLOWER OIL,37,22425.798230088498,KAPA OIL REFINERIES LTD,21
EXE 2KG CHAPATI FLOUR,37,5011.179661016949,UNGA LTD,21
KINGSMIL 200G SLICED WHITE BREAD,36,1008.0820980615734,KENAFRIC BAKERY LTD,21
TUZO 250ML UHT WHOLE MILK,35,1120.0,BROOKSIDE DAIRY LIMITED,21
BROADWAYS 600G WHITE BREAD,35,2772.1602034329308,BROADWAYS BAKERY LTD,21
EXE 2KG SELF RAISING,35,4901.835497835497,UNGA LTD,21
GOLD CROWN 500ML LACTOSE FREE MILK TFA,35,1553.9948960991617,NEW KENYA COOP CREAMERIES  LTD,21
EXE 1KG ALL PURPOSE,34,2328.698199875854,UNGA LTD,21
FRESHA 2LT WHOLE MILK,33,5544.0,GITHUNGURI DAIRY FARMERS,21
SUPA 800G SWICH WHITE BREAD,33,3432.0,MINI BAKERIES NBI  LTD,21
BROOKSIDE 250ML UHT LOW FAT MILK,33,1108.8,BROOKSIDE DAIRY LIMITED,21
BIO 1L FRESH SKIMMED MILK,32,3939.442904290429,BIO FOOD PRODUCTS LTD,21
DAIMA 200ML MILK FINO BORA,32,639.4362853039731,DEVYANI FOOD INDUSTRIES K LIMITED MILK AND YOGHURT,21
FESTIVE 350G SLICED SUB ROLLS 4S,31,3472.0,DPL FESTIVE  LIMITED,21
KINGSMIL 400G KUBWA WAO BROWN BREAD,31,1612.0,KENAFRIC BAKERY LTD,21
NATURES 600G BROWN BREAD,30,2400.0,DPL FESTIVE  LIMITED,21
SUPA 400G BARREL WHITE BREAD,29,1508.0361089494168,MINI BAKERIES NBI  LTD,21
BROADWAY 800G WHITE SANDWICH SLICED BREAD,29,3016.035913312694,BROADWAYS BAKERY LTD,21
FESTIVE 350G LONG SLICED ROLLS 4S,28,2240.0,DPL FESTIVE  LIMITED,21
DAIMA 500ML UHT PLAIN FINO 180DAYS,28,1170.918124207858,DEVYANI FOOD INDUSTRIES K LIMITED MILK AND YOGHURT,21
AJAB 1KG HOME BAKING FLOUR,28,3393.5764771672084,GRAIN INDUSTRIES LIMITED,21
BROOKSIDE 3L FARM FRESH MILK,27,1198.7960627050675,BROOKSIDE DAIRY LIMITED,21
RINSUN 1LT SUNFLOWER OIL,26,24036.78739067651,KAPA OIL REFINERIES LTD,21
SOKO 2KG HOMEBAKING FLOUR,26,3127.7441894892677,CAPWELL INDUSTRIES LTD,21
TUZO 200ML UHT WHOLE MILK,25,1109.996354356544,BROOKSIDE DAIRY LIMITED,21
SUPA 800G WHITE BUTTER TOAST,24,1920.0,MINI BAKERIES NBI  LTD,21
AMAIZE 2KG SIFTED MAIZE FLOUR,24,2908.779837571893,CAPWELL INDUSTRIES LTD,21
KINGSMIL 200G SLICED BROWN BREAD,24,1920.0,KENAFRIC BAKERY LTD,21
BROADWAY 200G WHITE KADOGO  BREAD,24,1920.0,BROADWAYS BAKERY LTD,21
NUTRAMEAL 5KG SUGAR,23,4528.351443679274,KAMILI PACKERS SUGAR ONLY,21
FAMILA 1KG PURE WIMBI FLOUR,22,2666.381517774235,UNGA LTD,21
EXE 1KG SELF RAISING,22,2666.381517774235,UNGA LTD,21
FRESH FRI 250ML COOKING OIL,21,19414.328277084875,PWANI OIL PRODUCTS LTD.,21
EXE 2KG MANDAZI FLOUR,21,2545.182357875406,UNGA LTD,21
TUZO 1L UHT WHOLE MILK,20,887.9970834852352,BROOKSIDE DAIRY LIMITED,21
BROOKSIDE 500ML PLUS+ LOW FAT UHT MILK TFA,18,799.1973751367117,BROOKSIDE DAIRY LIMITED,21
SUPA 200G SWEET BREAD,18,1440.0,MIBISCO LTD,21
SUPA 600G BARREL WHITE BREAD,18,1440.0,MINI BAKERIES NBI  LTD,21
NESCAFE GOLD 12.5G CAPPUCCINO REDUCED SUGAR STICK,17,3347.0423714151157,NESTLE KENYA LTD,21
RINA 1LT VEGETABLE OIL JERRICAN,16,14791.869163493237,KAPA OIL REFINERIES LTD,21
KINGSMIL 400G SWICH WHITE BREAD,16,1280.0,KENAFRIC BAKERY LTD,21
RINSUN 500ML SUNFLOWER OIL,16,14791.869163493237,KAPA OIL REFINERIES LTD,21
RINA 2L VEGETABLE OIL JERRICAN,15,13867.377340774909,KAPA OIL REFINERIES LTD,21
BROADWAY 800G BROWN SANDWICH SLICED BREAD,15,1200.0,BROADWAYS BAKERY LTD,21
FESTIVE 400G ZERO WHITE BREAD SF,15,1200.0,DPL FESTIVE  LIMITED,21
BROADWAYS 600G BROWN BREAD,14,1120.0,BROADWAYS BAKERY LTD,21
KINGSMIL 800G SWICH WHITE BREAD,14,1120.0,KENAFRIC BAKERY LTD,21
KINGSMIL 600G SWICH WHITE BREAD,14,1120.0,KENAFRIC BAKERY LTD,21
KCC 450ML ASCEPTIC WHOLE MILK 30,13,577.1981042654029,NEW KENYA COOP CREAMERIES  LTD,21
BUTTERFLY 2KG ATTA MARK 1 FLOUR,13,1575.5890786847754,SPICE WORLD LTD,21
JOGOO 1KG MAIZE MEAL,13,1575.5890786847754,UNGA LTD,21
CAPTAIN COOK 5L PURE CORN OIL,12,11093.901872619928,KAPA OIL REFINERIES LTD,21
RINSUN 750ML SUNFLOWER OIL,12,11093.901872619928,KAPA OIL REFINERIES LTD,21
AJAB 2KG MANDAZI FLOUR,12,1454.3899187859465,GRAIN INDUSTRIES LIMITED,21
FRESH FRI 1LT COOKING OIL,12,11093.901872619928,PWANI OIL PRODUCTS LTD.,21
BUTTERFLY 1KG ATTA MARK 1 FLOUR,12,1454.3899187859465,SPICE WORLD LTD,21
FESTIVE 1.5KG WHITE MILKY BREAD,12,960.0,DPL FESTIVE  LIMITED,21
BROOKSIDE 1LT PLUS+ FAT FREE UHT MILK TBA,12,532.7982500911412,BROOKSIDE DAIRY LIMITED,21
VELVEX EXTRA 10S TOILET TISSUE UNWARAPPED,12,11093.901872619928,CHANDARIA INDUSTRIES  LTD,21
BROOKSIDE 500ML PLUS+ FAT FREE UHT MILK TFA,12,532.7982500911412,BROOKSIDE DAIRY LIMITED,21
FRESH FRI 2LT COOKING OIL,12,11093.901872619928,PWANI OIL PRODUCTS LTD.,21
RINA 500ML VEGETABLE OIL,11,10169.4100499016,KAPA OIL REFINERIES LTD,21
PEMBE 5KG MAIZE MEAL,11,1333.1907588871175,PEMBE FLOUR MILLS,21
RINA 3LT VEGETABLE  OIL,11,10169.4100499016,KAPA OIL REFINERIES LTD,21
BUTTERFLY 1KG GRAM FLOUR,10,1211.9915989882886,SPICE WORLD LTD,21
KINGSMIL 600G SWICH BROWN BREAD,10,800.0,KENAFRIC BAKERY LTD,21
FESTIVE 400G SILINDA WHITE BREAD,10,800.0,DPL FESTIVE  LIMITED,21
FESTIVE 400GM BROWN SLICED,10,800.0,DPL FESTIVE  LIMITED,21
CLOVERS 500G CASTER SUGAR,9,1771.9636083962378,TRI CLOVER INDUSTRIES LTD,21
SOKO 2KG NUTRIGO WHOLE GRAIN MAIZE MEAL,9,1090.7924390894598,CAPWELL INDUSTRIES LTD,21
SOKO 5KG MAIZE MEAL BAG,8,969.5932791906309,CAPWELL INDUSTRIES LTD,21
BROADWAYS 200G MANDO BITES 4S,8,640.0,BROADWAYS BAKERY LTD,21
SUPA 1.5KG BUTTER TOAST BREAD,8,640.0,MINI BAKERIES NBI  LTD,21
AJAB 2KG SELF RAISING FLOUR,8,969.5932791906309,GRAIN INDUSTRIES LIMITED,21
KINGSMIL 250G SCONES,8,640.0,KENAFRIC BAKERY LTD,21
FESTIVE 400G SILINDA  BROWN BREAD,8,640.0,DPL FESTIVE  LIMITED,21
SUPA 500G BREAD CRUMBS,8,640.0,MIBISCO LTD,21
KINGSMIL 800G SWICH BROWN BREAD,8,640.0,KENAFRIC BAKERY LTD,21
BROADWAY 400G PREMIUM SANDWICH BREAD,8,640.0,BROADWAYS BAKERY LTD,21
SUPA 600G BARREL BROWN BREAD,7,560.0,MINI BAKERIES NBI  LTD,21
SUPA 500G LARGE SCONES,7,560.0,MIBISCO LTD,21
BROADWAY 400G 50/50 BREAD,7,560.0,BROADWAYS BAKERY LTD,21
SUPA 350G MEDIUM SCONES,7,560.0,MIBISCO LTD,21
JOGOO 2KG WIMBI MEAL,7,848.3941192918021,UNGA LTD,21
AVENA 5L VEGETABLE OIL,6,5546.950936309964,GOLDEN AFRICA K LTD,21
RHARVEST 400G WHITE BREAD CLASSIC,6,480.0,RABAI FOODS LIMITED,21
SUPA 400G SUPA SWEET BREAD,6,480.0,MIBISCO LTD,21
NATURES 800G BROWN BREAD,6,480.0,DPL FESTIVE  LIMITED,21
SUPA 1.5KG WHITE SLICED BREAD,6,480.0,MINI BAKERIES NBI  LTD,21
FESTIVE 300G 6S PREM BROWN BURGER BUNS,6,480.0,DPL FESTIVE  LIMITED,21
EXE 2KG ATTA MARK 1,6,727.1949593929733,UNGA LTD,21
SUPA 220G SMALL SCONES,5,400.0,MIBISCO LTD,21
SUPA LOAF 400G SUPA NUTRI BREAD,5,400.0,MINI BAKERIES NBI  LTD,21
BROOKSIDE 1L FUNCTIONAL UHT MILK VIT A & D,5,221.9992708713088,BROOKSIDE DAIRY LIMITED,21
PEMBE 1KG PURE WIMBI PORRIDGE,5,605.9957994941443,PEMBE FLOUR MILLS,21
SIMPLIFINE 600G WHOLEMEAL LOAF,5,400.0,BIGCOLD KENYA SIMPLIFINE SHELF BREAD,21
FESTIVE 1.5KG BROWN BREAD,5,400.0,DPL FESTIVE  LIMITED,21
HUSEINI 400G BREAD CRUMBS,5,400.0,HUSEINI BAKERY LTD,21
SIMPLIFINE 800G WHITE FAMILY LOAF,5,400.0,BIGCOLD KENYA SIMPLIFINE SHELF BREAD,21
SOKO 1KG HOMEBAKING FLOUR,5,605.9957994941443,CAPWELL INDUSTRIES LTD,21
AVENA 3L VEGETABLE OIL,4,3697.967290873309,GOLDEN AFRICA K LTD,21
SIMPLIFINE 800G WHOLEMEAL LOAF,4,320.0,BIGCOLD KENYA SIMPLIFINE SHELF BREAD,21
RHARVEST 400G WHOLE GRAIN BREAD BROWN LONG,4,320.0,RABAI FOODS LIMITED,21
CAPTAIN COOK 1LT CORN OIL,3,2773.475468154982,KAPA OIL REFINERIES LTD,21
KINGSMIL 300G CLUSTER BUNS,4,320.0,KENAFRIC BAKERY LTD,21
SUPA 250G BREADCRUMBS,4,320.0,MIBISCO LTD,21
SIMPLIFINE 600G BROWN LOAF,4,320.0,BIGCOLD KENYA SIMPLIFINE SHELF BREAD,21
RHARVEST 600G WHITE TOAST BREAD,4,320.0,RABAI FOODS LIMITED,21
BROADWAY 200G MAICHO DONUTS 4PC,4,320.0,BROADWAYS BAKERY LTD,21
CLOVERS 1KG BROWN SUGAR,4,787.539381509439,TRI CLOVER INDUSTRIES LTD,21
SUPA 300G LONG BUNS,4,320.0,MIBISCO LTD,21
SUPA 325G SIMSIM BUNS,4,320.0,MIBISCO LTD,21
EXE 2KG BROWN BREAD FLOUR,4,484.79663959531547,UNGA LTD,21
SUPA 300G ROUND BUNS,3,240.0,MIBISCO LTD,21
KINGSMIL 380G WHOLEMEAL SLICED BURGER 6S,3,240.0,KENAFRIC BAKERY LTD,21
TOTAL,48293,4180064.0278042913,Total,21
V22 BAG 10 X 15 X 22 30G,578,4625.120457614999,POLYTHENE INDUSTRIES LIMITED,21
V25 CARRIER BAG,521,8336.947441611697,POLYTHENE INDUSTRIES LIMITED,21
WHITE CAP 500ML LAGER CANS,374,68332.85014706258,KENYA BREWERIES LTD,21
QUENCHER 300ML DRINKING WATER,360,5551.975458486162,EXCEL CHEMICALS LTD,21
AQUAMIST 300ML MINERAL WATER,328,8049.374781112027,AQUAMIST LIMITED,21
QUENCHER 500ML DRINKING WATER,305,6453.461284887555,EXCEL CHEMICALS LTD,21
QUENCHER 1LT DRINKING WATER,274,10561.837674525064,EXCEL CHEMICALS LTD,21
KERINGET 500ML MINERAL WATER,253,11363.928638153679,COCA COLA BEVERAGES KENYA LTD,21
COKE PET 350ML,240,9332.019209456965,COCA COLA BEVERAGES KENYA LTD,21
BIO 200ML GREEK STYLE NATURE PLAIN YOGHURT,222,30701.29714466336,BIO FOOD PRODUCTS LTD,21
AQUAMIST 500ML MINERAL WATER,216,8527.199496327388,AQUAMIST LIMITED,21
DUNHILL 20S SWITCH,205,77080.0,NOBLE OUTLOOK LIMITED,21
TUSKER CAN 500ML BEER,204,34712.26084489885,KENYA BREWERIES LTD,21
EMBASSY BY DUNHILL BLUE 20S,200,73600.20246175084,NOBLE OUTLOOK LIMITED,21
KERINGET 18.9LT MINERAL WATER REFIL,193,92429.453691765,COCA COLA BEVERAGES KENYA LTD,21
COKE PET 500ML,188,9999.77687357938,COCA COLA BEVERAGES KENYA LTD,21
COKE ZERO 330ML CAN,175,13520.073948704598,COCA COLA BEVERAGES KENYA LTD,21
COKE ZERO 500ML PET,171,8915.995957651588,COCA COLA BEVERAGES KENYA LTD,21
AQUAMIST 1LTR SPARKLING WATER,166,12620.305982001062,AQUAMIST LIMITED,21
SCHWEPPES TONIC WATER 500ML PET,157,9531.15652906487,COCA COLA BEVERAGES KENYA LTD,21
AQUAMIST 20LT MINERAL WATER,146,61608.73460387462,AQUAMIST LIMITED,21
BROOKSIDE 500ML NATURAL LALA BOTTLE,138,9936.295088539928,BROOKSIDE DAIRY LIMITED,21
COKE 330ML CAN,137,10692.002368265248,COCA COLA BEVERAGES KENYA LTD,21
DL 37G FILLED CHOCOLATES MINT CHOC,137,7637.0769674627345,GLACIER PRODUCTS LTD 2ND,21
MAYERS 1L SPARKLING WATER PLASTIC,132,10162.252201039862,MALACHITE LIMITED,21
SAFARI 300ML LEMONADE LIME DRINK,130,5051.577708549672,BOUNTY LIMITED,21
NUTFIELDS 20G CASHEW NUTS ROASTED AND SALTED,130,7280.0,KENYA NUT COMPANY,21
MAGGI 4G 28S CUBE FORTIFIED,129,10948.961681598897,NESTLE KENYA LTD,21
TUSKER 500ML LAGER BEER,128,21401.600000000002,KENYA BREWERIES LTD,21
COCA COLA 300ML,128,4096.0,COCA COLA BEVERAGES KENYA LTD,21
COCA COLA 300ML EMPTY BOTTLE,128,1536.0,COCA COLA BEVERAGES KENYA LTD,21
NUTFIELD 20G MAC NUTS LOCAL,128,6553.6,KENYA NUT COMPANY,21
AQUAMIST 500ML SPARKLING WATER,127,6999.954846989824,AQUAMIST LIMITED,21
NUTFIELDS 20G MIXED NUTS,124,5456.0,KENYA NUT COMPANY,21
WHITE CAP 500ML LAGER BEER,124,23708.800000000003,KENYA BREWERIES LTD,21
ISINYA 6S EGGS,123,12319.493085249384,ISINYA FEEDS LIMITED,21
BIO 150ML VANILLA YOGHURT,121,11254.534855004678,BIO FOOD PRODUCTS LTD,21
SPRITE PET 350ML,117,4551.800902867716,COCA COLA BEVERAGES KENYA LTD,21
SCHWEPPES SODA WATER 500ML PET,117,7082.751178332748,COCA COLA BEVERAGES KENYA LTD,21
KRACKLES BANG BANG CHILLI 30G,114,5025.05090909091,PROPACK KENYA LTD,21
GUINNESS 500ML CAN,113,20673.694271208507,KENYA BREWERIES LTD,21
KRACKLES POTATO CRISP BBQ30G,113,4933.254643962849,PROPACK KENYA LTD,21
NESTLE 41.5G KITKAT 4 FINGER MILK,113,15103.677597840759,GLACIER PRODUCTS LTD 2ND,21
BALOZI 500ML CAN,108,17758.32507301331,KENYA BREWERIES LTD,21
HIGHLANDS 500ML MINERAL WATER,106,2120.036016139308,HIGHLANDS DRINKS LIMITED,21
TUSKER LITE 500ML CAN,105,21719.990258481423,KENYA BREWERIES LTD,21
ILARA 500ML MAZIWA LALA,104,7488.0,BROOKSIDE DAIRY LIMITED,21
ISINYA 30S EGGS,100,43302.63858093126,ISINYA FEEDS LIMITED,21
KRACKLES CHEESE & ONION 30G,100,4432.716472469729,PROPACK KENYA LTD,21
OLA 40G CHEESE CRUNCH TORTILA CHIPS,99,5102.126213592233,PROPACK KENYA LTD,21
URBAN STIX 35G BARBEQUE SNACKS,99,2772.0,NORDA INDUSTRIES LTD.,21
GOLD CROWN 500ML ASEPTIC LONG LIFE 24,99,3863.7446375582876,NEW KENYA COOP CREAMERIES  LTD,21
SPRITE PET 500ML,98,5181.699244455277,COCA COLA BEVERAGES KENYA LTD,21
COKE PET 2LTS,95,12511.122184954482,COCA COLA BEVERAGES KENYA LTD,21
MAYERS 500ML SPARKLING WATER PLASTIC,93,5530.417563739377,MALACHITE LIMITED,21
WRIGLEYS ORBIT 10S PEPPERMINT SF,92,5048.390927835052,RADBONE CLARK LIMITED MARS,21
WRIGLEYS P.K 10S CHEWING GUM PEPPERMINT,91,1941.8225057412608,RADBONE CLARK LIMITED MARS,21
KABARNET 300ML MINERAL WATER,89,1355.3810460901088,KHETIA DRAPERS LTD,21
FANTA ORANGE PET 350ML,88,3427.2745965834433,COCA COLA BEVERAGES KENYA LTD,21
SPRITE 330ML CAN REGULAR,87,6718.405961199293,COCA COLA BEVERAGES KENYA LTD,21
WRIGLEYS JUICY FRUIT 10S CLASSIC,87,1855.9819735819738,RADBONE CLARK LIMITED MARS,21
KERINGET 1LT MINERAL WATER,86,5976.437138508372,COCA COLA BEVERAGES KENYA LTD,21
DASANI 500ML MINERAL WATER,85,2284.005017561465,COCA COLA BEVERAGES KENYA LTD,21
AQUAMIST 1LT MINERAL WATER,85,5203.179079022172,AQUAMIST LIMITED,21
ISINYA 15S EGGS,85,21094.382093899072,ISINYA FEEDS LIMITED,21
OLA 40G MEXICAN CRUNCH TORTILA CHIPS,85,4383.646694214877,PROPACK KENYA LTD,21
PICK N PEEL 250ML MANGO,85,4811.862342892008,KEVIAN KENYA LTD,21
TENA 10S WHITE TOILET ROLLS,85,30646.16565433462,AFRICAN COTTON INDUSTRIES LTD,21
WRIGLEYS ORBIT 10S BUBBLEMINT SF,81,4453.570723404255,RADBONE CLARK LIMITED MARS,21
DUNHILL 20S DOUBLE CAP,80,30080.0,NOBLE OUTLOOK LIMITED,21
BIO 150ML STRAWBERRY YOGHURT,80,7566.182979959338,BIO FOOD PRODUCTS LTD,21
FANTA ORANGE PET 500ML,80,4227.978329056174,COCA COLA BEVERAGES KENYA LTD,21
PICK N PEEL 250ML TROPICAL MIX,79,4474.593617021276,KEVIAN KENYA LTD,21
MAYERS 1LT SPRING MINERAL WATER,79,4451.088912504429,MALACHITE LIMITED,21
PREDATOR 400ML ENERGY DRINK PET,78,3929.0455331010457,COCA COLA BEVERAGES KENYA LTD,21
VELVEX 100S WHITE SERVIETTES,78,7250.592728223908,CHANDARIA INDUSTRIES  LTD,21
KNORR 51G 6S CHICKEN CUBES,78,5880.828024727702,UNILEVER KENYA LIMITED,21
MENENGAI CREAM 1KG SOAP,75,12299.92171372931,MENENGAI O REFINERIES LTD,21
BIO 150ML NATURAL YOGHURT,75,6923.357142857143,BIO FOOD PRODUCTS LTD,21
KRACKLES SALT&VINEGAR 30GM,75,3250.983170947741,PROPACK KENYA LTD,21
WRIGLEYS P.K 10S CHEWING GUM MENTHOL,74,1576.7897172236505,RADBONE CLARK LIMITED MARS,21
COKE 1.25L PET,72,7362.0552760535775,COCA COLA BEVERAGES KENYA LTD,21
PICK N PEEL 250ML APPLE,71,4042.2273858921167,KEVIAN KENYA LTD,21
PICK N PEEL 250ML PINEAPPLE JUICE,70,3954.059628200632,KEVIAN KENYA LTD,21
AQUAMIST 1.5LT MINERAL WATER,70,5166.126888217523,AQUAMIST LIMITED,21
FANTA ORANGE PET 2LTS,70,8595.024699176696,COCA COLA BEVERAGES KENYA LTD,21
COKE ZERO SUGAR 300ML,69,2208.0,COCA COLA BEVERAGES KENYA LTD,21
COKE ZERO SUGAR 300ML EMPTY BOTTLE,69,828.0,COCA COLA BEVERAGES KENYA LTD,21
BROOKSIDE 500ML SWEET LALA BOTTLE,69,5244.019375219375,BROOKSIDE DAIRY LIMITED,21
FANTA BLACKCURRANT PET 500ML,69,3652.7697110594486,COCA COLA BEVERAGES KENYA LTD,21
COKE ZERO 2L PET,69,9139.965683646113,COCA COLA BEVERAGES KENYA LTD,21
AQUACLEAR 500ML MINERAL WATER,68,1701.5760363086235,DEVYANI FOOD INDUSTRIES K LIMITED MILK AND YOGHURT,21
DASANI 1L MINERAL WATER,68,3141.3862979258333,COCA COLA BEVERAGES KENYA LTD,21
ILARA 500ML TNC PLAIN CUP,67,6295.393931034484,BROOKSIDE DAIRY LIMITED,21
KERINGET 1LT SPARKLING MINERAL WATER,67,5645.495100458232,COCA COLA BEVERAGES KENYA LTD,21
SUNLIGHT 175G PURE SOAP YELLOW,66,3761.51991991992,UNILEVER KENYA LIMITED,21
MAYERS 500ML STILL MINERAL WATER,65,2489.178812655528,MALACHITE LIMITED,21
KIRICHWA 2KG ICE CUBES,65,10400.0,KIRICHWA WATER LIMITED,21
SPRITE SODA PET 2LTS,65,8010.128950036205,COCA COLA BEVERAGES KENYA LTD,21
BROOKSIDE 1L NATURAL LALA BOTTLE,65,8580.054794520549,BROOKSIDE DAIRY LIMITED,21
SMIRNOFF 330ML PINEAPPLE PUNCH ICE CAN,64,10346.909342192692,UDV KENYA LIMITED,21
MR.BERRYS KING KUBWA XXL STRAWBERRY LOLLIPOP,63,829.0011976047905,MZURI SWEETS LIMITED,21
BIO 200ML GREEK STYLE YOGHURT VANILLA,62,8543.714814814815,BIO FOOD PRODUCTS LTD,21
FANTA BLACK CURRANT 350ML PET,62,2409.846969195098,COCA COLA BEVERAGES KENYA LTD,21
SNICKERS 40G SINGLE CHOCO BAR,62,8131.851728553136,RADBONE CLARK LIMITED MARS,21
CARTOONS 30G TANGY TOMATO CRISPS,62,2792.1619596541786,PROPACK KENYA LTD,21
AQUAMIST 5LT MINERAL WATER,62,10615.731195538512,AQUAMIST LIMITED,21
FANTA BLACKCURRANT PET 2LTS,62,7579.88869804191,COCA COLA BEVERAGES KENYA LTD,21
OREO 55.2G ORIGINAL COOKIES,61,3353.2446358091142,HASBAH KENYA LTD CADBURY,21
VELVEX SNOW WHITE 10 PACK,61,22312.640723981902,CHANDARIA INDUSTRIES  LTD,21
PILSNER 500ML LAGER BEER,61,10199.2,KENYA BREWERIES LTD,21
BIO 150ML BERRY COCKTAIL YOGHURT,60,5351.7232897770955,BIO FOOD PRODUCTS LTD,21
KRAC KURLS 25G TANGY CHEESE,60,1876.296943231441,PROPACK KENYA LTD,21
ROTHMANS SWITCH BLUE 20S,58,16936.036781609193,NOBLE OUTLOOK LIMITED,21
BROOKSIDE 500G SALTED BUTTER,57,34252.0678288431,BROOKSIDE DAIRY LIMITED,21
ISINYA 12S EGGS,56,11297.153682167407,ISINYA FEEDS LIMITED,21
PICK N PEEL 250ML ORANGE JUICE,56,4240.307599396076,KEVIAN KENYA LTD,21
MR.BERRYS KING KUBWA XXL PASSION LOLLIPOP,56,742.8260211800302,MZURI SWEETS LIMITED,21
FELIX 85G CAT CHICKEN,55,8380.014833127321,MERIT AFRICA LTD,21
FC 100G (30D) COLLAR BACON,55,7892.313224131043,FARMERS CHOICE LTD,21
HEINEKEN 500ML CAN BEER,55,12523.373134328358,KENYA WINE AGENCIES KWAL,21
BIO 90ML NATURAL Y0GHURT,53,3349.6000000000004,BIO FOOD PRODUCTS LTD,21
PICK N PEEL 1L ORANGE JUICE,53,13852.933850797757,KEVIAN KENYA LTD,21
FC 500G (14D) FRESH SAFARI BEEF SAUSAGE,52,15233.281618887015,FARMERS CHOICE LTD,21
PICK N PEEL 1LT APPLE,52,10755.784840323202,KEVIAN KENYA LTD,21
KRAC KURLS 25G CHILLI LEMON,52,1625.979194368401,PROPACK KENYA LTD,21
DAIMA 500ML NATURAL PROBIOTIC CUP,51,4832.1832460732985,DEVYANI FOOD INDUSTRIES K LIMITED MILK AND YOGHURT,21
FANTA PASSION PET 2LTS,51,6230.956727119359,COCA COLA BEVERAGES KENYA LTD,21
MENENGAI CREAM 800G SOAP,50,6554.596774193548,MENENGAI O REFINERIES LTD,21
BIO 150ML MANGO YOGHURT,49,4640.393869731801,BIO FOOD PRODUCTS LTD,21
LYONS 60ML TOFF N CHOCO W NUTS STICKLINE,49,2694.071578947369,RAZCO LTD,21
ROYCO 4G 40S BEEF CUBES,49,5379.294419030192,UNILEVER KENYA LIMITED,21
KCC 500ML FILPACK MALA,48,2491.331904983698,NEW KENYA COOP CREAMERIES  LTD,21
FANTA PASSION 500ML PET,47,2501.0036295951604,COCA COLA BEVERAGES KENYA LTD,21
OREO 31.3G ENROBED,47,2406.1812136325852,HASBAH KENYA LTD CADBURY,21
BLUE BAND 500G MED FAT SPREAD,46,10102.428577498795,SUPER SAVERS DISTRIBUTION LTD,21
DL 70ML MINI FIESTA CLASSIC,45,2485.506646971935,GLACIER PRODUCTS LTD G P,21
GREEN FARM 30S Y/YORK EGGS,45,20164.37253960634,GREEN FARM POULTRY,21
MINUTE MAID 400ML APPLE JUICE,45,2841.986535473848,COCA COLA BEVERAGES KENYA LTD,21
FESTIVE TORTILLA WRAP 8 INCH,45,9880.734939759037,DPL FESTIVE  LIMITED,21
MARS SINGLE BARS 40G,44,6186.317570252626,RADBONE CLARK LIMITED MARS,21
SOFTLEAF 10S VIRGIN TOILET PAPER,44,15201.550136686716,KAPA OIL REFINERIES LTD,21
SAVANA DRY PREMIUM CIDER 340ML,44,9973.660268317853,KENYA WINE AGENCIES KWAL,21
FC 200G (30D) FRESH SANDWICH HAM,44,10336.241666666667,FARMERS CHOICE LTD,21
KNORR 51G 6S BEEF CUBES,44,3302.047798742138,UNILEVER KENYA LIMITED,21
BLUE BAND 1KG MED FAT SPREAD,43,16464.663715521387,SUPER SAVERS DISTRIBUTION LTD,21
URBAN STIX 35G THAI SWEET CHILLI SNACKS,43,1204.0,NORDA INDUSTRIES LTD.,21
FC 200G (30D) FRESH STREAKY BACON,43,15275.482066869303,FARMERS CHOICE LTD,21
MR BERRYS TOOGOODY TOFFEE BARS,43,344.93209144792553,MZURI SWEETS LIMITED,21
PICK N PEEL 1LT TROPICAL MIX,43,8951.502213848327,KEVIAN KENYA LTD,21
OREO 26.25G ORIGINAL,42,1487.6689655172415,HASBAH KENYA LTD CADBURY,21
KETEPA 500G FAHARI YA KENYA,42,8128.943416181915,KENYA TEA PACKERS KETEPA,21
MINUTE MAID 1L APPLE JUICE,42,4843.849137931034,COCA COLA BEVERAGES KENYA LTD,21
BIO 90ML VANILLA,42,2654.4,BIO FOOD PRODUCTS LTD,21
MILL BAKERS 300G  ENGLISH MUFFINS,42,4435.200000000001,MILL BAKERS LIMITED,21
BROOKSIDE 250ML VANILLA,42,2306.202609188883,BROOKSIDE DAIRY LIMITED,21
MAYERS 750ML GLASS SPARKLING WATER,41,3247.2000000000003,MALACHITE LIMITED,21
MAYERS 750ML GLASS SPARKLING EMPTY BOTTLE,41,3116.0,MALACHITE LIMITED,21
MACCOFFEE 15G WHITE 3 IN 1 COFFEE,41,652.830017055145,CHANDARIA INDUSTRIES LTD MACCOFFEE,21
STIMOROL 14G 10S WILD BERRY,41,2132.1386473429952,HASBAH KENYA LTD CADBURY,21
DL 70ML MINI FIESTA CARAMEL N NUTS,41,2264.195499738357,GLACIER PRODUCTS LTD G P,21
FC 1KG (14D) FRESH PORK VALUE PACK,41,22996.73340095087,FARMERS CHOICE LTD,21
HANAN 10PK TISSUE PAPER,41,14478.622475570033,ZENKO KENYA LIMITED,21
LAKI LAKI 150ML GREEK YOGHURT NATURAL,40,3680.0,LAKI LAKI LIMITED,21
QUENCHER 18L MIN WATER PET,40,16272.864127345083,EXCEL CHEMICALS LTD,21
JIAN 30 PACK YELLOW YOLK EGGS,40,15723.982641041537,JIAN CEREALS DEPOT,21
BROOKSIDE 1LT NATURAL YOGHURT,40,7200.0,BROOKSIDE DAIRY LIMITED,21
URBAN STIX 35G KUKU CHOMA SNACK,39,1092.0371649791543,NORDA INDUSTRIES LTD.,21
BALOZI 500ML BEER,39,6484.668904109588,KENYA BREWERIES LTD,21
KABARNET 500ML MINERAL WATER,39,843.7940425531915,KHETIA DRAPERS LTD,21
OREO 128G ORIGINAL,39,4834.88,HASBAH KENYA LTD CADBURY,21
TENA 100S SERVIETTES WHITE,39,3108.194594594596,AFRICAN COTTON INDUSTRIES LTD,21
BROOKSIDE 250G SALTED BUTTER,39,13187.814150417831,BROOKSIDE DAIRY LIMITED,21
BROOKSIDE 250ML STRAWBERRY,39,2140.374362165526,BROOKSIDE DAIRY LIMITED,21
FELIX 85G CAT BEEF,38,5893.480949623625,MERIT AFRICA LTD,21
BROOKSIDE 250G NATURAL PROBIOTIC YOGHURT,38,2824.0864378165447,BROOKSIDE DAIRY LIMITED,21
FC 125G (30D) FRESH NYAMABITE,38,2800.5126964933493,FARMERS CHOICE LTD,21
FC 500G (14D) FRESH CLASSIC PORK SAUSAGE,38,11186.476621058893,FARMERS CHOICE LTD,21
DELAMERE 250ML PREM WILD BERRIES YOG CUP,38,2632.981634615385,BROOKSIDE DAIRY LIMITED,21
KRACKLES CURLS 15G CHEESY,38,608.0161788185205,PROPACK KENYA LTD,21
KABARNET 500ML SPARKLING WATER,37,1450.4,KHETIA DRAPERS LTD,21
OXYRICH 1L SPRING WATER,37,1379.830083925113,AQUAMIST LIMITED,21
CADBURY 90G DRINKING CHOCOLATE SACHET,37,3135.188412794206,HASBAH KENYA LTD CADBURY,21
ZESTA 100G BI-CARBONATE OF SODA,37,651.2192332683562,TRUFOODS LIMITED T F,21
BROOKSIDE 450G NATURAL PROBIOTIC YOGHURT,37,4690.27120743034,BROOKSIDE DAIRY LIMITED,21
LEADAV YELLOW YOLK EGGS 30PACK TRAY,36,14055.021024258762,LEADAV POULTRY FARM LTD,21
BROOKSIDE 1L SWEETEND LALA BOTTLE,36,5155.200000000001,BROOKSIDE DAIRY LIMITED,21
FC 1KG (14D) BEEF VALUE SAUSAGES,36,20483.711830388693,FARMERS CHOICE LTD,21
KRAC KURLS 25G TOMATO,35,1094.273432835821,PROPACK KENYA LTD,21
QUENCHER 10LT MINERAL WATER PET,35,8372.0,EXCEL CHEMICALS LTD,21
BIO 500ML COOKING CREAM LONG LIFE,35,9875.571514063437,BIO FOOD PRODUCTS LTD,21
FAY TOILET PAPER WHITE 10S,35,12884.569847856157,KIM FAY EAST AFRICA LTD,21
CHROME 250ML VODKA,34,6893.810844892812,UDV KENYA LIMITED,21
NEPTUNE 10S BLENDED TOILET PAPER,34,10008.876595744683,KAPA OIL REFINERIES LTD,21
ILARA 1LT MAZIWA LALA  PLASTIC BOTTLE,34,4542.4,BROOKSIDE DAIRY LIMITED,21
SPRITE 300ML,34,1088.0,COCA COLA BEVERAGES KENYA LTD,21
SPRITE 300ML EMPTY BOTTLE,34,408.0,COCA COLA BEVERAGES KENYA LTD,21
QUENCHER LIFE 5LT PREMIUM DRINKING WATER,34,6074.566254071662,EXCEL CHEMICALS LTD,21
STREPSILS REGULAR 2S,34,1224.0,HARLEYS LTD,21
CADBURY 80G DAIRY MILK,34,7077.022894168467,HASBAH KENYA LTD CADBURY,21
AQUAMIST 20LT MINERAL WATER EMPTY BOTTLE,34,25977.363397876332,AQUAMIST LIMITED,21
BROWNS 250G GREEK YOGHURT,34,7696.397146932953,SUNPOWER PRODUCTS LTD,21
BROOKSIDE 450ML NATURAL YOGHURT CUP,34,4594.108631578948,BROOKSIDE DAIRY LIMITED,21
SIRIMON 250G CHEDDAR CHEESE,33,13335.749416342414,MORANI LIMITED,21
SOFTLEAF TWIN SERVIETTES,33,4977.918419195485,KAPA OIL REFINERIES LTD,21
ALWAYS 14S MAXI THICK EX/LONG DAY/NIGHT,33,5193.639751552796,HASBAH KENYA LTD P AND G,21
KENYLON 420G CHICK PEAS,33,4698.236756756757,TRUFOODS LIMITED T F,21
FC 400G (30D) FRESH STREAKY BACON,33,21103.383850931677,FARMERS CHOICE LTD,21
TOILEX WHITE 10S,32,9446.870444104135,CHANDARIA INDUSTRIES  LTD,21
FC 200G (14D) FRESH PORK CHIPOLATA,32,5718.323129718599,FARMERS CHOICE LTD,21
AQUAMIST 19L DISPOSABLE WATER,32,14491.635530085961,AQUAMIST LIMITED,21
MANJI 45G MILKSTAR BISCUITS,32,1759.0791532113385,MANJI FOOD INDUSTRIES LTD,21
BIO ACTIVE 350ML BLKBRRY N RSPBRRY YOG DRINK,32,3954.8156156156156,BIO FOOD PRODUCTS LTD,21
KNORR 51G 6S BEEF CHILLI CUBES,32,2412.5660215053763,UNILEVER KENYA LIMITED,21
FELIX 85G CAT SALMON,32,4868.229113067029,MERIT AFRICA LTD,21
CADBURY 80G DAIRY MILK WHOLE NUT,32,6614.213519813519,HASBAH KENYA LTD CADBURY,21
HANAN FLUSHABLE WATER WIPES 72PCS,31,4444.460095173352,ZENKO KENYA LIMITED,21
CADBURY 28G BUBBLY CHOCOLATE,31,2425.621854780734,HASBAH KENYA LTD CADBURY,21
TROP HEAT 18G SAFARI CHEESE,31,496.0,TROPICAL HEAT LTD,21
FELIX 85G CAT TROUT,31,4543.469411764707,MERIT AFRICA LTD,21
TROP HEAT 50G CHEVDA ORIGINAL,31,1539.5278490566038,TROPICAL HEAT LTD,21
MINUTE MAID 400ML TROPICAL JUICE,31,1926.8752429118774,COCA COLA BEVERAGES KENYA LTD,21
FESTIVE 400G POUNDCAKE SLICED VANILLA,31,4364.8,DPL FESTIVE  LIMITED,21
CADBURY 32G DAIRY MILK CHOCOLATE,31,3306.9979766536967,HASBAH KENYA LTD CADBURY,21
MINUTE MAID 1L TROPICAL JUICE,31,3624.5967988865696,COCA COLA BEVERAGES KENYA LTD,21
SIRIMON 250G EVERYDAY CHEESE,30,11829.707462686567,MORANI LIMITED,21
CLOVERS 100G BI-CARBONATE OF SODA BOX PACK,30,590.8412256267411,TRI CLOVER INDUSTRIES LTD,21
MILL BAKERS 260G QUEEN CAKE,30,2376.0,MILL BAKERS LIMITED,21
SPRITE 1.25L PET,29,3016.0,COCA COLA BEVERAGES KENYA LTD,21
DELAMERE 250ML VANILLA FRUIT YOG CUP,29,2724.8720000000003,BROOKSIDE DAIRY LIMITED,21
TENA 15S TOILET ROLL WHITE WRAPPED,29,15022.017365269463,AFRICAN COTTON INDUSTRIES LTD,21
KERICHO GOLD 200G TEA BAGS 100S,29,2899.036285888821,GOLD CROWN BEVERAGES K LTD,21
BIO 1L MAZIWA LALA NATURE PLAIN,29,2724.8720000000003,BIO FOOD PRODUCTS LTD,21
DELAMERE 250ML SBERRY FRUIT YOG CUP,29,2724.8720000000003,BROOKSIDE DAIRY LIMITED,21
TENA 200S SERVIETTES WHITE,28,4480.172307692308,AFRICAN COTTON INDUSTRIES LTD,21
BLUE BAND 250G MED FAT SPREAD,28,3544.6241924982314,SUPER SAVERS DISTRIBUTION LTD,21
FESTIVE TORTILLA WRAP 10 INCH,28,8050.3988005997,DPL FESTIVE  LIMITED,21
BIO ACTIVE 350ML CUCUMBER N MINT YOG DRINK,28,2630.9108965517244,BIO FOOD PRODUCTS LTD,21
FIESTA TOILET ROLLS WHITE 10S,28,9887.839739413681,AFRICAN COTTON INDUSTRIES LTD,21
DELAMERE 250ML LEMON BISCUIT FRUIT YOG CUP,28,2630.9108965517244,BROOKSIDE DAIRY LIMITED,21
SANTA MARIA 70G TOMATO PASTE SATCHET,28,837.0168224299066,DEBENHAM AND FEAR LTD,21
BROOKSIDE 230ML COOKING CREAM CUP,28,7900.4572112507485,BROOKSIDE DAIRY LIMITED,21
ROSY TOILET TISSUE WHITE 10PACK,27,6437.1756521739135,CHANDARIA INDUSTRIES  LTD,21
ISINYA 20S EGGS,27,8886.906552050703,ISINYA FEEDS LIMITED,21
GREEN FARM 15PK Y/YORK EGGS,27,7232.547335907337,GREEN FARM POULTRY,21
BIO 1LT GREEK YOGHURT NATURE PLAIN,27,2536.949793103449,BIO FOOD PRODUCTS LTD,21
MAYERS 18.9L STILL MINERAL WATER,27,1504.7188064191655,MALACHITE LIMITED,21
MCVITIES 400G DIGESTIVE BISCUIT,27,1484.2230355220668,WORLD BRANDS K LTD,21
ACACIA 200ML KIDS BLUE RASPBERRY,27,2409.547469262844,KEVIAN KENYA LTD,21
URBAN BITES 30G NYAM CHOM LTD EDITION,27,1190.1436363636365,NORDA INDUSTRIES LTD.,21
FELIX 85G CAT TUNA,27,4113.8254635352305,MERIT AFRICA LTD,21
FELIX 85G CHICKEN JUNIOR,27,4132.563582089552,MERIT AFRICA LTD,21
SKITTLES 38G FRUITY CANDY,27,3608.843319838057,RADBONE CLARK LIMITED MARS,21
SCHWEPPES 330ML GINGER ALE CAN,27,4365.102378737542,COCA COLA BEVERAGES KENYA LTD,21
VELVEX SERVIETTES 200S VALUE PACK,27,2509.8205597698143,CHANDARIA INDUSTRIES  LTD,21
BROOKSIDE 250ML CHOCOLATE,27,1482.1782277691086,BROOKSIDE DAIRY LIMITED,21
GREEN FARM 6S Y/YORK EGGS,27,8886.906552050703,GREEN FARM POULTRY,21
JAMAA 1KG BAR SOAP CREAM,27,2539.14293083406,KAPA OIL REFINERIES LTD,21
SUNLIGHT 700G LONG BAR YELLOW,27,2539.14293083406,UNILEVER KENYA LIMITED,21
MILL BAKERS 200G QUEEN CAKE,26,2745.6000000000004,MILL BAKERS LIMITED,21
ZENTA 1KG CREAM SOAP,26,2445.100600062428,GOLDEN AFRICA K LTD,21
PICK N PEEL 1LT PINEAPPLE JUICE,26,1826.3357718779046,KEVIAN KENYA LTD,21
CLUB SODA 350ML LEMONADE,26,1382.9478654950208,HIGHLANDS DRINKS LIMITED,21
MINUTE MAID 1L PULPY ORANGE,26,2320.3049704012574,COCA COLA BEVERAGES KENYA LTD,21
FLORA 100S SERVIETTES WHITE,26,1863.948897338403,AFRICAN COTTON INDUSTRIES LTD,21
LYONS 55ML RED DEVIL LOLLY,26,1435.831292517007,RAZCO LTD,21
ORCHID VALLEY 1L TROPICAL DELIGHT,26,1826.3357718779046,PREMIER FOODS  LIMITED,21
SUNLIGHT 1KG 2IN1 SPRING SENSATIONS,26,2250.464140204824,UNILEVER KENYA LIMITED,21
TUZO 500G MAZIWA LALA SATCHET,26,2442.988689655173,BROOKSIDE DAIRY LIMITED,21
PRAZIER 6S YELLOW YORK EGGS,26,8557.761864937715,PRAZIER POULTRIES,21
LAKI LAKI 700ML GREEK YOGHURT NATURAL GLS,25,2349.027586206897,LAKI LAKI LIMITED,21
SOFTLEAF SINGLE SERVIETTES,25,2323.9079257127914,KAPA OIL REFINERIES LTD,21
PEP 700G PREMIUM TOMATO KETCHUP,25,2163.9078271200233,PREMIER FOODS  LIMITED,21
TAMU TAMU 25G TUTTI FRUTY,25,1101.9848484848487,NORDA INDUSTRIES LTD.,21
VELVEX 140S PREM SILVER FACIAL TISSUES,25,2163.9078271200233,CHANDARIA INDUSTRIES  LTD,21
NESCAFE 1.5G CLASSIC SACHET,25,182.76335261670926,NESTLE KENYA LTD,21
TENA WHITE TOILET ROLL,25,8828.428338762214,AFRICAN COTTON INDUSTRIES LTD,21
KERICHO GOLD 100S ROUND TB,25,2499.1692119731215,GOLD CROWN BEVERAGES K LTD,21
KLEENEX SERVIETES 1 PLYX100S WHITE,25,2323.9079257127914,KIM FAY EAST AFRICA LTD,21
LEADAV YELLOW YOLK EGGS 6PACK,25,8228.617177824724,LEADAV POULTRY FARM LTD,21
WANPY 100G CHICKEN RAWHIDE CD10H,25,2163.9078271200233,BRAND ROYALTY LTD,21
HIGHLANDS 1.5LT MINERAL WATER,25,1393.25815409182,HIGHLANDS DRINKS LIMITED,21
LYONS 60ML CHOC STICK STICKLINE,25,1380.6070120355835,RAZCO LTD,21
GELX GEL PEN BLUE,25,408.0691209616829,ARGUS TRADING  CO LIMITED,21
FESTIVE 200G HALF POUNDCAKE SLICED VANILLA,25,2640.0,DPL FESTIVE  LIMITED,21
HEINZ 570G TOMATO KETCHUP,25,2163.9078271200233,HASBAH KENYA LTD,21
LAKI LAKI 100ML GREEK YOGHURT NATURAL,24,2255.066482758621,LAKI LAKI LIMITED,21
CADBURY 26.25G OREO CHOCOLATE,24,1319.309364908504,HASBAH KENYA LTD CADBURY,21
HC 220G CHEESE PORTION MOZZARELLA,24,9581.24640919914,HAPPY COW LIMITED,21
CARTOONS 30G TUTTI FRUTTI CRISPS,24,1057.9054545454546,PROPACK KENYA LTD,21
TROP HEAT 100G PAPRIKA JAR,24,2077.3515140352224,TROPICAL HEAT LTD,21
MAGIC 300ML SODA WATER,24,1276.5672604569422,KHETIA DRAPERS LTD,21
GILANI GOURMET 2KG ICE CUBE,24,3840.0,GILANI GOURMET LTD,21
EMBASSY BY DUNHILL RED 20S,24,8832.024295410101,NOBLE OUTLOOK LIMITED,21
TAMU TAMU 25G TOMATO KETCHUP,24,1057.9054545454546,NORDA INDUSTRIES LTD.,21
GOFRUT 1LT LEMON MINT MOJITO FRUIT DRINK,24,1685.8484048103735,EXCEL CHEMICALS LTD,21
KCC 1L PLAIN MALA  BOTTLE 69,24,2255.066482758621,NEW KENYA COOP CREAMERIES  LTD,21
KERICHO GOLD 100S TEA BAGS ENVELOPE,24,2399.202443494197,GOLD CROWN BEVERAGES K LTD,21
CIL 2KG RICE PISHORI,23,18343.228764790263,CAPWELL INDUSTRIES LTD,21
BROOKSIDE 500ML DAIRY BEST (POUCH),4479,195963.2160332206,BROOKSIDE DAIRY LIMITED,28
ILARA FRESH MILK 500ML SATCHET,1327,59685.674424501245,BROOKSIDE DAIRY LIMITED,28
TUZO 500ML FRESH MILK (POUCH),724,34172.83747290784,BROOKSIDE DAIRY LIMITED,28
BROOKSIDE 500ML TR FRESH MILK,676,35136.93345227476,BROOKSIDE DAIRY LIMITED,28
FESTIVE 400G MILKY WHITE SLICED,394,20488.091272369264,DPL FESTIVE  LIMITED,28
BIO 2L WHOLE FRESH MILK,379,96530.29907209137,BIO FOOD PRODUCTS LTD,28
BROOKSIDE 1LT UHT WHOLE MILK,372,46247.26126394052,BROOKSIDE DAIRY LIMITED,28
FESTIVE 800G WHITE MILKY BREAD,351,36504.0,DPL FESTIVE  LIMITED,28
FRESHA 500ML WHOLE MILK POUCH,347,15774.417738830249,GITHUNGURI DAIRY FARMERS,28
TUZO 500ML WHOLE MILK (FINO PACK) 180DAYS,341,13946.740828675156,BROOKSIDE DAIRY LIMITED,28
FESTIVE 600G FAMILY WHITE BREAD,336,26880.197449081807,DPL FESTIVE  LIMITED,28
NATURES 400G GOLD WHITE,329,17108.09226670406,DPL FESTIVE  LIMITED,28
TUZO 450ML ESL WHOLE MILK 90DAYS,312,11466.614226669566,BROOKSIDE DAIRY LIMITED,28
SOKO 2KG MAIZE MEAL,305,35659.80748365558,CAPWELL INDUSTRIES LTD,28
BROOKSIDE 500ML LACTOSE FREE UHT MILK FINO,299,18089.356755030345,BROOKSIDE DAIRY LIMITED,28
DAIMA 500ML WHOLE ESL POUCH,284,11120.807580692923,DEVYANI FOOD INDUSTRIES K LIMITED MILK AND YOGHURT,28
AJAB 2KG HOME BAKING FLOUR,259,33085.39238526446,GRAIN INDUSTRIES LIMITED,28
DAIMA 500ML FINO MAZIWA BORA,256,9760.11212333567,DEVYANI FOOD INDUSTRIES K LIMITED MILK AND YOGHURT,28
NATURES 600G WHITE BREAD,253,20240.200269856978,DPL FESTIVE  LIMITED,28
BROOKSIDE 250ML UHT WHOLE MILK,250,8400.096366965405,BROOKSIDE DAIRY LIMITED,28
DAIMA 450ML ESL MAZIWA BORA,236,8449.107260891338,DEVYANI FOOD INDUSTRIES K LIMITED MILK AND YOGHURT,28
EXE 2KG ALL PURPOSE FLOUR,229,29333.02770143352,UNGA LTD,28
TUZO 450ML ESL WHOLE MILK 30DAYS,227,10078.76689755742,BROOKSIDE DAIRY LIMITED,28
FRESHA MAISHA 250ML LONG LIFE MILK,203,4872.074486870772,GITHUNGURI DAIRY FARMERS,28
FRESHA MAISHA 500ML LONG LIFE MILK,186,8251.527125902361,GITHUNGURI DAIRY FARMERS,28
BIO 1L FRESH WHOLE MILK,175,23923.47903657449,BIO FOOD PRODUCTS LTD,28
JOGOO 2KG MAIZE MEAL,163,18908.84939110734,UNGA LTD,28
KABRAS 2KG WHITE SUGAR,153,39152.83113671491,WEST KENYA SUGAR COMPANY LTD,28
GOLD CROWN 500ML WHOLE MILK LONGLIFE FINO TFA 20,151,6603.943933054394,NEW KENYA COOP CREAMERIES  LTD,28
KCC 500ML FRESH WHOLE MILK TFA 21,150,6348.892128279884,NEW KENYA COOP CREAMERIES  LTD,28
NUTRAMEAL 1KG SUGAR,149,20542.45621414914,KAMILI PACKERS SUGAR ONLY,28
KCC 500ML FRESH W/MILK (POUCH)-84,148,6676.795399361023,NEW KENYA COOP CREAMERIES  LTD,28
ILARA  POUCH FRESH MILK 1LTR,138,12921.446868214467,BROOKSIDE DAIRY LIMITED,28
BROOKSIDE 2LTR FRESH MILK STANDARD BOTTLE,135,27750.06613226453,BROOKSIDE DAIRY LIMITED,28
KABRAS 1KG WHITE SUGAR,131,17538.413205678444,WEST KENYA SUGAR COMPANY LTD,28
PEMBE 2KG MAIZE MEAL,130,15288.512697938455,PEMBE FLOUR MILLS,28
NUTRAMEAL 2KG SUGAR,120,32012.454020777226,KAMILI PACKERS SUGAR ONLY,28
KCC 500ML GOLD CROWN  (POUCH)-55,116,5332.115564435565,NEW KENYA COOP CREAMERIES  LTD,28
BROOKSIDE 2LTR FRESH MILK WHOLE BOTTLE,108,22200.86455906822,BROOKSIDE DAIRY LIMITED,28
FESTIVE 400G WHOLE MEAL,103,5356.035919790759,DPL FESTIVE  LIMITED,28
BROOKSIDE 1LTR FRESH MILK STANDARD,102,10606.709735712673,BROOKSIDE DAIRY LIMITED,28
NATURES 800G WHITE BREAD,96,9984.15630936228,DPL FESTIVE  LIMITED,28
FESTIVE 600G FAMILY BRWN BREAD,89,7120.017623762376,DPL FESTIVE  LIMITED,28
BIO 2L SEMI SKIMMED FRESH MILK,87,21270.581195680803,BIO FOOD PRODUCTS LTD,28
BROOKSIDE 1L FARM FRESH MILK,86,8944.0,BROOKSIDE DAIRY LIMITED,28
BROOKSIDE 1L LACTOSE FREE UHT MILK,84,11707.523694568355,BROOKSIDE DAIRY LIMITED,28
FESTIVE 800G SUPREME WHOLE MEAL,84,8736.0,DPL FESTIVE  LIMITED,28
FESTIVE 400G FINEST SUPER SEEDED BREAD,83,8632.017849462365,DPL FESTIVE  LIMITED,28
FRESHA 5L WHOLE MILK,83,33165.12377850163,GITHUNGURI DAIRY FARMERS,28
SUPA 400G BUTTER TOAST BREAD,79,4108.142142254709,MINI BAKERIES NBI  LTD,28
BROOKSIDE 200ML  WHOLE MILK TCA,76,1945.6364617691156,BROOKSIDE DAIRY LIMITED,28
FESTIVE 300G 6S DELUXE ROLLS,73,7008.0,DPL FESTIVE  LIMITED,28
BROOKSIDE 1LT UHT LOWFAT MILK,72,8807.841059602648,BROOKSIDE DAIRY LIMITED,28
FESTIVE 400G WHITE SLICED,69,3477.7088757396455,DPL FESTIVE  LIMITED,28
BIO 1L FRESH SEMI SKIMMED MILK,69,8670.897777777778,BIO FOOD PRODUCTS LTD,28
SUPA 400G WHITE SLICED BREAD CT,68,3536.0,MINI BAKERIES NBI  LTD,28
MOLO UHT MILK 500ML ESL 90DAYS,67,2513.4059362403814,BROOKSIDE DAIRY LIMITED,28
FESTIVE 300G 6S PREM PLAIN BURGER BUNS,66,6336.0,DPL FESTIVE  LIMITED,28
FRESHA 500ML ASEPTIC WHOLE MILK,65,2808.0174438108024,GITHUNGURI DAIRY FARMERS,28
BROADWAY 400G WHITE SLICED BREAD,65,3380.0,BROADWAYS BAKERY LTD,28
AJAB 2KG MAIZE MEAL FLOUR,63,7825.175020016013,GRAIN INDUSTRIES LIMITED,28
AMAIZE 2KG PREMIUM MAIZE FLOUR,63,9231.365091610414,CAPWELL INDUSTRIES LTD,28
PEMBE 2KG HOMEBAKING,62,7570.228914057295,PEMBE FLOUR MILLS,28
DAIMA 200ML WHOLE MILK FINO TETRA 180DAYS,59,1208.920954907162,DEVYANI FOOD INDUSTRIES K LIMITED MILK AND YOGHURT,28
RINSUN 5LT SUNFLOWER OIL,54,68686.49432703004,KAPA OIL REFINERIES LTD,28
SUPA LOAF WHITE BREAD 600G,50,4000.0,MINI BAKERIES NBI  LTD,28
MUMIAS 2KG SUGAR,49,12574.912967098406,Unknown,28
BROADWAY 400G NATURAL BROWN BREAD,48,2496.0929332042597,BROADWAYS BAKERY LTD,28
NATURES 400G GOLD  BROWN,46,2392.0891472868216,DPL FESTIVE  LIMITED,28
SUPA 600G WHITE BUTTER TOAST,45,3600.0,MINI BAKERIES NBI  LTD,28
BUTTERFLY 1KG SOOJI (SEMOLINA),40,6646.25141562854,SPICE WORLD LTD,28
BIO 1L BARISTA FRESH MILK,40,5727.5,BIO FOOD PRODUCTS LTD,28
HOSTESS 2KG FLOUR,40,4847.9663959531545,UNGA LTD,28
KINGSMIL 400G KUBWA WAO WHITE BREAD,40,2080.0,KENAFRIC BAKERY LTD,28
MUMIAS 1KG SUGAR,39,5050.80423363387,Unknown,28
SOKO 1KG MAIZE MEAL FLOUR,38,2409.247522847523,CAPWELL INDUSTRIES LTD,28
RINA 5LT VEGETABLE OIL,38,37007.05605536332,KAPA OIL REFINERIES LTD,28
RINSUN 3LT SUNFLOWER OIL,37,32379.208721986673,KAPA OIL REFINERIES LTD,28
RINSUN 2LT SUNFLOWER OIL,37,22425.798230088498,KAPA OIL REFINERIES LTD,28
EXE 2KG CHAPATI FLOUR,37,5011.179661016949,UNGA LTD,28
KINGSMIL 200G SLICED WHITE BREAD,36,1008.0820980615734,KENAFRIC BAKERY LTD,28
TUZO 250ML UHT WHOLE MILK,35,1120.0,BROOKSIDE DAIRY LIMITED,28
BROADWAYS 600G WHITE BREAD,35,2772.1602034329308,BROADWAYS BAKERY LTD,28
EXE 2KG SELF RAISING,35,4901.835497835497,UNGA LTD,28
GOLD CROWN 500ML LACTOSE FREE MILK TFA,35,1553.9948960991617,NEW KENYA COOP CREAMERIES  LTD,28
EXE 1KG ALL PURPOSE,34,2328.698199875854,UNGA LTD,28
FRESHA 2LT WHOLE MILK,33,5544.0,GITHUNGURI DAIRY FARMERS,28
SUPA 800G SWICH WHITE BREAD,33,3432.0,MINI BAKERIES NBI  LTD,28
BROOKSIDE 250ML UHT LOW FAT MILK,33,1108.8,BROOKSIDE DAIRY LIMITED,28
BIO 1L FRESH SKIMMED MILK,32,3939.442904290429,BIO FOOD PRODUCTS LTD,28
DAIMA 200ML MILK FINO BORA,32,639.4362853039731,DEVYANI FOOD INDUSTRIES K LIMITED MILK AND YOGHURT,28
FESTIVE 350G SLICED SUB ROLLS 4S,31,3472.0,DPL FESTIVE  LIMITED,28
KINGSMIL 400G KUBWA WAO BROWN BREAD,31,1612.0,KENAFRIC BAKERY LTD,28
NATURES 600G BROWN BREAD,30,2400.0,DPL FESTIVE  LIMITED,28
SUPA 400G BARREL WHITE BREAD,29,1508.0361089494168,MINI BAKERIES NBI  LTD,28
BROADWAY 800G WHITE SANDWICH SLICED BREAD,29,3016.035913312694,BROADWAYS BAKERY LTD,28
FESTIVE 350G LONG SLICED ROLLS 4S,28,2240.0,DPL FESTIVE  LIMITED,28
DAIMA 500ML UHT PLAIN FINO 180DAYS,28,1170.918124207858,DEVYANI FOOD INDUSTRIES K LIMITED MILK AND YOGHURT,28
AJAB 1KG HOME BAKING FLOUR,28,3393.5764771672084,GRAIN INDUSTRIES LIMITED,28
BROOKSIDE 3L FARM FRESH MILK,27,1198.7960627050675,BROOKSIDE DAIRY LIMITED,28
RINSUN 1LT SUNFLOWER OIL,26,24036.78739067651,KAPA OIL REFINERIES LTD,28
SOKO 2KG HOMEBAKING FLOUR,26,3127.7441894892677,CAPWELL INDUSTRIES LTD,28
TUZO 200ML UHT WHOLE MILK,25,1109.996354356544,BROOKSIDE DAIRY LIMITED,28
SUPA 800G WHITE BUTTER TOAST,24,1920.0,MINI BAKERIES NBI  LTD,28
AMAIZE 2KG SIFTED MAIZE FLOUR,24,2908.779837571893,CAPWELL INDUSTRIES LTD,28
KINGSMIL 200G SLICED BROWN BREAD,24,1920.0,KENAFRIC BAKERY LTD,28
BROADWAY 200G WHITE KADOGO  BREAD,24,1920.0,BROADWAYS BAKERY LTD,28
NUTRAMEAL 5KG SUGAR,23,4528.351443679274,KAMILI PACKERS SUGAR ONLY,28
FAMILA 1KG PURE WIMBI FLOUR,22,2666.381517774235,UNGA LTD,28
EXE 1KG SELF RAISING,22,2666.381517774235,UNGA LTD,28
FRESH FRI 250ML COOKING OIL,21,19414.328277084875,PWANI OIL PRODUCTS LTD.,28
EXE 2KG MANDAZI FLOUR,21,2545.182357875406,UNGA LTD,28
TUZO 1L UHT WHOLE MILK,20,887.9970834852352,BROOKSIDE DAIRY LIMITED,28
BROOKSIDE 500ML PLUS+ LOW FAT UHT MILK TFA,18,799.1973751367117,BROOKSIDE DAIRY LIMITED,28
SUPA 200G SWEET BREAD,18,1440.0,MIBISCO LTD,28
SUPA 600G BARREL WHITE BREAD,18,1440.0,MINI BAKERIES NBI  LTD,28
NESCAFE GOLD 12.5G CAPPUCCINO REDUCED SUGAR STICK,17,3347.0423714151157,NESTLE KENYA LTD,28
RINA 1LT VEGETABLE OIL JERRICAN,16,14791.869163493237,KAPA OIL REFINERIES LTD,28
KINGSMIL 400G SWICH WHITE BREAD,16,1280.0,KENAFRIC BAKERY LTD,28
RINSUN 500ML SUNFLOWER OIL,16,14791.869163493237,KAPA OIL REFINERIES LTD,28
RINA 2L VEGETABLE OIL JERRICAN,15,13867.377340774909,KAPA OIL REFINERIES LTD,28
BROADWAY 800G BROWN SANDWICH SLICED BREAD,15,1200.0,BROADWAYS BAKERY LTD,28
FESTIVE 400G ZERO WHITE BREAD SF,15,1200.0,DPL FESTIVE  LIMITED,28
BROADWAYS 600G BROWN BREAD,14,1120.0,BROADWAYS BAKERY LTD,28
KINGSMIL 800G SWICH WHITE BREAD,14,1120.0,KENAFRIC BAKERY LTD,28
KINGSMIL 600G SWICH WHITE BREAD,14,1120.0,KENAFRIC BAKERY LTD,28
KCC 450ML ASCEPTIC WHOLE MILK 30,13,577.1981042654029,NEW KENYA COOP CREAMERIES  LTD,28
BUTTERFLY 2KG ATTA MARK 1 FLOUR,13,1575.5890786847754,SPICE WORLD LTD,28
JOGOO 1KG MAIZE MEAL,13,1575.5890786847754,UNGA LTD,28
CAPTAIN COOK 5L PURE CORN OIL,12,11093.901872619928,KAPA OIL REFINERIES LTD,28
RINSUN 750ML SUNFLOWER OIL,12,11093.901872619928,KAPA OIL REFINERIES LTD,28
AJAB 2KG MANDAZI FLOUR,12,1454.3899187859465,GRAIN INDUSTRIES LIMITED,28
FRESH FRI 1LT COOKING OIL,12,11093.901872619928,PWANI OIL PRODUCTS LTD.,28
BUTTERFLY 1KG ATTA MARK 1 FLOUR,12,1454.3899187859465,SPICE WORLD LTD,28
FESTIVE 1.5KG WHITE MILKY BREAD,12,960.0,DPL FESTIVE  LIMITED,28
BROOKSIDE 1LT PLUS+ FAT FREE UHT MILK TBA,12,532.7982500911412,BROOKSIDE DAIRY LIMITED,28
VELVEX EXTRA 10S TOILET TISSUE UNWARAPPED,12,11093.901872619928,CHANDARIA INDUSTRIES  LTD,28
BROOKSIDE 500ML PLUS+ FAT FREE UHT MILK TFA,12,532.7982500911412,BROOKSIDE DAIRY LIMITED,28
FRESH FRI 2LT COOKING OIL,12,11093.901872619928,PWANI OIL PRODUCTS LTD.,28
RINA 500ML VEGETABLE OIL,11,10169.4100499016,KAPA OIL REFINERIES LTD,28
PEMBE 5KG MAIZE MEAL,11,1333.1907588871175,PEMBE FLOUR MILLS,28
RINA 3LT VEGETABLE  OIL,11,10169.4100499016,KAPA OIL REFINERIES LTD,28
BUTTERFLY 1KG GRAM FLOUR,10,1211.9915989882886,SPICE WORLD LTD,28
KINGSMIL 600G SWICH BROWN BREAD,10,800.0,KENAFRIC BAKERY LTD,28
FESTIVE 400G SILINDA WHITE BREAD,10,800.0,DPL FESTIVE  LIMITED,28
FESTIVE 400GM BROWN SLICED,10,800.0,DPL FESTIVE  LIMITED,28
CLOVERS 500G CASTER SUGAR,9,1771.9636083962378,TRI CLOVER INDUSTRIES LTD,28
SOKO 2KG NUTRIGO WHOLE GRAIN MAIZE MEAL,9,1090.7924390894598,CAPWELL INDUSTRIES LTD,28
SOKO 5KG MAIZE MEAL BAG,8,969.5932791906309,CAPWELL INDUSTRIES LTD,28
BROADWAYS 200G MANDO BITES 4S,8,640.0,BROADWAYS BAKERY LTD,28
SUPA 1.5KG BUTTER TOAST BREAD,8,640.0,MINI BAKERIES NBI  LTD,28
AJAB 2KG SELF RAISING FLOUR,8,969.5932791906309,GRAIN INDUSTRIES LIMITED,28
KINGSMIL 250G SCONES,8,640.0,KENAFRIC BAKERY LTD,28
FESTIVE 400G SILINDA  BROWN BREAD,8,640.0,DPL FESTIVE  LIMITED,28
SUPA 500G BREAD CRUMBS,8,640.0,MIBISCO LTD,28
KINGSMIL 800G SWICH BROWN BREAD,8,640.0,KENAFRIC BAKERY LTD,28
BROADWAY 400G PREMIUM SANDWICH BREAD,8,640.0,BROADWAYS BAKERY LTD,28
SUPA 600G BARREL BROWN BREAD,7,560.0,MINI BAKERIES NBI  LTD,28
SUPA 500G LARGE SCONES,7,560.0,MIBISCO LTD,28
BROADWAY 400G 50/50 BREAD,7,560.0,BROADWAYS BAKERY LTD,28
SUPA 350G MEDIUM SCONES,7,560.0,MIBISCO LTD,28
JOGOO 2KG WIMBI MEAL,7,848.3941192918021,UNGA LTD,28
AVENA 5L VEGETABLE OIL,6,5546.950936309964,GOLDEN AFRICA K LTD,28
RHARVEST 400G WHITE BREAD CLASSIC,6,480.0,RABAI FOODS LIMITED,28
SUPA 400G SUPA SWEET BREAD,6,480.0,MIBISCO LTD,28
NATURES 800G BROWN BREAD,6,480.0,DPL FESTIVE  LIMITED,28
SUPA 1.5KG WHITE SLICED BREAD,6,480.0,MINI BAKERIES NBI  LTD,28
FESTIVE 300G 6S PREM BROWN BURGER BUNS,6,480.0,DPL FESTIVE  LIMITED,28
EXE 2KG ATTA MARK 1,6,727.1949593929733,UNGA LTD,28
SUPA 220G SMALL SCONES,5,400.0,MIBISCO LTD,28
SUPA LOAF 400G SUPA NUTRI BREAD,5,400.0,MINI BAKERIES NBI  LTD,28
BROOKSIDE 1L FUNCTIONAL UHT MILK VIT A & D,5,221.9992708713088,BROOKSIDE DAIRY LIMITED,28
PEMBE 1KG PURE WIMBI PORRIDGE,5,605.9957994941443,PEMBE FLOUR MILLS,28
SIMPLIFINE 600G WHOLEMEAL LOAF,5,400.0,BIGCOLD KENYA SIMPLIFINE SHELF BREAD,28
FESTIVE 1.5KG BROWN BREAD,5,400.0,DPL FESTIVE  LIMITED,28
HUSEINI 400G BREAD CRUMBS,5,400.0,HUSEINI BAKERY LTD,28
SIMPLIFINE 800G WHITE FAMILY LOAF,5,400.0,BIGCOLD KENYA SIMPLIFINE SHELF BREAD,28
SOKO 1KG HOMEBAKING FLOUR,5,605.9957994941443,CAPWELL INDUSTRIES LTD,28
AVENA 3L VEGETABLE OIL,4,3697.967290873309,GOLDEN AFRICA K LTD,28
SIMPLIFINE 800G WHOLEMEAL LOAF,4,320.0,BIGCOLD KENYA SIMPLIFINE SHELF BREAD,28
RHARVEST 400G WHOLE GRAIN BREAD BROWN LONG,4,320.0,RABAI FOODS LIMITED,28
CAPTAIN COOK 1LT CORN OIL,4,3697.967290873309,KAPA OIL REFINERIES LTD,28
KINGSMIL 300G CLUSTER BUNS,4,320.0,KENAFRIC BAKERY LTD,28
SUPA 250G BREADCRUMBS,4,320.0,MIBISCO LTD,28
SIMPLIFINE 600G BROWN LOAF,4,320.0,BIGCOLD KENYA SIMPLIFINE SHELF BREAD,28
RHARVEST 600G WHITE TOAST BREAD,4,320.0,RABAI FOODS LIMITED,28
BROADWAY 200G MAICHO DONUTS 4PC,4,320.0,BROADWAYS BAKERY LTD,28
CLOVERS 1KG BROWN SUGAR,4,787.539381509439,TRI CLOVER INDUSTRIES LTD,28
SUPA 300G LONG BUNS,4,320.0,MIBISCO LTD,28
SUPA 325G SIMSIM BUNS,4,320.0,MIBISCO LTD,28
EXE 2KG BROWN BREAD FLOUR,4,484.79663959531547,UNGA LTD,28
SUPA 300G ROUND BUNS,3,240.0,MIBISCO LTD,28
KINGSMIL 380G WHOLEMEAL SLICED BURGER 6S,3,240.0,KENAFRIC BAKERY LTD,28
SIMPLIFINE 600G WHITE LOAF,2,160.0,BIGCOLD KENYA SIMPLIFINE SHELF BREAD,28
KINGSMIL 380G PLAIN SLICED BUN 6S WHITE,2,160.0,KENAFRIC BAKERY LTD,28
TOTAL,48293,4180064.0278042913,Total,28
V22 BAG 10 X 15 X 22 30G,578,4625.120457614999,POLYTHENE INDUSTRIES LIMITED,28
V25 CARRIER BAG,521,8336.947441611697,POLYTHENE INDUSTRIES LIMITED,28
WHITE CAP 500ML LAGER CANS,374,68332.85014706258,KENYA BREWERIES LTD,28
QUENCHER 300ML DRINKING WATER,360,5551.975458486162,EXCEL CHEMICALS LTD,28
AQUAMIST 300ML MINERAL WATER,328,8049.374781112027,AQUAMIST LIMITED,28
QUENCHER 500ML DRINKING WATER,305,6453.461284887555,EXCEL CHEMICALS LTD,28
QUENCHER 1LT DRINKING WATER,274,10561.837674525064,EXCEL CHEMICALS LTD,28
KERINGET 500ML MINERAL WATER,253,11363.928638153679,COCA COLA BEVERAGES KENYA LTD,28
COKE PET 350ML,240,9332.019209456965,COCA COLA BEVERAGES KENYA LTD,28
BIO 200ML GREEK STYLE NATURE PLAIN YOGHURT,222,30701.29714466336,BIO FOOD PRODUCTS LTD,28
AQUAMIST 500ML MINERAL WATER,216,8527.199496327388,AQUAMIST LIMITED,28
DUNHILL 20S SWITCH,205,77080.0,NOBLE OUTLOOK LIMITED,28
TUSKER CAN 500ML BEER,204,34712.26084489885,KENYA BREWERIES LTD,28
EMBASSY BY DUNHILL BLUE 20S,200,73600.20246175084,NOBLE OUTLOOK LIMITED,28
KERINGET 18.9LT MINERAL WATER REFIL,193,92429.453691765,COCA COLA BEVERAGES KENYA LTD,28
COKE PET 500ML,188,9999.77687357938,COCA COLA BEVERAGES KENYA LTD,28
COKE ZERO 330ML CAN,175,13520.073948704598,COCA COLA BEVERAGES KENYA LTD,28
COKE ZERO 500ML PET,171,8915.995957651588,COCA COLA BEVERAGES KENYA LTD,28
AQUAMIST 1LTR SPARKLING WATER,166,12620.305982001062,AQUAMIST LIMITED,28
SCHWEPPES TONIC WATER 500ML PET,157,9531.15652906487,COCA COLA BEVERAGES KENYA LTD,28
AQUAMIST 20LT MINERAL WATER,146,61608.73460387462,AQUAMIST LIMITED,28
BROOKSIDE 500ML NATURAL LALA BOTTLE,138,9936.295088539928,BROOKSIDE DAIRY LIMITED,28
COKE 330ML CAN,137,10692.002368265248,COCA COLA BEVERAGES KENYA LTD,28
DL 37G FILLED CHOCOLATES MINT CHOC,137,7637.0769674627345,GLACIER PRODUCTS LTD 2ND,28
MAYERS 1L SPARKLING WATER PLASTIC,132,10162.252201039862,MALACHITE LIMITED,28
SAFARI 300ML LEMONADE LIME DRINK,130,5051.577708549672,BOUNTY LIMITED,28
NUTFIELDS 20G CASHEW NUTS ROASTED AND SALTED,130,7280.0,KENYA NUT COMPANY,28
MAGGI 4G 28S CUBE FORTIFIED,129,10948.961681598897,NESTLE KENYA LTD,28
TUSKER 500ML LAGER BEER,128,21401.600000000002,KENYA BREWERIES LTD,28
COCA COLA 300ML,128,4096.0,COCA COLA BEVERAGES KENYA LTD,28
COCA COLA 300ML EMPTY BOTTLE,128,1536.0,COCA COLA BEVERAGES KENYA LTD,28
NUTFIELD 20G MAC NUTS LOCAL,128,6553.6,KENYA NUT COMPANY,28
AQUAMIST 500ML SPARKLING WATER,127,6999.954846989824,AQUAMIST LIMITED,28
NUTFIELDS 20G MIXED NUTS,124,5456.0,KENYA NUT COMPANY,28
WHITE CAP 500ML LAGER BEER,124,23708.800000000003,KENYA BREWERIES LTD,28
ISINYA 6S EGGS,123,12319.493085249384,ISINYA FEEDS LIMITED,28
BIO 150ML VANILLA YOGHURT,121,11254.534855004678,BIO FOOD PRODUCTS LTD,28
SPRITE PET 350ML,117,4551.800902867716,COCA COLA BEVERAGES KENYA LTD,28
SCHWEPPES SODA WATER 500ML PET,117,7082.751178332748,COCA COLA BEVERAGES KENYA LTD,28
KRACKLES BANG BANG CHILLI 30G,114,5025.05090909091,PROPACK KENYA LTD,28
GUINNESS 500ML CAN,113,20673.694271208507,KENYA BREWERIES LTD,28
KRACKLES POTATO CRISP BBQ30G,113,4933.254643962849,PROPACK KENYA LTD,28
NESTLE 41.5G KITKAT 4 FINGER MILK,113,15103.677597840759,GLACIER PRODUCTS LTD 2ND,28
BALOZI 500ML CAN,108,17758.32507301331,KENYA BREWERIES LTD,28
HIGHLANDS 500ML MINERAL WATER,106,2120.036016139308,HIGHLANDS DRINKS LIMITED,28
TUSKER LITE 500ML CAN,105,21719.990258481423,KENYA BREWERIES LTD,28
ILARA 500ML MAZIWA LALA,104,7488.0,BROOKSIDE DAIRY LIMITED,28
ISINYA 30S EGGS,100,43302.63858093126,ISINYA FEEDS LIMITED,28
KRACKLES CHEESE & ONION 30G,100,4432.716472469729,PROPACK KENYA LTD,28
OLA 40G CHEESE CRUNCH TORTILA CHIPS,99,5102.126213592233,PROPACK KENYA LTD,28
URBAN STIX 35G BARBEQUE SNACKS,99,2772.0,NORDA INDUSTRIES LTD.,28
GOLD CROWN 500ML ASEPTIC LONG LIFE 24,99,3863.7446375582876,NEW KENYA COOP CREAMERIES  LTD,28
SPRITE PET 500ML,98,5181.699244455277,COCA COLA BEVERAGES KENYA LTD,28
COKE PET 2LTS,95,12511.122184954482,COCA COLA BEVERAGES KENYA LTD,28
MAYERS 500ML SPARKLING WATER PLASTIC,93,5530.417563739377,MALACHITE LIMITED,28
WRIGLEYS ORBIT 10S PEPPERMINT SF,92,5048.390927835052,RADBONE CLARK LIMITED MARS,28
WRIGLEYS P.K 10S CHEWING GUM PEPPERMINT,91,1941.8225057412608,RADBONE CLARK LIMITED MARS,28
KABARNET 300ML MINERAL WATER,89,1355.3810460901088,KHETIA DRAPERS LTD,28
FANTA ORANGE PET 350ML,88,3427.2745965834433,COCA COLA BEVERAGES KENYA LTD,28
SPRITE 330ML CAN REGULAR,87,6718.405961199293,COCA COLA BEVERAGES KENYA LTD,28
WRIGLEYS JUICY FRUIT 10S CLASSIC,87,1855.9819735819738,RADBONE CLARK LIMITED MARS,28
KERINGET 1LT MINERAL WATER,86,5976.437138508372,COCA COLA BEVERAGES KENYA LTD,28
DASANI 500ML MINERAL WATER,85,2284.005017561465,COCA COLA BEVERAGES KENYA LTD,28
AQUAMIST 1LT MINERAL WATER,85,5203.179079022172,AQUAMIST LIMITED,28
ISINYA 15S EGGS,85,21094.382093899072,ISINYA FEEDS LIMITED,28
OLA 40G MEXICAN CRUNCH TORTILA CHIPS,85,4383.646694214877,PROPACK KENYA LTD,28
PICK N PEEL 250ML MANGO,85,4811.862342892008,KEVIAN KENYA LTD,28
TENA 10S WHITE TOILET ROLLS,85,30646.16565433462,AFRICAN COTTON INDUSTRIES LTD,28
WRIGLEYS ORBIT 10S BUBBLEMINT SF,81,4453.570723404255,RADBONE CLARK LIMITED MARS,28
DUNHILL 20S DOUBLE CAP,80,30080.0,NOBLE OUTLOOK LIMITED,28
BIO 150ML STRAWBERRY YOGHURT,80,7566.182979959338,BIO FOOD PRODUCTS LTD,28
FANTA ORANGE PET 500ML,80,4227.978329056174,COCA COLA BEVERAGES KENYA LTD,28
PICK N PEEL 250ML TROPICAL MIX,79,4474.593617021276,KEVIAN KENYA LTD,28
MAYERS 1LT SPRING MINERAL WATER,79,4451.088912504429,MALACHITE LIMITED,28
PREDATOR 400ML ENERGY DRINK PET,78,3929.0455331010457,COCA COLA BEVERAGES KENYA LTD,28
VELVEX 100S WHITE SERVIETTES,78,7250.592728223908,CHANDARIA INDUSTRIES  LTD,28
KNORR 51G 6S CHICKEN CUBES,78,5880.828024727702,UNILEVER KENYA LIMITED,28
MENENGAI CREAM 1KG SOAP,75,12299.92171372931,MENENGAI O REFINERIES LTD,28
BIO 150ML NATURAL YOGHURT,75,6923.357142857143,BIO FOOD PRODUCTS LTD,28
KRACKLES SALT&VINEGAR 30GM,75,3250.983170947741,PROPACK KENYA LTD,28
WRIGLEYS P.K 10S CHEWING GUM MENTHOL,74,1576.7897172236505,RADBONE CLARK LIMITED MARS,28
COKE 1.25L PET,72,7362.0552760535775,COCA COLA BEVERAGES KENYA LTD,28
PICK N PEEL 250ML APPLE,71,4042.2273858921167,KEVIAN KENYA LTD,28
PICK N PEEL 250ML PINEAPPLE JUICE,70,3954.059628200632,KEVIAN KENYA LTD,28
AQUAMIST 1.5LT MINERAL WATER,70,5166.126888217523,AQUAMIST LIMITED,28
FANTA ORANGE PET 2LTS,70,8595.024699176696,COCA COLA BEVERAGES KENYA LTD,28
COKE ZERO SUGAR 300ML,69,2208.0,COCA COLA BEVERAGES KENYA LTD,28
COKE ZERO SUGAR 300ML EMPTY BOTTLE,69,828.0,COCA COLA BEVERAGES KENYA LTD,28
BROOKSIDE 500ML SWEET LALA BOTTLE,69,5244.019375219375,BROOKSIDE DAIRY LIMITED,28
FANTA BLACKCURRANT PET 500ML,69,3652.7697110594486,COCA COLA BEVERAGES KENYA LTD,28
COKE ZERO 2L PET,69,9139.965683646113,COCA COLA BEVERAGES KENYA LTD,28
AQUACLEAR 500ML MINERAL WATER,68,1701.5760363086235,DEVYANI FOOD INDUSTRIES K LIMITED MILK AND YOGHURT,28
DASANI 1L MINERAL WATER,68,3141.3862979258333,COCA COLA BEVERAGES KENYA LTD,28
ILARA 500ML TNC PLAIN CUP,67,6295.393931034484,BROOKSIDE DAIRY LIMITED,28
KERINGET 1LT SPARKLING MINERAL WATER,67,5645.495100458232,COCA COLA BEVERAGES KENYA LTD,28
SUNLIGHT 175G PURE SOAP YELLOW,66,3761.51991991992,UNILEVER KENYA LIMITED,28
MAYERS 500ML STILL MINERAL WATER,65,2489.178812655528,MALACHITE LIMITED,28
KIRICHWA 2KG ICE CUBES,65,10400.0,KIRICHWA WATER LIMITED,28
SPRITE SODA PET 2LTS,65,8010.128950036205,COCA COLA BEVERAGES KENYA LTD,28
BROOKSIDE 1L NATURAL LALA BOTTLE,65,8580.054794520549,BROOKSIDE DAIRY LIMITED,28
SMIRNOFF 330ML PINEAPPLE PUNCH ICE CAN,64,10346.909342192692,UDV KENYA LIMITED,28
MR.BERRYS KING KUBWA XXL STRAWBERRY LOLLIPOP,63,829.0011976047905,MZURI SWEETS LIMITED,28
BIO 200ML GREEK STYLE YOGHURT VANILLA,62,8543.714814814815,BIO FOOD PRODUCTS LTD,28
FANTA BLACK CURRANT 350ML PET,62,2409.846969195098,COCA COLA BEVERAGES KENYA LTD,28
SNICKERS 40G SINGLE CHOCO BAR,62,8131.851728553136,RADBONE CLARK LIMITED MARS,28
CARTOONS 30G TANGY TOMATO CRISPS,62,2792.1619596541786,PROPACK KENYA LTD,28
AQUAMIST 5LT MINERAL WATER,62,10615.731195538512,AQUAMIST LIMITED,28
FANTA BLACKCURRANT PET 2LTS,62,7579.88869804191,COCA COLA BEVERAGES KENYA LTD,28
OREO 55.2G ORIGINAL COOKIES,61,3353.2446358091142,HASBAH KENYA LTD CADBURY,28
VELVEX SNOW WHITE 10 PACK,61,22312.640723981902,CHANDARIA INDUSTRIES  LTD,28
PILSNER 500ML LAGER BEER,61,10199.2,KENYA BREWERIES LTD,28
BIO 150ML BERRY COCKTAIL YOGHURT,60,5351.7232897770955,BIO FOOD PRODUCTS LTD,28
KRAC KURLS 25G TANGY CHEESE,60,1876.296943231441,PROPACK KENYA LTD,28
ROTHMANS SWITCH BLUE 20S,58,16936.036781609193,NOBLE OUTLOOK LIMITED,28
BROOKSIDE 500G SALTED BUTTER,57,34252.0678288431,BROOKSIDE DAIRY LIMITED,28
ISINYA 12S EGGS,56,11297.153682167407,ISINYA FEEDS LIMITED,28
PICK N PEEL 250ML ORANGE JUICE,56,4240.307599396076,KEVIAN KENYA LTD,28
MR.BERRYS KING KUBWA XXL PASSION LOLLIPOP,56,742.8260211800302,MZURI SWEETS LIMITED,28
FELIX 85G CAT CHICKEN,55,8380.014833127321,MERIT AFRICA LTD,28
FC 100G (30D) COLLAR BACON,55,7892.313224131043,FARMERS CHOICE LTD,28
HEINEKEN 500ML CAN BEER,55,12523.373134328358,KENYA WINE AGENCIES KWAL,28
BIO 90ML NATURAL Y0GHURT,53,3349.6000000000004,BIO FOOD PRODUCTS LTD,28
PICK N PEEL 1L ORANGE JUICE,53,13852.933850797757,KEVIAN KENYA LTD,28
FC 500G (14D) FRESH SAFARI BEEF SAUSAGE,52,15233.281618887015,FARMERS CHOICE LTD,28
PICK N PEEL 1LT APPLE,52,10755.784840323202,KEVIAN KENYA LTD,28
KRAC KURLS 25G CHILLI LEMON,52,1625.979194368401,PROPACK KENYA LTD,28
DAIMA 500ML NATURAL PROBIOTIC CUP,51,4832.1832460732985,DEVYANI FOOD INDUSTRIES K LIMITED MILK AND YOGHURT,28
FANTA PASSION PET 2LTS,51,6230.956727119359,COCA COLA BEVERAGES KENYA LTD,28
MENENGAI CREAM 800G SOAP,50,6554.596774193548,MENENGAI O REFINERIES LTD,28
BIO 150ML MANGO YOGHURT,49,4640.393869731801,BIO FOOD PRODUCTS LTD,28
LYONS 60ML TOFF N CHOCO W NUTS STICKLINE,49,2694.071578947369,RAZCO LTD,28
ROYCO 4G 40S BEEF CUBES,49,5379.294419030192,UNILEVER KENYA LIMITED,28
KCC 500ML FILPACK MALA,48,2491.331904983698,NEW KENYA COOP CREAMERIES  LTD,28
FANTA PASSION 500ML PET,47,2501.0036295951604,COCA COLA BEVERAGES KENYA LTD,28
OREO 31.3G ENROBED,47,2406.1812136325852,HASBAH KENYA LTD CADBURY,28
BLUE BAND 500G MED FAT SPREAD,46,10102.428577498795,SUPER SAVERS DISTRIBUTION LTD,28
DL 70ML MINI FIESTA CLASSIC,45,2485.506646971935,GLACIER PRODUCTS LTD G P,28
GREEN FARM 30S Y/YORK EGGS,45,20164.37253960634,GREEN FARM POULTRY,28
MINUTE MAID 400ML APPLE JUICE,45,2841.986535473848,COCA COLA BEVERAGES KENYA LTD,28
FESTIVE TORTILLA WRAP 8 INCH,45,9880.734939759037,DPL FESTIVE  LIMITED,28
MARS SINGLE BARS 40G,44,6186.317570252626,RADBONE CLARK LIMITED MARS,28
SOFTLEAF 10S VIRGIN TOILET PAPER,44,15201.550136686716,KAPA OIL REFINERIES LTD,28
SAVANA DRY PREMIUM CIDER 340ML,44,9973.660268317853,KENYA WINE AGENCIES KWAL,28
FC 200G (30D) FRESH SANDWICH HAM,44,10336.241666666667,FARMERS CHOICE LTD,28
KNORR 51G 6S BEEF CUBES,44,3302.047798742138,UNILEVER KENYA LIMITED,28
BLUE BAND 1KG MED FAT SPREAD,43,16464.663715521387,SUPER SAVERS DISTRIBUTION LTD,28
URBAN STIX 35G THAI SWEET CHILLI SNACKS,43,1204.0,NORDA INDUSTRIES LTD.,28
FC 200G (30D) FRESH STREAKY BACON,43,15275.482066869303,FARMERS CHOICE LTD,28
MR BERRYS TOOGOODY TOFFEE BARS,43,344.93209144792553,MZURI SWEETS LIMITED,28
PICK N PEEL 1LT TROPICAL MIX,43,8951.502213848327,KEVIAN KENYA LTD,28
OREO 26.25G ORIGINAL,42,1487.6689655172415,HASBAH KENYA LTD CADBURY,28
KETEPA 500G FAHARI YA KENYA,42,8128.943416181915,KENYA TEA PACKERS KETEPA,28
MINUTE MAID 1L APPLE JUICE,42,4843.849137931034,COCA COLA BEVERAGES KENYA LTD,28
BIO 90ML VANILLA,42,2654.4,BIO FOOD PRODUCTS LTD,28
MILL BAKERS 300G  ENGLISH MUFFINS,42,4435.200000000001,MILL BAKERS LIMITED,28
BROOKSIDE 250ML VANILLA,42,2306.202609188883,BROOKSIDE DAIRY LIMITED,28
MAYERS 750ML GLASS SPARKLING WATER,41,3247.2000000000003,MALACHITE LIMITED,28
MAYERS 750ML GLASS SPARKLING EMPTY BOTTLE,41,3116.0,MALACHITE LIMITED,28
MACCOFFEE 15G WHITE 3 IN 1 COFFEE,41,652.830017055145,CHANDARIA INDUSTRIES LTD MACCOFFEE,28
STIMOROL 14G 10S WILD BERRY,41,2132.1386473429952,HASBAH KENYA LTD CADBURY,28
DL 70ML MINI FIESTA CARAMEL N NUTS,41,2264.195499738357,GLACIER PRODUCTS LTD G P,28
FC 1KG (14D) FRESH PORK VALUE PACK,41,22996.73340095087,FARMERS CHOICE LTD,28
HANAN 10PK TISSUE PAPER,41,14478.622475570033,ZENKO KENYA LIMITED,28
LAKI LAKI 150ML GREEK YOGHURT NATURAL,40,3680.0,LAKI LAKI LIMITED,28
QUENCHER 18L MIN WATER PET,40,16272.864127345083,EXCEL CHEMICALS LTD,28
JIAN 30 PACK YELLOW YOLK EGGS,40,15723.982641041537,JIAN CEREALS DEPOT,28
BROOKSIDE 1LT NATURAL YOGHURT,40,7200.0,BROOKSIDE DAIRY LIMITED,28
URBAN STIX 35G KUKU CHOMA SNACK,39,1092.0371649791543,NORDA INDUSTRIES LTD.,28
BALOZI 500ML BEER,39,6484.668904109588,KENYA BREWERIES LTD,28
KABARNET 500ML MINERAL WATER,39,843.7940425531915,KHETIA DRAPERS LTD,28
OREO 128G ORIGINAL,39,4834.88,HASBAH KENYA LTD CADBURY,28
TENA 100S SERVIETTES WHITE,39,3108.194594594596,AFRICAN COTTON INDUSTRIES LTD,28
BROOKSIDE 250G SALTED BUTTER,39,13187.814150417831,BROOKSIDE DAIRY LIMITED,28
BROOKSIDE 250ML STRAWBERRY,39,2140.374362165526,BROOKSIDE DAIRY LIMITED,28
FELIX 85G CAT BEEF,38,5893.480949623625,MERIT AFRICA LTD,28
BROOKSIDE 250G NATURAL PROBIOTIC YOGHURT,38,2824.0864378165447,BROOKSIDE DAIRY LIMITED,28
FC 125G (30D) FRESH NYAMABITE,38,2800.5126964933493,FARMERS CHOICE LTD,28
FC 500G (14D) FRESH CLASSIC PORK SAUSAGE,38,11186.476621058893,FARMERS CHOICE LTD,28
DELAMERE 250ML PREM WILD BERRIES YOG CUP,38,2632.981634615385,BROOKSIDE DAIRY LIMITED,28
KRACKLES CURLS 15G CHEESY,38,608.0161788185205,PROPACK KENYA LTD,28
KABARNET 500ML SPARKLING WATER,37,1450.4,KHETIA DRAPERS LTD,28
OXYRICH 1L SPRING WATER,37,1379.830083925113,AQUAMIST LIMITED,28
CADBURY 90G DRINKING CHOCOLATE SACHET,37,3135.188412794206,HASBAH KENYA LTD CADBURY,28
ZESTA 100G BI-CARBONATE OF SODA,37,651.2192332683562,TRUFOODS LIMITED T F,28
BROOKSIDE 450G NATURAL PROBIOTIC YOGHURT,37,4690.27120743034,BROOKSIDE DAIRY LIMITED,28
LEADAV YELLOW YOLK EGGS 30PACK TRAY,36,14055.021024258762,LEADAV POULTRY FARM LTD,28
BROOKSIDE 1L SWEETEND LALA BOTTLE,36,5155.200000000001,BROOKSIDE DAIRY LIMITED,28
FC 1KG (14D) BEEF VALUE SAUSAGES,36,20483.711830388693,FARMERS CHOICE LTD,28
KRAC KURLS 25G TOMATO,35,1094.273432835821,PROPACK KENYA LTD,28
QUENCHER 10LT MINERAL WATER PET,35,8372.0,EXCEL CHEMICALS LTD,28
BIO 500ML COOKING CREAM LONG LIFE,35,9875.571514063437,BIO FOOD PRODUCTS LTD,28
FAY TOILET PAPER WHITE 10S,35,12884.569847856157,KIM FAY EAST AFRICA LTD,28
CHROME 250ML VODKA,34,6893.810844892812,UDV KENYA LIMITED,28
NEPTUNE 10S BLENDED TOILET PAPER,34,10008.876595744683,KAPA OIL REFINERIES LTD,28
ILARA 1LT MAZIWA LALA  PLASTIC BOTTLE,34,4542.4,BROOKSIDE DAIRY LIMITED,28
SPRITE 300ML,34,1088.0,COCA COLA BEVERAGES KENYA LTD,28
SPRITE 300ML EMPTY BOTTLE,34,408.0,COCA COLA BEVERAGES KENYA LTD,28
QUENCHER LIFE 5LT PREMIUM DRINKING WATER,34,6074.566254071662,EXCEL CHEMICALS LTD,28
STREPSILS REGULAR 2S,34,1224.0,HARLEYS LTD,28
CADBURY 80G DAIRY MILK,34,7077.022894168467,HASBAH KENYA LTD CADBURY,28
AQUAMIST 20LT MINERAL WATER EMPTY BOTTLE,34,25977.363397876332,AQUAMIST LIMITED,28
BROWNS 250G GREEK YOGHURT,34,7696.397146932953,SUNPOWER PRODUCTS LTD,28
BROOKSIDE 450ML NATURAL YOGHURT CUP,34,4594.108631578948,BROOKSIDE DAIRY LIMITED,28
SIRIMON 250G CHEDDAR CHEESE,33,13335.749416342414,MORANI LIMITED,28
SOFTLEAF TWIN SERVIETTES,33,4977.918419195485,KAPA OIL REFINERIES LTD,28
ALWAYS 14S MAXI THICK EX/LONG DAY/NIGHT,33,5193.639751552796,HASBAH KENYA LTD P AND G,28
KENYLON 420G CHICK PEAS,33,4698.236756756757,TRUFOODS LIMITED T F,28
FC 400G (30D) FRESH STREAKY BACON,33,21103.383850931677,FARMERS CHOICE LTD,28
TOILEX WHITE 10S,32,9446.870444104135,CHANDARIA INDUSTRIES  LTD,28
FC 200G (14D) FRESH PORK CHIPOLATA,32,5718.323129718599,FARMERS CHOICE LTD,28
AQUAMIST 19L DISPOSABLE WATER,32,14491.635530085961,AQUAMIST LIMITED,28
MANJI 45G MILKSTAR BISCUITS,32,1759.0791532113385,MANJI FOOD INDUSTRIES LTD,28
BIO ACTIVE 350ML BLKBRRY N RSPBRRY YOG DRINK,32,3954.8156156156156,BIO FOOD PRODUCTS LTD,28
KNORR 51G 6S BEEF CHILLI CUBES,32,2412.5660215053763,UNILEVER KENYA LIMITED,28
FELIX 85G CAT SALMON,32,4868.229113067029,MERIT AFRICA LTD,28
CADBURY 80G DAIRY MILK WHOLE NUT,32,6614.213519813519,HASBAH KENYA LTD CADBURY,28
HANAN FLUSHABLE WATER WIPES 72PCS,31,4444.460095173352,ZENKO KENYA LIMITED,28
CADBURY 28G BUBBLY CHOCOLATE,31,2425.621854780734,HASBAH KENYA LTD CADBURY,28
TROP HEAT 18G SAFARI CHEESE,31,496.0,TROPICAL HEAT LTD,28
FELIX 85G CAT TROUT,31,4543.469411764707,MERIT AFRICA LTD,28
TROP HEAT 50G CHEVDA ORIGINAL,31,1539.5278490566038,TROPICAL HEAT LTD,28
MINUTE MAID 400ML TROPICAL JUICE,31,1926.8752429118774,COCA COLA BEVERAGES KENYA LTD,28
FESTIVE 400G POUNDCAKE SLICED VANILLA,31,4364.8,DPL FESTIVE  LIMITED,28
CADBURY 32G DAIRY MILK CHOCOLATE,31,3306.9979766536967,HASBAH KENYA LTD CADBURY,28
MINUTE MAID 1L TROPICAL JUICE,31,3624.5967988865696,COCA COLA BEVERAGES KENYA LTD,28
SIRIMON 250G EVERYDAY CHEESE,30,11829.707462686567,MORANI LIMITED,28
CLOVERS 100G BI-CARBONATE OF SODA BOX PACK,30,590.8412256267411,TRI CLOVER INDUSTRIES LTD,28
MILL BAKERS 260G QUEEN CAKE,30,2376.0,MILL BAKERS LIMITED,28
SPRITE 1.25L PET,29,3016.0,COCA COLA BEVERAGES KENYA LTD,28
DELAMERE 250ML VANILLA FRUIT YOG CUP,29,2724.8720000000003,BROOKSIDE DAIRY LIMITED,28
TENA 15S TOILET ROLL WHITE WRAPPED,29,15022.017365269463,AFRICAN COTTON INDUSTRIES LTD,28
KERICHO GOLD 200G TEA BAGS 100S,29,2899.036285888821,GOLD CROWN BEVERAGES K LTD,28
BIO 1L MAZIWA LALA NATURE PLAIN,29,2724.8720000000003,BIO FOOD PRODUCTS LTD,28
DELAMERE 250ML SBERRY FRUIT YOG CUP,29,2724.8720000000003,BROOKSIDE DAIRY LIMITED,28
TENA 200S SERVIETTES WHITE,28,4480.172307692308,AFRICAN COTTON INDUSTRIES LTD,28
BLUE BAND 250G MED FAT SPREAD,28,3544.6241924982314,SUPER SAVERS DISTRIBUTION LTD,28
FESTIVE TORTILLA WRAP 10 INCH,28,8050.3988005997,DPL FESTIVE  LIMITED,28
BIO ACTIVE 350ML CUCUMBER N MINT YOG DRINK,28,2630.9108965517244,BIO FOOD PRODUCTS LTD,28
FIESTA TOILET ROLLS WHITE 10S,28,9887.839739413681,AFRICAN COTTON INDUSTRIES LTD,28
DELAMERE 250ML LEMON BISCUIT FRUIT YOG CUP,28,2630.9108965517244,BROOKSIDE DAIRY LIMITED,28
SANTA MARIA 70G TOMATO PASTE SATCHET,28,837.0168224299066,DEBENHAM AND FEAR LTD,28
BROOKSIDE 230ML COOKING CREAM CUP,28,7900.4572112507485,BROOKSIDE DAIRY LIMITED,28
ROSY TOILET TISSUE WHITE 10PACK,27,6437.1756521739135,CHANDARIA INDUSTRIES  LTD,28
ISINYA 20S EGGS,27,8886.906552050703,ISINYA FEEDS LIMITED,28
GREEN FARM 15PK Y/YORK EGGS,27,7232.547335907337,GREEN FARM POULTRY,28
BIO 1LT GREEK YOGHURT NATURE PLAIN,27,2536.949793103449,BIO FOOD PRODUCTS LTD,28
MAYERS 18.9L STILL MINERAL WATER,27,1504.7188064191655,MALACHITE LIMITED,28
MCVITIES 400G DIGESTIVE BISCUIT,27,1484.2230355220668,WORLD BRANDS K LTD,28
ACACIA 200ML KIDS BLUE RASPBERRY,27,2409.547469262844,KEVIAN KENYA LTD,28
URBAN BITES 30G NYAM CHOM LTD EDITION,27,1190.1436363636365,NORDA INDUSTRIES LTD.,28
FELIX 85G CAT TUNA,27,4113.8254635352305,MERIT AFRICA LTD,28
FELIX 85G CHICKEN JUNIOR,27,4132.563582089552,MERIT AFRICA LTD,28
SKITTLES 38G FRUITY CANDY,27,3608.843319838057,RADBONE CLARK LIMITED MARS,28
SCHWEPPES 330ML GINGER ALE CAN,27,4365.102378737542,COCA COLA BEVERAGES KENYA LTD,28
VELVEX SERVIETTES 200S VALUE PACK,27,2509.8205597698143,CHANDARIA INDUSTRIES  LTD,28
BROOKSIDE 250ML CHOCOLATE,27,1482.1782277691086,BROOKSIDE DAIRY LIMITED,28
GREEN FARM 6S Y/YORK EGGS,27,8886.906552050703,GREEN FARM POULTRY,28
JAMAA 1KG BAR SOAP CREAM,27,2539.14293083406,KAPA OIL REFINERIES LTD,28
SUNLIGHT 700G LONG BAR YELLOW,27,2539.14293083406,UNILEVER KENYA LIMITED,28
MILL BAKERS 200G QUEEN CAKE,26,2745.6000000000004,MILL BAKERS LIMITED,28
ZENTA 1KG CREAM SOAP,26,2445.100600062428,GOLDEN AFRICA K LTD,28
PICK N PEEL 1LT PINEAPPLE JUICE,26,1826.3357718779046,KEVIAN KENYA LTD,28
CLUB SODA 350ML LEMONADE,26,1382.9478654950208,HIGHLANDS DRINKS LIMITED,28
MINUTE MAID 1L PULPY ORANGE,26,2320.3049704012574,COCA COLA BEVERAGES KENYA LTD,28
FLORA 100S SERVIETTES WHITE,26,1863.948897338403,AFRICAN COTTON INDUSTRIES LTD,28
LYONS 55ML RED DEVIL LOLLY,26,1435.831292517007,RAZCO LTD,28
ORCHID VALLEY 1L TROPICAL DELIGHT,26,1826.3357718779046,PREMIER FOODS  LIMITED,28
SUNLIGHT 1KG 2IN1 SPRING SENSATIONS,26,2250.464140204824,UNILEVER KENYA LIMITED,28
TUZO 500G MAZIWA LALA SATCHET,26,2442.988689655173,BROOKSIDE DAIRY LIMITED,28
PRAZIER 6S YELLOW YORK EGGS,26,8557.761864937715,PRAZIER POULTRIES,28
LAKI LAKI 700ML GREEK YOGHURT NATURAL GLS,25,2349.027586206897,LAKI LAKI LIMITED,28
SOFTLEAF SINGLE SERVIETTES,25,2323.9079257127914,KAPA OIL REFINERIES LTD,28
PEP 700G PREMIUM TOMATO KETCHUP,25,2163.9078271200233,PREMIER FOODS  LIMITED,28
TAMU TAMU 25G TUTTI FRUTY,25,1101.9848484848487,NORDA INDUSTRIES LTD.,28
VELVEX 140S PREM SILVER FACIAL TISSUES,25,2163.9078271200233,CHANDARIA INDUSTRIES  LTD,28
NESCAFE 1.5G CLASSIC SACHET,25,182.76335261670926,NESTLE KENYA LTD,28
TENA WHITE TOILET ROLL,25,8828.428338762214,AFRICAN COTTON INDUSTRIES LTD,28
KERICHO GOLD 100S ROUND TB,25,2499.1692119731215,GOLD CROWN BEVERAGES K LTD,28
KLEENEX SERVIETES 1 PLYX100S WHITE,25,2323.9079257127914,KIM FAY EAST AFRICA LTD,28
LEADAV YELLOW YOLK EGGS 6PACK,25,8228.617177824724,LEADAV POULTRY FARM LTD,28
WANPY 100G CHICKEN RAWHIDE CD10H,25,2163.9078271200233,BRAND ROYALTY LTD,28
HIGHLANDS 1.5LT MINERAL WATER,25,1393.25815409182,HIGHLANDS DRINKS LIMITED,28
LYONS 60ML CHOC STICK STICKLINE,25,1380.6070120355835,RAZCO LTD,28
GELX GEL PEN BLUE,25,408.0691209616829,ARGUS TRADING  CO LIMITED,28
FESTIVE 200G HALF POUNDCAKE SLICED VANILLA,25,2640.0,DPL FESTIVE  LIMITED,28
HEINZ 570G TOMATO KETCHUP,25,2163.9078271200233,HASBAH KENYA LTD,28
LAKI LAKI 100ML GREEK YOGHURT NATURAL,24,2255.066482758621,LAKI LAKI LIMITED,28
CADBURY 26.25G OREO CHOCOLATE,24,1319.309364908504,HASBAH KENYA LTD CADBURY,28
HC 220G CHEESE PORTION MOZZARELLA,24,9581.24640919914,HAPPY COW LIMITED,28
CARTOONS 30G TUTTI FRUTTI CRISPS,24,1057.9054545454546,PROPACK KENYA LTD,28
TROP HEAT 100G PAPRIKA JAR,24,2077.3515140352224,TROPICAL HEAT LTD,28
MAGIC 300ML SODA WATER,24,1276.5672604569422,KHETIA DRAPERS LTD,28
GILANI GOURMET 2KG ICE CUBE,24,3840.0,GILANI GOURMET LTD,28
EMBASSY BY DUNHILL RED 20S,24,8832.024295410101,NOBLE OUTLOOK LIMITED,28
TAMU TAMU 25G TOMATO KETCHUP,24,1057.9054545454546,NORDA INDUSTRIES LTD.,28
GOFRUT 1LT LEMON MINT MOJITO FRUIT DRINK,24,1685.8484048103735,EXCEL CHEMICALS LTD,28
KCC 1L PLAIN MALA  BOTTLE 69,24,2255.066482758621,NEW KENYA COOP CREAMERIES  LTD,28
KERICHO GOLD 100S TEA BAGS ENVELOPE,24,2399.202443494197,GOLD CROWN BEVERAGES K LTD,28
CIL 2KG RICE PISHORI,23,18343.228764790263,CAPWELL INDUSTRIES LTD,28
